Index,Time_s,Signal1_Float,Signal1_Q15_Int,Signal1_Q15_Value,Signal1_Q15_Hex,Signal2_Float,Signal2_Q15_Int,Signal2_Q15_Value,Signal2_Q15_Hex
0,0,0.539450628806428,17677,0.539459228515625,450D,0.10113769139191,3314,0.10113525390625,0CF2
1,5e-06,0.534342264863935,17509,0.534332275390625,4465,0.0939879732295205,3080,0.093994140625,0C08
2,1e-05,0.542909618040135,17790,0.54290771484375,457E,0.100373210566966,3289,0.100372314453125,0CD9
3,1.5e-05,0.536068488943295,17566,0.53607177734375,449E,0.105412621431637,3454,0.10540771484375,0D7E
4,2e-05,0.540222379397828,17702,0.54022216796875,4526,0.10105556424761,3311,0.101043701171875,0CEF
5,2.5e-05,0.527677146586307,17291,0.527679443359375,438B,0.0920936814573273,3018,0.09210205078125,0BCA
6,3e-05,0.537507232671654,17613,0.537506103515625,44CD,0.0969837677279372,3178,0.09698486328125,0C6A
7,3.5e-05,0.545772195156949,17884,0.5457763671875,45DC,0.0970767802372119,3181,0.097076416015625,0C6D
8,4e-05,0.54103244763374,17729,0.541046142578125,4541,0.0933652514005316,3059,0.093353271484375,0BF3
9,4.5e-05,0.535329452901241,17542,0.53533935546875,4486,0.0904268808989117,2963,0.090423583984375,0B93
10,5e-05,0.532216757866972,17440,0.5322265625,4420,0.0981667574355133,3217,0.098175048828125,0C91
11,5.5e-05,0.525794442784378,17229,0.525787353515625,434D,0.0840148226160957,2753,0.084014892578125,0AC1
12,6e-05,0.53168546360837,17422,0.53167724609375,440E,0.0869539963970672,2849,0.086944580078125,0B21
13,6.5e-05,0.53613486348918,17568,0.5361328125,44A0,0.08926137082312,2925,0.089263916015625,0B6D
14,7e-05,0.533791833068654,17491,0.533782958984375,4453,0.0839848299153866,2752,0.083984375,0AC0
15,7.5e-05,0.536367973193312,17576,0.536376953125,44A8,0.0796969565173126,2612,0.0797119140625,0A34
16,8e-05,0.521343872468104,17083,0.521331787109375,42BB,0.0753323856427335,2468,0.0753173828125,09A4
17,8.5e-05,0.528578987997771,17320,0.528564453125,43A8,0.0862333597064293,2826,0.08624267578125,0B0A
18,9e-05,0.519942564160288,17037,0.519927978515625,428D,0.0806596194818735,2643,0.080657958984375,0A53
19,9.5e-05,0.524475550167254,17186,0.52447509765625,4322,0.0693575304522934,2273,0.069366455078125,08E1
20,0.0001,0.526173596964228,17242,0.52618408203125,435A,0.0806187355551793,2642,0.08062744140625,0A52
21,0.000105,0.521285200502671,17081,0.521270751953125,42B9,0.0689705169368679,2260,0.0689697265625,08D4
22,0.00011,0.522171950278959,17111,0.522186279296875,42D7,0.0746825557427367,2447,0.074676513671875,098F
23,0.000115,0.518423882787204,16988,0.5184326171875,425C,0.0694803324176527,2277,0.069488525390625,08E5
24,0.00012,0.51461400569519,16863,0.514617919921875,41DF,0.0673617563148221,2207,0.067352294921875,089F
25,0.000125,0.51797056195734,16973,0.517974853515625,424D,0.0691786069289238,2267,0.069183349609375,08DB
26,0.00013,0.517685222819485,16964,0.5177001953125,4244,0.0648231545276459,2124,0.0648193359375,084C
27,0.000135,0.52603723584792,17237,0.526031494140625,4355,0.0776155935867909,2543,0.077606201171875,09EF
28,0.00014,0.52077025337811,17065,0.520782470703125,42A9,0.0693885480187169,2274,0.06939697265625,08E2
29,0.000145,0.518069112364063,16976,0.51806640625,4250,0.0626402517611485,2053,0.062652587890625,0805
30,0.00015,0.513156019107794,16815,0.513153076171875,41AF,0.0563774030947924,1847,0.056365966796875,0737
31,0.000155,0.522150969455547,17110,0.52215576171875,42D6,0.0603579345159669,1978,0.06036376953125,07BA
32,0.00016,0.504258761938838,16524,0.5042724609375,408C,0.0622400340862271,2039,0.062225341796875,07F7
33,0.000165,0.516555252796474,16926,0.51654052734375,421E,0.0560214507585276,1836,0.0560302734375,072C
34,0.00017,0.509898970034107,16708,0.5098876953125,4144,0.0596277022699417,1954,0.05963134765625,07A2
35,0.000175,0.507688370993361,16636,0.5076904296875,40FC,0.0641165003319793,2101,0.064117431640625,0835
36,0.00018,0.506177611469442,16586,0.50616455078125,40CA,0.0582005870128715,1907,0.058197021484375,0773
37,0.000185,0.511396614865701,16757,0.511383056640625,4175,0.058052281777932,1902,0.05804443359375,076E
38,0.00019,0.499378421624754,16364,0.4993896484375,3FEC,0.054684216306714,1792,0.0546875,0700
39,0.000195,0.492386320159575,16135,0.492401123046875,3F07,0.0626724259742409,2054,0.06268310546875,0806
40,0.0002,0.499586492271366,16370,0.49957275390625,3FF2,0.0601375492610766,1971,0.060150146484375,07B3
41,0.000205,0.497705808744648,16309,0.497711181640625,3FB5,0.0531269807648246,1741,0.053131103515625,06CD
42,0.00021,0.50050186585904,16400,0.50048828125,4010,0.0506443843004213,1660,0.0506591796875,067C
43,0.000215,0.498535202373969,16336,0.49853515625,3FD0,0.0473552117674597,1552,0.04736328125,0610
44,0.00022,0.500323584079391,16395,0.500335693359375,400B,0.0506012169731518,1658,0.05059814453125,067A
45,0.000225,0.494333797265501,16198,0.49432373046875,3F46,0.0518411862276099,1699,0.051849365234375,06A3
46,0.00023,0.485904384473435,15922,0.48590087890625,3E32,0.0462799270826647,1517,0.046295166015625,05ED
47,0.000235,0.484841128156649,15887,0.484832763671875,3E0F,0.052467442038393,1719,0.052459716796875,06B7
48,0.00024,0.478995390610487,15696,0.47900390625,3D50,0.0493171486048879,1616,0.04931640625,0650
49,0.000245,0.489897904709609,16053,0.489898681640625,3EB5,0.0404969046245731,1327,0.040496826171875,052F
50,0.00025,0.47781522387267,15657,0.477813720703125,3D29,0.0410137561215202,1344,0.041015625,0540
51,0.000255,0.470358480965494,15413,0.470367431640625,3C35,0.0416230867283442,1364,0.0416259765625,0554
52,0.00026,0.46472410864353,15228,0.4647216796875,3B7C,0.0399635837880242,1310,0.03997802734375,051E
53,0.000265,0.470614647331045,15421,0.470611572265625,3C3D,0.0434776287983679,1425,0.043487548828125,0591
54,0.00027,0.480752501089026,15753,0.480743408203125,3D89,0.0323594396031744,1060,0.0323486328125,0424
55,0.000275,0.472258370998492,15475,0.472259521484375,3C73,0.0323188314295036,1059,0.032318115234375,0423
56,0.00028,0.464811511853554,15231,0.464813232421875,3B7F,0.0365608572088084,1198,0.03656005859375,04AE
57,0.000285,0.459617280023992,15061,0.459625244140625,3AD5,0.0387048958371606,1268,0.0386962890625,04F4
58,0.00029,0.4562455616912,14950,0.45623779296875,3A66,0.0403066084447391,1321,0.040313720703125,0529
59,0.000295,0.457642921181761,14996,0.4576416015625,3A94,0.0258616089393895,847,0.025848388671875,034F
60,0.0003,0.458822990651876,15035,0.458831787109375,3ABB,0.022335706642154,732,0.0223388671875,02DC
61,0.000305,0.455396588349201,14922,0.45538330078125,3A4A,0.0268395593097179,879,0.026824951171875,036F
62,0.00031,0.447476612139374,14663,0.447479248046875,3947,0.030275803399561,992,0.0302734375,03E0
63,0.000315,0.442478141834051,14499,0.442474365234375,38A3,0.0258240373786516,846,0.02581787109375,034E
64,0.00032,0.444792362998556,14575,0.444793701171875,38EF,0.0344128112327638,1128,0.034423828125,0468
65,0.000325,0.440492008996139,14434,0.44049072265625,3862,0.0246410064518325,807,0.024627685546875,0327
66,0.00033,0.43594546138619,14285,0.435943603515625,37CD,0.0242958826712201,796,0.0242919921875,031C
67,0.000335,0.439155843931393,14390,0.43914794921875,3836,0.0216856129515756,711,0.021697998046875,02C7
68,0.00034,0.428501217267674,14041,0.428497314453125,36D9,0.033884652314102,1110,0.03387451171875,0456
69,0.000345,0.42721884100881,13999,0.427215576171875,36AF,0.0205298366531157,673,0.020538330078125,02A1
70,0.00035,0.430387395498677,14103,0.430389404296875,3717,0.0151590364395156,497,0.015167236328125,01F1
71,0.000355,0.429847618080448,14085,0.429840087890625,3705,0.00346598792386787,114,0.00347900390625,0072
72,0.00036,0.409165839698351,13408,0.4091796875,3460,0.0176028124337537,577,0.017608642578125,0241
73,0.000365,0.421461203427931,13810,0.42144775390625,35F2,0.0197643741415206,648,0.019775390625,0288
74,0.00037,0.412623613248246,13521,0.412628173828125,34D1,0.00613691942717017,201,0.006134033203125,00C9
75,0.000375,0.423454825240974,13876,0.4234619140625,3634,0.0195471936752687,641,0.019561767578125,0281
76,0.00038,0.40327375991579,13214,0.40325927734375,339E,0.00422877238549449,139,0.004241943359375,008B
77,0.000385,0.413639251943209,13554,0.41363525390625,34F2,0.0129894347135077,426,0.01300048828125,01AA
78,0.00039,0.39900767507706,13075,0.399017333984375,3313,0.0117020773121164,383,0.011688232421875,017F
79,0.000395,0.402714403377845,13196,0.4027099609375,338C,0.00270635011088795,89,0.002716064453125,0059
80,0.0004,0.401570590165523,13159,0.401580810546875,3367,0.00387912831974706,127,0.003875732421875,007F
81,0.000405,0.401170827108538,13146,0.40118408203125,335A,0.00756083561458473,248,0.007568359375,00F8
82,0.00041,0.397240032212388,13017,0.397247314453125,32D9,-0.00148916844264546,-49,-0.001495361328125,FFCF
83,0.000415,0.397863082711764,13037,0.397857666015625,32ED,-0.00363169863550329,-119,-0.003631591796875,FF89
84,0.00042,0.392666546975219,12867,0.392669677734375,3243,-0.00586612477850958,-192,-0.005859375,FF40
85,0.000425,0.382946150240923,12548,0.3829345703125,3104,0.00381628482177217,125,0.003814697265625,007D
86,0.00043,0.384346851685539,12594,0.38433837890625,3132,-0.00316843414312259,-104,-0.003173828125,FF98
87,0.000435,0.377050970308214,12355,0.377044677734375,3043,0.00418775561106205,137,0.004180908203125,0089
88,0.00044,0.389385508075782,12759,0.389373779296875,31D7,-0.00294652070540949,-97,-0.002960205078125,FF9F
89,0.000445,0.389578442327898,12766,0.38958740234375,31DE,-0.00521305012081424,-171,-0.005218505859375,FF55
90,0.00045,0.378814842166759,12413,0.378814697265625,307D,-0.0165313462831499,-542,-0.01654052734375,FDE2
91,0.000455,0.374126664016766,12259,0.374114990234375,2FE3,-0.0105497368702718,-346,-0.01055908203125,FEA6
92,0.00046,0.382732460158607,12541,0.382720947265625,30FD,-0.00577330348991943,-189,-0.005767822265625,FF43
93,0.000465,0.375249848781012,12296,0.375244140625,3008,-0.0141075882274103,-462,-0.01409912109375,FE32
94,0.00047,0.37544490698856,12303,0.375457763671875,300F,-0.0167258996120773,-548,-0.0167236328125,FDDC
95,0.000475,0.373362353841005,12234,0.37335205078125,2FCA,-0.00675637026815391,-221,-0.006744384765625,FF23
96,0.00048,0.368430842104877,12073,0.368438720703125,2F29,-0.0185411028512382,-608,-0.0185546875,FDA0
97,0.000485,0.380856846075488,12480,0.380859375,30C0,-0.0166551143901986,-546,-0.01666259765625,FDDE
98,0.00049,0.377163029693688,12359,0.377166748046875,3047,-0.0203432282597012,-667,-0.020355224609375,FD65
99,0.000495,0.376651737922739,12342,0.37664794921875,3036,-0.0166568319525483,-546,-0.01666259765625,FDDE
100,0.0005,0.36669297601197,12016,0.36669921875,2EF0,-0.0168920264335649,-554,-0.01690673828125,FDD6
101,0.000505,0.361015153731865,11830,0.36102294921875,2E36,-0.0238553402351326,-782,-0.02386474609375,FCF2
102,0.00051,0.370675588553783,12146,0.37066650390625,2F72,-0.0250177842083217,-820,-0.0250244140625,FCCC
103,0.000515,0.372392298682632,12203,0.372406005859375,2FAB,-0.0222585387344723,-729,-0.022247314453125,FD27
104,0.00052,0.374311673658727,12265,0.374298095703125,2FE9,-0.0191089824921431,-626,-0.01910400390625,FD8E
105,0.000525,0.366573671884013,12012,0.3665771484375,2EEC,-0.0226868109308758,-743,-0.022674560546875,FD19
106,0.00053,0.366926287437139,12023,0.366912841796875,2EF7,-0.0157204297674033,-515,-0.015716552734375,FDFD
107,0.000535,0.371393188241349,12170,0.37139892578125,2F8A,-0.0221027642909308,-724,-0.0220947265625,FD2C
108,0.00054,0.369300770166241,12101,0.369293212890625,2F45,-0.0224081045591739,-734,-0.02239990234375,FD22
109,0.000545,0.368936006543884,12089,0.368927001953125,2F39,-0.0219828702772149,-720,-0.02197265625,FD30
110,0.00055,0.368050411163308,12060,0.3680419921875,2F1C,-0.0270082089464968,-885,-0.027008056640625,FC8B
111,0.000555,0.376100368949168,12324,0.3760986328125,3024,-0.0336837661332242,-1104,-0.03369140625,FBB0
112,0.00056,0.378784043172557,12412,0.3787841796875,307C,-0.0215383987439307,-706,-0.02154541015625,FD3E
113,0.000565,0.372257132083831,12198,0.37225341796875,2FA6,-0.0375342509422324,-1230,-0.03753662109375,FB32
114,0.00057,0.381755228763807,12509,0.381744384765625,30DD,-0.0344185427545261,-1128,-0.034423828125,FB98
115,0.000575,0.373705315421713,12246,0.37371826171875,2FD6,-0.0344441193808933,-1129,-0.034454345703125,FB97
116,0.00058,0.372835587272483,12217,0.372833251953125,2FB9,-0.0321517954128348,-1054,-0.03216552734375,FBE2
117,0.000585,0.38615735955078,12654,0.38616943359375,316E,-0.0306580452376091,-1005,-0.030670166015625,FC13
118,0.00059,0.383273607859547,12559,0.383270263671875,310F,-0.0448303049078347,-1469,-0.044830322265625,FA43
119,0.000595,0.370539392493798,12142,0.37054443359375,2F6E,-0.0410415926622539,-1345,-0.041046142578125,FABF
120,0.0006,0.37726695138386,12362,0.37725830078125,304A,-0.043962707811094,-1441,-0.043975830078125,FA5F
121,0.000605,0.374118994874688,12259,0.374114990234375,2FE3,-0.0399807295637697,-1310,-0.03997802734375,FAE2
122,0.00061,0.386514110912268,12665,0.386505126953125,3179,-0.0360876207712972,-1183,-0.036102294921875,FB61
123,0.000615,0.376149840944593,12326,0.37615966796875,3026,-0.042840798941466,-1404,-0.0428466796875,FA84
124,0.00062,0.379431205282881,12433,0.379425048828125,3091,-0.0386517517484583,-1267,-0.038665771484375,FB0D
125,0.000625,0.382804780880442,12544,0.3828125,3100,-0.0495823703251246,-1625,-0.049591064453125,F9A7
126,0.00063,0.371878227552174,12186,0.37188720703125,2F9A,-0.0451369232176037,-1479,-0.045135498046875,FA39
127,0.000635,0.384982581122174,12615,0.384979248046875,3147,-0.043849153810037,-1437,-0.043853759765625,FA63
128,0.00064,0.380278777083617,12461,0.380279541015625,30AD,-0.0499562656954269,-1637,-0.049957275390625,F99B
129,0.000645,0.383569900576496,12569,0.383575439453125,3119,-0.0544384317444553,-1784,-0.054443359375,F908
130,0.00065,0.382251703781474,12526,0.38226318359375,30EE,-0.0519078927963453,-1701,-0.051910400390625,F95B
131,0.000655,0.39220972459094,12852,0.3922119140625,3234,-0.0519586201962466,-1703,-0.051971435546875,F959
132,0.00066,0.388584588304569,12733,0.388580322265625,31BD,-0.0578522317206332,-1896,-0.057861328125,F898
133,0.000665,0.379651604751085,12440,0.379638671875,3098,-0.0513100459927367,-1681,-0.051300048828125,F96F
134,0.00067,0.387814624710718,12708,0.3878173828125,31A4,-0.055102725939249,-1806,-0.05511474609375,F8F2
135,0.000675,0.38567233214109,12638,0.38568115234375,315E,-0.055160290328052,-1807,-0.055145263671875,F8F1
136,0.00068,0.394988127396193,12943,0.394989013671875,328F,-0.0663348896473124,-2174,-0.06634521484375,F782
137,0.000685,0.385653429433517,12637,0.385650634765625,315D,-0.067631423914303,-2216,-0.067626953125,F758
138,0.00069,0.383533882849439,12568,0.383544921875,3118,-0.0592411183384758,-1941,-0.059234619140625,F86B
139,0.000695,0.392082985415032,12848,0.39208984375,3230,-0.0742483816331743,-2433,-0.074249267578125,F67F
140,0.0007,0.385054725169135,12617,0.385040283203125,3149,-0.0693657489218588,-2273,-0.069366455078125,F71F
141,0.000705,0.373172137784778,12228,0.3731689453125,2FC4,-0.0603380808754666,-1977,-0.060333251953125,F847
142,0.00071,0.38723886671833,12689,0.387237548828125,3191,-0.0702452636522213,-2302,-0.07025146484375,F702
143,0.000715,0.384431178080352,12597,0.384429931640625,3135,-0.073419098841261,-2406,-0.07342529296875,F69A
144,0.00072,0.3804255544192,12466,0.38043212890625,30B2,-0.0689001387658854,-2258,-0.06890869140625,F72E
145,0.000725,0.39024527616745,12788,0.3902587890625,31F4,-0.0737349464241969,-2416,-0.07373046875,F690
146,0.00073,0.376256327972149,12329,0.376251220703125,3029,-0.0674415494418093,-2210,-0.06744384765625,F75E
147,0.000735,0.372127014147605,12194,0.37213134765625,2FA2,-0.0726268382157611,-2380,-0.0726318359375,F6B4
148,0.00074,0.383058642203784,12552,0.383056640625,3108,-0.068961665320231,-2260,-0.0689697265625,F72C
149,0.000745,0.376232677467533,12328,0.376220703125,3028,-0.0830080636835491,-2720,-0.0830078125,F560
150,0.00075,0.366105925285146,11997,0.366119384765625,2EDD,-0.091393316045659,-2995,-0.091400146484375,F44D
151,0.000755,0.366527467262848,12010,0.36651611328125,2EEA,-0.0843801193114299,-2765,-0.084381103515625,F533
152,0.00076,0.369697660865527,12114,0.36968994140625,2F52,-0.0888121783391381,-2910,-0.08880615234375,F4A2
153,0.000765,0.372515694416147,12207,0.372528076171875,2FAF,-0.0814448240139261,-2669,-0.081451416015625,F593
154,0.00077,0.365729049299601,11984,0.36572265625,2ED0,-0.095405058734541,-3126,-0.09539794921875,F3CA
155,0.000775,0.357096274641919,11701,0.357086181640625,2DB5,-0.087974080859078,-2883,-0.087982177734375,F4BD
156,0.00078,0.350737971720342,11493,0.350738525390625,2CE5,-0.0954038418924779,-3126,-0.09539794921875,F3CA
157,0.000785,0.350881466616568,11498,0.35089111328125,2CEA,-0.0924469867392567,-3029,-0.092437744140625,F42B
158,0.00079,0.338943121097111,11106,0.33892822265625,2B62,-0.0974658215863665,-3194,-0.09747314453125,F386
159,0.000795,0.341597506596011,11193,0.341583251953125,2BB9,-0.0967168971972956,-3169,-0.096710205078125,F39F
160,0.0008,0.343556827609399,11258,0.34356689453125,2BFA,-0.0994236110230966,-3258,-0.09942626953125,F346
161,0.000805,0.352942714703104,11565,0.352935791015625,2D2D,-0.106136603457769,-3478,-0.10614013671875,F26A
162,0.00081,0.340219635904924,11148,0.3402099609375,2B8C,-0.105446277841381,-3455,-0.105438232421875,F281
163,0.000815,0.328557048532649,10766,0.32855224609375,2A0E,-0.107989613242043,-3539,-0.108001708984375,F22D
164,0.00082,0.330397022676353,10826,0.33038330078125,2A4A,-0.102749656861236,-3367,-0.102752685546875,F2D9
165,0.000825,0.326883313178862,10711,0.326873779296875,29D7,-0.104273186203021,-3417,-0.104278564453125,F2A7
166,0.00083,0.325752686465171,10674,0.32574462890625,29B2,-0.103912267492598,-3405,-0.103912353515625,F2B3
167,0.000835,0.314486264033385,10305,0.314483642578125,2841,-0.110086691029598,-3607,-0.110076904296875,F1E9
168,0.00084,0.316998683129893,10387,0.316986083984375,2893,-0.115096134140023,-3771,-0.115081787109375,F145
169,0.000845,0.31634387928191,10366,0.31634521484375,287E,-0.115238757141492,-3776,-0.115234375,F140
170,0.00085,0.307922259759137,10090,0.30792236328125,276A,-0.112162324431123,-3675,-0.112152099609375,F1A5
171,0.000855,0.307349597052359,10071,0.307342529296875,2757,-0.118985323602781,-3899,-0.118988037109375,F0C5
172,0.00086,0.30131345983473,9873,0.301300048828125,2691,-0.11529643240469,-3778,-0.11529541015625,F13E
173,0.000865,0.30235870589015,9908,0.3023681640625,26B4,-0.113857126700483,-3731,-0.113861083984375,F16D
174,0.00087,0.300545219931686,9848,0.300537109375,2678,-0.122449139960308,-4012,-0.1224365234375,F054
175,0.000875,0.294258209429504,9642,0.29425048828125,25AA,-0.126947903987955,-4160,-0.126953125,EFC0
176,0.00088,0.295908574607523,9696,0.2958984375,25E0,-0.120598114251765,-3952,-0.12060546875,F090
177,0.000885,0.290650977072303,9524,0.2906494140625,2534,-0.123643156450176,-4052,-0.1236572265625,F02C
178,0.00089,0.295366092872121,9679,0.295379638671875,25CF,-0.130140650045639,-4264,-0.130126953125,EF58
179,0.000895,0.287087174777592,9407,0.287078857421875,24BF,-0.127043329433273,-4163,-0.127044677734375,EFBD
180,0.0009,0.276507458048956,9061,0.276519775390625,2365,-0.135253379312653,-4432,-0.13525390625,EEB0
181,0.000905,0.277959519358286,9108,0.2779541015625,2394,-0.12290599789119,-4027,-0.122894287109375,F045
182,0.00091,0.272661232773915,8935,0.272674560546875,22E7,-0.13504528556865,-4425,-0.135040283203125,EEB7
183,0.000915,0.262772353603932,8611,0.262786865234375,21A3,-0.132998390269341,-4358,-0.13299560546875,EEFA
184,0.00092,0.270663628667239,8869,0.270660400390625,22A5,-0.138904180655142,-4552,-0.138916015625,EE38
185,0.000925,0.269851188683051,8842,0.26983642578125,228A,-0.134572517150835,-4410,-0.13458251953125,EEC6
186,0.00093,0.259720535646683,8511,0.259735107421875,213F,-0.132334114535316,-4336,-0.13232421875,EF10
187,0.000935,0.266680811279313,8739,0.266693115234375,2223,-0.140179762913198,-4593,-0.140167236328125,EE0F
188,0.00094,0.255151657497548,8361,0.255157470703125,20A9,-0.136977598105196,-4488,-0.136962890625,EE78
189,0.000945,0.247711522282333,8117,0.247711181640625,1FB5,-0.146616498084941,-4804,-0.1466064453125,ED3C
190,0.00095,0.248344869809919,8138,0.24835205078125,1FCA,-0.147047758828651,-4818,-0.14703369140625,ED2E
191,0.000955,0.247707951883998,8117,0.247711181640625,1FB5,-0.148774227560562,-4875,-0.148773193359375,ECF5
192,0.00096,0.256699787739412,8412,0.2567138671875,20DC,-0.138721008854087,-4546,-0.13873291015625,EE3E
193,0.000965,0.242073423572558,7932,0.2420654296875,1EFC,-0.136286691808631,-4466,-0.13629150390625,EE8E
194,0.00097,0.245678691037192,8050,0.24566650390625,1F72,-0.150251794089542,-4923,-0.150238037109375,ECC5
195,0.000975,0.240626121009205,7885,0.240631103515625,1ECD,-0.145398994588549,-4764,-0.1453857421875,ED64
196,0.00098,0.245103654627668,8032,0.2451171875,1F60,-0.14184781271083,-4648,-0.141845703125,EDD8
197,0.000985,0.246189283364586,8067,0.246185302734375,1F83,-0.144876224895297,-4747,-0.144866943359375,ED75
198,0.00099,0.237370143012378,7778,0.23736572265625,1E62,-0.146398208879196,-4797,-0.146392822265625,ED43
199,0.000995,0.239424824962331,7845,0.239410400390625,1EA5,-0.153816119710889,-5040,-0.15380859375,EC50
200,0.001,0.236138677630448,7738,0.23614501953125,1E3A,-0.147164232513933,-4822,-0.14715576171875,ED2A
201,0.001005,0.232848155202578,7630,0.23284912109375,1DCE,-0.145378582678636,-4764,-0.1453857421875,ED64
202,0.00101,0.231314720439015,7580,0.2313232421875,1D9C,-0.155840169457919,-5107,-0.155853271484375,EC0D
203,0.001015,0.243503373614881,7979,0.243499755859375,1F2B,-0.153869866747778,-5042,-0.15386962890625,EC4E
204,0.00102,0.224040893762968,7341,0.224029541015625,1CAD,-0.155573753929515,-5098,-0.15557861328125,EC16
205,0.001025,0.233259816283203,7643,0.233245849609375,1DDB,-0.153300239747804,-5023,-0.153289794921875,EC61
206,0.00103,0.229788246758884,7530,0.22979736328125,1D6A,-0.165363773977461,-5419,-0.165374755859375,EAD5
207,0.001035,0.225973916666512,7405,0.225982666015625,1CED,-0.158049030374397,-5179,-0.158050537109375,EBC5
208,0.00104,0.228738461478595,7495,0.228729248046875,1D47,-0.170637442671124,-5591,-0.170623779296875,EA29
209,0.001045,0.218952146422869,7175,0.218963623046875,1C07,-0.15679287754452,-5138,-0.15679931640625,EBEE
210,0.00105,0.221591365766969,7261,0.221588134765625,1C5D,-0.161128518524589,-5280,-0.1611328125,EB60
211,0.001055,0.221902284976976,7271,0.221893310546875,1C67,-0.16111937778064,-5280,-0.1611328125,EB60
212,0.00106,0.220549193908724,7227,0.220550537109375,1C3B,-0.162742364176973,-5333,-0.162750244140625,EB2B
213,0.001065,0.223378994181323,7320,0.223388671875,1C98,-0.163151861697623,-5346,-0.16314697265625,EB1E
214,0.00107,0.219651729700386,7198,0.21966552734375,1C1E,-0.168992965713286,-5538,-0.16900634765625,EA5E
215,0.001075,0.218902719493419,7173,0.218902587890625,1C05,-0.163544065889803,-5359,-0.163543701171875,EB11
216,0.00108,0.218016415059671,7144,0.218017578125,1BE8,-0.155339715326686,-5090,-0.15533447265625,EC1E
217,0.001085,0.21074505707734,6906,0.21075439453125,1AFA,-0.166020018110044,-5440,-0.166015625,EAC0
218,0.00109,0.214591282922073,7032,0.214599609375,1B78,-0.170684960011797,-5593,-0.170684814453125,EA27
219,0.001095,0.214865293406108,7041,0.214874267578125,1B81,-0.171222515294453,-5611,-0.171234130859375,EA15
220,0.0011,0.21099353920655,6914,0.21099853515625,1B02,-0.172628047953991,-5657,-0.172637939453125,E9E7
221,0.001105,0.214704887410817,7035,0.214691162109375,1B7B,-0.162880702633089,-5337,-0.162872314453125,EB27
222,0.00111,0.208750120885237,6840,0.208740234375,1AB8,-0.168802372741778,-5531,-0.168792724609375,EA65
223,0.001115,0.215829346527939,7072,0.2158203125,1BA0,-0.16978594066628,-5564,-0.1697998046875,EA44
224,0.00112,0.225651258710456,7394,0.22564697265625,1CE2,-0.166816139795795,-5466,-0.16680908203125,EAA6
225,0.001125,0.211699745702559,6937,0.211700439453125,1B19,-0.171214720426145,-5610,-0.17120361328125,EA16
226,0.00113,0.211578931836335,6933,0.211578369140625,1B15,-0.179354046586896,-5877,-0.179351806640625,E90B
227,0.001135,0.21397837173651,7012,0.2139892578125,1B64,-0.182733488502957,-5988,-0.1827392578125,E89C
228,0.00114,0.209009782390699,6849,0.209014892578125,1AC1,-0.178043077808455,-5834,-0.17803955078125,E936
229,0.001145,0.208092000841465,6819,0.208099365234375,1AA3,-0.181262151671092,-5940,-0.1812744140625,E8CC
230,0.00115,0.200626477778174,6574,0.20062255859375,19AE,-0.17833497606748,-5844,-0.1783447265625,E92C
231,0.001155,0.208117221955164,6820,0.2081298828125,1AA4,-0.179880025072397,-5894,-0.17987060546875,E8FA
232,0.00116,0.210386874216983,6894,0.21038818359375,1AEE,-0.190172106711763,-6232,-0.190185546875,E7A8
233,0.001165,0.202273589945244,6628,0.2022705078125,19E4,-0.183462399081074,-6012,-0.1834716796875,E884
234,0.00117,0.201996314543652,6619,0.201995849609375,19DB,-0.178003247097022,-5833,-0.178009033203125,E937
235,0.001175,0.199516114855329,6538,0.19952392578125,198A,-0.185925673252426,-6092,-0.1859130859375,E834
236,0.00118,0.202547347025836,6637,0.202545166015625,19ED,-0.189938623021337,-6224,-0.18994140625,E7B0
237,0.001185,0.19852069513283,6505,0.198516845703125,1969,-0.184895392200314,-6059,-0.184906005859375,E855
238,0.00119,0.195977876182844,6422,0.19598388671875,1916,-0.191363329082135,-6271,-0.191375732421875,E781
239,0.001195,0.200361578090969,6565,0.200347900390625,19A5,-0.187063469089338,-6130,-0.18707275390625,E80E
240,0.0012,0.205157617861804,6723,0.205169677734375,1A43,-0.189944291991425,-6224,-0.18994140625,E7B0
241,0.001205,0.187934709765704,6158,0.18792724609375,180E,-0.19071824685035,-6249,-0.190704345703125,E797
242,0.00121,0.197739997432884,6480,0.19775390625,1950,-0.195065517762274,-6392,-0.195068359375,E708
243,0.001215,0.199155969907589,6526,0.19915771484375,197E,-0.18844682700723,-6175,-0.188446044921875,E7E1
244,0.00122,0.193974858841892,6356,0.1939697265625,18D4,-0.192739237614099,-6316,-0.1927490234375,E754
245,0.001225,0.185023350940875,6063,0.185028076171875,17AF,-0.208579449373198,-6835,-0.208587646484375,E54D
246,0.00123,0.1809186732085,5928,0.180908203125,1728,-0.206283629021903,-6760,-0.206298828125,E598
247,0.001235,0.195846744275858,6418,0.19586181640625,1912,-0.198056304885979,-6490,-0.19805908203125,E6A6
248,0.00124,0.18192903378426,5961,0.181915283203125,1749,-0.206813209498345,-6777,-0.206817626953125,E587
249,0.001245,0.181651557315958,5952,0.181640625,1740,-0.205320451907734,-6728,-0.205322265625,E5B8
250,0.00125,0.171653796507381,5625,0.171661376953125,15F9,-0.207729338014841,-6807,-0.207733154296875,E569
251,0.001255,0.177478974984352,5816,0.177490234375,16B8,-0.20982991802957,-6876,-0.2098388671875,E524
252,0.00126,0.182467333133621,5979,0.182464599609375,175B,-0.209772674972022,-6874,-0.20977783203125,E526
253,0.001265,0.183311449473385,6007,0.183319091796875,1777,-0.211318104776703,-6924,-0.2113037109375,E4F4
254,0.00127,0.175182344012908,5740,0.1751708984375,166C,-0.209493402107995,-6865,-0.209503173828125,E52F
255,0.001275,0.178671406159846,5855,0.178680419921875,16DF,-0.208126913707525,-6820,-0.2081298828125,E55C
256,0.00128,0.180097140223817,5901,0.180084228515625,170D,-0.212874807390281,-6975,-0.212860107421875,E4C1
257,0.001285,0.169148370191078,5543,0.169158935546875,15A7,-0.219583804347725,-7195,-0.219573974609375,E3E5
258,0.00129,0.166927312370474,5470,0.16693115234375,155E,-0.223860776476983,-7335,-0.223846435546875,E359
259,0.001295,0.171950487947164,5634,0.17193603515625,1602,-0.220663625905609,-7231,-0.220672607421875,E3C1
260,0.0013,0.166083829066046,5442,0.16607666015625,1542,-0.226854812415958,-7434,-0.22686767578125,E2F6
261,0.001305,0.162505025906199,5325,0.162506103515625,14CD,-0.217960585996508,-7142,-0.21795654296875,E41A
262,0.00131,0.154761230091149,5071,0.154754638671875,13CF,-0.224833780815162,-7367,-0.224822998046875,E339
263,0.001315,0.157948893551728,5176,0.157958984375,1438,-0.218164111218146,-7149,-0.218170166015625,E413
264,0.00132,0.165713090404625,5430,0.16571044921875,1536,-0.220765912514527,-7234,-0.22076416015625,E3BE
265,0.001325,0.153749435534702,5038,0.15374755859375,13AE,-0.227953646651852,-7470,-0.22796630859375,E2D2
266,0.00133,0.149166759265243,4888,0.149169921875,1318,-0.2299087039978,-7534,-0.22991943359375,E292
267,0.001335,0.153411540232584,5027,0.153411865234375,13A3,-0.226062611057602,-7408,-0.22607421875,E310
268,0.00134,0.157750111749644,5169,0.157745361328125,1431,-0.234072392504622,-7670,-0.23406982421875,E20A
269,0.001345,0.149470502059534,4898,0.14947509765625,1322,-0.240501209408508,-7881,-0.240509033203125,E137
270,0.00135,0.152490587653832,4997,0.152496337890625,1385,-0.237046346433922,-7768,-0.237060546875,E1A8
271,0.001355,0.151439883754575,4962,0.15142822265625,1362,-0.233133862638002,-7639,-0.233123779296875,E229
272,0.00136,0.142153972435769,4658,0.14215087890625,1232,-0.241704577566019,-7920,-0.24169921875,E110
273,0.001365,0.151822479555445,4975,0.151824951171875,136F,-0.234827991718516,-7695,-0.234832763671875,E1F1
274,0.00137,0.150774855821433,4941,0.150787353515625,134D,-0.232619753252904,-7622,-0.23260498046875,E23A
275,0.001375,0.140632346128405,4608,0.140625,1200,-0.239072320031396,-7834,-0.23907470703125,E166
276,0.00138,0.136011596879918,4457,0.136016845703125,1169,-0.244397589701796,-8008,-0.244384765625,E0B8
277,0.001385,0.138422597778378,4536,0.138427734375,11B8,-0.241766895112557,-7922,-0.24176025390625,E10E
278,0.00139,0.136947664184876,4488,0.136962890625,1188,-0.249676337986437,-8181,-0.249664306640625,E00B
279,0.001395,0.129792138767153,4253,0.129791259765625,109D,-0.254860476162661,-8351,-0.254852294921875,DF61
280,0.0014,0.136154023820788,4461,0.136138916015625,116D,-0.243525316426489,-7980,-0.2435302734375,E0D4
281,0.001405,0.131966238450306,4324,0.1319580078125,10E4,-0.248320858132278,-8137,-0.248321533203125,E037
282,0.00141,0.125171202797809,4102,0.12518310546875,1006,-0.25186913360284,-8253,-0.251861572265625,DFC3
283,0.001415,0.136387169806535,4469,0.136383056640625,1175,-0.254667096686669,-8345,-0.254669189453125,DF67
284,0.00142,0.123888726748967,4060,0.1239013671875,0FDC,-0.258399360781086,-8467,-0.258392333984375,DEED
285,0.001425,0.132675541813531,4348,0.1326904296875,10FC,-0.252698554363342,-8280,-0.252685546875,DFA8
286,0.00143,0.125269961368438,4105,0.125274658203125,1009,-0.25063920213757,-8213,-0.250640869140625,DFEB
287,0.001435,0.118026870762803,3868,0.1180419921875,0F1C,-0.251084062593052,-8228,-0.2510986328125,DFDC
288,0.00144,0.131957355341006,4324,0.1319580078125,10E4,-0.253652859960119,-8312,-0.253662109375,DF88
289,0.001445,0.123542084383083,4048,0.12353515625,0FD0,-0.258230529049792,-8462,-0.25823974609375,DEF2
290,0.00145,0.124210272089662,4070,0.12420654296875,0FE6,-0.264873920570849,-8679,-0.264862060546875,DE19
291,0.001455,0.124716932238809,4087,0.124725341796875,0FF7,-0.258258740954312,-8463,-0.258270263671875,DEF1
292,0.00146,0.125996838857892,4129,0.126007080078125,1021,-0.264117537011872,-8655,-0.264129638671875,DE31
293,0.001465,0.128519987569545,4211,0.128509521484375,1073,-0.266304147419345,-8726,-0.26629638671875,DDEA
294,0.00147,0.127484730133766,4177,0.127471923828125,1051,-0.26170846097307,-8576,-0.26171875,DE80
295,0.001475,0.129730101388085,4251,0.129730224609375,109B,-0.257645361575911,-8443,-0.257659912109375,DF05
296,0.00148,0.124057737948906,4065,0.124053955078125,0FE1,-0.268099295688112,-8785,-0.268096923828125,DDAF
297,0.001485,0.124494212285011,4079,0.124481201171875,0FEF,-0.270056115168763,-8849,-0.270050048828125,DD6F
298,0.00149,0.125633739533936,4117,0.125640869140625,1015,-0.26175752897737,-8577,-0.261749267578125,DE7F
299,0.001495,0.126749001006529,4153,0.126739501953125,1039,-0.276965018746195,-9076,-0.2769775390625,DC8C
300,0.0015,0.1181294814305,3871,0.118133544921875,0F1F,-0.268721133251901,-8805,-0.268707275390625,DD9B
301,0.001505,0.125890466026524,4125,0.125885009765625,101D,-0.268063321722996,-8784,-0.26806640625,DDB0
302,0.00151,0.112954152279883,3701,0.112945556640625,0E75,-0.27257450791926,-8932,-0.2725830078125,DD1C
303,0.001515,0.120896896518037,3962,0.12091064453125,0F7A,-0.277058455054755,-9079,-0.277069091796875,DC89
304,0.00152,0.116145581047256,3806,0.11614990234375,0EDE,-0.276099199999216,-9047,-0.276092529296875,DCA9
305,0.001525,0.123470715610702,4046,0.12347412109375,0FCE,-0.263843877869729,-8646,-0.26385498046875,DE3A
306,0.00153,0.115446920901297,3783,0.115447998046875,0EC7,-0.280078551956584,-9178,-0.28009033203125,DC26
307,0.001535,0.120934931689441,3963,0.120941162109375,0F7B,-0.272006465200298,-8913,-0.272003173828125,DD2F
308,0.00154,0.118007003517068,3867,0.118011474609375,0F1B,-0.271733172835853,-8904,-0.271728515625,DD38
309,0.001545,0.11964325969108,3920,0.11962890625,0F50,-0.277019460161453,-9077,-0.277008056640625,DC8B
310,0.00155,0.120041728235865,3934,0.12005615234375,0F5E,-0.284236475264684,-9314,-0.28424072265625,DB9E
311,0.001555,0.113261871061021,3711,0.113250732421875,0E7F,-0.27835913575274,-9121,-0.278350830078125,DC5F
312,0.00156,0.104630201638688,3429,0.104644775390625,0D65,-0.285693027105176,-9362,-0.28570556640625,DB6E
313,0.001565,0.119801602711694,3926,0.11981201171875,0F56,-0.269350703982744,-8826,-0.26934814453125,DD86
314,0.00157,0.110806353416134,3631,0.110809326171875,0E2F,-0.287676255953562,-9427,-0.287689208984375,DB2D
315,0.001575,0.106685894040184,3496,0.106689453125,0DA8,-0.291160054301916,-9541,-0.291168212890625,DABB
316,0.00158,0.109961218833684,3603,0.109954833984375,0E13,-0.281919764429449,-9238,-0.28192138671875,DBEA
317,0.001585,0.108237970750337,3547,0.108245849609375,0DDB,-0.282857824214587,-9269,-0.282867431640625,DBCB
318,0.00159,0.104680985017052,3430,0.10467529296875,0D66,-0.278397641916764,-9123,-0.278411865234375,DC5D
319,0.001595,0.105410951424087,3454,0.10540771484375,0D7E,-0.289740694879688,-9494,-0.28973388671875,DAEA
320,0.0016,0.0973289651478885,3189,0.097320556640625,0C75,-0.28056054810515,-9193,-0.280548095703125,DC17
321,0.001605,0.103022902400168,3376,0.10302734375,0D30,-0.283214100893592,-9280,-0.283203125,DBC0
322,0.00161,0.100957968728524,3308,0.1009521484375,0CEC,-0.287931831372949,-9435,-0.287933349609375,DB25
323,0.001615,0.0981626190165822,3217,0.098175048828125,0C91,-0.291695846505188,-9558,-0.29168701171875,DAAA
324,0.00162,0.102330086719958,3353,0.102325439453125,0D19,-0.290631132320586,-9523,-0.290618896484375,DACD
325,0.001625,0.104285129998476,3417,0.104278564453125,0D59,-0.293290858679265,-9611,-0.293304443359375,DA75
326,0.00163,0.0971508275747196,3183,0.097137451171875,0C6F,-0.300106071677683,-9834,-0.30010986328125,D996
327,0.001635,0.0976835652961035,3201,0.097686767578125,0C81,-0.284602702877204,-9326,-0.28460693359375,DB92
328,0.00164,0.0974500002222397,3193,0.097442626953125,0C79,-0.296436632501443,-9714,-0.29644775390625,DA0E
329,0.001645,0.100926603649375,3307,0.100921630859375,0CEB,-0.2918888629991,-9565,-0.291900634765625,DAA3
330,0.00165,0.0995260585066088,3261,0.099517822265625,0CBD,-0.305683032369806,-10017,-0.305694580078125,D8DF
331,0.001655,0.0980379224164707,3213,0.098052978515625,0C8D,-0.285796686211837,-9365,-0.285797119140625,DB6B
332,0.00166,0.0941767228346372,3086,0.09417724609375,0C0E,-0.292195779812999,-9575,-0.292205810546875,DA99
333,0.001665,0.0997169477153456,3268,0.0997314453125,0CC4,-0.305400144423645,-10007,-0.305389404296875,D8E9
334,0.00167,0.0867116409621184,2841,0.086700439453125,0B19,-0.30290690265645,-9926,-0.30291748046875,D93A
335,0.001675,0.0892371271518317,2924,0.0892333984375,0B6C,-0.299452575273698,-9812,-0.2994384765625,D9AC
336,0.00168,0.0892771601776617,2925,0.089263916015625,0B6D,-0.307689789490434,-10082,-0.30767822265625,D89E
337,0.001685,0.0817731214590259,2680,0.081787109375,0A78,-0.294250811856888,-9642,-0.29425048828125,DA56
338,0.00169,0.0818057933204712,2681,0.081817626953125,0A79,-0.301291876886323,-9873,-0.301300048828125,D96F
339,0.001695,0.0774449925550475,2538,0.07745361328125,09EA,-0.299325052390514,-9808,-0.29931640625,D9B0
340,0.0017,0.083155312381808,2725,0.083160400390625,0AA5,-0.294903435880411,-9663,-0.294891357421875,DA41
341,0.001705,0.0890520916920706,2918,0.08905029296875,0B66,-0.303418821685622,-9942,-0.30340576171875,D92A
342,0.00171,0.0743359077176228,2436,0.0743408203125,0984,-0.298320409254269,-9775,-0.298309326171875,D9D1
343,0.001715,0.080874659984325,2650,0.08087158203125,0A5A,-0.304243758689059,-9969,-0.304229736328125,D90F
344,0.00172,0.0711493411914802,2331,0.071136474609375,091B,-0.308299227213371,-10102,-0.30828857421875,D88A
345,0.001725,0.0748545861948115,2453,0.074859619140625,0995,-0.3001853080912,-9836,-0.3001708984375,D994
346,0.00173,0.068639906630366,2249,0.068634033203125,08C9,-0.313018806419973,-10257,-0.313018798828125,D7EF
347,0.001735,0.0838716429929777,2748,0.0838623046875,0ABC,-0.305381765882524,-10007,-0.305389404296875,D8E9
348,0.00174,0.0725757419276639,2378,0.07257080078125,094A,-0.312526992316485,-10241,-0.312530517578125,D7FF
349,0.001745,0.0707552223689305,2319,0.070770263671875,090F,-0.317854130060088,-10415,-0.317840576171875,D751
350,0.00175,0.0665511969110568,2181,0.066558837890625,0885,-0.308294221815705,-10102,-0.30828857421875,D88A
351,0.001755,0.0631235638401492,2068,0.0631103515625,0814,-0.325517145221521,-10667,-0.325531005859375,D655
352,0.00176,0.0559894050341692,1835,0.055999755859375,072B,-0.314063499024398,-10291,-0.314056396484375,D7CD
353,0.001765,0.0516624741295091,1693,0.051666259765625,069D,-0.311297922349274,-10201,-0.311309814453125,D827
354,0.00177,0.0606382971777297,1987,0.060638427734375,07C3,-0.307057153762952,-10062,-0.30706787109375,D8B2
355,0.001775,0.0502019390140595,1645,0.050201416015625,066D,-0.316292905780806,-10364,-0.3162841796875,D784
356,0.00178,0.050254685800499,1647,0.050262451171875,066F,-0.322874159700299,-10580,-0.3228759765625,D6AC
357,0.001785,0.0537823956309689,1762,0.05377197265625,06E2,-0.312963109945513,-10255,-0.312957763671875,D7F1
358,0.00179,0.0624274904011171,2046,0.06243896484375,07FE,-0.315721978968318,-10346,-0.31573486328125,D796
359,0.001795,0.0438177837456734,1436,0.0438232421875,059C,-0.327617754676937,-10735,-0.327606201171875,D611
360,0.0018,0.0545753649857835,1788,0.0545654296875,06FC,-0.320725369843883,-10510,-0.32073974609375,D6F2
361,0.001805,0.0593346610412492,1944,0.059326171875,0798,-0.319563238892049,-10471,-0.319549560546875,D719
362,0.00181,0.0524271943584999,1718,0.05242919921875,06B6,-0.326553957950173,-10701,-0.326568603515625,D633
363,0.001815,0.0479498727763076,1571,0.047943115234375,0623,-0.31840561276141,-10434,-0.31842041015625,D73E
364,0.00182,0.0549156648304273,1799,0.054901123046875,0707,-0.325003485750469,-10650,-0.32501220703125,D666
365,0.001825,0.0428868137362999,1405,0.042877197265625,057D,-0.326880777450407,-10711,-0.326873779296875,D629
366,0.00183,0.040865627139139,1339,0.040863037109375,053B,-0.323935001707255,-10615,-0.323944091796875,D689
367,0.001835,0.0437880756890716,1435,0.043792724609375,059B,-0.325415704847446,-10663,-0.325408935546875,D659
368,0.00184,0.0430181047213676,1410,0.04302978515625,0582,-0.327492695072853,-10731,-0.327484130859375,D615
369,0.001845,0.0423200412177495,1387,0.042327880859375,056B,-0.327085821336155,-10718,-0.32708740234375,D622
370,0.00185,0.0437574135386694,1434,0.04376220703125,059A,-0.326504323160794,-10699,-0.326507568359375,D635
371,0.001855,0.039867969402921,1306,0.03985595703125,051A,-0.319784289897648,-10479,-0.319793701171875,D711
372,0.00186,0.0359020171256013,1176,0.035888671875,0498,-0.334081215555509,-10947,-0.334075927734375,D53D
373,0.001865,0.0347495121795258,1139,0.034759521484375,0473,-0.324549498181774,-10635,-0.324554443359375,D675
374,0.00187,0.0304358007717284,997,0.030426025390625,03E5,-0.327355239862116,-10727,-0.327362060546875,D619
375,0.001875,0.0308106804196292,1010,0.03082275390625,03F2,-0.326485645935686,-10698,-0.32647705078125,D636
376,0.00188,0.0207115967379686,679,0.020721435546875,02A7,-0.333891209443502,-10941,-0.333892822265625,D543
377,0.001885,0.0220654481877026,723,0.022064208984375,02D3,-0.335315953687895,-10988,-0.3353271484375,D514
378,0.00189,0.0184426943910172,604,0.0184326171875,025C,-0.339581589702941,-11127,-0.339569091796875,D489
379,0.001895,0.0214450251012031,703,0.021453857421875,02BF,-0.339129892073235,-11113,-0.339141845703125,D497
380,0.0019,0.0168372677485971,552,0.016845703125,0228,-0.336366273811683,-11022,-0.33636474609375,D4F2
381,0.001905,0.0116568424522627,382,0.01165771484375,017E,-0.334849692000609,-10972,-0.3348388671875,D524
382,0.00191,0.0186260788196812,610,0.01861572265625,0262,-0.342073520712147,-11209,-0.342071533203125,D437
383,0.001915,0.0197382967191644,647,0.019744873046875,0287,-0.331327716292038,-10857,-0.331329345703125,D597
384,0.00192,0.0133478870469454,437,0.013336181640625,01B5,-0.334159328157063,-10950,-0.33416748046875,D53A
385,0.001925,0.0045343480628328,149,0.004547119140625,0095,-0.340028156958148,-11142,-0.34002685546875,D47A
386,0.00193,0.0160863354434229,527,0.016082763671875,020F,-0.341150922374377,-11179,-0.341156005859375,D455
387,0.001935,0.00989976964171852,324,0.0098876953125,0144,-0.33986275275696,-11137,-0.339874267578125,D47F
388,0.00194,0.0125864350628441,412,0.0125732421875,019C,-0.357761071370329,-11723,-0.357757568359375,D235
389,0.001945,-0.00368868239959422,-121,-0.003692626953125,FF87,-0.340407041476595,-11154,-0.34039306640625,D46E
390,0.00195,-0.00626282675908161,-205,-0.006256103515625,FF33,-0.352976714065707,-11566,-0.35296630859375,D2D2
391,0.001955,-0.00507934413011444,-166,-0.00506591796875,FF5A,-0.33725425461283,-11051,-0.337249755859375,D4D5
392,0.00196,-0.000187040085537694,-6,-0.00018310546875,FFFA,-0.347352196497893,-11382,-0.34735107421875,D38A
393,0.001965,-0.00132535633964352,-43,-0.001312255859375,FFD5,-0.352815751071803,-11561,-0.352813720703125,D2D7
394,0.00197,-0.00787518713707545,-258,-0.00787353515625,FEFE,-0.347794006843513,-11397,-0.347808837890625,D37B
395,0.001975,-0.0066249339652595,-217,-0.006622314453125,FF27,-0.354380438481189,-11612,-0.3543701171875,D2A4
396,0.00198,-0.0138464641529457,-454,-0.01385498046875,FE3A,-0.349991692882142,-11469,-0.350006103515625,D333
397,0.001985,-0.0031097571190859,-102,-0.00311279296875,FF9A,-0.354410334977944,-11613,-0.354400634765625,D2A3
398,0.00199,-0.0135218764717474,-443,-0.013519287109375,FE45,-0.354318800615083,-11610,-0.35430908203125,D2A6
399,0.001995,-0.00918831913195217,-301,-0.009185791015625,FED3,-0.357272702010768,-11707,-0.357269287109375,D245
400,0.002,-0.0121464778063571,-398,-0.01214599609375,FE72,-0.348967935780572,-11435,-0.348968505859375,D355
401,0.002005,-0.0176125415826431,-577,-0.017608642578125,FDBF,-0.347182651352157,-11376,-0.34716796875,D390
402,0.00201,-0.0241975419522535,-793,-0.024200439453125,FCE7,-0.360143827377952,-11801,-0.360137939453125,D1E7
403,0.002015,-0.0167858284734541,-550,-0.01678466796875,FDDA,-0.349941865471223,-11467,-0.349945068359375,D335
404,0.00202,-0.0289561001642095,-949,-0.028961181640625,FC4B,-0.359287061736537,-11773,-0.359283447265625,D203
405,0.002025,-0.0215277012918726,-705,-0.021514892578125,FD3F,-0.361728592151395,-11853,-0.361724853515625,D1B3
406,0.00203,-0.0285986426808905,-937,-0.028594970703125,FC57,-0.355859138537492,-11661,-0.355865478515625,D273
407,0.002035,-0.0279585894348256,-916,-0.0279541015625,FC6C,-0.345783238775028,-11331,-0.345794677734375,D3BD
408,0.00204,-0.0310909939097708,-1019,-0.031097412109375,FC05,-0.354772519289237,-11625,-0.354766845703125,D297
409,0.002045,-0.0356897368681363,-1169,-0.035675048828125,FB6F,-0.361186699350192,-11835,-0.361175537109375,D1C5
410,0.00205,-0.041193490491015,-1350,-0.04119873046875,FABA,-0.357613377890461,-11718,-0.35760498046875,D23A
411,0.002055,-0.0343718258482324,-1126,-0.03436279296875,FB9A,-0.361433027415138,-11843,-0.361419677734375,D1BD
412,0.00206,-0.0425540655394786,-1394,-0.04254150390625,FA8E,-0.361504424208435,-11846,-0.36151123046875,D1BA
413,0.002065,-0.0355615373292968,-1165,-0.035552978515625,FB73,-0.374062989551126,-12257,-0.374053955078125,D01F
414,0.00207,-0.03420679390602,-1121,-0.034210205078125,FB9F,-0.360121546418384,-11800,-0.360107421875,D1E8
415,0.002075,-0.0450534268215276,-1476,-0.0450439453125,FA3C,-0.365493680697095,-11976,-0.365478515625,D138
416,0.00208,-0.0373853137923157,-1225,-0.037384033203125,FB37,-0.369953866351548,-12123,-0.369964599609375,D0A5
417,0.002085,-0.0432269845755658,-1416,-0.043212890625,FA78,-0.368919233283643,-12089,-0.368927001953125,D0C7
418,0.00209,-0.0545282080525018,-1787,-0.054534912109375,F905,-0.378491397504873,-12402,-0.37847900390625,CF8E
419,0.002095,-0.0449422447573644,-1473,-0.044952392578125,FA3F,-0.362094517705897,-11865,-0.362091064453125,D1A7
420,0.0021,-0.0469889164421315,-1540,-0.0469970703125,F9FC,-0.355936517628882,-11663,-0.355926513671875,D271
421,0.002105,-0.0465801747046414,-1526,-0.04656982421875,FA0A,-0.36578843530905,-11986,-0.36578369140625,D12E
422,0.00211,-0.0489744285616972,-1605,-0.048980712890625,F9BB,-0.372690220765267,-12212,-0.3726806640625,D04C
423,0.002115,-0.0474407540937179,-1555,-0.047454833984375,F9ED,-0.374804410558927,-12282,-0.37481689453125,D006
424,0.00212,-0.0510024168148839,-1671,-0.050994873046875,F979,-0.366766339619921,-12018,-0.36676025390625,D10E
425,0.002125,-0.0582416587203549,-1908,-0.0582275390625,F88C,-0.368575558044188,-12077,-0.368560791015625,D0D3
426,0.00213,-0.0548481176927021,-1797,-0.054840087890625,F8FB,-0.375562889926223,-12306,-0.37554931640625,CFEE
427,0.002135,-0.0601590932814478,-1971,-0.060150146484375,F84D,-0.375842047701867,-12316,-0.3758544921875,CFE4
428,0.00214,-0.0555031066993595,-1819,-0.055511474609375,F8E5,-0.366316572010286,-12003,-0.366302490234375,D11D
429,0.002145,-0.0619557722580185,-2030,-0.06195068359375,F812,-0.373602719737477,-12242,-0.37359619140625,D02E
430,0.00215,-0.0597222982335102,-1957,-0.059722900390625,F85B,-0.386825801011434,-12676,-0.3868408203125,CE7C
431,0.002155,-0.0560086250510933,-1835,-0.055999755859375,F8D5,-0.380137896816086,-12456,-0.380126953125,CF58
432,0.00216,-0.0619063755002379,-2029,-0.061920166015625,F813,-0.372745911197717,-12214,-0.37274169921875,D04A
433,0.002165,-0.0625760671152852,-2050,-0.06256103515625,F7FE,-0.384126003739275,-12587,-0.384124755859375,CED5
434,0.00217,-0.0558824787418084,-1831,-0.055877685546875,F8D9,-0.376585850624925,-12340,-0.3765869140625,CFCC
435,0.002175,-0.0633303392518412,-2075,-0.063323974609375,F7E5,-0.376501578261133,-12337,-0.376495361328125,CFCF
436,0.00218,-0.0528911032435004,-1733,-0.052886962890625,F93B,-0.3701141343523,-12128,-0.3701171875,D0A0
437,0.002185,-0.0626461733742709,-2053,-0.062652587890625,F7FB,-0.386342159379689,-12660,-0.3863525390625,CE8C
438,0.00219,-0.0686777822519491,-2250,-0.06866455078125,F736,-0.38356847261997,-12569,-0.383575439453125,CEE7
439,0.002195,-0.0612275956710085,-2006,-0.06121826171875,F82A,-0.379087247208232,-12422,-0.37908935546875,CF7A
440,0.0022,-0.0574887864287324,-1884,-0.0574951171875,F8A4,-0.382187483450321,-12524,-0.3822021484375,CF14
441,0.002205,-0.0744962193501719,-2441,-0.074493408203125,F677,-0.391012136889965,-12813,-0.391021728515625,CDF3
442,0.00221,-0.0588062114739396,-1927,-0.058807373046875,F879,-0.376056144823699,-12323,-0.376068115234375,CFDD
443,0.002215,-0.0714813030524986,-2342,-0.07147216796875,F6DA,-0.38084309332286,-12479,-0.380828857421875,CF41
444,0.00222,-0.0697630968106169,-2286,-0.06976318359375,F712,-0.369678351284457,-12114,-0.36968994140625,D0AE
445,0.002225,-0.0684893266331289,-2244,-0.0684814453125,F73C,-0.384088173111686,-12586,-0.38409423828125,CED6
446,0.00223,-0.0683884339702753,-2241,-0.068389892578125,F73F,-0.381089287466722,-12488,-0.381103515625,CF38
447,0.002235,-0.0598749891237091,-1962,-0.05987548828125,F856,-0.3838719524282,-12579,-0.383880615234375,CEDD
448,0.00224,-0.0600074870683661,-1966,-0.05999755859375,F852,-0.386361861464427,-12660,-0.3863525390625,CE8C
449,0.002245,-0.0639731193915057,-2096,-0.06396484375,F7D0,-0.381103854236691,-12488,-0.381103515625,CF38
450,0.00225,-0.054691107619624,-1792,-0.0546875,F900,-0.38850892312258,-12731,-0.388519287109375,CE45
451,0.002255,-0.0590155507391261,-1934,-0.05902099609375,F872,-0.389102709995791,-12750,-0.38909912109375,CE32
452,0.00226,-0.0721306971842929,-2364,-0.0721435546875,F6C4,-0.382445318134423,-12532,-0.3824462890625,CF0C
453,0.002265,-0.0778988078700041,-2553,-0.077911376953125,F607,-0.378799503765622,-12413,-0.378814697265625,CF83
454,0.00227,-0.0647889522854773,-2123,-0.064788818359375,F7B5,-0.389284763839859,-12756,-0.3892822265625,CE2C
455,0.002275,-0.067311247646065,-2206,-0.06732177734375,F762,-0.390316727944804,-12790,-0.39031982421875,CE0A
456,0.00228,-0.0603046323945165,-1976,-0.060302734375,F848,-0.390348946497784,-12791,-0.390350341796875,CE09
457,0.002285,-0.0648740769782253,-2126,-0.06488037109375,F7B2,-0.385267377917745,-12624,-0.38525390625,CEB0
458,0.00229,-0.0662171574769689,-2170,-0.06622314453125,F786,-0.391150777121666,-12817,-0.391143798828125,CDEF
459,0.002295,-0.0673179357429357,-2206,-0.06732177734375,F762,-0.394213452547781,-12918,-0.39422607421875,CD8A
460,0.0023,-0.0712818417536734,-2336,-0.0712890625,F6E0,-0.384840579507232,-12610,-0.38482666015625,CEBE
461,0.002305,-0.0684346442082769,-2242,-0.06842041015625,F73E,-0.40127560604998,-13149,-0.401275634765625,CCA3
462,0.00231,-0.06764710028857,-2217,-0.067657470703125,F757,-0.395584770845263,-12963,-0.395599365234375,CD5D
463,0.002315,-0.0697952254043863,-2287,-0.069793701171875,F711,-0.391908759051919,-12842,-0.39190673828125,CDD6
464,0.00232,-0.0749201973858536,-2455,-0.074920654296875,F669,-0.393871668933611,-12906,-0.39385986328125,CD96
465,0.002325,-0.0724621992842275,-2374,-0.07244873046875,F6BA,-0.39448520168633,-12926,-0.39447021484375,CD82
466,0.00233,-0.080084842912766,-2624,-0.080078125,F5C0,-0.4002754202947,-13116,-0.4002685546875,CCC4
467,0.002335,-0.0752236665047857,-2465,-0.075225830078125,F65F,-0.397909450689956,-13039,-0.397918701171875,CD11
468,0.00234,-0.074174837924246,-2431,-0.074188232421875,F681,-0.394576061682633,-12929,-0.394561767578125,CD7F
469,0.002345,-0.0766000888444316,-2510,-0.07659912109375,F632,-0.399266254987521,-13083,-0.399261474609375,CCE5
470,0.00235,-0.0730231918789951,-2393,-0.073028564453125,F6A7,-0.394769540415982,-12936,-0.394775390625,CD78
471,0.002355,-0.0838174574385929,-2747,-0.083831787109375,F545,-0.395761425801658,-12968,-0.395751953125,CD58
472,0.00236,-0.0821466200694922,-2692,-0.0821533203125,F57C,-0.408082257328888,-13372,-0.4080810546875,CBC4
473,0.002365,-0.0791074301054631,-2592,-0.0791015625,F5E0,-0.395705457664366,-12966,-0.39569091796875,CD5A
474,0.00237,-0.0752894064139829,-2467,-0.075286865234375,F65D,-0.405675428808869,-13293,-0.405670166015625,CC13
475,0.002375,-0.0841732428706724,-2758,-0.08416748046875,F53A,-0.395395946528212,-12956,-0.3953857421875,CD64
476,0.00238,-0.0942345371799856,-3088,-0.09423828125,F3F0,-0.398848238916755,-13069,-0.398834228515625,CCF3
477,0.002385,-0.0910759943597035,-2984,-0.091064453125,F458,-0.409551507367735,-13420,-0.4095458984375,CB94
478,0.00239,-0.0922379011226751,-3022,-0.09222412109375,F432,-0.403892350436301,-13235,-0.403900146484375,CC4D
479,0.002395,-0.0975349145456647,-3196,-0.0975341796875,F384,-0.404805549362243,-13265,-0.404815673828125,CC2F
480,0.0024,-0.0960453459874396,-3147,-0.096038818359375,F3B5,-0.401479141103753,-13156,-0.4014892578125,CC9C
481,0.002405,-0.0970848277715015,-3181,-0.097076416015625,F393,-0.409503267067214,-13419,-0.409515380859375,CB95
482,0.00241,-0.109292532888272,-3581,-0.109283447265625,F203,-0.406914226343224,-13334,-0.40692138671875,CBEA
483,0.002415,-0.1039234149376,-3405,-0.103912353515625,F2B3,-0.398603856537846,-13061,-0.398590087890625,CCFB
484,0.00242,-0.111103368058475,-3641,-0.111114501953125,F1C7,-0.418633668492598,-13718,-0.41864013671875,CA6A
485,0.002425,-0.0984491451331208,-3226,-0.09844970703125,F366,-0.41094901308228,-13466,-0.41094970703125,CB66
486,0.00243,-0.107082020394296,-3509,-0.107086181640625,F24B,-0.412580150558002,-13519,-0.412567138671875,CB31
487,0.002435,-0.120506813189037,-3949,-0.120513916015625,F093,-0.415284639379861,-13608,-0.415283203125,CAD8
488,0.00244,-0.118048247863938,-3868,-0.1180419921875,F0E4,-0.429317301149803,-14068,-0.4293212890625,C90C
489,0.002445,-0.121526717677556,-3982,-0.12152099609375,F072,-0.420945431955386,-13794,-0.42095947265625,CA1E
490,0.00245,-0.125589924662837,-4115,-0.125579833984375,EFED,-0.419275034078688,-13739,-0.419281005859375,CA55
491,0.002455,-0.128601843927556,-4214,-0.12860107421875,EF8A,-0.415669457040792,-13621,-0.415679931640625,CACB
492,0.00246,-0.131802570876924,-4319,-0.131805419921875,EF21,-0.423061284713041,-13863,-0.423065185546875,C9D9
493,0.002465,-0.136252288250983,-4465,-0.136260986328125,EE8F,-0.418025047483289,-13698,-0.41802978515625,CA7E
494,0.00247,-0.124186179286416,-4069,-0.124176025390625,F01B,-0.417993246136174,-13697,-0.417999267578125,CA7F
495,0.002475,-0.129477057053122,-4243,-0.129486083984375,EF6D,-0.417772015411147,-13690,-0.41778564453125,CA86
496,0.00248,-0.13824134908131,-4530,-0.13824462890625,EE4E,-0.419087712405623,-13733,-0.419097900390625,CA5B
497,0.002485,-0.144493208497158,-4735,-0.144500732421875,ED81,-0.430376788803432,-14103,-0.430389404296875,C8E9
498,0.00249,-0.160970703607994,-5275,-0.160980224609375,EB65,-0.425263024779156,-13935,-0.425262451171875,C991
499,0.002495,-0.155271020161156,-5088,-0.1552734375,EC20,-0.42533483063674,-13937,-0.425323486328125,C98F
500,0.0025,-0.151267917479169,-4957,-0.151275634765625,ECA3,-0.42770306624755,-14015,-0.427703857421875,C941
501,0.002505,-0.158688065062877,-5200,-0.15869140625,EBB0,-0.418343802339509,-13708,-0.4183349609375,CA74
502,0.00251,-0.159459860590249,-5225,-0.159454345703125,EB97,-0.429865907547189,-14086,-0.42987060546875,C8FA
503,0.002515,-0.168879476192393,-5534,-0.16888427734375,EA62,-0.428288097849806,-14034,-0.42828369140625,C92E
504,0.00252,-0.174797562329667,-5728,-0.1748046875,E9A0,-0.427924566132425,-14022,-0.42791748046875,C93A
505,0.002525,-0.177977640777651,-5832,-0.177978515625,E938,-0.439092261569014,-14388,-0.4390869140625,C7CC
506,0.00253,-0.173209292008191,-5676,-0.1732177734375,E9D4,-0.432665807669756,-14178,-0.43267822265625,C89E
507,0.002535,-0.184471116826799,-6045,-0.184478759765625,E863,-0.434191478222065,-14228,-0.4342041015625,C86C
508,0.00254,-0.176522525927548,-5784,-0.176513671875,E968,-0.431402560635229,-14136,-0.431396484375,C8C8
509,0.002545,-0.184853670590759,-6057,-0.184844970703125,E857,-0.423566868321432,-13879,-0.423553466796875,C9C9
510,0.00255,-0.186366465295055,-6107,-0.186370849609375,E825,-0.444203455986598,-14556,-0.4442138671875,C724
511,0.002555,-0.19368931874788,-6347,-0.193695068359375,E735,-0.427345637872267,-14003,-0.427337646484375,C94D
512,0.00256,-0.194002189942665,-6357,-0.194000244140625,E72B,-0.440657092914401,-14439,-0.440643310546875,C799
513,0.002565,-0.187230189336078,-6135,-0.187225341796875,E809,-0.444428462305894,-14563,-0.444427490234375,C71D
514,0.00257,-0.196298468681682,-6432,-0.1962890625,E6E0,-0.435956247464271,-14285,-0.435943603515625,C833
515,0.002575,-0.19621997185945,-6430,-0.19622802734375,E6E2,-0.449874364392085,-14741,-0.449859619140625,C66B
516,0.00258,-0.199446768803025,-6535,-0.199432373046875,E679,-0.453096567971359,-14847,-0.453094482421875,C601
517,0.002585,-0.19792827692436,-6486,-0.19793701171875,E6AA,-0.445947566531909,-14613,-0.445953369140625,C6EB
518,0.00259,-0.20005936774241,-6556,-0.2000732421875,E664,-0.45049215799613,-14762,-0.45050048828125,C656
519,0.002595,-0.20545198458404,-6732,-0.2054443359375,E5B4,-0.446498465258435,-14631,-0.446502685546875,C6D9
520,0.0026,-0.200561190936252,-6572,-0.2005615234375,E654,-0.450038404225039,-14747,-0.450042724609375,C665
521,0.002605,-0.205707375241716,-6741,-0.205718994140625,E5AB,-0.450259911093426,-14754,-0.45025634765625,C65E
522,0.00261,-0.214365029575426,-7024,-0.21435546875,E490,-0.453862520451213,-14872,-0.453857421875,C5E8
523,0.002615,-0.211019488484795,-6915,-0.211029052734375,E4FD,-0.453428594234163,-14858,-0.45343017578125,C5F6
524,0.00262,-0.211422948047011,-6928,-0.21142578125,E4F0,-0.44035804447946,-14430,-0.44036865234375,C7A2
525,0.002625,-0.213688062210743,-7002,-0.21368408203125,E4A6,-0.449279937130405,-14722,-0.44927978515625,C67E
526,0.00263,-0.22479250306604,-7366,-0.22479248046875,E33A,-0.461950134374526,-15137,-0.461944580078125,C4DF
527,0.002635,-0.220341679941618,-7220,-0.2203369140625,E3CC,-0.465017528755914,-15238,-0.46502685546875,C47A
528,0.00264,-0.226342331356892,-7417,-0.226348876953125,E307,-0.46025577346037,-15082,-0.46026611328125,C516
529,0.002645,-0.219737623992004,-7200,-0.2197265625,E3E0,-0.455967944843331,-14941,-0.455963134765625,C5A3
530,0.00265,-0.211082608199006,-6917,-0.211090087890625,E4FB,-0.45218826077201,-14817,-0.452178955078125,C61F
531,0.002655,-0.215386906597929,-7058,-0.21539306640625,E46E,-0.461408178266866,-15119,-0.461395263671875,C4F1
532,0.00266,-0.211682670054359,-6936,-0.211669921875,E4E8,-0.461568575760835,-15125,-0.461578369140625,C4EB
533,0.002665,-0.2217549548736,-7266,-0.22174072265625,E39E,-0.467194776991778,-15309,-0.467193603515625,C433
534,0.00267,-0.209390868276516,-6861,-0.209381103515625,E533,-0.461231099169478,-15114,-0.46124267578125,C4F6
535,0.002675,-0.225776970922365,-7398,-0.22576904296875,E31A,-0.462090752748622,-15142,-0.46209716796875,C4DA
536,0.00268,-0.212930777118911,-6977,-0.212921142578125,E4BF,-0.462060081304976,-15141,-0.462066650390625,C4DB
537,0.002685,-0.227019692659552,-7439,-0.227020263671875,E2F1,-0.457616038731954,-14995,-0.457611083984375,C56D
538,0.00269,-0.215006325935246,-7045,-0.214996337890625,E47B,-0.466669507369674,-15292,-0.4666748046875,C444
539,0.002695,-0.218375059499355,-7156,-0.2183837890625,E40C,-0.476184816517828,-15604,-0.4761962890625,C30C
540,0.0027,-0.211992910908463,-6947,-0.212005615234375,E4DD,-0.463157158785741,-15177,-0.463165283203125,C4B7
541,0.002705,-0.218677941480173,-7166,-0.21868896484375,E402,-0.459230564831392,-15048,-0.459228515625,C538
542,0.00271,-0.228831574987366,-7498,-0.22882080078125,E2B6,-0.463773258800627,-15197,-0.463775634765625,C4A3
543,0.002715,-0.219434061025858,-7190,-0.21942138671875,E3EA,-0.460961517217819,-15105,-0.460968017578125,C4FF
544,0.00272,-0.22122578521991,-7249,-0.221221923828125,E3AF,-0.470950750511084,-15432,-0.470947265625,C3B8
545,0.002725,-0.213949677670055,-7011,-0.213958740234375,E49D,-0.465102989022047,-15240,-0.465087890625,C478
546,0.00273,-0.218767285390439,-7169,-0.218780517578125,E3FF,-0.476515347183366,-15614,-0.47650146484375,C302
547,0.002735,-0.222610380398147,-7294,-0.22259521484375,E382,-0.478297211624654,-15673,-0.478302001953125,C2C7
548,0.00274,-0.228324353599649,-7482,-0.22833251953125,E2C6,-0.469527056402539,-15385,-0.469512939453125,C3E7
549,0.002745,-0.216770171676382,-7103,-0.216766357421875,E441,-0.473139663966236,-15504,-0.47314453125,C370
550,0.00275,-0.215918728414902,-7075,-0.215911865234375,E45D,-0.479129778488403,-15700,-0.4791259765625,C2AC
551,0.002755,-0.221074734392124,-7244,-0.2210693359375,E3B4,-0.473048921101528,-15501,-0.473052978515625,C373
552,0.00276,-0.222663247833942,-7296,-0.22265625,E380,-0.473995253268344,-15532,-0.4739990234375,C354
553,0.002765,-0.230727127316257,-7560,-0.230712890625,E278,-0.471263722647335,-15442,-0.47125244140625,C3AE
554,0.00277,-0.224533253827584,-7358,-0.22454833984375,E342,-0.477628796578187,-15651,-0.477630615234375,C2DD
555,0.002775,-0.220269890609199,-7218,-0.22027587890625,E3CE,-0.464380517856936,-15217,-0.464385986328125,C48F
556,0.00278,-0.217574708432718,-7129,-0.217559814453125,E427,-0.477115999047359,-15634,-0.47711181640625,C2EE
557,0.002785,-0.225214093709392,-7380,-0.2252197265625,E32C,-0.470280869357992,-15410,-0.47027587890625,C3CE
558,0.00279,-0.223953424843945,-7339,-0.223968505859375,E355,-0.469987935022929,-15401,-0.470001220703125,C3D7
559,0.002795,-0.235439627950427,-7715,-0.235443115234375,E1DD,-0.471640276385603,-15455,-0.471649169921875,C3A1
560,0.0028,-0.222976918335079,-7307,-0.222991943359375,E375,-0.479199217586172,-15702,-0.47918701171875,C2AA
561,0.002805,-0.226954014674347,-7437,-0.226959228515625,E2F3,-0.479420262488154,-15710,-0.47943115234375,C2A2
562,0.00281,-0.225946557619582,-7404,-0.2259521484375,E314,-0.468549574959215,-15353,-0.468536376953125,C407
563,0.002815,-0.222652645148185,-7296,-0.22265625,E380,-0.463144328711303,-15176,-0.463134765625,C4B8
564,0.00282,-0.22342836208315,-7321,-0.223419189453125,E367,-0.467349207906122,-15314,-0.46734619140625,C42E
565,0.002825,-0.234222922343774,-7675,-0.234222412109375,E205,-0.472104854656203,-15470,-0.47210693359375,C392
566,0.00283,-0.228096593203697,-7474,-0.22808837890625,E2CE,-0.474525074386784,-15549,-0.474517822265625,C343
567,0.002835,-0.229950917871646,-7535,-0.229949951171875,E291,-0.47261327888245,-15487,-0.472625732421875,C381
568,0.00284,-0.233950314208868,-7666,-0.23394775390625,E20E,-0.469265053167283,-15377,-0.469268798828125,C3EF
569,0.002845,-0.221692780216336,-7264,-0.2216796875,E3A0,-0.482941715990677,-15825,-0.482940673828125,C22F
570,0.00285,-0.235444238164153,-7715,-0.235443115234375,E1DD,-0.470973963476436,-15433,-0.470977783203125,C3B7
571,0.002855,-0.237833775947619,-7793,-0.237823486328125,E18F,-0.481474492270716,-15777,-0.481475830078125,C25F
572,0.00286,-0.237140578978766,-7771,-0.237152099609375,E1A5,-0.473999056754468,-15532,-0.4739990234375,C354
573,0.002865,-0.239183160709582,-7838,-0.23919677734375,E162,-0.478113757323973,-15667,-0.478118896484375,C2CD
574,0.00287,-0.231488369135684,-7585,-0.231475830078125,E25F,-0.475290666087614,-15574,-0.47528076171875,C32A
575,0.002875,-0.236870643798617,-7762,-0.23687744140625,E1AE,-0.477012458220254,-15631,-0.477020263671875,C2F1
576,0.00288,-0.236891017274055,-7762,-0.23687744140625,E1AE,-0.47308265634185,-15502,-0.47308349609375,C372
577,0.002885,-0.235688795290227,-7723,-0.235687255859375,E1D5,-0.473956837737725,-15531,-0.473968505859375,C355
578,0.00289,-0.252291081505497,-8267,-0.252288818359375,DFB5,-0.486940526486056,-15956,-0.4869384765625,C1AC
579,0.002895,-0.244115445299511,-7999,-0.244110107421875,E0C1,-0.485698614309078,-15915,-0.485687255859375,C1D5
580,0.0029,-0.242181576312993,-7936,-0.2421875,E100,-0.489401501495579,-16037,-0.489410400390625,C15B
581,0.002905,-0.237940807881526,-7797,-0.237945556640625,E18B,-0.480436507959677,-15743,-0.480438232421875,C281
582,0.00291,-0.255701420313452,-8379,-0.255706787109375,DF45,-0.479037984085084,-15697,-0.479034423828125,C2AF
583,0.002915,-0.255605898245463,-8376,-0.255615234375,DF48,-0.481123532986144,-15765,-0.481109619140625,C26B
584,0.00292,-0.251480748941857,-8241,-0.251495361328125,DFCF,-0.485813063489878,-15919,-0.485809326171875,C1D1
585,0.002925,-0.252186223620854,-8264,-0.252197265625,DFB8,-0.486666857719528,-15947,-0.486663818359375,C1B5
586,0.00293,-0.264083044042436,-8653,-0.264068603515625,DE33,-0.49396048336122,-16186,-0.49395751953125,C0C6
587,0.002935,-0.258652731814535,-8476,-0.2586669921875,DEE4,-0.486124651139235,-15929,-0.486114501953125,C1C7
588,0.00294,-0.262968933895449,-8617,-0.262969970703125,DE57,-0.492811624914538,-16148,-0.4927978515625,C0EC
589,0.002945,-0.271559255196956,-8898,-0.27154541015625,DD3E,-0.490915642100916,-16086,-0.49090576171875,C12A
590,0.00295,-0.271353435889917,-8892,-0.2713623046875,DD44,-0.480020216851351,-15729,-0.480010986328125,C28F
591,0.002955,-0.267738323284325,-8773,-0.267730712890625,DDBB,-0.486345560474097,-15937,-0.486358642578125,C1BF
592,0.00296,-0.268268969865181,-8791,-0.268280029296875,DDA9,-0.487759908118952,-15983,-0.487762451171875,C191
593,0.002965,-0.272082114140621,-8916,-0.2720947265625,DD2C,-0.485104303591265,-15896,-0.485107421875,C1E8
594,0.00297,-0.272395151958935,-8926,-0.27239990234375,DD22,-0.486712224288878,-15949,-0.486724853515625,C1B3
595,0.002975,-0.274962088655624,-9010,-0.27496337890625,DCCE,-0.495635973153536,-16241,-0.495635986328125,C08F
596,0.00298,-0.284044238426982,-9308,-0.2840576171875,DBA4,-0.493793016587226,-16181,-0.493804931640625,C0CB
597,0.002985,-0.281400835098694,-9221,-0.281402587890625,DBFB,-0.496119240717009,-16257,-0.496124267578125,C07F
598,0.00299,-0.281247470373137,-9216,-0.28125,DC00,-0.49571057552837,-16243,-0.495697021484375,C08D
599,0.002995,-0.287077577910172,-9407,-0.287078857421875,DB41,-0.490439056317039,-16071,-0.490447998046875,C139
600,0.003,-0.288446124591361,-9452,-0.2884521484375,DB14,-0.500891672808967,-16413,-0.500885009765625,BFE3
601,0.003005,-0.275828007725743,-9038,-0.27581787109375,DCB2,-0.501153851258046,-16422,-0.50115966796875,BFDA
602,0.00301,-0.29012431396889,-9507,-0.290130615234375,DADD,-0.500572874695838,-16403,-0.500579833984375,BFED
603,0.003015,-0.293049584198504,-9603,-0.293060302734375,DA7D,-0.501299281779513,-16427,-0.501312255859375,BFD5
604,0.00302,-0.294637140205487,-9655,-0.294647216796875,DA49,-0.502138893511901,-16454,-0.50213623046875,BFBA
605,0.003025,-0.294689639787751,-9656,-0.294677734375,DA48,-0.490360607284181,-16068,-0.4903564453125,C13C
606,0.00303,-0.299173865263897,-9803,-0.299163818359375,D9B5,-0.501377562437204,-16429,-0.501373291015625,BFD3
607,0.003035,-0.293903862632486,-9631,-0.293914794921875,DA61,-0.49574950684168,-16245,-0.495758056640625,C08B
608,0.00304,-0.295499215783242,-9683,-0.295501708984375,DA2D,-0.494839824250404,-16215,-0.494842529296875,C0A9
609,0.003045,-0.297573284916423,-9751,-0.297576904296875,D9E9,-0.503228305771947,-16490,-0.50323486328125,BF96
610,0.00305,-0.30464887777256,-9983,-0.304656982421875,D901,-0.506881722373683,-16610,-0.50689697265625,BF1E
611,0.003055,-0.310366317051391,-10170,-0.31036376953125,D846,-0.510787009831941,-16737,-0.510772705078125,BE9F
612,0.00306,-0.301617258256161,-9883,-0.301605224609375,D965,-0.500535483711915,-16402,-0.50054931640625,BFEE
613,0.003065,-0.29581190836243,-9693,-0.295806884765625,DA23,-0.508849865658971,-16674,-0.50885009765625,BEDE
614,0.00307,-0.299028604254184,-9799,-0.299041748046875,D9B9,-0.512575803951919,-16796,-0.5125732421875,BE64
615,0.003075,-0.308854268663543,-10121,-0.308868408203125,D877,-0.513733017324903,-16834,-0.51373291015625,BE3E
616,0.00308,-0.310279119235912,-10167,-0.310272216796875,D849,-0.52096344839075,-17071,-0.520965576171875,BD51
617,0.003085,-0.308686494622844,-10115,-0.308685302734375,D87D,-0.512586400923574,-16796,-0.5125732421875,BE64
618,0.00309,-0.304188400535517,-9968,-0.30419921875,D910,-0.515504187223007,-16892,-0.5155029296875,BE04
619,0.003095,-0.303560776506136,-9947,-0.303558349609375,D925,-0.508356775090107,-16658,-0.50836181640625,BEEE
620,0.0031,-0.301337398755239,-9874,-0.30133056640625,D96E,-0.507273663529394,-16622,-0.50726318359375,BF12
621,0.003105,-0.314538621595094,-10307,-0.314544677734375,D7BD,-0.522478734759655,-17121,-0.522491455078125,BD1F
622,0.00311,-0.308744743150368,-10117,-0.308746337890625,D87B,-0.505458125740845,-16563,-0.505462646484375,BF4D
623,0.003115,-0.304736604153027,-9986,-0.30474853515625,D8FE,-0.512620053071122,-16798,-0.51263427734375,BE62
624,0.00312,-0.310539306600062,-10176,-0.310546875,D840,-0.50486702301914,-16543,-0.504852294921875,BF61
625,0.003125,-0.312463919372775,-10239,-0.312469482421875,D801,-0.516217785766674,-16915,-0.516204833984375,BDED
626,0.00313,-0.313589663593928,-10276,-0.3135986328125,D7DC,-0.51737781165874,-16953,-0.517364501953125,BDC7
627,0.003135,-0.308460414702058,-10108,-0.3084716796875,D884,-0.51366395498167,-16832,-0.513671875,BE40
628,0.00314,-0.311600533205649,-10211,-0.311614990234375,D81D,-0.523899210769851,-17167,-0.523895263671875,BCF1
629,0.003145,-0.306772724352873,-10052,-0.3067626953125,D8BC,-0.534496193115,-17514,-0.53448486328125,BB96
630,0.00315,-0.317627141349823,-10408,-0.317626953125,D758,-0.523946136543834,-17169,-0.523956298828125,BCEF
631,0.003155,-0.302891456190173,-9925,-0.302886962890625,D93B,-0.523638072833645,-17159,-0.523651123046875,BCF9
632,0.00316,-0.311309512066906,-10201,-0.311309814453125,D827,-0.522315286210322,-17115,-0.522308349609375,BD25
633,0.003165,-0.312621561865117,-10244,-0.3126220703125,D7FC,-0.525195891504508,-17210,-0.52520751953125,BCC6
634,0.00317,-0.306037962536912,-10028,-0.3060302734375,D8D4,-0.523314446677403,-17148,-0.5233154296875,BD04
635,0.003175,-0.311402968878632,-10204,-0.3114013671875,D824,-0.526924002113092,-17266,-0.52691650390625,BC8E
636,0.00318,-0.306839520410019,-10055,-0.306854248046875,D8B9,-0.536237061067239,-17571,-0.536224365234375,BB5D
637,0.003185,-0.308808957635164,-10119,-0.308807373046875,D879,-0.52638696173466,-17249,-0.526397705078125,BC9F
638,0.00319,-0.315589183910973,-10341,-0.315582275390625,D79B,-0.522051944697679,-17107,-0.522064208984375,BD2D
639,0.003195,-0.309192687569828,-10132,-0.3092041015625,D86C,-0.534853534635615,-17526,-0.53485107421875,BB8A
640,0.0032,-0.305671962002767,-10016,-0.3056640625,D8E0,-0.529255602383037,-17343,-0.529266357421875,BC41
641,0.003205,-0.308837155944003,-10120,-0.308837890625,D878,-0.5345209457566,-17515,-0.534515380859375,BB95
642,0.00321,-0.31372370595188,-10280,-0.313720703125,D7D8,-0.528279008622064,-17311,-0.528289794921875,BC61
643,0.003215,-0.309800711279903,-10152,-0.309814453125,D858,-0.534377078853574,-17510,-0.53436279296875,BB9A
644,0.00322,-0.304133581578157,-9966,-0.30413818359375,D912,-0.530751494985099,-17392,-0.53076171875,BC10
645,0.003225,-0.31059993901346,-10178,-0.31060791015625,D83E,-0.534309675682179,-17508,-0.5343017578125,BB9C
646,0.00323,-0.316085405727114,-10357,-0.316070556640625,D78B,-0.538522040333506,-17646,-0.53851318359375,BB12
647,0.003235,-0.321527542177316,-10536,-0.321533203125,D6D8,-0.542901015377038,-17790,-0.54290771484375,BA82
648,0.00324,-0.303623602451199,-9949,-0.303619384765625,D923,-0.536328330346254,-17574,-0.53631591796875,BB5A
649,0.003245,-0.30686955387912,-10056,-0.306884765625,D8B8,-0.539387419235996,-17675,-0.539398193359375,BAF5
650,0.00325,-0.313210122028621,-10263,-0.313201904296875,D7E9,-0.539348998731912,-17673,-0.539337158203125,BAF7
651,0.003255,-0.311656092912607,-10212,-0.3116455078125,D81C,-0.539571533340407,-17681,-0.539581298828125,BAEF
652,0.00326,-0.32104532514253,-10520,-0.321044921875,D6E8,-0.544664436517484,-17848,-0.544677734375,BA48
653,0.003265,-0.311428199334841,-10205,-0.311431884765625,D823,-0.542780127400785,-17786,-0.54278564453125,BA86
654,0.00327,-0.316231774680761,-10362,-0.31622314453125,D786,-0.54942392523201,-18004,-0.5494384765625,B9AC
655,0.003275,-0.308112208627991,-10096,-0.30810546875,D890,-0.546445692094285,-17906,-0.54644775390625,BA0E
656,0.00328,-0.316121718763886,-10359,-0.316131591796875,D789,-0.553485725276736,-18137,-0.553497314453125,B927
657,0.003285,-0.305407819257271,-10008,-0.305419921875,D8E8,-0.539851939406811,-17690,-0.53985595703125,BAE6
658,0.00329,-0.31748131606813,-10403,-0.317474365234375,D75D,-0.543506529966421,-17810,-0.54351806640625,BA6E
659,0.003295,-0.317747237365335,-10412,-0.3177490234375,D754,-0.559124498964842,-18321,-0.559112548828125,B86F
660,0.0033,-0.323787976255554,-10610,-0.32379150390625,D68E,-0.550840468079544,-18050,-0.55084228515625,B97E
661,0.003305,-0.321203653217653,-10525,-0.321197509765625,D6E3,-0.551291355315841,-18065,-0.551300048828125,B96F
662,0.00331,-0.318044830721582,-10422,-0.31805419921875,D74A,-0.557266745684372,-18261,-0.557281494140625,B8AB
663,0.003315,-0.32397934254068,-10616,-0.323974609375,D688,-0.543293432545194,-17803,-0.543304443359375,BA75
664,0.00332,-0.327137829577636,-10720,-0.3271484375,D620,-0.55201737005275,-18089,-0.552032470703125,B957
665,0.003325,-0.32647549034614,-10698,-0.32647705078125,D636,-0.551373328773127,-18067,-0.551361083984375,B96D
666,0.00333,-0.321965394369738,-10550,-0.32196044921875,D6CA,-0.556406231007672,-18232,-0.556396484375,B8C8
667,0.003335,-0.320025638115184,-10487,-0.320037841796875,D709,-0.553811613527102,-18147,-0.553802490234375,B91D
668,0.00334,-0.318942810491381,-10451,-0.318939208984375,D72D,-0.561198334797715,-18389,-0.561187744140625,B82B
669,0.003345,-0.323331925200089,-10595,-0.323333740234375,D69D,-0.555376483447853,-18199,-0.555389404296875,B8E9
670,0.00335,-0.319678303639191,-10475,-0.319671630859375,D715,-0.557609520039819,-18272,-0.5576171875,B8A0
671,0.003355,-0.318319497683337,-10431,-0.318328857421875,D741,-0.552289105852003,-18097,-0.552276611328125,B94F
672,0.00336,-0.329275053996316,-10790,-0.32928466796875,D5DA,-0.560151653333442,-18355,-0.560150146484375,B84D
673,0.003365,-0.321874018945295,-10547,-0.321868896484375,D6CD,-0.550190392892652,-18029,-0.550201416015625,B993
674,0.00337,-0.324569477784731,-10635,-0.324554443359375,D675,-0.555871445623891,-18215,-0.555877685546875,B8D9
675,0.003375,-0.333080494674759,-10914,-0.33306884765625,D55E,-0.554135032035528,-18158,-0.55413818359375,B912
676,0.00338,-0.333653496853765,-10933,-0.333648681640625,D54B,-0.55552612527497,-18203,-0.555511474609375,B8E5
677,0.003385,-0.343878954488779,-11268,-0.3438720703125,D3FC,-0.558339323958679,-18296,-0.558349609375,B888
678,0.00339,-0.34379431399705,-11265,-0.343780517578125,D3FF,-0.562225537013163,-18423,-0.562225341796875,B809
679,0.003395,-0.339475208745398,-11124,-0.3394775390625,D48C,-0.568953477203012,-18643,-0.568939208984375,B72D
680,0.0034,-0.339871479935238,-11137,-0.339874267578125,D47F,-0.55788711367087,-18281,-0.557891845703125,B897
681,0.003405,-0.343347110231842,-11251,-0.343353271484375,D40D,-0.566104170862193,-18550,-0.56610107421875,B78A
682,0.00341,-0.334435597231042,-10959,-0.334442138671875,D531,-0.562982548637128,-18448,-0.56298828125,B7F0
683,0.003415,-0.340767686647944,-11166,-0.34075927734375,D462,-0.561566091904566,-18401,-0.561553955078125,B81F
684,0.00342,-0.34444556547128,-11287,-0.344451904296875,D3E9,-0.565593218348591,-18533,-0.565582275390625,B79B
685,0.003425,-0.339193523655299,-11115,-0.339202880859375,D495,-0.571983863652455,-18743,-0.571990966796875,B6C9
686,0.00343,-0.342577749845768,-11226,-0.34259033203125,D426,-0.57449908290998,-18825,-0.574493408203125,B677
687,0.003435,-0.354529114425093,-11617,-0.354522705078125,D29F,-0.566678505454158,-18569,-0.566680908203125,B777
688,0.00344,-0.356409486304704,-11679,-0.356414794921875,D261,-0.572703420091643,-18766,-0.57269287109375,B6B2
689,0.003445,-0.349348441014161,-11447,-0.349334716796875,D349,-0.574947289392155,-18840,-0.574951171875,B668
690,0.00345,-0.350738153761462,-11493,-0.350738525390625,D31B,-0.5700873375902,-18681,-0.570098876953125,B707
691,0.003455,-0.350697974248657,-11492,-0.3507080078125,D31C,-0.565538017182728,-18532,-0.5655517578125,B79C
692,0.00346,-0.35018902699206,-11475,-0.350189208984375,D32D,-0.578080278986445,-18943,-0.578094482421875,B601
693,0.003465,-0.358570361720164,-11750,-0.35858154296875,D21A,-0.568948911995667,-18643,-0.568939208984375,B72D
694,0.00347,-0.357360861121498,-11710,-0.35736083984375,D242,-0.57997131831407,-19005,-0.579986572265625,B5C3
695,0.003475,-0.352873696117246,-11563,-0.352874755859375,D2D5,-0.580270690318195,-19014,-0.58026123046875,B5BA
696,0.00348,-0.36569125876616,-11983,-0.365692138671875,D131,-0.580768027733049,-19031,-0.580780029296875,B5A9
697,0.003485,-0.360058476836326,-11798,-0.36004638671875,D1EA,-0.568020874352248,-18613,-0.568023681640625,B74B
698,0.00349,-0.349567441245159,-11455,-0.349578857421875,D341,-0.572809441920513,-18770,-0.57281494140625,B6AE
699,0.003495,-0.3654443531286,-11975,-0.365447998046875,D139,-0.567045396574744,-18581,-0.567047119140625,B76B
700,0.0035,-0.361418830476461,-11843,-0.361419677734375,D1BD,-0.571805214977677,-18737,-0.571807861328125,B6CF
701,0.003505,-0.367637581387607,-12047,-0.367645263671875,D0F1,-0.573414497019668,-18790,-0.57342529296875,B69A
702,0.00351,-0.366808600271236,-12020,-0.3668212890625,D10C,-0.573982779169614,-18808,-0.573974609375,B688
703,0.003515,-0.36708603511332,-12029,-0.367095947265625,D103,-0.584882148514217,-19165,-0.584869384765625,B523
704,0.00352,-0.361033145922944,-11830,-0.36102294921875,D1CA,-0.588197051558707,-19274,-0.58819580078125,B4B6
705,0.003525,-0.370262724433016,-12133,-0.370269775390625,D09B,-0.576082108714237,-18877,-0.576080322265625,B643
706,0.00353,-0.364127484413378,-11932,-0.3641357421875,D164,-0.584392265386114,-19149,-0.584381103515625,B533
707,0.003535,-0.366356470847778,-12005,-0.366363525390625,D11B,-0.57289231326032,-18773,-0.572906494140625,B6AB
708,0.00354,-0.372014120357344,-12190,-0.37200927734375,D062,-0.575729094788037,-18865,-0.575714111328125,B64F
709,0.003545,-0.372579240532469,-12209,-0.372589111328125,D04F,-0.579407225685736,-18986,-0.57940673828125,B5D6
710,0.00355,-0.376252739761793,-12329,-0.376251220703125,CFD7,-0.579294044418638,-18982,-0.57928466796875,B5DA
711,0.003555,-0.375253489746914,-12296,-0.375244140625,CFF8,-0.582565174326868,-19089,-0.582550048828125,B56F
712,0.00356,-0.366823417962381,-12020,-0.3668212890625,D10C,-0.588279602258597,-19277,-0.588287353515625,B4B3
713,0.003565,-0.38183864129881,-12512,-0.3818359375,CF20,-0.579169497166264,-18978,-0.57916259765625,B5DE
714,0.00357,-0.367838386806047,-12053,-0.367828369140625,D0EB,-0.579951571136093,-19004,-0.5799560546875,B5C4
715,0.003575,-0.376520340985975,-12338,-0.37652587890625,CFCE,-0.582229635305207,-19079,-0.582244873046875,B579
716,0.00358,-0.378996162198013,-12419,-0.378997802734375,CF7D,-0.570651491692977,-18699,-0.570648193359375,B6F5
717,0.003585,-0.377533216216109,-12371,-0.377532958984375,CFAD,-0.585813611783854,-19196,-0.5858154296875,B504
718,0.00359,-0.381020324624872,-12485,-0.381011962890625,CF3B,-0.584588900449054,-19156,-0.5845947265625,B52C
719,0.003595,-0.370232999475284,-12132,-0.3702392578125,D09C,-0.585047646982221,-19171,-0.585052490234375,B51D
720,0.0036,-0.386778437000251,-12674,-0.38677978515625,CE7E,-0.581786672059185,-19064,-0.581787109375,B588
721,0.003605,-0.382734895205326,-12541,-0.382720947265625,CF03,-0.582629462681589,-19092,-0.5826416015625,B56C
722,0.00361,-0.379914588729838,-12449,-0.379913330078125,CF5F,-0.576661070311835,-18896,-0.57666015625,B630
723,0.003615,-0.375029277535183,-12289,-0.375030517578125,CFFF,-0.580646956742329,-19027,-0.580657958984375,B5AD
724,0.00362,-0.391492922604921,-12828,-0.3914794921875,CDE4,-0.589819060004671,-19327,-0.589813232421875,B481
725,0.003625,-0.391960961943278,-12844,-0.3919677734375,CDD4,-0.581008550974601,-19038,-0.58099365234375,B5A2
726,0.00363,-0.377227324853709,-12361,-0.377227783203125,CFB7,-0.582633745641642,-19092,-0.5826416015625,B56C
727,0.003635,-0.386810124173448,-12675,-0.386810302734375,CE7D,-0.589911106096052,-19330,-0.58990478515625,B47E
728,0.00364,-0.388939012473187,-12745,-0.388946533203125,CE37,-0.586917092395727,-19232,-0.5869140625,B4E0
729,0.003645,-0.37810935416907,-12390,-0.37811279296875,CF9A,-0.587894728615795,-19264,-0.587890625,B4C0
730,0.00365,-0.386183421978357,-12654,-0.38616943359375,CE92,-0.594857286857568,-19492,-0.5948486328125,B3DC
731,0.003655,-0.391323368611603,-12823,-0.391326904296875,CDE9,-0.592273627528638,-19408,-0.59228515625,B430
732,0.00366,-0.389293281738974,-12756,-0.3892822265625,CE2C,-0.582189473491502,-19077,-0.582183837890625,B57B
733,0.003665,-0.394509978567704,-12927,-0.394500732421875,CD81,-0.595992404708558,-19529,-0.595977783203125,B3B7
734,0.00367,-0.384085648066893,-12586,-0.38409423828125,CED6,-0.586665824090519,-19224,-0.586669921875,B4E8
735,0.003675,-0.402804676876389,-13199,-0.402801513671875,CC71,-0.587323777990097,-19245,-0.587310791015625,B4D3
736,0.00368,-0.398014989305601,-13042,-0.39801025390625,CD0E,-0.598465365701434,-19611,-0.598480224609375,B365
737,0.003685,-0.392410739448198,-12859,-0.392425537109375,CDC5,-0.589160174664315,-19306,-0.58917236328125,B496
738,0.00369,-0.387192550385018,-12688,-0.38720703125,CE70,-0.591466008427999,-19381,-0.591461181640625,B44B
739,0.003695,-0.391067036383939,-12814,-0.39105224609375,CDF2,-0.585760757281686,-19194,-0.58575439453125,B506
740,0.0037,-0.390566433608726,-12798,-0.39056396484375,CE02,-0.585503266214511,-19186,-0.58551025390625,B50E
741,0.003705,-0.399275323949326,-13083,-0.399261474609375,CCE5,-0.595075739209446,-19499,-0.595062255859375,B3D5
742,0.00371,-0.392575501809297,-12864,-0.392578125,CDC0,-0.594371029671834,-19476,-0.5943603515625,B3EC
743,0.003715,-0.398728502645204,-13066,-0.39874267578125,CCF6,-0.591092464196895,-19369,-0.591094970703125,B457
744,0.00372,-0.399030446439247,-13075,-0.399017333984375,CCED,-0.591346316954692,-19377,-0.591339111328125,B44F
745,0.003725,-0.393898456669929,-12907,-0.393890380859375,CD95,-0.601471680360766,-19709,-0.601470947265625,B303
746,0.00373,-0.402699486661554,-13196,-0.4027099609375,CC74,-0.598963805316368,-19627,-0.598968505859375,B355
747,0.003735,-0.399154335010802,-13079,-0.399139404296875,CCE9,-0.603943606979235,-19790,-0.60394287109375,B2B2
748,0.00374,-0.394553296563124,-12929,-0.394561767578125,CD7F,-0.599258352531352,-19636,-0.5992431640625,B34C
749,0.003745,-0.400804663989528,-13134,-0.40081787109375,CCB2,-0.605145397060297,-19829,-0.605133056640625,B28B
750,0.00375,-0.401505326081608,-13157,-0.401519775390625,CC9B,-0.60220449332091,-19733,-0.602203369140625,B2EB
751,0.003755,-0.4034181021938,-13219,-0.403411865234375,CC5D,-0.602869480678472,-19755,-0.602874755859375,B2D5
752,0.00376,-0.393119090070871,-12882,-0.39312744140625,CDAE,-0.601361333716829,-19705,-0.601348876953125,B307
753,0.003765,-0.40543437913516,-13285,-0.405426025390625,CC1B,-0.595999137990709,-19530,-0.59600830078125,B3B6
754,0.00377,-0.399273173682962,-13083,-0.399261474609375,CCE5,-0.600273366158052,-19670,-0.60028076171875,B32A
755,0.003775,-0.406415408178408,-13317,-0.406402587890625,CBFB,-0.594362314804152,-19476,-0.5943603515625,B3EC
756,0.00378,-0.411859168630677,-13496,-0.411865234375,CB48,-0.600891901522608,-19690,-0.60089111328125,B316
757,0.003785,-0.404579477189003,-13257,-0.404571533203125,CC37,-0.594185636528602,-19470,-0.59417724609375,B3F2
758,0.00379,-0.408033332579149,-13370,-0.40802001953125,CBC6,-0.596418575114107,-19543,-0.596405029296875,B3A9
759,0.003795,-0.404097971887008,-13241,-0.404083251953125,CC47,-0.602485796633362,-19742,-0.60247802734375,B2E2
760,0.0038,-0.408358526680795,-13381,-0.408355712890625,CBBB,-0.615893949139439,-20182,-0.61590576171875,B12A
761,0.003805,-0.403898535346291,-13235,-0.403900146484375,CC4D,-0.599948214623574,-19659,-0.599945068359375,B335
762,0.00381,-0.402173519125885,-13178,-0.40216064453125,CC86,-0.599966182423665,-19660,-0.5999755859375,B334
763,0.003815,-0.40256753232238,-13191,-0.402557373046875,CC79,-0.599213765619687,-19635,-0.599212646484375,B34D
764,0.00382,-0.401248374415861,-13148,-0.4012451171875,CCA4,-0.604375299182521,-19804,-0.6043701171875,B2A4
765,0.003825,-0.398806451927525,-13068,-0.3988037109375,CCF4,-0.600781602327594,-19686,-0.60076904296875,B31A
766,0.00383,-0.402835071164482,-13200,-0.40283203125,CC70,-0.602901792881224,-19756,-0.6029052734375,B2D4
767,0.003835,-0.404579634858823,-13257,-0.404571533203125,CC37,-0.600975822317948,-19693,-0.600982666015625,B313
768,0.00384,-0.40323235392463,-13213,-0.403228759765625,CC63,-0.610085611723128,-19991,-0.610076904296875,B1E9
769,0.003845,-0.392454430572417,-12860,-0.3924560546875,CDC4,-0.60736556087079,-19902,-0.60736083984375,B242
770,0.00385,-0.40760609705477,-13356,-0.4075927734375,CBD4,-0.602461729459867,-19741,-0.602447509765625,B2E3
771,0.003855,-0.406941333695609,-13335,-0.406951904296875,CBE9,-0.615237946635473,-20160,-0.615234375,B140
772,0.00386,-0.392737235716128,-12869,-0.392730712890625,CDBB,-0.610027150705638,-19989,-0.610015869140625,B1EB
773,0.003865,-0.404225156317404,-13246,-0.40423583984375,CC42,-0.614220887827315,-20127,-0.614227294921875,B161
774,0.00387,-0.398740635803878,-13066,-0.39874267578125,CCF6,-0.607454165833724,-19905,-0.607452392578125,B23F
775,0.003875,-0.398784141179436,-13067,-0.398773193359375,CCF5,-0.603689185493749,-19782,-0.60369873046875,B2BA
776,0.00388,-0.395713235050025,-12967,-0.395721435546875,CD59,-0.596832490081821,-19557,-0.596832275390625,B39B
777,0.003885,-0.401306722131701,-13150,-0.40130615234375,CCA2,-0.607313454140364,-19900,-0.6072998046875,B244
778,0.00389,-0.402325474871659,-13183,-0.402313232421875,CC81,-0.61211239359075,-20058,-0.61212158203125,B1A6
779,0.003895,-0.400701312631661,-13130,-0.40069580078125,CCB6,-0.611868251884592,-20050,-0.61187744140625,B1AE
780,0.0039,-0.402203712898957,-13179,-0.402191162109375,CC85,-0.622865432580756,-20410,-0.62286376953125,B046
781,0.003905,-0.399879548273182,-13103,-0.399871826171875,CCD1,-0.618880141012426,-20279,-0.618865966796875,B0C9
782,0.00391,-0.408901578413533,-13399,-0.408905029296875,CBA9,-0.619272413561417,-20292,-0.6192626953125,B0BC
783,0.003915,-0.398797680085943,-13068,-0.3988037109375,CCF4,-0.615483352070864,-20168,-0.615478515625,B138
784,0.00392,-0.406322073237436,-13314,-0.40631103515625,CBFE,-0.60846463505118,-19938,-0.60845947265625,B21E
785,0.003925,-0.391114192342251,-12816,-0.39111328125,CDF0,-0.616658584502567,-20207,-0.616668701171875,B111
786,0.00393,-0.407810010609752,-13363,-0.407806396484375,CBCD,-0.614121308115505,-20124,-0.6141357421875,B164
787,0.003935,-0.396970440500466,-13008,-0.39697265625,CD30,-0.615442899203368,-20167,-0.615447998046875,B139
788,0.00394,-0.402806529010011,-13199,-0.402801513671875,CC71,-0.619330212942765,-20294,-0.61932373046875,B0BA
789,0.003945,-0.396304355460759,-12986,-0.39630126953125,CD46,-0.62080584240522,-20343,-0.620819091796875,B089
790,0.00395,-0.393968356071831,-12910,-0.39398193359375,CD92,-0.605673072176716,-19847,-0.605682373046875,B279
791,0.003955,-0.387508109236569,-12698,-0.38751220703125,CE66,-0.620539430944388,-20334,-0.62054443359375,B092
792,0.00396,-0.391560854630329,-12831,-0.391571044921875,CDE1,-0.620235810808216,-20324,-0.6202392578125,B09C
793,0.003965,-0.410273576587344,-13444,-0.4102783203125,CB7C,-0.626988562088275,-20545,-0.626983642578125,AFBF
794,0.00397,-0.396447476045556,-12991,-0.396453857421875,CD41,-0.615675290964252,-20174,-0.61566162109375,B132
795,0.003975,-0.400626694790413,-13128,-0.400634765625,CCB8,-0.625842810781724,-20508,-0.6258544921875,AFE4
796,0.00398,-0.400034724467021,-13108,-0.4000244140625,CCCC,-0.620054059692248,-20318,-0.62005615234375,B0A2
797,0.003985,-0.402175603891002,-13178,-0.40216064453125,CC86,-0.626177077763643,-20519,-0.626190185546875,AFD9
798,0.00399,-0.398309481311561,-13052,-0.3983154296875,CD04,-0.622454205034015,-20397,-0.622467041015625,B053
799,0.003995,-0.400048508956274,-13109,-0.400054931640625,CCCB,-0.630497415475587,-20660,-0.6304931640625,AF4C
800,0.004,-0.398186800212171,-13048,-0.398193359375,CD08,-0.628009866811801,-20579,-0.628021240234375,AF9D
801,0.004005,-0.397589293207454,-13028,-0.3975830078125,CD1C,-0.628078200705257,-20581,-0.628082275390625,AF9B
802,0.00401,-0.407739106361911,-13361,-0.407745361328125,CBCF,-0.619240939303199,-20291,-0.619232177734375,B0BD
803,0.004015,-0.392765610067512,-12870,-0.39276123046875,CDBA,-0.636669404603908,-20862,-0.63665771484375,AE82
804,0.00402,-0.403092322006566,-13209,-0.403106689453125,CC67,-0.628005688404953,-20578,-0.62799072265625,AF9E
805,0.004025,-0.408648338473265,-13391,-0.408660888671875,CBB1,-0.623357818462011,-20426,-0.62335205078125,B036
806,0.00403,-0.400270279034784,-13116,-0.4002685546875,CCC4,-0.630634714077021,-20665,-0.630645751953125,AF47
807,0.004035,-0.397527444741792,-13026,-0.39752197265625,CD1E,-0.631587609062589,-20696,-0.631591796875,AF28
808,0.00404,-0.400914529326337,-13137,-0.400909423828125,CCAF,-0.625948372573279,-20511,-0.625946044921875,AFE1
809,0.004045,-0.402181596829809,-13179,-0.402191162109375,CC85,-0.632781049128864,-20735,-0.632781982421875,AF01
810,0.00405,-0.406068018117994,-13306,-0.40606689453125,CC06,-0.631386144439466,-20689,-0.631378173828125,AF2F
811,0.004055,-0.414071757202173,-13568,-0.4140625,CB00,-0.629325455552559,-20622,-0.62933349609375,AF72
812,0.00406,-0.419144881329485,-13735,-0.419158935546875,CA59,-0.629846316228123,-20639,-0.629852294921875,AF61
813,0.004065,-0.400710662957337,-13130,-0.40069580078125,CCB6,-0.63400827621785,-20775,-0.634002685546875,AED9
814,0.00407,-0.414638205535633,-13587,-0.414642333984375,CAED,-0.639857997624203,-20967,-0.639862060546875,AE19
815,0.004075,-0.407666216593004,-13358,-0.40765380859375,CBD2,-0.641589192255228,-21024,-0.6416015625,ADE0
816,0.00408,-0.410282104148862,-13444,-0.4102783203125,CB7C,-0.631634816534898,-20697,-0.631622314453125,AF27
817,0.004085,-0.406758596811883,-13329,-0.406768798828125,CBEF,-0.637635847206036,-20894,-0.63763427734375,AE62
818,0.00409,-0.412443792958683,-13515,-0.412445068359375,CB35,-0.64140294306501,-21017,-0.641387939453125,ADE7
819,0.004095,-0.412953962944398,-13532,-0.4129638671875,CB24,-0.640627430944154,-20992,-0.640625,AE00
820,0.0041,-0.407675525538602,-13359,-0.407684326171875,CBD1,-0.646755213742489,-21193,-0.646759033203125,AD37
821,0.004105,-0.414241235169534,-13574,-0.41424560546875,CAFA,-0.634799291797627,-20801,-0.634796142578125,AEBF
822,0.00411,-0.417759685415819,-13689,-0.417755126953125,CA87,-0.643627629575754,-21090,-0.64361572265625,AD9E
823,0.004115,-0.412117297159727,-13504,-0.412109375,CB40,-0.64326813123468,-21079,-0.643280029296875,ADA9
824,0.00412,-0.416350870239736,-13643,-0.416351318359375,CAB5,-0.642112763468927,-21041,-0.642120361328125,ADCF
825,0.004125,-0.426835207378702,-13987,-0.426849365234375,C95D,-0.644225366630767,-21110,-0.64422607421875,AD8A
826,0.00413,-0.421320355828447,-13806,-0.42132568359375,CA12,-0.637436278459143,-20888,-0.637451171875,AE68
827,0.004135,-0.429377822808448,-14070,-0.42938232421875,C90A,-0.630193374892744,-20650,-0.63018798828125,AF56
828,0.00414,-0.432638084654779,-14177,-0.432647705078125,C89F,-0.643667323439956,-21092,-0.6436767578125,AD9C
829,0.004145,-0.433297698603381,-14198,-0.43328857421875,C88A,-0.639154407097207,-20944,-0.63916015625,AE30
830,0.00415,-0.427656434701129,-14013,-0.427642822265625,C943,-0.635944492851949,-20839,-0.635955810546875,AE99
831,0.004155,-0.437884090900179,-14349,-0.437896728515625,C7F3,-0.640938850451611,-21002,-0.64093017578125,ADF6
832,0.00416,-0.43899824059783,-14385,-0.438995361328125,C7CF,-0.659270216954286,-21603,-0.659271240234375,AB9D
833,0.004165,-0.442359912646694,-14495,-0.442352294921875,C761,-0.642325063911577,-21048,-0.642333984375,ADC8
834,0.00417,-0.441041080073425,-14452,-0.4410400390625,C78C,-0.648186185093777,-21240,-0.648193359375,AD08
835,0.004175,-0.437946345501321,-14351,-0.437957763671875,C7F1,-0.64416092410529,-21108,-0.6441650390625,AD8C
836,0.00418,-0.442442816634535,-14498,-0.44244384765625,C75E,-0.650237465757588,-21307,-0.650238037109375,ACC5
837,0.004185,-0.440262703345395,-14427,-0.440277099609375,C7A5,-0.638628132854722,-20927,-0.638641357421875,AE41
838,0.00419,-0.444639740965788,-14570,-0.44464111328125,C716,-0.637297780644188,-20883,-0.637298583984375,AE6D
839,0.004195,-0.44466063406473,-14571,-0.444671630859375,C715,-0.644791055526896,-21129,-0.644805908203125,AD77
840,0.0042,-0.445877168120611,-14611,-0.445892333984375,C6ED,-0.655597666734768,-21483,-0.655609130859375,AC15
841,0.004205,-0.456868562943668,-14971,-0.456878662109375,C585,-0.656577554654183,-21515,-0.656585693359375,ABF5
842,0.00421,-0.449212971948631,-14720,-0.44921875,C680,-0.651992712791304,-21364,-0.6519775390625,AC8C
843,0.004215,-0.447639696260366,-14668,-0.4476318359375,C6B4,-0.640221574641075,-20979,-0.640228271484375,AE0D
844,0.00422,-0.446346853381625,-14626,-0.44635009765625,C6DE,-0.644543421606522,-21120,-0.64453125,AD80
845,0.004225,-0.452140349403147,-14816,-0.4521484375,C620,-0.654679357012594,-21453,-0.654693603515625,AC33
846,0.00423,-0.459127212812178,-15045,-0.459136962890625,C53B,-0.64853847377425,-21251,-0.648529052734375,ACFD
847,0.004235,-0.443232348692189,-14524,-0.4432373046875,C744,-0.650338651393204,-21310,-0.65032958984375,ACC2
848,0.00424,-0.445959526807991,-14613,-0.445953369140625,C6EB,-0.653184705790951,-21404,-0.6531982421875,AC64
849,0.004245,-0.454519519233786,-14894,-0.45452880859375,C5D2,-0.668469682022374,-21904,-0.66845703125,AA70
850,0.00425,-0.460773998346297,-15099,-0.460784912109375,C505,-0.653240740965136,-21405,-0.653228759765625,AC63
851,0.004255,-0.463311855250966,-15182,-0.46331787109375,C4B2,-0.657906774341421,-21558,-0.65789794921875,ABCA
852,0.00426,-0.460563459066146,-15092,-0.4605712890625,C50C,-0.655938968579545,-21494,-0.65594482421875,AC0A
853,0.004265,-0.456760343529552,-14967,-0.456756591796875,C589,-0.664975652600055,-21790,-0.66497802734375,AAE2
854,0.00427,-0.453430766585829,-14858,-0.45343017578125,C5F6,-0.654502411110568,-21447,-0.654510498046875,AC39
855,0.004275,-0.455724118563491,-14933,-0.455718994140625,C5AB,-0.658149172510598,-21566,-0.65814208984375,ABC2
856,0.00428,-0.46311711630728,-15175,-0.463104248046875,C4B9,-0.656741994475249,-21520,-0.65673828125,ABF0
857,0.004285,-0.458176364627943,-15014,-0.45819091796875,C55A,-0.658841009263588,-21589,-0.658843994140625,ABAB
858,0.00429,-0.449282991322215,-14722,-0.44927978515625,C67E,-0.657089443401567,-21532,-0.6571044921875,ABE4
859,0.004295,-0.470964252998777,-15433,-0.470977783203125,C3B7,-0.654791861921017,-21456,-0.65478515625,AC30
860,0.0043,-0.468691853273638,-15358,-0.46868896484375,C402,-0.65832086112442,-21572,-0.6583251953125,ABBC
861,0.004305,-0.458824169189714,-15035,-0.458831787109375,C545,-0.663538923335089,-21743,-0.663543701171875,AB11
862,0.00431,-0.463581968263487,-15191,-0.463592529296875,C4A9,-0.65978056259281,-21620,-0.6597900390625,AB8C
863,0.004315,-0.463314618523417,-15182,-0.46331787109375,C4B2,-0.668292664163372,-21899,-0.668304443359375,AA75
864,0.00432,-0.460312711717648,-15084,-0.4603271484375,C514,-0.664323037572896,-21769,-0.664337158203125,AAF7
865,0.004325,-0.459108946173568,-15044,-0.4591064453125,C53C,-0.663314930587502,-21736,-0.663330078125,AB18
866,0.00433,-0.455168627296619,-14915,-0.455169677734375,C5BD,-0.673261430319927,-22061,-0.673248291015625,A9D3
867,0.004335,-0.450079719756768,-14748,-0.4500732421875,C664,-0.67307374634166,-22055,-0.673065185546875,A9D9
868,0.00434,-0.461063145238501,-15108,-0.4610595703125,C4FC,-0.658116346263954,-21565,-0.658111572265625,ABC3
869,0.004345,-0.452581386956927,-14830,-0.45257568359375,C612,-0.660497794789906,-21643,-0.660491943359375,AB75
870,0.00435,-0.451981605244433,-14811,-0.451995849609375,C625,-0.666069446428975,-21826,-0.66607666015625,AABE
871,0.004355,-0.456131477536276,-14947,-0.456146240234375,C59D,-0.663577857367496,-21744,-0.66357421875,AB10
872,0.00436,-0.452493917459469,-14827,-0.452484130859375,C615,-0.668449634657927,-21904,-0.66845703125,AA70
873,0.004365,-0.459002385988799,-15041,-0.459014892578125,C53F,-0.670793521728343,-21981,-0.670806884765625,AA23
874,0.00437,-0.447289953157063,-14657,-0.447296142578125,C6BF,-0.668469208350193,-21904,-0.66845703125,AA70
875,0.004375,-0.457260672980836,-14984,-0.457275390625,C578,-0.675351332207446,-22130,-0.67535400390625,A98E
876,0.00438,-0.447497719838267,-14664,-0.447509765625,C6B8,-0.673374461385527,-22065,-0.673370361328125,A9CF
877,0.004385,-0.459945700043877,-15072,-0.4599609375,C520,-0.67678251700166,-22177,-0.676788330078125,A95F
878,0.00439,-0.445697887428873,-14605,-0.445709228515625,C6F3,-0.670400700250277,-21968,-0.67041015625,AA30
879,0.004395,-0.445860693944514,-14610,-0.44586181640625,C6EE,-0.660233709197153,-21635,-0.660247802734375,AB7D
880,0.0044,-0.441706938120349,-14474,-0.44171142578125,C776,-0.676731595602468,-22175,-0.676727294921875,A961
881,0.004405,-0.445146979432939,-14587,-0.445159912109375,C705,-0.677602845407671,-22204,-0.6776123046875,A944
882,0.00441,-0.438511041752277,-14369,-0.438507080078125,C7DF,-0.672995741354455,-22053,-0.673004150390625,A9DB
883,0.004415,-0.442469224180952,-14499,-0.442474365234375,C75D,-0.680585849392085,-22301,-0.680572509765625,A8E3
884,0.00442,-0.434300536574847,-14231,-0.434295654296875,C869,-0.67587808685241,-22147,-0.675872802734375,A97D
885,0.004425,-0.439783710563795,-14411,-0.439788818359375,C7B5,-0.688764207099742,-22569,-0.688751220703125,A7D7
886,0.00443,-0.428353477698372,-14036,-0.4283447265625,C92C,-0.680634074512696,-22303,-0.680633544921875,A8E1
887,0.004435,-0.435769986590721,-14279,-0.435760498046875,C839,-0.68094919850453,-22313,-0.680938720703125,A8D7
888,0.00444,-0.431060596987269,-14125,-0.431060791015625,C8D3,-0.668937361749761,-21920,-0.6689453125,AA60
889,0.004445,-0.429020152827067,-14058,-0.42901611328125,C916,-0.690771780125614,-22635,-0.690765380859375,A795
890,0.00445,-0.434669208882348,-14243,-0.434661865234375,C85D,-0.683119411381212,-22384,-0.68310546875,A890
891,0.004455,-0.416362202067132,-13643,-0.416351318359375,CAB5,-0.680405702412298,-22296,-0.680419921875,A8E8
892,0.00446,-0.432866759948479,-14184,-0.432861328125,C898,-0.68665184382911,-22500,-0.6866455078125,A81C
893,0.004465,-0.425101626625903,-13930,-0.42510986328125,C996,-0.681940136883212,-22346,-0.68194580078125,A8B6
894,0.00447,-0.41382662204953,-13560,-0.413818359375,CB08,-0.679770752297863,-22275,-0.679779052734375,A8FD
895,0.004475,-0.426050325699918,-13961,-0.426055908203125,C977,-0.695308296339335,-22784,-0.6953125,A700
896,0.00448,-0.420336065403374,-13774,-0.42034912109375,CA32,-0.680745547611006,-22307,-0.680755615234375,A8DD
897,0.004485,-0.41863316245954,-13718,-0.41864013671875,CA6A,-0.684365188359989,-22425,-0.684356689453125,A867
898,0.00449,-0.423984925244649,-13893,-0.423980712890625,C9BB,-0.688637940149356,-22565,-0.688629150390625,A7DB
899,0.004495,-0.422022662822286,-13829,-0.422027587890625,C9FB,-0.67492469075089,-22116,-0.6749267578125,A99C
900,0.0045,-0.416448184516772,-13646,-0.41644287109375,CAB2,-0.688001086348783,-22544,-0.68798828125,A7F0
901,0.004505,-0.413875723924383,-13562,-0.41387939453125,CB06,-0.688019743596516,-22545,-0.688018798828125,A7EF
902,0.00451,-0.414263480881976,-13575,-0.414276123046875,CAF9,-0.692754459099372,-22700,-0.6927490234375,A754
903,0.004515,-0.419808823340444,-13756,-0.4197998046875,CA44,-0.687549482465864,-22530,-0.68756103515625,A7FE
904,0.00452,-0.417274611951475,-13673,-0.417266845703125,CA97,-0.68691812456489,-22509,-0.686920166015625,A813
905,0.004525,-0.414786421254098,-13592,-0.414794921875,CAE8,-0.690707595828941,-22633,-0.690704345703125,A797
906,0.00453,-0.409626466502053,-13423,-0.409637451171875,CB91,-0.677507176858253,-22201,-0.677520751953125,A947
907,0.004535,-0.421705514226586,-13818,-0.42169189453125,CA06,-0.689537296000414,-22595,-0.689544677734375,A7BD
908,0.00454,-0.411269297971403,-13476,-0.4112548828125,CB5C,-0.679781781333452,-22275,-0.679779052734375,A8FD
909,0.004545,-0.412391941623978,-13513,-0.412384033203125,CB37,-0.686582931005302,-22498,-0.68658447265625,A81E
910,0.00455,-0.412399134332924,-13513,-0.412384033203125,CB37,-0.684644173500167,-22434,-0.68463134765625,A85E
911,0.004555,-0.404423589242381,-13252,-0.4044189453125,CC3C,-0.692959072416988,-22707,-0.692962646484375,A74D
912,0.00456,-0.407706362532022,-13360,-0.40771484375,CBD0,-0.688904323583695,-22574,-0.68890380859375,A7D2
913,0.004565,-0.409574872666412,-13421,-0.409576416015625,CB93,-0.686677997370973,-22501,-0.686676025390625,A81B
914,0.00457,-0.413279709970228,-13542,-0.41326904296875,CB1A,-0.685917166977483,-22476,-0.6859130859375,A834
915,0.004575,-0.408812548058425,-13396,-0.4088134765625,CBAC,-0.68708321100448,-22514,-0.68707275390625,A80E
916,0.00458,-0.403866238730727,-13234,-0.40386962890625,CC4E,-0.695051736087858,-22775,-0.695037841796875,A709
917,0.004585,-0.412948975208894,-13532,-0.4129638671875,CB24,-0.67905702299132,-22251,-0.679046630859375,A915
918,0.00459,-0.413577935344596,-13552,-0.41357421875,CB10,-0.686865527433857,-22507,-0.686859130859375,A815
919,0.004595,-0.411869012187499,-13496,-0.411865234375,CB48,-0.685478154087776,-22462,-0.68548583984375,A842
920,0.0046,-0.41295636408413,-13532,-0.4129638671875,CB24,-0.683490977104831,-22397,-0.683502197265625,A883
921,0.004605,-0.416803665103915,-13658,-0.41680908203125,CAA6,-0.68517630012899,-22452,-0.6851806640625,A84C
922,0.00461,-0.402863239506659,-13201,-0.402862548828125,CC6F,-0.685541071113094,-22464,-0.685546875,A840
923,0.004615,-0.425367878332165,-13938,-0.42535400390625,C98E,-0.693404725274289,-22721,-0.693389892578125,A73F
924,0.00462,-0.406358102059875,-13316,-0.4063720703125,CBFC,-0.689763168445443,-22602,-0.68975830078125,A7B6
925,0.004625,-0.41321373318756,-13540,-0.4132080078125,CB1C,-0.68823555158951,-22552,-0.688232421875,A7E8
926,0.00463,-0.410927305308168,-13465,-0.410919189453125,CB67,-0.689425290718016,-22591,-0.689422607421875,A7C1
927,0.004635,-0.414835475456537,-13593,-0.414825439453125,CAE7,-0.688130238697717,-22549,-0.688140869140625,A7EB
928,0.00464,-0.410602960325269,-13455,-0.410614013671875,CB71,-0.690975662542076,-22642,-0.69097900390625,A78E
929,0.004645,-0.410452905940228,-13450,-0.41046142578125,CB76,-0.6966284662785,-22827,-0.696624755859375,A6D5
930,0.00465,-0.413347459331234,-13545,-0.413360595703125,CB17,-0.687162189267726,-22517,-0.687164306640625,A80B
931,0.004655,-0.411110943922694,-13471,-0.411102294921875,CB61,-0.684642250788134,-22434,-0.68463134765625,A85E
932,0.00466,-0.412997800171338,-13533,-0.412994384765625,CB23,-0.693247371166534,-22716,-0.6932373046875,A744
933,0.004665,-0.413764566374819,-13558,-0.41375732421875,CB0A,-0.688522147239622,-22561,-0.688507080078125,A7DF
934,0.00467,-0.419366201562671,-13742,-0.41937255859375,CA52,-0.681102239947852,-22318,-0.68109130859375,A8D2
935,0.004675,-0.420542616039676,-13780,-0.4205322265625,CA2C,-0.683991270403754,-22413,-0.683990478515625,A873
936,0.00468,-0.425817024993022,-13953,-0.425811767578125,C97F,-0.691682534600796,-22665,-0.691680908203125,A777
937,0.004685,-0.41615878834363,-13637,-0.416168212890625,CABB,-0.695905335209011,-22803,-0.695892333984375,A6ED
938,0.00469,-0.420155535881348,-13768,-0.420166015625,CA38,-0.685088957199881,-22449,-0.685089111328125,A84F
939,0.004695,-0.417147326248466,-13669,-0.417144775390625,CA9B,-0.684841620545153,-22441,-0.684844970703125,A857
940,0.0047,-0.418260704379815,-13706,-0.41827392578125,CA76,-0.684585370342301,-22432,-0.6845703125,A860
941,0.004705,-0.422592248224232,-13848,-0.422607421875,C9E8,-0.684622148010737,-22434,-0.68463134765625,A85E
942,0.00471,-0.432345678786671,-14167,-0.432342529296875,C8A9,-0.673604442203688,-22073,-0.673614501953125,A9C7
943,0.004715,-0.425510017927198,-13943,-0.425506591796875,C989,-0.679979413796426,-22282,-0.67999267578125,A8F6
944,0.00472,-0.430274328579345,-14099,-0.430267333984375,C8ED,-0.68523886892953,-22454,-0.68524169921875,A84A
945,0.004725,-0.430760434258931,-14115,-0.430755615234375,C8DD,-0.684805446214777,-22440,-0.684814453125,A858
946,0.00473,-0.433697443198661,-14211,-0.433685302734375,C87D,-0.691595286416659,-22662,-0.69158935546875,A77A
947,0.004735,-0.43232627509497,-14166,-0.43231201171875,C8AA,-0.685826733778111,-22473,-0.685821533203125,A837
948,0.00474,-0.425855460665566,-13954,-0.42584228515625,C97E,-0.673601882152428,-22073,-0.673614501953125,A9C7
949,0.004745,-0.437066480813692,-14322,-0.43707275390625,C80E,-0.678224717854597,-22224,-0.67822265625,A930
950,0.00475,-0.43918253517534,-14391,-0.439178466796875,C7C9,-0.682699382137082,-22371,-0.682708740234375,A89D
951,0.004755,-0.440549071026546,-14436,-0.4405517578125,C79C,-0.692180635007858,-22681,-0.692169189453125,A767
952,0.00476,-0.435358543569525,-14266,-0.43536376953125,C846,-0.672842511694118,-22048,-0.6728515625,A9E0
953,0.004765,-0.436545677080594,-14305,-0.436553955078125,C81F,-0.688666086000437,-22566,-0.68865966796875,A7DA
954,0.00477,-0.433197583413356,-14195,-0.433197021484375,C88D,-0.680357169044681,-22294,-0.68035888671875,A8EA
955,0.004775,-0.438295408843795,-14362,-0.43829345703125,C7E6,-0.682968451049255,-22380,-0.6829833984375,A894
956,0.00478,-0.438148339446819,-14357,-0.438140869140625,C7EB,-0.685015384518643,-22447,-0.685028076171875,A851
957,0.004785,-0.439544112470197,-14403,-0.439544677734375,C7BD,-0.69204384114514,-22677,-0.692047119140625,A76B
958,0.00479,-0.442502459943172,-14500,-0.4425048828125,C75C,-0.694272330453067,-22750,-0.69427490234375,A722
959,0.004795,-0.448181447530499,-14686,-0.44818115234375,C6A2,-0.692667754078377,-22697,-0.692657470703125,A757
960,0.0048,-0.449856441534555,-14741,-0.449859619140625,C66B,-0.685144717678621,-22451,-0.685150146484375,A84D
961,0.004805,-0.443659834305943,-14538,-0.44366455078125,C736,-0.694463048103183,-22756,-0.6944580078125,A71C
962,0.00481,-0.439841825264495,-14413,-0.439849853515625,C7B3,-0.687886001525453,-22541,-0.687896728515625,A7F3
963,0.004815,-0.454487536249879,-14893,-0.454498291015625,C5D3,-0.686427419066342,-22493,-0.686431884765625,A823
964,0.00482,-0.454277386355131,-14886,-0.45428466796875,C5DA,-0.679163151889757,-22255,-0.679168701171875,A911
965,0.004825,-0.458744455671684,-15032,-0.458740234375,C548,-0.69223473554765,-22683,-0.692230224609375,A765
966,0.00483,-0.458091598289394,-15011,-0.458099365234375,C55D,-0.693272794747526,-22717,-0.693267822265625,A743
967,0.004835,-0.459289783162194,-15050,-0.45928955078125,C536,-0.688036926346726,-22546,-0.68804931640625,A7EE
968,0.00484,-0.460659976611638,-15095,-0.460662841796875,C509,-0.691879517328152,-22672,-0.69189453125,A770
969,0.004845,-0.451013740520059,-14779,-0.451019287109375,C645,-0.682757110761799,-22373,-0.682769775390625,A89B
970,0.00485,-0.455295460739515,-14919,-0.455291748046875,C5B9,-0.683731614790546,-22405,-0.683746337890625,A87B
971,0.004855,-0.460509509281306,-15090,-0.46051025390625,C50E,-0.693238951913318,-22716,-0.6932373046875,A744
972,0.00486,-0.453169153754214,-14849,-0.453155517578125,C5FF,-0.6888609083326,-22573,-0.688873291015625,A7D3
973,0.004865,-0.461683766265094,-15128,-0.461669921875,C4E8,-0.695343355732246,-22785,-0.695343017578125,A6FF
974,0.00487,-0.457704654793645,-14998,-0.45770263671875,C56A,-0.689154619628125,-22582,-0.68914794921875,A7CA
975,0.004875,-0.467030175949455,-15304,-0.467041015625,C438,-0.689461827445946,-22592,-0.689453125,A7C0
976,0.00488,-0.463508957715033,-15188,-0.4635009765625,C4AC,-0.685421271970657,-22460,-0.6854248046875,A844
977,0.004885,-0.452628566929491,-14832,-0.45263671875,C610,-0.689169225767924,-22583,-0.689178466796875,A7C9
978,0.00489,-0.461830164567057,-15133,-0.461822509765625,C4E3,-0.693612986829725,-22728,-0.693603515625,A738
979,0.004895,-0.46595558230063,-15268,-0.4659423828125,C45C,-0.699266686066679,-22914,-0.69927978515625,A67E
980,0.0049,-0.464478167825017,-15220,-0.4644775390625,C48C,-0.692577271419263,-22694,-0.69256591796875,A75A
981,0.004905,-0.462552243377626,-15157,-0.462554931640625,C4CB,-0.693399358113882,-22721,-0.693389892578125,A73F
982,0.00491,-0.469665355535427,-15390,-0.46966552734375,C3E2,-0.6800261037523,-22283,-0.680023193359375,A8F5
983,0.004915,-0.463450210571001,-15186,-0.46343994140625,C4AE,-0.693872177349726,-22737,-0.693878173828125,A72F
984,0.00492,-0.467399123964791,-15316,-0.4674072265625,C42C,-0.69798074312606,-22871,-0.697967529296875,A6A9
985,0.004925,-0.469887814162493,-15397,-0.469879150390625,C3DB,-0.685271869912161,-22455,-0.685272216796875,A849
986,0.00493,-0.475739331350435,-15589,-0.475738525390625,C31B,-0.684056030748044,-22415,-0.684051513671875,A871
987,0.004935,-0.481624096429192,-15782,-0.48162841796875,C25A,-0.696616781996922,-22827,-0.696624755859375,A6D5
988,0.00494,-0.480782797364052,-15754,-0.48077392578125,C276,-0.698236686404151,-22880,-0.6982421875,A6A0
989,0.004945,-0.478888250639366,-15692,-0.4788818359375,C2B4,-0.685318621139545,-22457,-0.685333251953125,A847
990,0.00495,-0.48015513903046,-15734,-0.48016357421875,C28A,-0.694810085991672,-22768,-0.69482421875,A710
991,0.004955,-0.472087109472418,-15469,-0.472076416015625,C393,-0.69033239543929,-22621,-0.690338134765625,A7A3
992,0.00496,-0.476556275206333,-15616,-0.4765625,C300,-0.688884482380712,-22573,-0.688873291015625,A7D3
993,0.004965,-0.484486304531607,-15876,-0.4844970703125,C1FC,-0.698720728233629,-22896,-0.69873046875,A690
994,0.00497,-0.483978205989137,-15859,-0.483978271484375,C20D,-0.702343355950794,-23014,-0.70233154296875,A61A
995,0.004975,-0.488886198686103,-16020,-0.4888916015625,C16C,-0.704366242170127,-23081,-0.704376220703125,A5D7
996,0.00498,-0.487898616592157,-15987,-0.487884521484375,C18D,-0.70004728782165,-22939,-0.700042724609375,A665
997,0.004985,-0.479924624208654,-15726,-0.47991943359375,C292,-0.69612370315168,-22811,-0.696136474609375,A6E5
998,0.00499,-0.476468911571392,-15613,-0.476470947265625,C303,-0.695383286599572,-22786,-0.69537353515625,A6FE
999,0.004995,-0.479560977620892,-15714,-0.47955322265625,C29E,-0.697651801227048,-22861,-0.697662353515625,A6B3
1000,0.005,-0.476613866024085,-15618,-0.47662353515625,C2FE,-0.695755091417298,-22799,-0.695770263671875,A6F1
1001,0.005005,-0.484553961230359,-15878,-0.48455810546875,C1FA,-0.700203091095036,-22944,-0.7001953125,A660
1002,0.00501,-0.485589677172896,-15912,-0.485595703125,C1D8,-0.694508196774635,-22758,-0.69451904296875,A71A
1003,0.005015,-0.48866751645224,-16013,-0.488677978515625,C173,-0.702164209539804,-23009,-0.702178955078125,A61F
1004,0.00502,-0.488967206065793,-16022,-0.48895263671875,C16A,-0.698132609553786,-22876,-0.6981201171875,A6A4
1005,0.005025,-0.490213785864082,-16063,-0.490203857421875,C141,-0.699903051540309,-22934,-0.69989013671875,A66A
1006,0.00503,-0.489092935539543,-16027,-0.489105224609375,C165,-0.700238352409469,-22945,-0.700225830078125,A65F
1007,0.005035,-0.494181295019223,-16193,-0.494171142578125,C0BF,-0.703901705090428,-23065,-0.703887939453125,A5E7
1008,0.00504,-0.492471122943512,-16137,-0.492462158203125,C0F7,-0.701597132196917,-22990,-0.70159912109375,A632
1009,0.005045,-0.499087131527656,-16354,-0.49908447265625,C01E,-0.704161868350297,-23074,-0.70416259765625,A5DE
1010,0.00505,-0.489564243851662,-16042,-0.48956298828125,C156,-0.700890976386466,-22967,-0.700897216796875,A649
1011,0.005055,-0.500832079400096,-16411,-0.500823974609375,BFE5,-0.697646439465495,-22860,-0.6976318359375,A6B4
1012,0.00506,-0.495688684610013,-16243,-0.495697021484375,C08D,-0.692846807925321,-22703,-0.692840576171875,A751
1013,0.005065,-0.496135430252619,-16257,-0.496124267578125,C07F,-0.703252320905834,-23044,-0.7032470703125,A5FC
1014,0.00507,-0.498131397724207,-16323,-0.498138427734375,C03D,-0.703825820245599,-23063,-0.703826904296875,A5E9
1015,0.005075,-0.486042082864045,-15927,-0.486053466796875,C1C9,-0.71135582508693,-23310,-0.71136474609375,A4F2
1016,0.00508,-0.487290150631041,-15968,-0.4873046875,C1A0,-0.705841903777819,-23129,-0.705841064453125,A5A7
1017,0.005085,-0.498863169668089,-16347,-0.498870849609375,C025,-0.699626150140796,-22925,-0.699615478515625,A673
1018,0.00509,-0.500533066453502,-16401,-0.500518798828125,BFEF,-0.702619350049171,-23023,-0.702606201171875,A611
1019,0.005095,-0.497711698061793,-16309,-0.497711181640625,C04B,-0.699874147927878,-22933,-0.699859619140625,A66B
1020,0.0051,-0.494077652719783,-16190,-0.49407958984375,C0C2,-0.694855154149978,-22769,-0.694854736328125,A70F
1021,0.005105,-0.498466210443061,-16334,-0.49847412109375,C032,-0.699452046598502,-22920,-0.699462890625,A678
1022,0.00511,-0.498486486803791,-16334,-0.49847412109375,C032,-0.708275612695397,-23209,-0.708282470703125,A557
1023,0.005115,-0.508324247818132,-16657,-0.508331298828125,BEEF,-0.701460543038214,-22985,-0.701446533203125,A637
1024,0.00512,-0.497285361032342,-16295,-0.497283935546875,C059,-0.709519971878346,-23250,-0.70953369140625,A52E
1025,0.005125,-0.497986155684676,-16318,-0.49798583984375,C042,-0.70347510217394,-23051,-0.703460693359375,A5F5
1026,0.00513,-0.508971994382679,-16678,-0.50897216796875,BEDA,-0.709370308370591,-23245,-0.709381103515625,A533
1027,0.005135,-0.500799307439066,-16410,-0.50079345703125,BFE6,-0.715755735894401,-23454,-0.71575927734375,A462
1028,0.00514,-0.511487128711095,-16760,-0.511474609375,BE88,-0.699170639040201,-22910,-0.69915771484375,A682
1029,0.005145,-0.510958131901431,-16743,-0.510955810546875,BE99,-0.703205181279213,-23043,-0.703216552734375,A5FD
1030,0.00515,-0.502473436511489,-16465,-0.502471923828125,BFAF,-0.701091508288343,-22973,-0.701080322265625,A643
1031,0.005155,-0.502619049266665,-16470,-0.50262451171875,BFAA,-0.708826497852687,-23227,-0.708831787109375,A545
1032,0.00516,-0.502031076085278,-16451,-0.502044677734375,BFBD,-0.70483886401678,-23096,-0.704833984375,A5C8
1033,0.005165,-0.51614197202074,-16913,-0.516143798828125,BDEF,-0.707550475105713,-23185,-0.707550048828125,A56F
1034,0.00517,-0.512963623065111,-16809,-0.512969970703125,BE57,-0.71170263527706,-23321,-0.711700439453125,A4E7
1035,0.005175,-0.500504441399096,-16401,-0.500518798828125,BFEF,-0.699452442043063,-22920,-0.699462890625,A678
1036,0.00518,-0.502286183221442,-16459,-0.502288818359375,BFB5,-0.711018200695,-23299,-0.711029052734375,A4FD
1037,0.005185,-0.501212253122683,-16424,-0.501220703125,BFD8,-0.706458300130648,-23149,-0.706451416015625,A593
1038,0.00519,-0.50352117139993,-16499,-0.503509521484375,BF8D,-0.709389053679006,-23245,-0.709381103515625,A533
1039,0.005195,-0.509934028349332,-16710,-0.50994873046875,BEBA,-0.70345089925642,-23051,-0.703460693359375,A5F5
1040,0.0052,-0.504874960977065,-16544,-0.5048828125,BF60,-0.709005322889949,-23233,-0.709014892578125,A53F
1041,0.005205,-0.505049029302419,-16549,-0.505035400390625,BF5B,-0.706389898643145,-23147,-0.706390380859375,A595
1042,0.00521,-0.505911766789343,-16578,-0.50592041015625,BF3E,-0.706445530975493,-23149,-0.706451416015625,A593
1043,0.005215,-0.495780905994197,-16246,-0.49578857421875,C08A,-0.706379410342481,-23147,-0.706390380859375,A595
1044,0.00522,-0.50015573056282,-16389,-0.500152587890625,BFFB,-0.706013577440752,-23135,-0.706024169921875,A5A1
1045,0.005225,-0.506363097952364,-16593,-0.506378173828125,BF2F,-0.715228098363405,-23437,-0.715240478515625,A473
1046,0.00523,-0.510054235143667,-16713,-0.510040283203125,BEB7,-0.710198341801112,-23272,-0.710205078125,A518
1047,0.005235,-0.501405094903904,-16430,-0.50140380859375,BFD2,-0.708002006911657,-23200,-0.7080078125,A560
1048,0.00524,-0.502087539071413,-16452,-0.5020751953125,BFBC,-0.708065911970944,-23202,-0.70806884765625,A55E
1049,0.005245,-0.503454018821316,-16497,-0.503448486328125,BF8F,-0.712598083169057,-23350,-0.71258544921875,A4CA
1050,0.00525,-0.502276139954634,-16459,-0.502288818359375,BFB5,-0.718787288037235,-23553,-0.718780517578125,A3FF
1051,0.005255,-0.496971574579817,-16285,-0.496978759765625,C063,-0.706220432733152,-23141,-0.706207275390625,A59B
1052,0.00526,-0.501200809894838,-16423,-0.501190185546875,BFD9,-0.717980316040115,-23527,-0.717987060546875,A419
1053,0.005265,-0.501842375964449,-16444,-0.5018310546875,BFC4,-0.715576904634169,-23448,-0.715576171875,A468
1054,0.00527,-0.497287342694966,-16295,-0.497283935546875,C059,-0.716214180600419,-23469,-0.716217041015625,A453
1055,0.005275,-0.501669477046201,-16439,-0.501678466796875,BFC9,-0.711862176900932,-23326,-0.71185302734375,A4E2
1056,0.00528,-0.500688014136324,-16407,-0.500701904296875,BFE9,-0.733041768672064,-24020,-0.7330322265625,A22C
1057,0.005285,-0.506552169647001,-16599,-0.506561279296875,BF29,-0.722374693504183,-23671,-0.722381591796875,A389
1058,0.00529,-0.498059513956881,-16320,-0.498046875,C040,-0.725061858766239,-23759,-0.725067138671875,A331
1059,0.005295,-0.504026837703877,-16516,-0.5040283203125,BF7C,-0.728136212921443,-23860,-0.7281494140625,A2CC
1060,0.0053,-0.494219526901505,-16195,-0.494232177734375,C0BD,-0.722325923916585,-23669,-0.722320556640625,A38B
1061,0.005305,-0.501057511466613,-16419,-0.501068115234375,BFDD,-0.723442625048457,-23706,-0.72344970703125,A366
1062,0.00531,-0.502444336908391,-16464,-0.50244140625,BFB0,-0.729668718445318,-23910,-0.72967529296875,A29A
1063,0.005315,-0.50902717198879,-16680,-0.509033203125,BED8,-0.737192912251353,-24156,-0.7371826171875,A1A4
1064,0.00532,-0.506350776368306,-16592,-0.50634765625,BF30,-0.734534949400156,-24069,-0.734527587890625,A1FB
1065,0.005325,-0.508914281795037,-16676,-0.5089111328125,BEDC,-0.723213668532051,-23698,-0.72320556640625,A36E
1066,0.00533,-0.502261117107298,-16458,-0.50225830078125,BFB6,-0.726951004438902,-23821,-0.726959228515625,A2F3
1067,0.005335,-0.503282472104106,-16492,-0.5032958984375,BF94,-0.723349944202971,-23703,-0.723358154296875,A369
1068,0.00534,-0.5079264089737,-16644,-0.5079345703125,BEFC,-0.727428341462245,-23836,-0.7274169921875,A2E4
1069,0.005345,-0.504384097008815,-16528,-0.50439453125,BF70,-0.728150901343602,-23860,-0.7281494140625,A2CC
1070,0.00535,-0.50276183609655,-16474,-0.50274658203125,BFA6,-0.733112580382104,-24023,-0.733123779296875,A229
1071,0.005355,-0.507314416490494,-16624,-0.50732421875,BF10,-0.722142718905323,-23663,-0.722137451171875,A391
1072,0.00536,-0.501360868832839,-16429,-0.501373291015625,BFD3,-0.730077572821701,-23923,-0.730072021484375,A28D
1073,0.005365,-0.503844594974884,-16510,-0.50384521484375,BF82,-0.740205718105231,-24255,-0.740203857421875,A141
1074,0.00537,-0.496800324535407,-16279,-0.496795654296875,C069,-0.731672119762497,-23975,-0.731658935546875,A259
1075,0.005375,-0.498493576289818,-16335,-0.498504638671875,C031,-0.738254075328417,-24191,-0.738250732421875,A181
1076,0.00538,-0.503912101554663,-16512,-0.50390625,BF80,-0.734450573606279,-24066,-0.73443603515625,A1FE
1077,0.005385,-0.51031421919147,-16722,-0.51031494140625,BEAE,-0.736935487285432,-24148,-0.7369384765625,A1AC
1078,0.00539,-0.50095432748137,-16415,-0.500946044921875,BFE1,-0.739384304546225,-24228,-0.7393798828125,A15C
1079,0.005395,-0.497708608887825,-16309,-0.497711181640625,C04B,-0.738332864786143,-24194,-0.73834228515625,A17E
1080,0.0054,-0.505438804944558,-16562,-0.50543212890625,BF4E,-0.72795577637794,-23854,-0.72796630859375,A2D2
1081,0.005405,-0.49499957733964,-16220,-0.4949951171875,C0A4,-0.736247771730588,-24125,-0.736236572265625,A1C3
1082,0.00541,-0.509409343347153,-16692,-0.5093994140625,BECC,-0.741230271478746,-24289,-0.741241455078125,A11F
1083,0.005415,-0.512729138782065,-16801,-0.512725830078125,BE5F,-0.734877964876651,-24080,-0.73486328125,A1F0
1084,0.00542,-0.507320350576761,-16624,-0.50732421875,BF10,-0.74377764562629,-24372,-0.7437744140625,A0CC
1085,0.005425,-0.496893374946493,-16282,-0.49688720703125,C066,-0.737963927877009,-24182,-0.73797607421875,A18A
1086,0.00543,-0.495176150918586,-16226,-0.49517822265625,C09E,-0.741882492042671,-24310,-0.74188232421875,A10A
1087,0.005435,-0.506308250358191,-16591,-0.506317138671875,BF31,-0.733527356768991,-24036,-0.7335205078125,A21C
1088,0.00544,-0.499373647053792,-16363,-0.499359130859375,C015,-0.739484222573075,-24231,-0.739471435546875,A159
1089,0.005445,-0.498220143386266,-16326,-0.49822998046875,C03A,-0.741769014556503,-24306,-0.74176025390625,A10E
1090,0.00545,-0.504163184543289,-16520,-0.504150390625,BF78,-0.747812107434027,-24504,-0.747802734375,A048
1091,0.005455,-0.509073329192098,-16681,-0.509063720703125,BED7,-0.738389751202616,-24196,-0.7384033203125,A17C
1092,0.00546,-0.508303078327209,-16656,-0.50830078125,BEF0,-0.74219871328255,-24320,-0.7421875,A100
1093,0.005465,-0.509460186344948,-16694,-0.50946044921875,BECA,-0.743686491380685,-24369,-0.743682861328125,A0CF
1094,0.00547,-0.517543019720844,-16959,-0.517547607421875,BDC1,-0.733219084181666,-24026,-0.73321533203125,A226
1095,0.005475,-0.510128157249513,-16716,-0.5101318359375,BEB4,-0.739857078911288,-24244,-0.7398681640625,A14C
1096,0.00548,-0.515768399436802,-16901,-0.515777587890625,BDFB,-0.74776788482534,-24503,-0.747772216796875,A049
1097,0.005485,-0.511234180393315,-16752,-0.51123046875,BE90,-0.742507041120527,-24330,-0.74249267578125,A0F6
1098,0.00549,-0.519965136915013,-17038,-0.51995849609375,BD72,-0.751483309729541,-24625,-0.751495361328125,9FCF
1099,0.005495,-0.524932091842649,-17201,-0.524932861328125,BCCF,-0.743352406240811,-24358,-0.74334716796875,A0DA
1100,0.0055,-0.515963451074918,-16907,-0.515960693359375,BDF5,-0.744784907660676,-24405,-0.744781494140625,A0AB
1101,0.005505,-0.509828589244209,-16706,-0.50982666015625,BEBE,-0.749986573135998,-24576,-0.75,A000
1102,0.00551,-0.519712823471856,-17030,-0.51971435546875,BD7A,-0.761798853354233,-24963,-0.761810302734375,9E7D
1103,0.005515,-0.522424824614929,-17119,-0.522430419921875,BD21,-0.747313792484577,-24488,-0.747314453125,A058
1104,0.00552,-0.520464421206036,-17055,-0.520477294921875,BD61,-0.746092220963522,-24448,-0.74609375,A080
1105,0.005525,-0.520869031828481,-17068,-0.5208740234375,BD54,-0.752176593946341,-24647,-0.752166748046875,9FB9
1106,0.00553,-0.525550358069457,-17221,-0.525543212890625,BCBB,-0.753247493454136,-24682,-0.75323486328125,9F96
1107,0.005535,-0.538130403420452,-17633,-0.538116455078125,BB1F,-0.746241332074842,-24453,-0.746246337890625,A07B
1108,0.00554,-0.526189793854877,-17242,-0.52618408203125,BCA6,-0.753699776975545,-24697,-0.753692626953125,9F87
1109,0.005545,-0.532163367297301,-17438,-0.53216552734375,BBE2,-0.750557951976336,-24594,-0.75054931640625,9FEE
1110,0.00555,-0.534395233781216,-17511,-0.534393310546875,BB99,-0.74576571337493,-24437,-0.745758056640625,A08B
1111,0.005555,-0.52712068824589,-17273,-0.527130126953125,BC87,-0.753165598166075,-24680,-0.753173828125,9F98
1112,0.00556,-0.536136849453319,-17568,-0.5361328125,BB60,-0.748993822184801,-24543,-0.748992919921875,A021
1113,0.005565,-0.536230077895921,-17571,-0.536224365234375,BB5D,-0.752936784486406,-24672,-0.7529296875,9FA0
1114,0.00557,-0.529617274564262,-17354,-0.52960205078125,BC36,-0.756905045788362,-24802,-0.75689697265625,9F1E
1115,0.005575,-0.538816152850431,-17656,-0.538818359375,BB08,-0.754650508100765,-24728,-0.754638671875,9F68
1116,0.00558,-0.538124897600629,-17633,-0.538116455078125,BB1F,-0.753296613902011,-24684,-0.7532958984375,9F94
1117,0.005585,-0.543728321534603,-17817,-0.543731689453125,BA67,-0.759324819684137,-24882,-0.75933837890625,9ECE
1118,0.00559,-0.535542610355889,-17549,-0.535552978515625,BB73,-0.750825881198163,-24603,-0.750823974609375,9FE5
1119,0.005595,-0.53165273135852,-17421,-0.531646728515625,BBF3,-0.749307253149635,-24553,-0.749298095703125,A017
1120,0.0056,-0.53938351670528,-17675,-0.539398193359375,BAF5,-0.752881320580202,-24670,-0.75286865234375,9FA2
1121,0.005605,-0.541064558611373,-17730,-0.54107666015625,BABE,-0.762571730033901,-24988,-0.7625732421875,9E64
1122,0.00561,-0.550257013403974,-18031,-0.550262451171875,B991,-0.75711523808549,-24809,-0.757110595703125,9F17
1123,0.005615,-0.544912295319092,-17856,-0.544921875,BA40,-0.764896412492955,-25064,-0.764892578125,9E18
1124,0.00562,-0.551646888521084,-18076,-0.5516357421875,B964,-0.753472051943263,-24690,-0.75347900390625,9F8E
1125,0.005625,-0.543551689522928,-17811,-0.543548583984375,BA6D,-0.75886861468988,-24867,-0.758880615234375,9EDD
1126,0.00563,-0.549496289810843,-18006,-0.54949951171875,B9AA,-0.751737817939875,-24633,-0.751739501953125,9FC7
1127,0.005635,-0.559439186279146,-18332,-0.5594482421875,B864,-0.748029562195286,-24511,-0.748016357421875,A041
1128,0.00564,-0.552737572001465,-18112,-0.552734375,B940,-0.755325617865895,-24751,-0.755340576171875,9F51
1129,0.005645,-0.561951233996015,-18414,-0.56195068359375,B812,-0.753906914975615,-24704,-0.75390625,9F80
1130,0.00565,-0.54711346893273,-17928,-0.547119140625,B9F8,-0.756611249440302,-24793,-0.756622314453125,9F27
1131,0.005655,-0.551932330413094,-18086,-0.55194091796875,B95A,-0.748730796631071,-24534,-0.74871826171875,A02A
1132,0.00566,-0.561583735872416,-18402,-0.56158447265625,B81E,-0.755864892082858,-24768,-0.755859375,9F40
1133,0.005665,-0.56786475576305,-18608,-0.56787109375,B750,-0.760467120822413,-24919,-0.760467529296875,9EA9
1134,0.00567,-0.566524657623402,-18564,-0.5665283203125,B77C,-0.756599866947713,-24792,-0.756591796875,9F28
1135,0.005675,-0.562332321398243,-18427,-0.562347412109375,B805,-0.751839907346257,-24636,-0.7518310546875,9FC4
1136,0.00568,-0.561549183119956,-18401,-0.561553955078125,B81F,-0.754107568002828,-24711,-0.754119873046875,9F79
1137,0.005685,-0.574422001513729,-18823,-0.574432373046875,B679,-0.754201006984835,-24714,-0.75421142578125,9F76
1138,0.00569,-0.565256985852332,-18522,-0.56524658203125,B7A6,-0.755253868539374,-24748,-0.7552490234375,9F54
1139,0.005695,-0.563038042499499,-18450,-0.56304931640625,B7EE,-0.753214006765702,-24681,-0.753204345703125,9F97
1140,0.0057,-0.564865698791773,-18510,-0.56488037109375,B7B2,-0.75529223862242,-24749,-0.755279541015625,9F53
1141,0.005705,-0.564509951589385,-18498,-0.56451416015625,B7BE,-0.756171406606633,-24778,-0.75616455078125,9F36
1142,0.00571,-0.572835192821829,-18771,-0.572845458984375,B6AD,-0.758404578043723,-24851,-0.758392333984375,9EED
1143,0.005715,-0.579744636088142,-18997,-0.579742431640625,B5CB,-0.746675689520673,-24467,-0.746673583984375,A06D
1144,0.00572,-0.572126996344698,-18747,-0.572113037109375,B6C5,-0.749044023913056,-24545,-0.749053955078125,A01F
1145,0.005725,-0.57564819192144,-18863,-0.575653076171875,B651,-0.749759809623613,-24568,-0.749755859375,A008
1146,0.00573,-0.572330363139284,-18754,-0.57232666015625,B6BE,-0.752356592594552,-24653,-0.752349853515625,9FB3
1147,0.005735,-0.577723126218895,-18931,-0.577728271484375,B60D,-0.745505671775901,-24429,-0.745513916015625,A093
1148,0.00574,-0.578009223018309,-18940,-0.5780029296875,B604,-0.745768430135791,-24437,-0.745758056640625,A08B
1149,0.005745,-0.575293817105145,-18851,-0.575286865234375,B65D,-0.750970209277922,-24608,-0.7509765625,9FE0
1150,0.00575,-0.570716384497979,-18701,-0.570709228515625,B6F3,-0.742935364087298,-24345,-0.742950439453125,A0E7
1151,0.005755,-0.582839056529202,-19098,-0.58282470703125,B566,-0.745989105992383,-24445,-0.746002197265625,A083
1152,0.00576,-0.583338487568313,-19115,-0.583343505859375,B555,-0.746379400348022,-24457,-0.746368408203125,A077
1153,0.005765,-0.581434689502118,-19052,-0.5814208984375,B594,-0.745078759731995,-24415,-0.745086669921875,A0A1
1154,0.00577,-0.581798057778395,-19064,-0.581787109375,B588,-0.738985838148999,-24215,-0.738983154296875,A169
1155,0.005775,-0.583303774772577,-19114,-0.58331298828125,B556,-0.74552184103449,-24429,-0.745513916015625,A093
1156,0.00578,-0.587664765626059,-19257,-0.587677001953125,B4C7,-0.734663227916353,-24073,-0.734649658203125,A1F7
1157,0.005785,-0.585713722052767,-19193,-0.585723876953125,B507,-0.73523664949891,-24092,-0.7352294921875,A1E4
1158,0.00579,-0.585980972918819,-19201,-0.585968017578125,B4FF,-0.752670907480804,-24664,-0.752685546875,9FA8
1159,0.005795,-0.585916045701377,-19199,-0.585906982421875,B501,-0.729840993469704,-23915,-0.729827880859375,A295
1160,0.0058,-0.591213080621121,-19373,-0.591217041015625,B453,-0.745612851774123,-24432,-0.74560546875,A090
1161,0.005805,-0.573062933876828,-18778,-0.57305908203125,B6A6,-0.745151973443622,-24417,-0.745147705078125,A09F
1162,0.00581,-0.592218902725572,-19406,-0.59222412109375,B432,-0.738435180010512,-24197,-0.738433837890625,A17B
1163,0.005815,-0.591530883230914,-19383,-0.591522216796875,B449,-0.742801560713017,-24340,-0.7427978515625,A0EC
1164,0.00582,-0.588480994767025,-19283,-0.588470458984375,B4AD,-0.733000750261747,-24019,-0.733001708984375,A22D
1165,0.005825,-0.594781421787619,-19490,-0.59478759765625,B3DE,-0.73684552874797,-24145,-0.736846923828125,A1AF
1166,0.00583,-0.587156627068284,-19240,-0.587158203125,B4D8,-0.746892008567758,-24474,-0.74688720703125,A066
1167,0.005835,-0.583604542480309,-19124,-0.5836181640625,B54C,-0.735498196863175,-24101,-0.735504150390625,A1DB
1168,0.00584,-0.592771655543369,-19424,-0.5927734375,B420,-0.731366560495169,-23965,-0.731353759765625,A263
1169,0.005845,-0.591966843596334,-19398,-0.59197998046875,B43A,-0.731816981281272,-23980,-0.7318115234375,A254
1170,0.00585,-0.589391926498549,-19313,-0.589385986328125,B48F,-0.739329133143443,-24226,-0.73931884765625,A15E
1171,0.005855,-0.588939374658526,-19298,-0.58892822265625,B49E,-0.724475818403897,-23740,-0.7244873046875,A344
1172,0.00586,-0.583859704399865,-19132,-0.5838623046875,B544,-0.729884085750026,-23917,-0.729888916015625,A293
1173,0.005865,-0.605490474686791,-19841,-0.605499267578125,B27F,-0.732478773360326,-24002,-0.73248291015625,A23E
1174,0.00587,-0.592825957550243,-19426,-0.59283447265625,B41E,-0.739353438857359,-24227,-0.739349365234375,A15D
1175,0.005875,-0.60038196542273,-19673,-0.600372314453125,B327,-0.732993481081728,-24019,-0.733001708984375,A22D
1176,0.00588,-0.599021964572284,-19629,-0.599029541015625,B353,-0.724938791943213,-23755,-0.724945068359375,A335
1177,0.005885,-0.595548156268615,-19515,-0.595550537109375,B3C5,-0.718595038989732,-23547,-0.718597412109375,A405
1178,0.00589,-0.599058976604574,-19630,-0.59906005859375,B352,-0.725165412751254,-23762,-0.72515869140625,A32E
1179,0.005895,-0.606104497091869,-19861,-0.606109619140625,B26B,-0.719182420283653,-23566,-0.71917724609375,A3F2
1180,0.0059,-0.601669726045758,-19716,-0.6016845703125,B2FC,-0.727425613783727,-23836,-0.7274169921875,A2E4
1181,0.005905,-0.604767626508102,-19817,-0.604766845703125,B297,-0.731828704905633,-23981,-0.731842041015625,A253
1182,0.00591,-0.605840009500132,-19852,-0.6058349609375,B274,-0.728689710818912,-23878,-0.72869873046875,A2BA
1183,0.005915,-0.610681783148297,-20011,-0.610687255859375,B1D5,-0.735930459302062,-24115,-0.735931396484375,A1CD
1184,0.00592,-0.601382833494418,-19706,-0.60137939453125,B306,-0.714849251245509,-23424,-0.71484375,A480
1185,0.005925,-0.605227813597971,-19832,-0.605224609375,B288,-0.717118379943212,-23499,-0.717132568359375,A435
1186,0.00593,-0.614881158686052,-20148,-0.6148681640625,B14C,-0.717552192115333,-23513,-0.717559814453125,A427
1187,0.005935,-0.612146098451313,-20059,-0.612152099609375,B1A5,-0.72187070622025,-23654,-0.72186279296875,A39A
1188,0.00594,-0.604808423413249,-19818,-0.60479736328125,B296,-0.716161714395387,-23467,-0.716156005859375,A455
1189,0.005945,-0.616140426215803,-20190,-0.61614990234375,B122,-0.719171650790615,-23566,-0.71917724609375,A3F2
1190,0.00595,-0.618825714049746,-20278,-0.61883544921875,B0CA,-0.722342609507322,-23670,-0.72235107421875,A38A
1191,0.005955,-0.62585201635949,-20508,-0.6258544921875,AFE4,-0.720702767527537,-23616,-0.720703125,A3C0
1192,0.00596,-0.61369732891824,-20110,-0.61370849609375,B172,-0.709930558211869,-23263,-0.709930419921875,A521
1193,0.005965,-0.613172685367349,-20092,-0.6131591796875,B184,-0.720204935917637,-23600,-0.72021484375,A3D0
1194,0.00597,-0.611524864170149,-20038,-0.61151123046875,B1BA,-0.713706666075787,-23387,-0.713714599609375,A4A5
1195,0.005975,-0.624999124786424,-20480,-0.625,B000,-0.723151159640646,-23696,-0.72314453125,A370
1196,0.00598,-0.625497909920827,-20496,-0.62548828125,AFF0,-0.702867454696545,-23032,-0.702880859375,A608
1197,0.005985,-0.615525081782136,-20170,-0.61553955078125,B136,-0.709528219205387,-23250,-0.70953369140625,A52E
1198,0.00599,-0.624260054447187,-20456,-0.624267578125,B018,-0.710484989999089,-23281,-0.710479736328125,A50F
1199,0.005995,-0.62255495294354,-20400,-0.62255859375,B050,-0.706753117389961,-23159,-0.706756591796875,A589
1200,0.006,-0.630265122020214,-20653,-0.630279541015625,AF53,-0.710614148937707,-23285,-0.710601806640625,A50B
1201,0.006005,-0.630920966991097,-20674,-0.63092041015625,AF3E,-0.71389319732631,-23393,-0.713897705078125,A49F
1202,0.00601,-0.625853047729472,-20508,-0.6258544921875,AFE4,-0.72168891570988,-23648,-0.7216796875,A3A0
1203,0.006015,-0.630621516653879,-20664,-0.630615234375,AF48,-0.718065105978697,-23530,-0.71807861328125,A416
1204,0.00602,-0.635723608654956,-20831,-0.635711669921875,AEA1,-0.711049756200847,-23300,-0.7110595703125,A4FC
1205,0.006025,-0.633884713566468,-20771,-0.633880615234375,AEDD,-0.712326798720055,-23342,-0.71234130859375,A4D2
1206,0.00603,-0.644254174395404,-21111,-0.644256591796875,AD89,-0.710361136865203,-23277,-0.710357666015625,A513
1207,0.006035,-0.640019798423537,-20972,-0.6400146484375,AE14,-0.70278187986445,-23029,-0.702789306640625,A60B
1208,0.00604,-0.637044363624693,-20875,-0.637054443359375,AE75,-0.711825573755891,-23325,-0.711822509765625,A4E3
1209,0.006045,-0.639248434521458,-20947,-0.639251708984375,AE2D,-0.706420449606631,-23148,-0.7064208984375,A594
1210,0.00605,-0.638822899127995,-20933,-0.638824462890625,AE3B,-0.709783472009098,-23258,-0.70977783203125,A526
1211,0.006055,-0.643837089572479,-21097,-0.643829345703125,AD97,-0.704233888096242,-23076,-0.7042236328125,A5DC
1212,0.00606,-0.644488770931859,-21119,-0.644500732421875,AD81,-0.70403016108843,-23070,-0.70404052734375,A5E2
1213,0.006065,-0.640523468415138,-20989,-0.640533447265625,AE03,-0.707542350815101,-23185,-0.707550048828125,A56F
1214,0.00607,-0.655228773165003,-21471,-0.655242919921875,AC21,-0.703977087115806,-23068,-0.7039794921875,A5E4
1215,0.006075,-0.65102232636138,-21333,-0.651031494140625,ACAB,-0.704368359030974,-23081,-0.704376220703125,A5D7
1216,0.00608,-0.645957118629529,-21167,-0.645965576171875,AD51,-0.700406861098037,-22951,-0.700408935546875,A659
1217,0.006085,-0.654482147550086,-21446,-0.65447998046875,AC3A,-0.702490611250894,-23019,-0.702484130859375,A615
1218,0.00609,-0.656972838744559,-21528,-0.656982421875,ABE8,-0.699969390783709,-22937,-0.699981689453125,A667
1219,0.006095,-0.663385555905561,-21738,-0.66339111328125,AB16,-0.702184666457034,-23009,-0.702178955078125,A61F
1220,0.0061,-0.659489230746539,-21610,-0.65948486328125,AB96,-0.709388956429793,-23245,-0.709381103515625,A533
1221,0.006105,-0.654774634356685,-21456,-0.65478515625,AC30,-0.706388058437551,-23147,-0.706390380859375,A595
1222,0.00611,-0.665529172353968,-21808,-0.66552734375,AAD0,-0.706945501420399,-23165,-0.706939697265625,A583
1223,0.006115,-0.650681219334194,-21322,-0.65069580078125,ACB6,-0.708700075970601,-23223,-0.708709716796875,A549
1224,0.00612,-0.653646943593338,-21419,-0.653656005859375,AC55,-0.704447981591156,-23083,-0.704437255859375,A5D5
1225,0.006125,-0.66516569528171,-21796,-0.6651611328125,AADC,-0.702848206673567,-23031,-0.702850341796875,A609
1226,0.00613,-0.661728402880185,-21684,-0.6617431640625,AB4C,-0.708061082391309,-23202,-0.70806884765625,A55E
1227,0.006135,-0.662767055918602,-21718,-0.66278076171875,AB2A,-0.694902485567088,-22771,-0.694915771484375,A70D
1228,0.00614,-0.672072269839399,-22022,-0.67205810546875,A9FA,-0.708082470378237,-23202,-0.70806884765625,A55E
1229,0.006145,-0.680427084700805,-22296,-0.680419921875,A8E8,-0.712941187812033,-23362,-0.71295166015625,A4BE
1230,0.00615,-0.679521662569855,-22267,-0.679534912109375,A905,-0.715048330975524,-23431,-0.715057373046875,A479
1231,0.006155,-0.674635011953887,-22106,-0.67462158203125,A9A6,-0.706454990624994,-23149,-0.706451416015625,A593
1232,0.00616,-0.67469551884933,-22108,-0.6746826171875,A9A4,-0.700520591195178,-22955,-0.700531005859375,A655
1233,0.006165,-0.678364069679481,-22229,-0.678375244140625,A92B,-0.711029651408502,-23299,-0.711029052734375,A4FD
1234,0.00617,-0.682826026976935,-22375,-0.682830810546875,A899,-0.700515347816365,-22954,-0.70050048828125,A656
1235,0.006175,-0.676924455425224,-22181,-0.676910400390625,A95B,-0.708806295539335,-23226,-0.70880126953125,A546
1236,0.00618,-0.672786893605509,-22046,-0.67279052734375,A9E2,-0.708571542730264,-23218,-0.70855712890625,A54E
1237,0.006185,-0.667271447086712,-21865,-0.667266845703125,AA97,-0.704675441085519,-23091,-0.704681396484375,A5CD
1238,0.00619,-0.678914769482692,-22247,-0.678924560546875,A919,-0.704633038209332,-23089,-0.704620361328125,A5CF
1239,0.006195,-0.676169987802332,-22157,-0.676177978515625,A973,-0.712006776517652,-23331,-0.712005615234375,A4DD
1240,0.0062,-0.679170132276148,-22255,-0.679168701171875,A911,-0.700105985393651,-22941,-0.700103759765625,A663
1241,0.006205,-0.681037566828164,-22316,-0.6810302734375,A8D4,-0.70438574568011,-23081,-0.704376220703125,A5D7
1242,0.00621,-0.672621350300787,-22040,-0.672607421875,A9E8,-0.714198924001741,-23403,-0.714202880859375,A495
1243,0.006215,-0.679783698589053,-22275,-0.679779052734375,A8FD,-0.708510200273479,-23216,-0.70849609375,A550
1244,0.00622,-0.683020223324726,-22381,-0.683013916015625,A893,-0.700018130885506,-22938,-0.70001220703125,A666
1245,0.006225,-0.668723830464157,-21913,-0.668731689453125,AA67,-0.709196322822135,-23239,-0.709197998046875,A539
1246,0.00623,-0.674403031089105,-22099,-0.674407958984375,A9AD,-0.702860730209576,-23031,-0.702850341796875,A609
1247,0.006235,-0.678007976811305,-22217,-0.678009033203125,A937,-0.712385698743964,-23343,-0.712371826171875,A4D1
1248,0.00624,-0.679037509391813,-22251,-0.679046630859375,A915,-0.697394208889159,-22852,-0.6973876953125,A6BC
1249,0.006245,-0.675045636076481,-22120,-0.675048828125,A998,-0.707776493421787,-23192,-0.707763671875,A568
1250,0.00625,-0.678994965797575,-22249,-0.678985595703125,A917,-0.717427692333116,-23509,-0.717437744140625,A42B
1251,0.006255,-0.675203580044023,-22125,-0.675201416015625,A993,-0.70648159772878,-23150,-0.70648193359375,A592
1252,0.00626,-0.675889238853729,-22148,-0.6759033203125,A97C,-0.712855000912019,-23359,-0.712860107421875,A4C1
1253,0.006265,-0.678083601206139,-22219,-0.678070068359375,A935,-0.702613970707432,-23023,-0.702606201171875,A611
1254,0.00627,-0.681251634942311,-22323,-0.681243896484375,A8CD,-0.709933751295926,-23263,-0.709930419921875,A521
1255,0.006275,-0.664921586346126,-21788,-0.6649169921875,AAE4,-0.704608718200093,-23089,-0.704620361328125,A5CF
1256,0.00628,-0.680346024561028,-22294,-0.68035888671875,A8EA,-0.708622858771191,-23220,-0.7086181640625,A54C
1257,0.006285,-0.674074035181353,-22088,-0.674072265625,A9B8,-0.710328558712827,-23276,-0.7103271484375,A514
1258,0.00629,-0.678848725067133,-22245,-0.678863525390625,A91B,-0.705650887908388,-23123,-0.705657958984375,A5AD
1259,0.006295,-0.676324457288359,-22162,-0.67633056640625,A96E,-0.707328407771366,-23178,-0.70733642578125,A576
1260,0.0063,-0.674032779987679,-22087,-0.674041748046875,A9B9,-0.702645754633866,-23024,-0.70263671875,A610
1261,0.006305,-0.670895423255179,-21984,-0.6708984375,AA20,-0.709347460002505,-23244,-0.7093505859375,A534
1262,0.00631,-0.664956219150995,-21789,-0.664947509765625,AAE3,-0.701313781931055,-22981,-0.701324462890625,A63B
1263,0.006315,-0.674403727579149,-22099,-0.674407958984375,A9AD,-0.71123770758444,-23306,-0.71124267578125,A4F6
1264,0.00632,-0.674652514305819,-22107,-0.674652099609375,A9A5,-0.708734902040205,-23224,-0.708740234375,A548
1265,0.006325,-0.674579310592967,-22105,-0.674591064453125,A9A7,-0.699715782084308,-22928,-0.69970703125,A670
1266,0.00633,-0.673221421867168,-22060,-0.6732177734375,A9D4,-0.700882968864511,-22967,-0.700897216796875,A649
1267,0.006335,-0.670466240488593,-21970,-0.67047119140625,AA2E,-0.709399397355755,-23246,-0.70941162109375,A532
1268,0.00634,-0.665733105063502,-21815,-0.665740966796875,AAC9,-0.711018082627742,-23299,-0.711029052734375,A4FD
1269,0.006345,-0.669441764261144,-21936,-0.66943359375,AA50,-0.712793925625439,-23357,-0.712799072265625,A4C3
1270,0.00635,-0.66663713984828,-21844,-0.6666259765625,AAAC,-0.70391078082483,-23066,-0.70391845703125,A5E6
1271,0.006355,-0.669277273423073,-21931,-0.669281005859375,AA55,-0.702415164232974,-23017,-0.702423095703125,A617
1272,0.00636,-0.66427406879538,-21767,-0.664276123046875,AAF9,-0.706745427254254,-23159,-0.706756591796875,A589
1273,0.006365,-0.666396751281768,-21836,-0.6663818359375,AAB4,-0.711900065654588,-23328,-0.7119140625,A4E0
1274,0.00637,-0.667147056861736,-21861,-0.667144775390625,AA9B,-0.708965634724919,-23231,-0.708953857421875,A541
1275,0.006375,-0.65883835601223,-21589,-0.658843994140625,ABAB,-0.706276119783256,-23143,-0.706268310546875,A599
1276,0.00638,-0.662628585843401,-21713,-0.662628173828125,AB2F,-0.708734740495005,-23224,-0.708740234375,A548
1277,0.006385,-0.656530558349036,-21513,-0.656524658203125,ABF7,-0.706054323380697,-23136,-0.7060546875,A5A0
1278,0.00639,-0.657511860821487,-21545,-0.657501220703125,ABD7,-0.702015554845299,-23004,-0.7020263671875,A624
1279,0.006395,-0.654219797571068,-21437,-0.654205322265625,AC43,-0.695945701448089,-22805,-0.695953369140625,A6EB
1280,0.0064,-0.65149980380589,-21348,-0.6514892578125,AC9C,-0.709233461752314,-23240,-0.709228515625,A538
1281,0.006405,-0.664695350281777,-21781,-0.664703369140625,AAEB,-0.708586890747778,-23219,-0.708587646484375,A54D
1282,0.00641,-0.659866079330027,-21622,-0.65985107421875,AB8A,-0.701462996567934,-22986,-0.70147705078125,A636
1283,0.006415,-0.656261144849408,-21504,-0.65625,AC00,-0.701960641245436,-23002,-0.70196533203125,A626
1284,0.00642,-0.657964225990011,-21560,-0.657958984375,ABC8,-0.706045867339306,-23136,-0.7060546875,A5A0
1285,0.006425,-0.653099626125165,-21401,-0.653106689453125,AC67,-0.696355507790474,-22818,-0.69635009765625,A6DE
1286,0.00643,-0.66063522647115,-21648,-0.66064453125,AB70,-0.701014540496722,-22971,-0.701019287109375,A645
1287,0.006435,-0.654840841985883,-21458,-0.65484619140625,AC2E,-0.703837223075802,-23063,-0.703826904296875,A5E9
1288,0.00644,-0.642115440918674,-21041,-0.642120361328125,ADCF,-0.690761977553745,-22635,-0.690765380859375,A795
1289,0.006445,-0.65195390345489,-21363,-0.651947021484375,AC8D,-0.704284741340244,-23078,-0.70428466796875,A5DA
1290,0.00645,-0.654314061006818,-21441,-0.654327392578125,AC3F,-0.703146842105152,-23041,-0.703155517578125,A5FF
1291,0.006455,-0.645122084069696,-21139,-0.645111083984375,AD6D,-0.709243657941568,-23240,-0.709228515625,A538
1292,0.00646,-0.644320658777606,-21113,-0.644317626953125,AD87,-0.697834653099737,-22867,-0.697845458984375,A6AD
1293,0.006465,-0.646164574016162,-21174,-0.64617919921875,AD4A,-0.702462449127257,-23018,-0.70245361328125,A616
1294,0.00647,-0.645850737457801,-21163,-0.645843505859375,AD55,-0.702221921509783,-23010,-0.70220947265625,A61E
1295,0.006475,-0.633909467654686,-20772,-0.6339111328125,AEDC,-0.702984847687466,-23035,-0.702972412109375,A605
1296,0.00648,-0.647699130701224,-21224,-0.647705078125,AD18,-0.698171985555718,-22878,-0.69818115234375,A6A2
1297,0.006485,-0.645670786881544,-21157,-0.645660400390625,AD5B,-0.705531216759238,-23119,-0.705535888671875,A5B1
1298,0.00649,-0.645907202955211,-21165,-0.645904541015625,AD53,-0.697831484907441,-22867,-0.697845458984375,A6AD
1299,0.006495,-0.644082062611961,-21105,-0.644073486328125,AD8F,-0.698143561019684,-22877,-0.698150634765625,A6A3
1300,0.0065,-0.648719324950844,-21257,-0.648712158203125,ACF7,-0.694791916689394,-22767,-0.694793701171875,A711
1301,0.006505,-0.6394250827428,-20953,-0.639434814453125,AE27,-0.693487596898326,-22724,-0.6934814453125,A73C
1302,0.00651,-0.64369015810798,-21092,-0.6436767578125,AD9C,-0.686570076808034,-22498,-0.68658447265625,A81E
1303,0.006515,-0.644642709216255,-21124,-0.6446533203125,AD7C,-0.695677683621612,-22796,-0.6956787109375,A6F4
1304,0.00652,-0.642189111920981,-21043,-0.642181396484375,ADCD,-0.697837673740222,-22867,-0.697845458984375,A6AD
1305,0.006525,-0.641162103235345,-21010,-0.64117431640625,ADEE,-0.694916561518968,-22771,-0.694915771484375,A70D
1306,0.00653,-0.642517000308892,-21054,-0.64251708984375,ADC2,-0.692975217863685,-22707,-0.692962646484375,A74D
1307,0.006535,-0.64638727590619,-21181,-0.646392822265625,AD43,-0.701212393814208,-22977,-0.701202392578125,A63F
1308,0.00654,-0.644586348078781,-21122,-0.64459228515625,AD7E,-0.690638368038033,-22631,-0.690643310546875,A799
1309,0.006545,-0.638687962915059,-20929,-0.638702392578125,AE3F,-0.695825032388569,-22801,-0.695831298828125,A6EF
1310,0.00655,-0.637676414941905,-20895,-0.637664794921875,AE61,-0.69196021620609,-22674,-0.69195556640625,A76E
1311,0.006555,-0.634965819654237,-20807,-0.634979248046875,AEB9,-0.696683032827549,-22829,-0.696685791015625,A6D3
1312,0.00656,-0.63894083865636,-20937,-0.638946533203125,AE37,-0.695268977465044,-22783,-0.695281982421875,A701
1313,0.006565,-0.645064941916782,-21137,-0.645050048828125,AD6F,-0.688879129343258,-22573,-0.688873291015625,A7D3
1314,0.00657,-0.636573672642949,-20859,-0.636566162109375,AE85,-0.689312792374227,-22587,-0.689300537109375,A7C5
1315,0.006575,-0.63740204766806,-20886,-0.63739013671875,AE6A,-0.693308098977102,-22718,-0.69329833984375,A742
1316,0.00658,-0.634041948076715,-20776,-0.634033203125,AED8,-0.691346057041653,-22654,-0.69134521484375,A782
1317,0.006585,-0.636750437801841,-20865,-0.636749267578125,AE7F,-0.699392647583404,-22918,-0.69940185546875,A67A
1318,0.00659,-0.642545431487286,-21055,-0.642547607421875,ADC1,-0.687781635922403,-22537,-0.687774658203125,A7F7
1319,0.006595,-0.63475248457818,-20800,-0.634765625,AEC0,-0.694136234389209,-22745,-0.694122314453125,A727
1320,0.0066,-0.630076621876368,-20646,-0.63006591796875,AF5A,-0.685351247911603,-22458,-0.68536376953125,A846
1321,0.006605,-0.632877331824638,-20738,-0.63287353515625,AEFE,-0.685709608189253,-22469,-0.685699462890625,A83B
1322,0.00661,-0.631285556719476,-20686,-0.63128662109375,AF32,-0.69926720935701,-22914,-0.69927978515625,A67E
1323,0.006615,-0.641475564657572,-21020,-0.6414794921875,ADE4,-0.688942041643092,-22575,-0.688934326171875,A7D1
1324,0.00662,-0.635104622121275,-20811,-0.635101318359375,AEB5,-0.691378062095514,-22655,-0.691375732421875,A781
1325,0.006625,-0.645670344367692,-21157,-0.645660400390625,AD5B,-0.695970717323516,-22806,-0.69598388671875,A6EA
1326,0.00663,-0.641674069210112,-21026,-0.64166259765625,ADDE,-0.700718986080386,-22961,-0.700714111328125,A64F
1327,0.006635,-0.638660988329266,-20928,-0.638671875,AE40,-0.685584803909658,-22465,-0.685577392578125,A83F
1328,0.00664,-0.642284377588904,-21046,-0.64227294921875,ADCA,-0.694782738249422,-22767,-0.694793701171875,A711
1329,0.006645,-0.637791054132851,-20899,-0.637786865234375,AE5D,-0.704611494800493,-23089,-0.704620361328125,A5CF
1330,0.00665,-0.645726753371414,-21159,-0.645721435546875,AD59,-0.696188851655293,-22813,-0.696197509765625,A6E3
1331,0.006655,-0.642500212593887,-21053,-0.642486572265625,ADC3,-0.692721757587074,-22699,-0.692718505859375,A755
1332,0.00666,-0.633638942449154,-20763,-0.633636474609375,AEE5,-0.69147089138379,-22658,-0.69146728515625,A77E
1333,0.006665,-0.643460852603169,-21085,-0.643463134765625,ADA3,-0.69123024326367,-22650,-0.69122314453125,A786
1334,0.00667,-0.634155757251451,-20780,-0.6341552734375,AED4,-0.688941539023565,-22575,-0.688934326171875,A7D1
1335,0.006675,-0.636891446496959,-20870,-0.63690185546875,AE7A,-0.694848888546882,-22769,-0.694854736328125,A70F
1336,0.00668,-0.645620080006096,-21156,-0.6456298828125,AD5C,-0.702599969723968,-23023,-0.702606201171875,A611
1337,0.006685,-0.633425308715848,-20756,-0.6334228515625,AEEC,-0.692424871513921,-22689,-0.692413330078125,A75F
1338,0.00669,-0.642327358884338,-21048,-0.642333984375,ADC8,-0.703069396178255,-23038,-0.70306396484375,A602
1339,0.006695,-0.641022365176423,-21005,-0.641021728515625,ADF3,-0.697169889938105,-22845,-0.697174072265625,A6C3
1340,0.0067,-0.619558095225843,-20302,-0.61956787109375,B0B2,-0.703112860877557,-23040,-0.703125,A600
1341,0.006705,-0.642414367945952,-21051,-0.642425537109375,ADC5,-0.698426128652655,-22886,-0.69842529296875,A69A
1342,0.00671,-0.643259543786428,-21078,-0.64324951171875,ADAA,-0.697909647894555,-22869,-0.697906494140625,A6AB
1343,0.006715,-0.642711492166881,-21060,-0.6427001953125,ADBC,-0.695635727272008,-22795,-0.695648193359375,A6F5
1344,0.00672,-0.641340601939729,-21015,-0.641326904296875,ADE9,-0.712090420770039,-23334,-0.71209716796875,A4DA
1345,0.006725,-0.637882616466014,-20902,-0.63787841796875,AE5A,-0.6935832747051,-22727,-0.693572998046875,A739
1346,0.00673,-0.644368810175593,-21115,-0.644378662109375,AD85,-0.702520982913065,-23020,-0.7025146484375,A614
1347,0.006735,-0.636657350108679,-20862,-0.63665771484375,AE82,-0.691308942593754,-22653,-0.691314697265625,A783
1348,0.00674,-0.64134184810336,-21015,-0.641326904296875,ADE9,-0.695810800972582,-22800,-0.69580078125,A6F0
1349,0.006745,-0.638935690730114,-20937,-0.638946533203125,AE37,-0.719457985660086,-23575,-0.719451904296875,A3E9
1350,0.00675,-0.636089480210247,-20843,-0.636077880859375,AE95,-0.703011411355027,-23036,-0.7030029296875,A604
1351,0.006755,-0.646926545464813,-21198,-0.64691162109375,AD32,-0.713183286129523,-23370,-0.71319580078125,A4B6
1352,0.00676,-0.644448503895402,-21117,-0.644439697265625,AD83,-0.697579960915945,-22858,-0.69757080078125,A6B6
1353,0.006765,-0.646110968056839,-21172,-0.6461181640625,AD4C,-0.707784873683105,-23193,-0.707794189453125,A567
1354,0.00677,-0.64401709576262,-21103,-0.644012451171875,AD91,-0.709555279106732,-23251,-0.709564208984375,A52D
1355,0.006775,-0.638790955333827,-20932,-0.6387939453125,AE3C,-0.697793597431831,-22865,-0.697784423828125,A6AF
1356,0.00678,-0.647083209364848,-21204,-0.6470947265625,AD2C,-0.7071732604444,-23173,-0.707183837890625,A57B
1357,0.006785,-0.642367508791129,-21049,-0.642364501953125,ADC7,-0.708234802073666,-23207,-0.708221435546875,A559
1358,0.00679,-0.649340720148641,-21278,-0.64935302734375,ACE2,-0.708550103759282,-23218,-0.70855712890625,A54E
1359,0.006795,-0.640666024996252,-20993,-0.640655517578125,ADFF,-0.718970669795998,-23559,-0.718963623046875,A3F9
1360,0.0068,-0.645513278693226,-21152,-0.6455078125,AD60,-0.711905952695365,-23328,-0.7119140625,A4E0
1361,0.006805,-0.647714675458186,-21224,-0.647705078125,AD18,-0.708802037584285,-23226,-0.70880126953125,A546
1362,0.00681,-0.646128861043445,-21172,-0.6461181640625,AD4C,-0.701538359182673,-22988,-0.7015380859375,A634
1363,0.006815,-0.633545222873465,-20760,-0.633544921875,AEE8,-0.70082967489706,-22965,-0.700836181640625,A64B
1364,0.00682,-0.649425917101874,-21280,-0.6494140625,ACE0,-0.712958995783913,-23362,-0.71295166015625,A4BE
1365,0.006825,-0.659393285223893,-21607,-0.659393310546875,AB99,-0.706109872532267,-23138,-0.70611572265625,A59E
1366,0.00683,-0.651892218930539,-21361,-0.651885986328125,AC8F,-0.705958199271797,-23133,-0.705963134765625,A5A3
1367,0.006835,-0.65643511657438,-21510,-0.65643310546875,ABFA,-0.705037474820735,-23103,-0.705047607421875,A5C1
1368,0.00684,-0.650401487809065,-21312,-0.650390625,ACC0,-0.715072956610779,-23432,-0.715087890625,A478
1369,0.006845,-0.657226069722023,-21536,-0.6572265625,ABE0,-0.708211636329264,-23207,-0.708221435546875,A559
1370,0.00685,-0.655289211926775,-21473,-0.655303955078125,AC1F,-0.711517782646956,-23315,-0.711517333984375,A4ED
1371,0.006855,-0.650668139912683,-21321,-0.650665283203125,ACB7,-0.704217384015718,-23076,-0.7042236328125,A5DC
1372,0.00686,-0.651916297846886,-21362,-0.65191650390625,AC8E,-0.711806798805657,-23324,-0.7117919921875,A4E4
1373,0.006865,-0.648579191017253,-21253,-0.648590087890625,ACFB,-0.715232890674879,-23437,-0.715240478515625,A473
1374,0.00687,-0.658844941859949,-21589,-0.658843994140625,ABAB,-0.70929054273456,-23242,-0.70928955078125,A536
1375,0.006875,-0.66057486252127,-21646,-0.66058349609375,AB72,-0.711590273599837,-23317,-0.711578369140625,A4EB
1376,0.00688,-0.660790662806303,-21653,-0.660797119140625,AB6B,-0.715412193412244,-23443,-0.715423583984375,A46D
1377,0.006885,-0.651532086941711,-21349,-0.651519775390625,AC9B,-0.713231891005973,-23371,-0.713226318359375,A4B5
1378,0.00689,-0.657812055159483,-21555,-0.657806396484375,ABCD,-0.707080332831226,-23170,-0.70709228515625,A57E
1379,0.006895,-0.661888996330423,-21689,-0.661895751953125,AB47,-0.714261945593867,-23405,-0.714263916015625,A493
1380,0.0069,-0.666306982372566,-21834,-0.66632080078125,AAB6,-0.708030182582597,-23201,-0.708038330078125,A55F
1381,0.006905,-0.665363166202298,-21803,-0.665374755859375,AAD5,-0.710390467355717,-23278,-0.71038818359375,A512
1382,0.00691,-0.664594450025379,-21777,-0.664581298828125,AAEF,-0.713400626992485,-23377,-0.713409423828125,A4AF
1383,0.006915,-0.669009094761208,-21922,-0.66900634765625,AA5E,-0.715795340914788,-23455,-0.715789794921875,A461
1384,0.00692,-0.66742543994415,-21870,-0.66741943359375,AA92,-0.710776522642016,-23291,-0.710784912109375,A505
1385,0.006925,-0.669002525529864,-21922,-0.66900634765625,AA5E,-0.71433661924268,-23407,-0.714324951171875,A491
1386,0.00693,-0.670709996405934,-21978,-0.67071533203125,AA26,-0.718011614906356,-23528,-0.718017578125,A418
1387,0.006935,-0.666013624515419,-21824,-0.666015625,AAC0,-0.717183874904548,-23501,-0.717193603515625,A433
1388,0.00694,-0.674872655130404,-22114,-0.67486572265625,A99E,-0.712361790493054,-23343,-0.712371826171875,A4D1
1389,0.006945,-0.683735212269918,-22405,-0.683746337890625,A87B,-0.713567711741891,-23382,-0.71356201171875,A4AA
1390,0.00695,-0.686376288874672,-22491,-0.686370849609375,A825,-0.715843911700676,-23457,-0.715850830078125,A45F
1391,0.006955,-0.691952651777988,-22674,-0.69195556640625,A76E,-0.711291937798483,-23308,-0.7113037109375,A4F4
1392,0.00696,-0.67225485295187,-22028,-0.6722412109375,A9F4,-0.714738360136593,-23421,-0.714752197265625,A483
1393,0.006965,-0.680563990110525,-22301,-0.680572509765625,A8E3,-0.714407477027181,-23410,-0.71441650390625,A48E
1394,0.00697,-0.687944045070153,-22543,-0.687957763671875,A7F1,-0.708373529744373,-23212,-0.7083740234375,A554
1395,0.006975,-0.692500485681441,-22692,-0.6925048828125,A75C,-0.718145874091342,-23532,-0.7181396484375,A414
1396,0.00698,-0.691919405327943,-22673,-0.691925048828125,A76F,-0.716132919655341,-23466,-0.71612548828125,A456
1397,0.006985,-0.690079105768824,-22613,-0.690093994140625,A7AB,-0.716806792468425,-23488,-0.716796875,A440
1398,0.00699,-0.703871328094652,-23064,-0.703857421875,A5E8,-0.715093079484128,-23432,-0.715087890625,A478
1399,0.006995,-0.699232971977507,-22912,-0.69921875,A680,-0.707961236746238,-23198,-0.70794677734375,A562
1400,0.007,-0.695748809738292,-22798,-0.69573974609375,A6F2,-0.719568155626513,-23579,-0.719573974609375,A3E5
1401,0.007005,-0.701077632710057,-22973,-0.701080322265625,A643,-0.71402009730597,-23397,-0.714019775390625,A49B
1402,0.00701,-0.701974248621662,-23002,-0.70196533203125,A626,-0.711891303331436,-23327,-0.711883544921875,A4E1
1403,0.007015,-0.708114853745298,-23204,-0.7081298828125,A55C,-0.718122567178127,-23531,-0.718109130859375,A415
1404,0.00702,-0.702707774208616,-23026,-0.70269775390625,A60E,-0.712855690978585,-23359,-0.712860107421875,A4C1
1405,0.007025,-0.71223176016349,-23338,-0.71221923828125,A4D6,-0.715500818896965,-23446,-0.71551513671875,A46A
1406,0.00703,-0.70759681049598,-23187,-0.707611083984375,A56D,-0.718445304390343,-23542,-0.71844482421875,A40A
1407,0.007035,-0.701699628972451,-22993,-0.701690673828125,A62F,-0.708404162555804,-23213,-0.708404541015625,A553
1408,0.00704,-0.713446469381948,-23378,-0.71343994140625,A4AE,-0.708337160401026,-23211,-0.708343505859375,A555
1409,0.007045,-0.713206859009587,-23370,-0.71319580078125,A4B6,-0.704803695485677,-23095,-0.704803466796875,A5C9
1410,0.00705,-0.7179275534206,-23525,-0.717926025390625,A41B,-0.711206811234459,-23305,-0.711212158203125,A4F7
1411,0.007055,-0.714152564187803,-23401,-0.714141845703125,A497,-0.71601140726343,-23462,-0.71600341796875,A45A
1412,0.00706,-0.713738499461833,-23388,-0.7137451171875,A4A4,-0.707158644231991,-23172,-0.7071533203125,A57C
1413,0.007065,-0.709316859462784,-23243,-0.709320068359375,A535,-0.7138399106346,-23391,-0.713836669921875,A4A1
1414,0.00707,-0.716362517335375,-23474,-0.71636962890625,A44E,-0.713033046359529,-23365,-0.713043212890625,A4BB
1415,0.007075,-0.717948704234975,-23526,-0.71795654296875,A41A,-0.724891533197598,-23753,-0.724884033203125,A337
1416,0.00708,-0.727072656542604,-23825,-0.727081298828125,A2EF,-0.715398725217611,-23442,-0.71539306640625,A46E
1417,0.007085,-0.726147164779459,-23794,-0.72613525390625,A30E,-0.716538502063123,-23480,-0.716552734375,A448
1418,0.00709,-0.724087874433352,-23727,-0.724090576171875,A351,-0.718382568351817,-23540,-0.7183837890625,A40C
1419,0.007095,-0.724775236601904,-23749,-0.724761962890625,A33B,-0.711788371000819,-23324,-0.7117919921875,A4E4
1420,0.0071,-0.730042657937855,-23922,-0.73004150390625,A28E,-0.716719701561001,-23485,-0.716705322265625,A443
1421,0.007105,-0.726906190018054,-23819,-0.726898193359375,A2F5,-0.717126987036023,-23499,-0.717132568359375,A435
1422,0.00711,-0.726052644418149,-23791,-0.726043701171875,A311,-0.722486140515111,-23674,-0.72247314453125,A386
1423,0.007115,-0.729906554337882,-23918,-0.72991943359375,A292,-0.705728823170267,-23125,-0.705718994140625,A5AB
1424,0.00712,-0.733621619744231,-24039,-0.733612060546875,A219,-0.713961560154442,-23395,-0.713958740234375,A49D
1425,0.007125,-0.736969188454876,-24149,-0.736968994140625,A1AB,-0.710707699827464,-23288,-0.710693359375,A508
1426,0.00713,-0.728775879471032,-23881,-0.728790283203125,A2B7,-0.706140412308145,-23139,-0.706146240234375,A59D
1427,0.007135,-0.742173987556152,-24320,-0.7421875,A100,-0.722787962988387,-23684,-0.7227783203125,A37C
1428,0.00714,-0.731633575227518,-23974,-0.73162841796875,A25A,-0.711156568435788,-23303,-0.711151123046875,A4F9
1429,0.007145,-0.735935816686628,-24115,-0.735931396484375,A1CD,-0.715731156395811,-23453,-0.715728759765625,A463
1430,0.00715,-0.741601183439416,-24301,-0.741607666015625,A113,-0.714953547382941,-23428,-0.7149658203125,A47C
1431,0.007155,-0.744186216118245,-24385,-0.744171142578125,A0BF,-0.709071511755924,-23235,-0.709075927734375,A53D
1432,0.00716,-0.74201571997913,-24314,-0.74200439453125,A106,-0.71000176645857,-23265,-0.709991455078125,A51F
1433,0.007165,-0.741843448518582,-24309,-0.741851806640625,A10B,-0.715816055791539,-23456,-0.7158203125,A460
1434,0.00717,-0.743789851810034,-24373,-0.743804931640625,A0CB,-0.716093722165779,-23465,-0.716094970703125,A457
1435,0.007175,-0.744421698186047,-24393,-0.744415283203125,A0B7,-0.714051334620136,-23398,-0.71405029296875,A49A
1436,0.00718,-0.752171317768725,-24647,-0.752166748046875,9FB9,-0.71688552960299,-23491,-0.716888427734375,A43D
1437,0.007185,-0.743889422950258,-24376,-0.743896484375,A0C8,-0.711376546290675,-23310,-0.71136474609375,A4F2
1438,0.00719,-0.743939298658792,-24377,-0.743927001953125,A0C7,-0.715620973920152,-23449,-0.715606689453125,A467
1439,0.007195,-0.741361457497266,-24293,-0.741363525390625,A11B,-0.708683027227967,-23222,-0.70867919921875,A54A
1440,0.0072,-0.75079825259437,-24602,-0.75079345703125,9FE6,-0.696908216523068,-22836,-0.6968994140625,A6CC
1441,0.007205,-0.750053332229392,-24578,-0.75006103515625,9FFE,-0.710311222599222,-23275,-0.710296630859375,A515
1442,0.00721,-0.744374159883614,-24392,-0.744384765625,A0B8,-0.702793582358035,-23029,-0.702789306640625,A60B
1443,0.007215,-0.748700211409362,-24533,-0.748687744140625,A02B,-0.707466474799942,-23182,-0.70745849609375,A572
1444,0.00722,-0.746641238504083,-24466,-0.74664306640625,A06E,-0.70510042895124,-23105,-0.705108642578125,A5BF
1445,0.007225,-0.753470303729673,-24690,-0.75347900390625,9F8E,-0.699936150584156,-22936,-0.699951171875,A668
1446,0.00723,-0.753089648652152,-24677,-0.753082275390625,9F9B,-0.696769909859518,-22832,-0.69677734375,A6D0
1447,0.007235,-0.747951601798397,-24509,-0.747955322265625,A043,-0.712495609775814,-23347,-0.712493896484375,A4CD
1448,0.00724,-0.7552657605148,-24749,-0.755279541015625,9F53,-0.705337598843001,-23113,-0.705352783203125,A5B7
1449,0.007245,-0.755794871791618,-24766,-0.75579833984375,9F42,-0.699526853609287,-22922,-0.69952392578125,A676
1450,0.00725,-0.753629901201305,-24695,-0.753631591796875,9F89,-0.702441963013404,-23018,-0.70245361328125,A616
1451,0.007255,-0.758176683396226,-24844,-0.7581787109375,9EF4,-0.703073810945245,-23038,-0.70306396484375,A602
1452,0.00726,-0.757080247892452,-24808,-0.757080078125,9F18,-0.706853593472814,-23162,-0.70684814453125,A586
1453,0.007265,-0.74380338340872,-24373,-0.743804931640625,A0CB,-0.696833613667374,-22834,-0.69683837890625,A6CE
1454,0.00727,-0.746563410582329,-24463,-0.746551513671875,A071,-0.701439335103534,-22985,-0.701446533203125,A637
1455,0.007275,-0.74671093382198,-24468,-0.7467041015625,A06C,-0.713044471359643,-23365,-0.713043212890625,A4BB
1456,0.00728,-0.75216767657757,-24647,-0.752166748046875,9FB9,-0.700360543812896,-22949,-0.700347900390625,A65B
1457,0.007285,-0.745220214238037,-24419,-0.745208740234375,A09D,-0.704492426226219,-23085,-0.704498291015625,A5D3
1458,0.00729,-0.751371867524906,-24621,-0.751373291015625,9FD3,-0.695433203903108,-22788,-0.6954345703125,A6FC
1459,0.007295,-0.753638389402799,-24695,-0.753631591796875,9F89,-0.695625104001181,-22794,-0.69561767578125,A6F6
1460,0.0073,-0.745603964643164,-24432,-0.74560546875,A090,-0.692942484317603,-22706,-0.69293212890625,A74E
1461,0.007305,-0.746877880416801,-24474,-0.74688720703125,A066,-0.702641026866824,-23024,-0.70263671875,A610
1462,0.00731,-0.753597608601048,-24694,-0.75360107421875,9F8A,-0.696393589591769,-22819,-0.696380615234375,A6DD
1463,0.007315,-0.741411206820048,-24295,-0.741424560546875,A119,-0.696060410838017,-22809,-0.696075439453125,A6E7
1464,0.00732,-0.748048897590603,-24512,-0.748046875,A040,-0.686046361471636,-22480,-0.68603515625,A830
1465,0.007325,-0.747846847987747,-24505,-0.747833251953125,A047,-0.69649319818245,-22823,-0.696502685546875,A6D9
1466,0.00733,-0.748043938166801,-24512,-0.748046875,A040,-0.680256370832689,-22291,-0.680267333984375,A8ED
1467,0.007335,-0.741175889748319,-24287,-0.741180419921875,A121,-0.689987673028305,-22610,-0.69000244140625,A7AE
1468,0.00734,-0.748141487641459,-24515,-0.748138427734375,A03D,-0.688287296062012,-22554,-0.68829345703125,A7E6
1469,0.007345,-0.733868381275849,-24047,-0.733856201171875,A211,-0.679781769199743,-22275,-0.679779052734375,A8FD
1470,0.00735,-0.74549041381608,-24428,-0.7454833984375,A094,-0.686430343014584,-22493,-0.686431884765625,A823
1471,0.007355,-0.740893841942303,-24278,-0.74090576171875,A12A,-0.685216394428152,-22453,-0.685211181640625,A84B
1472,0.00736,-0.742743996822308,-24338,-0.74273681640625,A0EE,-0.681867250998191,-22343,-0.681854248046875,A8B9
1473,0.007365,-0.739302820588227,-24225,-0.739288330078125,A15F,-0.683259641470003,-22389,-0.683258056640625,A88B
1474,0.00737,-0.743758221774427,-24371,-0.743743896484375,A0CD,-0.679308586243908,-22260,-0.6793212890625,A90C
1475,0.007375,-0.730878108982677,-23949,-0.730865478515625,A273,-0.681299184874022,-22325,-0.681304931640625,A8CB
1476,0.00738,-0.731451095325785,-23968,-0.7314453125,A260,-0.68000881557876,-22283,-0.680023193359375,A8F5
1477,0.007385,-0.734427462241323,-24066,-0.73443603515625,A1FE,-0.676703849651946,-22174,-0.67669677734375,A962
1478,0.00739,-0.737673352098312,-24172,-0.7376708984375,A194,-0.68170609043424,-22338,-0.68170166015625,A8BE
1479,0.007395,-0.73747819664989,-24166,-0.73748779296875,A19A,-0.672999970458037,-22053,-0.673004150390625,A9DB
1480,0.0074,-0.725318455507041,-23767,-0.725311279296875,A329,-0.673498589140061,-22069,-0.673492431640625,A9CB
1481,0.007405,-0.731404889292289,-23967,-0.731414794921875,A261,-0.666237753306691,-21831,-0.666229248046875,AAB9
1482,0.00741,-0.725158927704364,-23762,-0.72515869140625,A32E,-0.676829192290646,-22178,-0.67681884765625,A95E
1483,0.007415,-0.719451579739655,-23575,-0.719451904296875,A3E9,-0.664766572696562,-21783,-0.664764404296875,AAE9
1484,0.00742,-0.725761457011666,-23782,-0.72576904296875,A31A,-0.670424904163962,-21968,-0.67041015625,AA30
1485,0.007425,-0.722089459178168,-23661,-0.722076416015625,A393,-0.6608584685726,-21655,-0.660858154296875,AB69
1486,0.00743,-0.727986410153159,-23855,-0.727996826171875,A2D1,-0.669434661802207,-21936,-0.66943359375,AA50
1487,0.007435,-0.71287889081005,-23360,-0.712890625,A4C0,-0.664718568688694,-21781,-0.664703369140625,AAEB
1488,0.00744,-0.717368348303184,-23507,-0.717376708984375,A42D,-0.667633903169012,-21877,-0.667633056640625,AA8B
1489,0.007445,-0.719628815591362,-23581,-0.719635009765625,A3E3,-0.664715406917425,-21781,-0.664703369140625,AAEB
1490,0.00745,-0.71900594170194,-23560,-0.718994140625,A3F8,-0.662391029691185,-21705,-0.662384033203125,AB37
1491,0.007455,-0.716983670415526,-23494,-0.71697998046875,A43A,-0.656013934643856,-21496,-0.656005859375,AC08
1492,0.00746,-0.717626237839053,-23515,-0.717620849609375,A425,-0.662212287730245,-21699,-0.662200927734375,AB3D
1493,0.007465,-0.713582758866902,-23383,-0.713592529296875,A4A9,-0.657434657522062,-21543,-0.657440185546875,ABD9
1494,0.00747,-0.703542496367137,-23054,-0.70355224609375,A5F2,-0.664668133892596,-21780,-0.6646728515625,AAEC
1495,0.007475,-0.709509648214815,-23249,-0.709503173828125,A52F,-0.648361415355812,-21246,-0.64837646484375,AD02
1496,0.00748,-0.700465081246226,-22953,-0.700469970703125,A657,-0.650204240554248,-21306,-0.65020751953125,ACC6
1497,0.007485,-0.705475685840887,-23117,-0.705474853515625,A5B3,-0.65527653782705,-21472,-0.6552734375,AC20
1498,0.00749,-0.699443162781903,-22919,-0.699432373046875,A679,-0.657722779199955,-21552,-0.65771484375,ABD0
1499,0.007495,-0.698969535406756,-22904,-0.698974609375,A688,-0.654517084111898,-21447,-0.654510498046875,AC39
1500,0.0075,-0.696827177220643,-22834,-0.69683837890625,A6CE,-0.649024062884027,-21267,-0.649017333984375,ACED
1501,0.007505,-0.703964593968079,-23068,-0.7039794921875,A5E4,-0.655859255662076,-21491,-0.655853271484375,AC0D
1502,0.00751,-0.704894616066262,-23098,-0.70489501953125,A5C6,-0.653596476715167,-21417,-0.653594970703125,AC57
1503,0.007515,-0.701129309599774,-22975,-0.701141357421875,A641,-0.653794462153875,-21424,-0.65380859375,AC50
1504,0.00752,-0.706369288682281,-23146,-0.70635986328125,A596,-0.647695165674049,-21224,-0.647705078125,AD18
1505,0.007525,-0.689133936089188,-22582,-0.68914794921875,A7CA,-0.64787541531159,-21230,-0.64788818359375,AD12
1506,0.00753,-0.697382767136183,-22852,-0.6973876953125,A6BC,-0.64026488277318,-20980,-0.6402587890625,AE0C
1507,0.007535,-0.68405954182338,-22415,-0.684051513671875,A871,-0.640783503673672,-20997,-0.640777587890625,ADFB
1508,0.00754,-0.68768285502004,-22534,-0.68768310546875,A7FA,-0.644063836863705,-21105,-0.644073486328125,AD8F
1509,0.007545,-0.68459670485226,-22433,-0.684600830078125,A85F,-0.644097885270145,-21106,-0.64410400390625,AD8E
1510,0.00755,-0.678434226144617,-22231,-0.678436279296875,A929,-0.641191094006589,-21011,-0.641204833984375,ADED
1511,0.007555,-0.680906291895284,-22312,-0.680908203125,A8D8,-0.639788766246281,-20965,-0.639801025390625,AE1B
1512,0.00756,-0.681604500888654,-22335,-0.681610107421875,A8C1,-0.642890570505439,-21066,-0.64288330078125,ADB6
1513,0.007565,-0.670227018404877,-21962,-0.67022705078125,AA36,-0.639238913168306,-20947,-0.639251708984375,AE2D
1514,0.00757,-0.684817758449029,-22440,-0.684814453125,A858,-0.643236804978991,-21078,-0.64324951171875,ADAA
1515,0.007575,-0.681054930267313,-22317,-0.681060791015625,A8D3,-0.641104830516686,-21008,-0.64111328125,ADF0
1516,0.00758,-0.67635801392211,-22163,-0.676361083984375,A96D,-0.638732370633313,-20930,-0.63873291015625,AE3E
1517,0.007585,-0.666843233328576,-21851,-0.666839599609375,AAA5,-0.638400171311383,-20919,-0.638397216796875,AE49
1518,0.00759,-0.671345225091959,-21999,-0.671356201171875,AA11,-0.637627826967392,-20894,-0.63763427734375,AE62
1519,0.007595,-0.673981809381582,-22085,-0.673980712890625,A9BB,-0.631815628561535,-20703,-0.631805419921875,AF21
1520,0.0076,-0.66891925662495,-21919,-0.668914794921875,AA61,-0.632096789058128,-20713,-0.632110595703125,AF17
1521,0.007605,-0.67463455815868,-22106,-0.67462158203125,A9A6,-0.637973029328709,-20905,-0.637969970703125,AE57
1522,0.00761,-0.674015398755462,-22086,-0.67401123046875,A9BA,-0.634184610679168,-20781,-0.634185791015625,AED3
1523,0.007615,-0.667866754708333,-21885,-0.667877197265625,AA83,-0.636542218898671,-20858,-0.63653564453125,AE86
1524,0.00762,-0.661665164024751,-21681,-0.661651611328125,AB4F,-0.627921315107597,-20576,-0.6279296875,AFA0
1525,0.007625,-0.669745530877799,-21946,-0.66973876953125,AA46,-0.631419615306632,-20690,-0.63140869140625,AF2E
1526,0.00763,-0.671370215361029,-21999,-0.671356201171875,AA11,-0.629037375048406,-20612,-0.6290283203125,AF7C
1527,0.007635,-0.661904261507369,-21689,-0.661895751953125,AB47,-0.650439810062909,-21314,-0.65045166015625,ACBE
1528,0.00764,-0.667799174662489,-21882,-0.66778564453125,AA86,-0.628863783144817,-20607,-0.628875732421875,AF81
1529,0.007645,-0.662210818833372,-21699,-0.662200927734375,AB3D,-0.619846946577156,-20311,-0.619842529296875,B0A9
1530,0.00765,-0.666298381340338,-21833,-0.666290283203125,AAB7,-0.629897363651636,-20640,-0.6298828125,AF60
1531,0.007655,-0.654692308471431,-21453,-0.654693603515625,AC33,-0.630005182108493,-20644,-0.6300048828125,AF5C
1532,0.00766,-0.656222683079942,-21503,-0.656219482421875,AC01,-0.633192736474701,-20748,-0.6331787109375,AEF4
1533,0.007665,-0.657936838432856,-21559,-0.657928466796875,ABC9,-0.630876176508589,-20673,-0.630889892578125,AF3F
1534,0.00767,-0.654636566152568,-21451,-0.654632568359375,AC35,-0.634301663338834,-20785,-0.634307861328125,AECF
1535,0.007675,-0.656938333317564,-21527,-0.656951904296875,ABE9,-0.634101817738863,-20778,-0.63409423828125,AED6
1536,0.00768,-0.64788707657667,-21230,-0.64788818359375,AD12,-0.632772856921506,-20735,-0.632781982421875,AF01
1537,0.007685,-0.65900058682732,-21594,-0.65899658203125,ABA6,-0.630940711499608,-20675,-0.630950927734375,AF3D
1538,0.00769,-0.64770339662196,-21224,-0.647705078125,AD18,-0.630563106644571,-20662,-0.63055419921875,AF4A
1539,0.007695,-0.652683629255058,-21387,-0.652679443359375,AC75,-0.615182845892201,-20158,-0.61517333984375,B142
1540,0.0077,-0.64466871434933,-21125,-0.644683837890625,AD7B,-0.630675384114158,-20666,-0.63067626953125,AF46
1541,0.007705,-0.655166951307614,-21469,-0.655181884765625,AC23,-0.623302089213352,-20424,-0.623291015625,B038
1542,0.00771,-0.66322136854046,-21732,-0.6632080078125,AB1C,-0.625566882309421,-20499,-0.625579833984375,AFED
1543,0.007715,-0.650569362124214,-21318,-0.65057373046875,ACBA,-0.627420174490573,-20559,-0.627410888671875,AFB1
1544,0.00772,-0.6502190257233,-21306,-0.65020751953125,ACC6,-0.629445211983112,-20626,-0.62945556640625,AF6E
1545,0.007725,-0.655061760097622,-21465,-0.655059814453125,AC27,-0.624974070426589,-20479,-0.624969482421875,B001
1546,0.00773,-0.661838628244049,-21687,-0.661834716796875,AB49,-0.630386714873611,-20657,-0.630401611328125,AF4F
1547,0.007735,-0.658024430572566,-21562,-0.65802001953125,ABC6,-0.624822268126314,-20474,-0.62481689453125,B006
1548,0.00774,-0.65138022861127,-21344,-0.6513671875,ACA0,-0.627252984242122,-20554,-0.62725830078125,AFB6
1549,0.007745,-0.651274099161684,-21341,-0.651275634765625,ACA3,-0.622277378845819,-20391,-0.622283935546875,B059
1550,0.00775,-0.650553783032898,-21317,-0.650543212890625,ACBB,-0.613411905499785,-20100,-0.6134033203125,B17C
1551,0.007755,-0.651313550438075,-21342,-0.65130615234375,ACA2,-0.622956714906505,-20413,-0.622955322265625,B043
1552,0.00776,-0.658591098008917,-21581,-0.658599853515625,ABB3,-0.613866978937248,-20115,-0.613861083984375,B16D
1553,0.007765,-0.654795338691277,-21456,-0.65478515625,AC30,-0.615364773296214,-20164,-0.6153564453125,B13C
1554,0.00777,-0.658756240193861,-21586,-0.65875244140625,ABAE,-0.616561613116512,-20203,-0.616546630859375,B115
1555,0.007775,-0.660554052945542,-21645,-0.660552978515625,AB73,-0.609256213043701,-19964,-0.6092529296875,B204
1556,0.00778,-0.654169186988393,-21436,-0.6541748046875,AC44,-0.611509512774674,-20038,-0.61151123046875,B1BA
1557,0.007785,-0.654325674878152,-21441,-0.654327392578125,AC3F,-0.614388196749434,-20132,-0.6143798828125,B15C
1558,0.00779,-0.645654538761792,-21157,-0.645660400390625,AD5B,-0.60555174810597,-19843,-0.605560302734375,B27D
1559,0.007795,-0.654557290813862,-21449,-0.654571533203125,AC37,-0.606313218297527,-19868,-0.6063232421875,B264
1560,0.0078,-0.649110508493897,-21270,-0.64910888671875,ACEA,-0.61041241508479,-20002,-0.61041259765625,B1DE
1561,0.007805,-0.65941831785135,-21608,-0.659423828125,AB98,-0.608442967859276,-19937,-0.608428955078125,B21F
1562,0.00781,-0.649232709246347,-21274,-0.64923095703125,ACE6,-0.61035022018656,-20000,-0.6103515625,B1E0
1563,0.007815,-0.666871775989186,-21852,-0.6668701171875,AAA4,-0.605366105200276,-19837,-0.605377197265625,B283
1564,0.00782,-0.653870514790211,-21426,-0.65386962890625,AC4E,-0.604912334554454,-19822,-0.60491943359375,B292
1565,0.007825,-0.6573848835971,-21541,-0.657379150390625,ABDB,-0.600306883019244,-19671,-0.600311279296875,B329
1566,0.00783,-0.654268773839038,-21439,-0.654266357421875,AC41,-0.602002671557103,-19726,-0.60198974609375,B2F2
1567,0.007835,-0.651921876086089,-21362,-0.65191650390625,AC8E,-0.600181500442855,-19667,-0.600189208984375,B32D
1568,0.00784,-0.66661081727873,-21844,-0.6666259765625,AAAC,-0.596375874898542,-19542,-0.59637451171875,B3AA
1569,0.007845,-0.661973523085307,-21692,-0.6619873046875,AB44,-0.605943324280263,-19856,-0.60595703125,B270
1570,0.00785,-0.660971385287991,-21659,-0.660980224609375,AB65,-0.599702672516625,-19651,-0.599700927734375,B33D
1571,0.007855,-0.656494513594785,-21512,-0.656494140625,ABF8,-0.598400603832946,-19608,-0.598388671875,B368
1572,0.00786,-0.659739390533059,-21618,-0.65972900390625,AB8E,-0.598806226200769,-19622,-0.59881591796875,B35A
1573,0.007865,-0.667583082142125,-21875,-0.667572021484375,AA8D,-0.597823700826099,-19589,-0.597808837890625,B37B
1574,0.00787,-0.655382366731572,-21476,-0.6553955078125,AC1C,-0.591487020250181,-19382,-0.59149169921875,B44A
1575,0.007875,-0.668585890554901,-21908,-0.6685791015625,AA6C,-0.593608554595963,-19451,-0.593597412109375,B405
1576,0.00788,-0.653894767797016,-21427,-0.653900146484375,AC4D,-0.593336900058781,-19442,-0.59332275390625,B40E
1577,0.007885,-0.669939116240516,-21953,-0.669952392578125,AA3F,-0.589088790004409,-19303,-0.589080810546875,B499
1578,0.00789,-0.660775611992815,-21652,-0.6607666015625,AB6C,-0.594853598631411,-19492,-0.5948486328125,B3DC
1579,0.007895,-0.660076931528139,-21629,-0.660064697265625,AB83,-0.586019703378811,-19203,-0.586029052734375,B4FD
1580,0.0079,-0.663197143316237,-21732,-0.6632080078125,AB1C,-0.589545668259702,-19318,-0.58953857421875,B48A
1581,0.007905,-0.667080931966542,-21859,-0.667083740234375,AA9D,-0.587826285840153,-19262,-0.58782958984375,B4C2
1582,0.00791,-0.669325480357071,-21932,-0.6693115234375,AA54,-0.575317770613225,-18852,-0.5753173828125,B65C
1583,0.007915,-0.669596776735978,-21941,-0.669586181640625,AA4B,-0.589914596132136,-19330,-0.58990478515625,B47E
1584,0.00792,-0.667381372824378,-21869,-0.667388916015625,AA93,-0.580951187129894,-19037,-0.580963134765625,B5A3
1585,0.007925,-0.675350624817198,-22130,-0.67535400390625,A98E,-0.584746635699043,-19161,-0.584747314453125,B527
1586,0.00793,-0.666470431300463,-21839,-0.666473388671875,AAB1,-0.585809696944128,-19196,-0.5858154296875,B504
1587,0.007935,-0.667844999439585,-21884,-0.6678466796875,AA84,-0.574425485011375,-18823,-0.574432373046875,B679
1588,0.00794,-0.67836657901804,-22229,-0.678375244140625,A92B,-0.581463191800001,-19053,-0.581451416015625,B593
1589,0.007945,-0.667782320095608,-21882,-0.66778564453125,AA86,-0.575511964113365,-18858,-0.57550048828125,B656
1590,0.00795,-0.674056879818008,-22087,-0.674041748046875,A9B9,-0.578269298161033,-18949,-0.578277587890625,B5FB
1591,0.007955,-0.659635179246034,-21615,-0.659637451171875,AB91,-0.582688121848208,-19094,-0.58270263671875,B56A
1592,0.00796,-0.67346404903599,-22068,-0.6734619140625,A9CC,-0.581910493499851,-19068,-0.5819091796875,B584
1593,0.007965,-0.668625121678072,-21910,-0.66864013671875,AA6A,-0.572696990204858,-18766,-0.57269287109375,B6B2
1594,0.00797,-0.672773615213134,-22045,-0.672760009765625,A9E3,-0.571913926927371,-18740,-0.5718994140625,B6CC
1595,0.007975,-0.672903480820544,-22050,-0.67291259765625,A9DE,-0.570338718362408,-18689,-0.570343017578125,B6FF
1596,0.00798,-0.661743459340722,-21684,-0.6617431640625,AB4C,-0.57360544315561,-18796,-0.5736083984375,B694
1597,0.007985,-0.667880080056123,-21885,-0.667877197265625,AA83,-0.569874881769521,-18674,-0.56988525390625,B70E
1598,0.00799,-0.667377481058221,-21869,-0.667388916015625,AA93,-0.571778423829168,-18736,-0.57177734375,B6D0
1599,0.007995,-0.658237451732863,-21569,-0.658233642578125,ABBF,-0.570005167947928,-18678,-0.57000732421875,B70A
1600,0.008,-0.6699561394171,-21953,-0.669952392578125,AA3F,-0.575901914386967,-18871,-0.575897216796875,B649
1601,0.008005,-0.66747224312217,-21872,-0.66748046875,AA90,-0.574594823864863,-18828,-0.5745849609375,B674
1602,0.00801,-0.661899859345166,-21689,-0.661895751953125,AB47,-0.563205784623239,-18455,-0.563201904296875,B7E9
1603,0.008015,-0.671836504121498,-22015,-0.671844482421875,AA01,-0.57685579405479,-18902,-0.57684326171875,B62A
1604,0.00802,-0.671046492976705,-21989,-0.671051025390625,AA1B,-0.570228022915602,-18685,-0.570220947265625,B703
1605,0.008025,-0.666319397572984,-21834,-0.66632080078125,AAB6,-0.561601753139222,-18403,-0.561614990234375,B81D
1606,0.00803,-0.672285185159349,-22029,-0.672271728515625,A9F3,-0.56674050536644,-18571,-0.566741943359375,B775
1607,0.008035,-0.666457334441702,-21838,-0.66644287109375,AAB2,-0.565513558360786,-18531,-0.565521240234375,B79D
1608,0.00804,-0.670332481622405,-21965,-0.670318603515625,AA33,-0.563679554686108,-18471,-0.563690185546875,B7D9
1609,0.008045,-0.663413290833889,-21739,-0.663421630859375,AB15,-0.55922176111987,-18325,-0.559234619140625,B86B
1610,0.00805,-0.660515781461532,-21644,-0.6605224609375,AB74,-0.570577414240503,-18697,-0.570587158203125,B6F7
1611,0.008055,-0.658727289615942,-21585,-0.658721923828125,ABAF,-0.557961609388614,-18283,-0.557952880859375,B895
1612,0.00806,-0.666648216252006,-21845,-0.666656494140625,AAAB,-0.566202792931797,-18553,-0.566192626953125,B787
1613,0.008065,-0.667190580521115,-21863,-0.667205810546875,AA99,-0.564533548561514,-18499,-0.564544677734375,B7BD
1614,0.00807,-0.672099268930224,-22023,-0.672088623046875,A9F9,-0.552184373302252,-18094,-0.55218505859375,B952
1615,0.008075,-0.666559262213687,-21842,-0.66656494140625,AAAE,-0.564085515472649,-18484,-0.5640869140625,B7CC
1616,0.00808,-0.672965613771638,-22052,-0.6729736328125,A9DC,-0.554373301593616,-18166,-0.55438232421875,B90A
1617,0.008085,-0.654520144825933,-21447,-0.654510498046875,AC39,-0.555415815942221,-18200,-0.555419921875,B8E8
1618,0.00809,-0.66885656475472,-21917,-0.668853759765625,AA63,-0.551505252960669,-18072,-0.551513671875,B968
1619,0.008095,-0.666631718402914,-21844,-0.6666259765625,AAAC,-0.548981506754266,-17989,-0.548980712890625,B9BB
1620,0.0081,-0.660488627231548,-21643,-0.660491943359375,AB75,-0.555861565402386,-18214,-0.55584716796875,B8DA
1621,0.008105,-0.658743627965131,-21586,-0.65875244140625,ABAE,-0.549360026873692,-18001,-0.549346923828125,B9AF
1622,0.00811,-0.650492267927798,-21315,-0.650482177734375,ACBD,-0.555431163195756,-18200,-0.555419921875,B8E8
1623,0.008115,-0.64826680180169,-21242,-0.64825439453125,AD06,-0.558494067743812,-18301,-0.558502197265625,B883
1624,0.00812,-0.643564510948885,-21088,-0.6435546875,ADA0,-0.556251333105929,-18227,-0.556243896484375,B8CD
1625,0.008125,-0.657950612190368,-21560,-0.657958984375,ABC8,-0.548826333362462,-17984,-0.548828125,B9C0
1626,0.00813,-0.649396006452909,-21279,-0.649383544921875,ACE1,-0.542543592841193,-17778,-0.54254150390625,BA8E
1627,0.008135,-0.660771846495666,-21652,-0.6607666015625,AB6C,-0.557143052569724,-18256,-0.55712890625,B8B0
1628,0.00814,-0.657423257490985,-21542,-0.65740966796875,ABDA,-0.5457937759694,-17885,-0.545806884765625,BA23
1629,0.008145,-0.654335890284415,-21441,-0.654327392578125,AC3F,-0.548365317458531,-17969,-0.548370361328125,B9CF
1630,0.00815,-0.654906261140755,-21460,-0.6549072265625,AC2C,-0.546980601664559,-17923,-0.546966552734375,B9FD
1631,0.008155,-0.649627058765182,-21287,-0.649627685546875,ACD9,-0.537852778716129,-17624,-0.537841796875,BB28
1632,0.00816,-0.643538119949149,-21087,-0.643524169921875,ADA1,-0.546727796458561,-17915,-0.546722412109375,BA05
1633,0.008165,-0.656891166107073,-21525,-0.656890869140625,ABEB,-0.536986608375665,-17596,-0.5369873046875,BB44
1634,0.00817,-0.650771704947757,-21324,-0.6507568359375,ACB4,-0.54444509349728,-17840,-0.54443359375,BA50
1635,0.008175,-0.64772174973981,-21225,-0.647735595703125,AD17,-0.535263948280159,-17540,-0.5352783203125,BB7C
1636,0.00818,-0.647182480490541,-21207,-0.647186279296875,AD29,-0.545349082615747,-17870,-0.54534912109375,BA32
1637,0.008185,-0.652231326739592,-21372,-0.6522216796875,AC84,-0.535216576810141,-17538,-0.53521728515625,BB7E
1638,0.00819,-0.651377715194784,-21344,-0.6513671875,ACA0,-0.542900632536139,-17790,-0.54290771484375,BA82
1639,0.008195,-0.65403266470277,-21431,-0.654022216796875,AC49,-0.535574634898089,-17550,-0.53558349609375,BB72
1640,0.0082,-0.643480486148621,-21086,-0.64349365234375,ADA2,-0.533820331773186,-17492,-0.5338134765625,BBAC
1641,0.008205,-0.65223738303558,-21373,-0.652252197265625,AC83,-0.537819193723218,-17623,-0.537811279296875,BB29
1642,0.00821,-0.655827669020777,-21490,-0.65582275390625,AC0E,-0.536679105225476,-17586,-0.53668212890625,BB4E
1643,0.008215,-0.647416662257628,-21215,-0.647430419921875,AD21,-0.524634825983813,-17191,-0.524627685546875,BCD9
1644,0.00822,-0.649938787857947,-21297,-0.649932861328125,ACCF,-0.51906864309176,-17009,-0.519073486328125,BD8F
1645,0.008225,-0.65768668745173,-21551,-0.657684326171875,ABD1,-0.521522924881051,-17089,-0.521514892578125,BD3F
1646,0.00823,-0.65028141916492,-21308,-0.6502685546875,ACC4,-0.524867019979307,-17199,-0.524871826171875,BCD1
1647,0.008235,-0.652452694497704,-21380,-0.6524658203125,AC7C,-0.525726693752285,-17227,-0.525726318359375,BCB5
1648,0.00824,-0.653925790918546,-21428,-0.6539306640625,AC4C,-0.533377764450556,-17478,-0.53338623046875,BBBA
1649,0.008245,-0.656359001238135,-21508,-0.6563720703125,ABFC,-0.524888257177428,-17200,-0.52490234375,BCD0
1650,0.00825,-0.656258644554439,-21504,-0.65625,AC00,-0.529194033203839,-17341,-0.529205322265625,BC43
1651,0.008255,-0.660446400611612,-21642,-0.66046142578125,AB76,-0.518363084836681,-16986,-0.51837158203125,BDA6
1652,0.00826,-0.65169409480019,-21355,-0.651702880859375,AC95,-0.520655182831308,-17061,-0.520660400390625,BD5B
1653,0.008265,-0.665170870233579,-21796,-0.6651611328125,AADC,-0.511064249927549,-16747,-0.511077880859375,BE95
1654,0.00827,-0.658278692343868,-21570,-0.65826416015625,ABBE,-0.523355834999588,-17149,-0.523345947265625,BD03
1655,0.008275,-0.660606160053933,-21647,-0.660614013671875,AB71,-0.523499403894078,-17154,-0.52349853515625,BCFE
1656,0.00828,-0.657827770782705,-21556,-0.6578369140625,ABCC,-0.520864549579208,-17068,-0.5208740234375,BD54
1657,0.008285,-0.665857888312089,-21819,-0.665863037109375,AAC5,-0.507687727366618,-16636,-0.5076904296875,BF04
1658,0.00829,-0.661039660714525,-21661,-0.661041259765625,AB63,-0.515341375762256,-16887,-0.515350341796875,BE09
1659,0.008295,-0.674947306908199,-22117,-0.674957275390625,A99B,-0.511568274185863,-16763,-0.511566162109375,BE85
1660,0.0083,-0.662057154408149,-21694,-0.66204833984375,AB42,-0.510865596755532,-16740,-0.5108642578125,BE9C
1661,0.008305,-0.666594282029674,-21843,-0.666595458984375,AAAD,-0.50597026745907,-16580,-0.5059814453125,BF3C
1662,0.00831,-0.669049549042717,-21923,-0.669036865234375,AA5D,-0.502857228519548,-16478,-0.50286865234375,BFA2
1663,0.008315,-0.66977654642082,-21947,-0.669769287109375,AA45,-0.515071251746291,-16878,-0.51507568359375,BE12
1664,0.00832,-0.670120533713239,-21959,-0.670135498046875,AA39,-0.518848246300619,-17002,-0.51885986328125,BD96
1665,0.008325,-0.672272093391701,-22029,-0.672271728515625,A9F3,-0.510116161395983,-16715,-0.510101318359375,BEB5
1666,0.00833,-0.676647213317427,-22172,-0.6766357421875,A964,-0.503462161566886,-16497,-0.503448486328125,BF8F
1667,0.008335,-0.68126632736648,-22324,-0.6812744140625,A8CC,-0.504775954483443,-16540,-0.5047607421875,BF64
1668,0.00834,-0.682915366673401,-22378,-0.68292236328125,A896,-0.500974095352264,-16416,-0.5009765625,BFE0
1669,0.008345,-0.689860190109034,-22605,-0.689849853515625,A7B3,-0.506025120888366,-16581,-0.506011962890625,BF3B
1670,0.00835,-0.68077589973575,-22308,-0.6807861328125,A8DC,-0.503114213279727,-16486,-0.50311279296875,BF9A
1671,0.008355,-0.684542600116991,-22431,-0.684539794921875,A861,-0.506091755809838,-16584,-0.506103515625,BF38
1672,0.00836,-0.691270086744376,-22652,-0.6912841796875,A784,-0.501251893373694,-16425,-0.501251220703125,BFD7
1673,0.008365,-0.687837281873948,-22539,-0.687835693359375,A7F5,-0.497488071888854,-16302,-0.49749755859375,C052
1674,0.00837,-0.692923734810015,-22706,-0.69293212890625,A74E,-0.502350181248412,-16461,-0.502349853515625,BFB3
1675,0.008375,-0.696850183343937,-22834,-0.69683837890625,A6CE,-0.488477138657948,-16006,-0.48846435546875,C17A
1676,0.00838,-0.699440927716584,-22919,-0.699432373046875,A679,-0.495320531653174,-16231,-0.495330810546875,C099
1677,0.008385,-0.688640099122941,-22565,-0.688629150390625,A7DB,-0.496204838229012,-16260,-0.4962158203125,C07C
1678,0.00839,-0.693002052609334,-22708,-0.6929931640625,A74C,-0.488434627409595,-16005,-0.488433837890625,C17B
1679,0.008395,-0.707080809335827,-23170,-0.70709228515625,A57E,-0.486757441463082,-15950,-0.48675537109375,C1B2
1680,0.0084,-0.710850507960279,-23293,-0.710845947265625,A503,-0.488149071434123,-15996,-0.4881591796875,C184
1681,0.008405,-0.701110812918858,-22974,-0.70111083984375,A642,-0.486996132597432,-15958,-0.48699951171875,C1AA
1682,0.00841,-0.700034477082417,-22939,-0.700042724609375,A665,-0.487744023973597,-15982,-0.48773193359375,C192
1683,0.008415,-0.711144994500224,-23303,-0.711151123046875,A4F9,-0.487001167390685,-15958,-0.48699951171875,C1AA
1684,0.00842,-0.702982511628003,-23035,-0.702972412109375,A605,-0.482030136498654,-15795,-0.482025146484375,C24D
1685,0.008425,-0.713071613153725,-23366,-0.71307373046875,A4BA,-0.483332981003662,-15838,-0.48333740234375,C222
1686,0.00843,-0.7123283915852,-23342,-0.71234130859375,A4D2,-0.480128586264601,-15733,-0.480133056640625,C28B
1687,0.008435,-0.696435985714307,-22821,-0.696441650390625,A6DB,-0.487217446804684,-15965,-0.487213134765625,C1A3
1688,0.00844,-0.714304948781338,-23406,-0.71429443359375,A492,-0.481625454104671,-15782,-0.48162841796875,C25A
1689,0.008445,-0.712933441613906,-23361,-0.712921142578125,A4BF,-0.470045125997138,-15402,-0.47003173828125,C3D6
1690,0.00845,-0.711737393865183,-23322,-0.71173095703125,A4E6,-0.474802845820791,-15558,-0.47479248046875,C33A
1691,0.008455,-0.706079884512992,-23137,-0.706085205078125,A59F,-0.473878350184739,-15528,-0.473876953125,C358
1692,0.00846,-0.71369015097785,-23386,-0.71368408203125,A4A6,-0.467379657954255,-15315,-0.467376708984375,C42D
1693,0.008465,-0.712840313191813,-23358,-0.71282958984375,A4C2,-0.463693137810923,-15194,-0.46368408203125,C4A6
1694,0.00847,-0.707137443703082,-23171,-0.707122802734375,A57D,-0.471706453863034,-15457,-0.471710205078125,C39F
1695,0.008475,-0.726961676879077,-23821,-0.726959228515625,A2F3,-0.476127384793419,-15602,-0.47613525390625,C30E
1696,0.00848,-0.718958172593065,-23559,-0.718963623046875,A3F9,-0.474149139378127,-15537,-0.474151611328125,C34F
1697,0.008485,-0.71926821565281,-23569,-0.719268798828125,A3EF,-0.463348508668647,-15183,-0.463348388671875,C4B1
1698,0.00849,-0.71993058600551,-23591,-0.719940185546875,A3D9,-0.477454130463107,-15645,-0.477447509765625,C2E3
1699,0.008495,-0.719888569443887,-23589,-0.719879150390625,A3DB,-0.45457949372009,-14896,-0.45458984375,C5D0
1700,0.0085,-0.725388138618268,-23770,-0.72540283203125,A326,-0.476775928611706,-15623,-0.476776123046875,C2F9
1701,0.008505,-0.726984983300904,-23822,-0.72698974609375,A2F2,-0.467851079892197,-15331,-0.467864990234375,C41D
1702,0.00851,-0.72575561160016,-23782,-0.72576904296875,A31A,-0.457285590494631,-14984,-0.457275390625,C578
1703,0.008515,-0.7248983623883,-23753,-0.724884033203125,A337,-0.455347630220279,-14921,-0.455352783203125,C5B7
1704,0.00852,-0.721450443778205,-23640,-0.721435546875,A3A8,-0.462673427374508,-15161,-0.462677001953125,C4C7
1705,0.008525,-0.729098602116756,-23891,-0.729095458984375,A2AD,-0.45967507569776,-15063,-0.459686279296875,C529
1706,0.00853,-0.726612104468164,-23810,-0.72662353515625,A2FE,-0.462397504822406,-15152,-0.46240234375,C4D0
1707,0.008535,-0.730483781492412,-23936,-0.73046875,A280,-0.453034582440788,-14845,-0.453033447265625,C603
1708,0.00854,-0.722289011042458,-23668,-0.7222900390625,A38C,-0.463423948023363,-15185,-0.463409423828125,C4AF
1709,0.008545,-0.726297627128726,-23799,-0.726287841796875,A309,-0.458598182300474,-15027,-0.458587646484375,C54D
1710,0.00855,-0.727761028984903,-23847,-0.727752685546875,A2D9,-0.449362958111629,-14725,-0.449371337890625,C67B
1711,0.008555,-0.719686574083865,-23583,-0.719696044921875,A3E1,-0.455755527212236,-14934,-0.45574951171875,C5AA
1712,0.00856,-0.729638467667634,-23909,-0.729644775390625,A29B,-0.462344902347245,-15150,-0.46234130859375,C4D2
1713,0.008565,-0.719527538128506,-23577,-0.719512939453125,A3E7,-0.454285797781502,-14886,-0.45428466796875,C5DA
1714,0.00857,-0.733221388906793,-24026,-0.73321533203125,A226,-0.436664426994797,-14309,-0.436676025390625,C81B
1715,0.008575,-0.722823319458463,-23685,-0.722808837890625,A37B,-0.453599524631836,-14864,-0.45361328125,C5F0
1716,0.00858,-0.719969543906469,-23592,-0.719970703125,A3D8,-0.454297387197036,-14886,-0.45428466796875,C5DA
1717,0.008585,-0.725197763292621,-23763,-0.725189208984375,A32D,-0.448623197056045,-14700,-0.4486083984375,C694
1718,0.00859,-0.7229089250509,-23688,-0.722900390625,A378,-0.452455330873575,-14826,-0.45245361328125,C616
1719,0.008595,-0.736425520757418,-24131,-0.736419677734375,A1BD,-0.437721552772294,-14343,-0.437713623046875,C7F9
1720,0.0086,-0.728276661691725,-23864,-0.728271484375,A2C8,-0.442668395444338,-14505,-0.442657470703125,C757
1721,0.008605,-0.728153661066172,-23860,-0.7281494140625,A2CC,-0.441190684049299,-14457,-0.441192626953125,C787
1722,0.00861,-0.734139195425164,-24056,-0.734130859375,A208,-0.437125411522596,-14324,-0.4371337890625,C80C
1723,0.008615,-0.734468474327956,-24067,-0.734466552734375,A1FD,-0.438070156213352,-14355,-0.438079833984375,C7ED
1724,0.00862,-0.720099463842646,-23596,-0.7200927734375,A3D4,-0.431482239040558,-14139,-0.431488037109375,C8C5
1725,0.008625,-0.732253671114843,-23994,-0.73223876953125,A246,-0.436618131885197,-14307,-0.436614990234375,C81D
1726,0.00863,-0.74233372378213,-24325,-0.742340087890625,A0FB,-0.437205312947049,-14326,-0.43719482421875,C80A
1727,0.008635,-0.733666274357015,-24041,-0.733673095703125,A217,-0.436882565730545,-14316,-0.4368896484375,C814
1728,0.00864,-0.733512835601556,-24036,-0.7335205078125,A21C,-0.4318142890047,-14150,-0.43182373046875,C8BA
1729,0.008645,-0.731882048189726,-23982,-0.73187255859375,A252,-0.434307374964327,-14231,-0.434295654296875,C869
1730,0.00865,-0.732245238782531,-23994,-0.73223876953125,A246,-0.442883688598232,-14512,-0.44287109375,C750
1731,0.008655,-0.736975155811555,-24149,-0.736968994140625,A1AB,-0.431997493452007,-14156,-0.4320068359375,C8B4
1732,0.00866,-0.745391753815277,-24425,-0.745391845703125,A097,-0.432899449402126,-14185,-0.432891845703125,C897
1733,0.008665,-0.740521079198799,-24265,-0.740509033203125,A137,-0.429224692353609,-14065,-0.429229736328125,C90F
1734,0.00867,-0.738233969912132,-24190,-0.73822021484375,A182,-0.434004088493258,-14221,-0.433990478515625,C873
1735,0.008675,-0.743917984708701,-24377,-0.743927001953125,A0C7,-0.430882955725457,-14119,-0.430877685546875,C8D9
1736,0.00868,-0.74161497839966,-24301,-0.741607666015625,A113,-0.427777378961702,-14017,-0.427764892578125,C93F
1737,0.008685,-0.738540766377582,-24201,-0.738555908203125,A177,-0.415906812884716,-13628,-0.4158935546875,CAC4
1738,0.00869,-0.7388930763365,-24212,-0.7388916015625,A16C,-0.428220690593268,-14032,-0.42822265625,C930
1739,0.008695,-0.741069088467424,-24283,-0.741058349609375,A125,-0.431978372369026,-14155,-0.431976318359375,C8B5
1740,0.0087,-0.752026018026933,-24642,-0.75201416015625,9FBE,-0.419468542438741,-13745,-0.419464111328125,CA4F
1741,0.008705,-0.743053777889415,-24348,-0.7430419921875,A0E4,-0.420311899037472,-13773,-0.420318603515625,CA33
1742,0.00871,-0.756640055395326,-24794,-0.75665283203125,9F26,-0.430824418347602,-14117,-0.430816650390625,C8DB
1743,0.008715,-0.754071048386666,-24709,-0.754058837890625,9F7B,-0.420309933389191,-13773,-0.420318603515625,CA33
1744,0.00872,-0.761125622163657,-24941,-0.761138916015625,9E93,-0.416009240837585,-13632,-0.416015625,CAC0
1745,0.008725,-0.753569323702633,-24693,-0.753570556640625,9F8B,-0.41235190228319,-13512,-0.412353515625,CB38
1746,0.00873,-0.767603276387127,-25153,-0.767608642578125,9DBF,-0.417155957539532,-13669,-0.417144775390625,CA9B
1747,0.008735,-0.759536924872749,-24889,-0.759552001953125,9EC7,-0.412660702357624,-13522,-0.41265869140625,CB2E
1748,0.00874,-0.759157384218816,-24876,-0.7591552734375,9ED4,-0.418392470623264,-13710,-0.41839599609375,CA72
1749,0.008745,-0.774720930544932,-25386,-0.77471923828125,9CD6,-0.415341981970939,-13610,-0.41534423828125,CAD6
1750,0.00875,-0.768074999058406,-25168,-0.76806640625,9DB0,-0.414569933620227,-13585,-0.414581298828125,CAEF
1751,0.008755,-0.767242984458117,-25141,-0.767242431640625,9DCB,-0.412547450301265,-13518,-0.41253662109375,CB32
1752,0.00876,-0.772202559987122,-25304,-0.772216796875,9D28,-0.412573644467419,-13519,-0.412567138671875,CB31
1753,0.008765,-0.774248219285373,-25371,-0.774261474609375,9CE5,-0.407323057180564,-13347,-0.407318115234375,CBDD
1754,0.00877,-0.777780987162433,-25486,-0.77777099609375,9C72,-0.40175402678327,-13165,-0.401763916015625,CC93
1755,0.008775,-0.776991119929759,-25460,-0.7769775390625,9C8C,-0.412752711569496,-13525,-0.412750244140625,CB2B
1756,0.00878,-0.781581395154082,-25611,-0.781585693359375,9BF5,-0.403311808496534,-13216,-0.4033203125,CC60
1757,0.008785,-0.781854650361273,-25620,-0.7818603515625,9BEC,-0.405137000744303,-13276,-0.4051513671875,CC24
1758,0.00879,-0.783106883363977,-25661,-0.783111572265625,9BC3,-0.410769479187099,-13460,-0.4107666015625,CB6C
1759,0.008795,-0.792967408556273,-25984,-0.79296875,9A80,-0.401341746279235,-13151,-0.401336669921875,CCA1
1760,0.0088,-0.783231438377729,-25665,-0.783233642578125,9BBF,-0.405125136308929,-13275,-0.405120849609375,CC25
1761,0.008805,-0.786947903132862,-25787,-0.786956787109375,9B45,-0.407029141712252,-13338,-0.40704345703125,CBE6
1762,0.00881,-0.787831724827638,-25816,-0.787841796875,9B28,-0.412827759843289,-13528,-0.412841796875,CB28
1763,0.008815,-0.782628976234917,-25645,-0.782623291015625,9BD3,-0.402179854431114,-13179,-0.402191162109375,CC85
1764,0.00882,-0.782155911375912,-25630,-0.78216552734375,9BE2,-0.403913313493909,-13235,-0.403900146484375,CC4D
1765,0.008825,-0.794654593399054,-26039,-0.794647216796875,9A49,-0.400715205853796,-13131,-0.400726318359375,CCB5
1766,0.00883,-0.795245450764702,-26059,-0.795257568359375,9A35,-0.404327887251445,-13249,-0.404327392578125,CC3F
1767,0.008835,-0.801338831698812,-26258,-0.80133056640625,996E,-0.405600110479341,-13291,-0.405609130859375,CC15
1768,0.00884,-0.797942080995812,-26147,-0.797943115234375,99DD,-0.398027316498621,-13043,-0.398040771484375,CD0D
1769,0.008845,-0.793145873001708,-25990,-0.79315185546875,9A7A,-0.400767172652176,-13132,-0.4007568359375,CCB4
1770,0.00885,-0.798112585500599,-26153,-0.798126220703125,99D7,-0.395989616490917,-12976,-0.39599609375,CD50
1771,0.008855,-0.796498023849089,-26100,-0.7965087890625,9A0C,-0.40333624323672,-13217,-0.403350830078125,CC5F
1772,0.00886,-0.795147935719853,-26055,-0.795135498046875,9A39,-0.398030193673685,-13043,-0.398040771484375,CD0D
1773,0.008865,-0.807352455699594,-26455,-0.807342529296875,98A9,-0.392032141215992,-12846,-0.39202880859375,CDD2
1774,0.00887,-0.802841361681702,-26308,-0.8028564453125,993C,-0.393352879741892,-12889,-0.393341064453125,CDA7
1775,0.008875,-0.807733075951552,-26468,-0.8077392578125,989C,-0.388318053054186,-12724,-0.3883056640625,CE4C
1776,0.00888,-0.80517540133015,-26384,-0.80517578125,98F0,-0.397050584087588,-13011,-0.397064208984375,CD2D
1777,0.008885,-0.807008935872141,-26444,-0.8070068359375,98B4,-0.391243244490645,-12820,-0.3912353515625,CDEC
1778,0.00889,-0.810627034609288,-26563,-0.810638427734375,983D,-0.389978180731707,-12779,-0.389984130859375,CE15
1779,0.008895,-0.804962049413278,-26377,-0.804962158203125,98F7,-0.394909717341342,-12940,-0.3948974609375,CD74
1780,0.0089,-0.802775751442228,-26305,-0.802764892578125,993F,-0.386283961324106,-12658,-0.38629150390625,CE8E
1781,0.008905,-0.80685321637645,-26439,-0.806854248046875,98B9,-0.391013872798206,-12813,-0.391021728515625,CDF3
1782,0.00891,-0.81154541969834,-26593,-0.811553955078125,981F,-0.389446419454118,-12761,-0.389434814453125,CE27
1783,0.008915,-0.793620679227422,-26005,-0.793609619140625,9A6B,-0.386382843351681,-12661,-0.386383056640625,CE8B
1784,0.00892,-0.799019237890299,-26182,-0.79901123046875,99BA,-0.378681526594836,-12409,-0.378692626953125,CF87
1785,0.008925,-0.79349378034714,-26001,-0.793487548828125,9A6F,-0.382616536438679,-12538,-0.38262939453125,CF06
1786,0.00893,-0.802879697403096,-26309,-0.802886962890625,993B,-0.372533361130726,-12207,-0.372528076171875,D051
1787,0.008935,-0.797066464988721,-26118,-0.79705810546875,99FA,-0.374053947278771,-12257,-0.374053955078125,D01F
1788,0.00894,-0.804234890941202,-26353,-0.804229736328125,990F,-0.379978583740568,-12451,-0.379974365234375,CF5D
1789,0.008945,-0.793199830978704,-25992,-0.793212890625,9A78,-0.380921533050876,-12482,-0.38092041015625,CF3E
1790,0.00895,-0.789014094235916,-25854,-0.78900146484375,9B02,-0.373890484112357,-12252,-0.3739013671875,D024
1791,0.008955,-0.788674130318529,-25843,-0.788665771484375,9B0D,-0.378736738594177,-12410,-0.37872314453125,CF86
1792,0.00896,-0.791153436213739,-25925,-0.791168212890625,9ABB,-0.385612746900893,-12636,-0.3856201171875,CEA4
1793,0.008965,-0.79525209426039,-26059,-0.795257568359375,9A35,-0.365500251826652,-11977,-0.365509033203125,D137
1794,0.00897,-0.785340620491019,-25734,-0.78533935546875,9B7A,-0.380074422252014,-12454,-0.38006591796875,CF5A
1795,0.008975,-0.787266593398635,-25797,-0.787261962890625,9B3B,-0.378069313952776,-12389,-0.378082275390625,CF9B
1796,0.00898,-0.780487745454913,-25575,-0.780487060546875,9C19,-0.37944063456998,-12434,-0.37945556640625,CF6E
1797,0.008985,-0.778408109525883,-25507,-0.778411865234375,9C5D,-0.368555185143607,-12077,-0.368560791015625,D0D3
1798,0.00899,-0.78024722018376,-25567,-0.780242919921875,9C21,-0.370948613225442,-12155,-0.370941162109375,D085
1799,0.008995,-0.771554938779696,-25282,-0.77154541015625,9D3E,-0.368375794888673,-12071,-0.368377685546875,D0D9
1800,0.009,-0.771756985063097,-25289,-0.771759033203125,9D37,-0.359622796464432,-11784,-0.359619140625,D1F8
1801,0.009005,-0.773752095263188,-25354,-0.77374267578125,9CF6,-0.366229088160721,-12001,-0.366241455078125,D11F
1802,0.00901,-0.762346905935318,-24981,-0.762359619140625,9E6B,-0.358282421717878,-11740,-0.3582763671875,D224
1803,0.009015,-0.759364710594747,-24883,-0.759368896484375,9ECD,-0.366666153261307,-12015,-0.366668701171875,D111
1804,0.00902,-0.759483693794365,-24887,-0.759490966796875,9EC9,-0.368807751664615,-12085,-0.368804931640625,D0CB
1805,0.009025,-0.762976533212101,-25001,-0.762969970703125,9E57,-0.36144693855674,-11844,-0.3614501953125,D1BC
1806,0.00903,-0.753756112790321,-24699,-0.753753662109375,9F85,-0.355470743910411,-11648,-0.35546875,D280
1807,0.009035,-0.755961941308634,-24771,-0.755950927734375,9F3D,-0.3481516196924,-11408,-0.34814453125,D370
1808,0.00904,-0.747618332204074,-24498,-0.74761962890625,A04E,-0.363971593275355,-11927,-0.363983154296875,D169
1809,0.009045,-0.750755265150109,-24601,-0.750762939453125,9FE7,-0.364433314042439,-11942,-0.36444091796875,D15A
1810,0.00905,-0.750323625812387,-24587,-0.750335693359375,9FF5,-0.362070176082257,-11864,-0.362060546875,D1A8
1811,0.009055,-0.748859292495955,-24539,-0.748870849609375,A025,-0.361334163555852,-11840,-0.361328125,D1C0
1812,0.00906,-0.726185569520255,-23796,-0.7261962890625,A30C,-0.352271830091072,-11543,-0.352264404296875,D2E9
1813,0.009065,-0.739787017205449,-24241,-0.739776611328125,A14F,-0.35616664046135,-11671,-0.356170654296875,D269
1814,0.00907,-0.734173958999581,-24057,-0.734161376953125,A207,-0.349184694038933,-11442,-0.34918212890625,D34E
1815,0.009075,-0.724357662778774,-23736,-0.724365234375,A348,-0.351361220389227,-11513,-0.351348876953125,D307
1816,0.00908,-0.726933893034036,-23820,-0.7269287109375,A2F4,-0.348311829029766,-11413,-0.348297119140625,D36B
1817,0.009085,-0.733977901606791,-24051,-0.733978271484375,A20D,-0.35558918090664,-11652,-0.3555908203125,D27C
1818,0.00909,-0.722047502578249,-23660,-0.7220458984375,A394,-0.346949021046433,-11369,-0.346954345703125,D397
1819,0.009095,-0.714014492069733,-23397,-0.714019775390625,A49B,-0.345913002127531,-11335,-0.345916748046875,D3B9
1820,0.0091,-0.717966718517302,-23526,-0.71795654296875,A41A,-0.344668691503054,-11294,-0.34466552734375,D3E2
1821,0.009105,-0.726203675423623,-23796,-0.7261962890625,A30C,-0.339530100996093,-11126,-0.33953857421875,D48A
1822,0.00911,-0.72075469807248,-23618,-0.72076416015625,A3BE,-0.344570095086934,-11291,-0.344573974609375,D3E5
1823,0.009115,-0.712721864520335,-23354,-0.71270751953125,A4C6,-0.336598950014015,-11030,-0.33660888671875,D4EA
1824,0.00912,-0.699039686999927,-22906,-0.69903564453125,A686,-0.337872401578474,-11071,-0.337860107421875,D4C1
1825,0.009125,-0.697459904977555,-22854,-0.69744873046875,A6BA,-0.338961639811659,-11107,-0.338958740234375,D49D
1826,0.00913,-0.70802569615459,-23201,-0.708038330078125,A55F,-0.334550959014074,-10963,-0.334564208984375,D52D
1827,0.009135,-0.705474303486965,-23117,-0.705474853515625,A5B3,-0.337552739651343,-11061,-0.337554931640625,D4CB
1828,0.00914,-0.701331236638716,-22981,-0.701324462890625,A63B,-0.332642604906906,-10900,-0.3326416015625,D56C
1829,0.009145,-0.705543728773701,-23119,-0.705535888671875,A5B1,-0.331742118327376,-10871,-0.331756591796875,D589
1830,0.00915,-0.690215632865314,-22617,-0.690216064453125,A7A7,-0.333359605459797,-10924,-0.3333740234375,D554
1831,0.009155,-0.70035341470491,-22949,-0.700347900390625,A65B,-0.338599234819556,-11095,-0.338592529296875,D4A9
1832,0.00916,-0.703993780931362,-23068,-0.7039794921875,A5E4,-0.332890144514917,-10908,-0.3328857421875,D564
1833,0.009165,-0.695851308943047,-22802,-0.69586181640625,A6EE,-0.328014906390887,-10748,-0.3280029296875,D604
1834,0.00917,-0.701370637373949,-22983,-0.701385498046875,A639,-0.335518631056059,-10994,-0.33551025390625,D50E
1835,0.009175,-0.69324518934876,-22716,-0.6932373046875,A744,-0.342379087201368,-11219,-0.342376708984375,D42D
1836,0.00918,-0.69434367264011,-22752,-0.6943359375,A720,-0.327061259550577,-10717,-0.327056884765625,D623
1837,0.009185,-0.689042568290009,-22579,-0.689056396484375,A7CD,-0.315830540333484,-10349,-0.315826416015625,D793
1838,0.00919,-0.692466459908298,-22691,-0.692474365234375,A75D,-0.326289936058041,-10692,-0.3262939453125,D63C
1839,0.009195,-0.698202384774321,-22879,-0.698211669921875,A6A1,-0.327666764654358,-10737,-0.327667236328125,D60F
1840,0.0092,-0.691878781208284,-22671,-0.691864013671875,A771,-0.321730564340605,-10542,-0.32171630859375,D6D2
1841,0.009205,-0.688734857098057,-22568,-0.688720703125,A7D8,-0.312340038306511,-10235,-0.312347412109375,D805
1842,0.00921,-0.698642692348251,-22893,-0.698638916015625,A693,-0.323046360162446,-10586,-0.32305908203125,D6A6
1843,0.009215,-0.700008781329435,-22938,-0.70001220703125,A666,-0.311040171706778,-10192,-0.31103515625,D830
1844,0.00922,-0.692876845415422,-22704,-0.69287109375,A750,-0.322462819530089,-10566,-0.32244873046875,D6BA
1845,0.009225,-0.70297287044447,-23035,-0.702972412109375,A605,-0.308747685357445,-10117,-0.308746337890625,D87B
1846,0.00923,-0.698306107873056,-22882,-0.69830322265625,A69E,-0.311754364545073,-10216,-0.311767578125,D818
1847,0.009235,-0.689766386824056,-22602,-0.68975830078125,A7B6,-0.311494817102433,-10207,-0.311492919921875,D821
1848,0.00924,-0.693590683799751,-22728,-0.693603515625,A738,-0.310086788109192,-10161,-0.310089111328125,D84F
1849,0.009245,-0.692357551538718,-22687,-0.692352294921875,A761,-0.30913760383521,-10130,-0.30914306640625,D86E
1850,0.00925,-0.695429523864316,-22788,-0.6954345703125,A6FC,-0.315537762928317,-10340,-0.3155517578125,D79C
1851,0.009255,-0.697904770882672,-22869,-0.697906494140625,A6AB,-0.312029456550048,-10225,-0.312042236328125,D80F
1852,0.00926,-0.697576177850391,-22858,-0.69757080078125,A6B6,-0.312129384718055,-10228,-0.3121337890625,D80C
1853,0.009265,-0.700474359654625,-22953,-0.700469970703125,A657,-0.311039929791251,-10192,-0.31103515625,D830
1854,0.00927,-0.70009178156976,-22941,-0.700103759765625,A663,-0.304714876191168,-9985,-0.304718017578125,D8FF
1855,0.009275,-0.702326439832587,-23014,-0.70233154296875,A61A,-0.307321182064574,-10070,-0.30731201171875,D8AA
1856,0.00928,-0.697669646220584,-22861,-0.697662353515625,A6B3,-0.309313370126319,-10136,-0.309326171875,D868
1857,0.009285,-0.700975720935725,-22970,-0.70098876953125,A646,-0.309963342814784,-10157,-0.309967041015625,D853
1858,0.00929,-0.70550381299728,-23118,-0.70550537109375,A5B2,-0.306654974211003,-10048,-0.306640625,D8C0
1859,0.009295,-0.700406715159234,-22951,-0.700408935546875,A659,-0.302228141118185,-9903,-0.302215576171875,D951
1860,0.0093,-0.694057841337052,-22743,-0.694061279296875,A729,-0.302238229733249,-9904,-0.30224609375,D950
1861,0.009305,-0.706161513805224,-23140,-0.7061767578125,A59C,-0.30148886984192,-9879,-0.301483154296875,D969
1862,0.00931,-0.695300517693221,-22784,-0.6953125,A700,-0.302874049938755,-9925,-0.302886962890625,D93B
1863,0.009315,-0.693198038937838,-22715,-0.693206787109375,A745,-0.304186693516115,-9968,-0.30419921875,D910
1864,0.00932,-0.704475995513268,-23084,-0.7044677734375,A5D4,-0.295624458047497,-9687,-0.295623779296875,DA29
1865,0.009325,-0.707222943001015,-23174,-0.70721435546875,A57A,-0.292510556288962,-9585,-0.292510986328125,DA8F
1866,0.00933,-0.703994708149439,-23068,-0.7039794921875,A5E4,-0.29786626144425,-9760,-0.2978515625,D9E0
1867,0.009335,-0.706336727251398,-23145,-0.706329345703125,A597,-0.295784270916785,-9692,-0.2957763671875,DA24
1868,0.00934,-0.706910955821864,-23164,-0.7069091796875,A584,-0.298572122760914,-9784,-0.298583984375,D9C8
1869,0.009345,-0.708668278799862,-23222,-0.70867919921875,A54A,-0.304605085131702,-9981,-0.304595947265625,D903
1870,0.00935,-0.702245623482572,-23011,-0.702239990234375,A61D,-0.287608464896128,-9424,-0.28759765625,DB30
1871,0.009355,-0.706605864039577,-23154,-0.70660400390625,A58E,-0.290716043712947,-9526,-0.29071044921875,DACA
1872,0.00936,-0.707857174476748,-23195,-0.707855224609375,A565,-0.29673108196384,-9723,-0.296722412109375,DA05
1873,0.009365,-0.698828897287859,-22899,-0.698822021484375,A68D,-0.286418197488593,-9385,-0.286407470703125,DB57
1874,0.00937,-0.706929251240618,-23165,-0.706939697265625,A583,-0.282679701138212,-9263,-0.282684326171875,DBD1
1875,0.009375,-0.7135177385589,-23381,-0.713531494140625,A4AB,-0.286083371697663,-9374,-0.28607177734375,DB62
1876,0.00938,-0.704343175753966,-23080,-0.704345703125,A5D8,-0.28546188662458,-9354,-0.28546142578125,DB76
1877,0.009385,-0.702202998398758,-23010,-0.70220947265625,A61E,-0.273581806867618,-8965,-0.273590087890625,DCFB
1878,0.00939,-0.701460678720226,-22985,-0.701446533203125,A637,-0.288839001741379,-9465,-0.288848876953125,DB07
1879,0.009395,-0.698435057585484,-22886,-0.69842529296875,A69A,-0.279823811231228,-9169,-0.279815673828125,DC2F
1880,0.0094,-0.702658979952882,-23025,-0.702667236328125,A60F,-0.272358201068752,-8925,-0.272369384765625,DD23
1881,0.009405,-0.69748767095221,-22855,-0.697479248046875,A6B9,-0.28579028809175,-9365,-0.285797119140625,DB6B
1882,0.00941,-0.700369465298773,-22950,-0.70037841796875,A65A,-0.273737957823725,-8970,-0.27374267578125,DCF6
1883,0.009415,-0.7044143432283,-23082,-0.70440673828125,A5D6,-0.283591338204919,-9293,-0.283599853515625,DBB3
1884,0.00942,-0.695957740871281,-22805,-0.695953369140625,A6EB,-0.270335401995962,-8858,-0.27032470703125,DD66
1885,0.009425,-0.700643827410285,-22959,-0.700653076171875,A651,-0.271127691791217,-8884,-0.2711181640625,DD4C
1886,0.00943,-0.699493057189338,-22921,-0.699493408203125,A677,-0.270830309994712,-8875,-0.270843505859375,DD55
1887,0.009435,-0.69815076503478,-22877,-0.698150634765625,A6A3,-0.262587614075766,-8604,-0.2625732421875,DE64
1888,0.00944,-0.691424106602231,-22657,-0.691436767578125,A77F,-0.273436433592373,-8960,-0.2734375,DD00
1889,0.009445,-0.691707402916358,-22666,-0.69171142578125,A776,-0.272423315364345,-8927,-0.272430419921875,DD21
1890,0.00945,-0.689649046812564,-22598,-0.68963623046875,A7BA,-0.262970095432382,-8617,-0.262969970703125,DE57
1891,0.009455,-0.692165310193571,-22681,-0.692169189453125,A767,-0.269202741788292,-8821,-0.269195556640625,DD8B
1892,0.00946,-0.691255009691122,-22651,-0.691253662109375,A785,-0.261571468380227,-8571,-0.261566162109375,DE85
1893,0.009465,-0.69368106147198,-22731,-0.693695068359375,A735,-0.263461615791773,-8633,-0.263458251953125,DE47
1894,0.00947,-0.686319593502988,-22489,-0.686309814453125,A827,-0.251966049852934,-8256,-0.251953125,DFC0
1895,0.009475,-0.692586375964451,-22695,-0.692596435546875,A759,-0.263770920784084,-8643,-0.263763427734375,DE3D
1896,0.00948,-0.691093484041929,-22646,-0.69110107421875,A78A,-0.243028524470675,-7964,-0.2430419921875,E0E4
1897,0.009485,-0.684283564398221,-22423,-0.684295654296875,A869,-0.258630934366577,-8475,-0.258636474609375,DEE5
1898,0.00949,-0.677318869156039,-22194,-0.67730712890625,A94E,-0.237667059526501,-7788,-0.2376708984375,E194
1899,0.009495,-0.685692238865626,-22469,-0.685699462890625,A83B,-0.252647879504789,-8279,-0.252655029296875,DFA9
1900,0.0095,-0.678156402174852,-22222,-0.67816162109375,A932,-0.263355247230131,-8630,-0.26336669921875,DE4A
1901,0.009505,-0.687446399806154,-22526,-0.68743896484375,A802,-0.242885590413315,-7959,-0.242889404296875,E0E9
1902,0.00951,-0.679508816325848,-22266,-0.67950439453125,A906,-0.245238479863924,-8036,-0.2452392578125,E09C
1903,0.009515,-0.671365739500278,-21999,-0.671356201171875,AA11,-0.247305434667301,-8104,-0.247314453125,E058
1904,0.00952,-0.672606539294073,-22040,-0.672607421875,A9E8,-0.240599996728371,-7884,-0.2406005859375,E134
1905,0.009525,-0.668752712980719,-21914,-0.66876220703125,AA66,-0.247743925131071,-8118,-0.24774169921875,E04A
1906,0.00953,-0.676782271102274,-22177,-0.676788330078125,A95F,-0.247196772910886,-8100,-0.2471923828125,E05C
1907,0.009535,-0.663636720164338,-21746,-0.66363525390625,AB0E,-0.241007923804608,-7897,-0.240997314453125,E127
1908,0.00954,-0.670507425428693,-21971,-0.670501708984375,AA2D,-0.240297364064865,-7874,-0.24029541015625,E13E
1909,0.009545,-0.664632257854481,-21779,-0.664642333984375,AAED,-0.239942100695516,-7862,-0.23992919921875,E14A
1910,0.00955,-0.664250260734867,-21766,-0.66424560546875,AAFA,-0.236831397506282,-7760,-0.23681640625,E1B0
1911,0.009555,-0.673632567797364,-22074,-0.67364501953125,A9C6,-0.240136050210396,-7869,-0.240142822265625,E143
1912,0.00956,-0.657863117222733,-21557,-0.657867431640625,ABCB,-0.233302372716226,-7645,-0.233306884765625,E223
1913,0.009565,-0.66604015673219,-21825,-0.666046142578125,AABF,-0.233848602361003,-7663,-0.233856201171875,E211
1914,0.00957,-0.660158493155828,-21632,-0.66015625,AB80,-0.219594070494158,-7196,-0.2196044921875,E3E4
1915,0.009575,-0.65830171885667,-21571,-0.658294677734375,ABBD,-0.238651158401964,-7820,-0.2386474609375,E174
1916,0.00958,-0.659591550240661,-21613,-0.659576416015625,AB93,-0.230986591516854,-7569,-0.230987548828125,E26F
1917,0.009585,-0.647539879735625,-21219,-0.647552490234375,AD1D,-0.229472089808037,-7519,-0.229461669921875,E2A1
1918,0.00959,-0.653949280349178,-21429,-0.653961181640625,AC4B,-0.232665211824498,-7624,-0.232666015625,E238
1919,0.009595,-0.661855854624065,-21688,-0.661865234375,AB48,-0.217892128305253,-7140,-0.2178955078125,E41C
1920,0.0096,-0.646658069931219,-21190,-0.64666748046875,AD3A,-0.222171928302039,-7280,-0.22216796875,E390
1921,0.009605,-0.652606256896647,-21385,-0.652618408203125,AC77,-0.217311089662518,-7121,-0.217315673828125,E42F
1922,0.00961,-0.647827757931415,-21228,-0.6478271484375,AD14,-0.221476626249471,-7257,-0.221466064453125,E3A7
1923,0.009615,-0.656286136048676,-21505,-0.656280517578125,ABFF,-0.224765722130416,-7365,-0.224761962890625,E33B
1924,0.00962,-0.653737598721059,-21422,-0.65374755859375,AC52,-0.222121230502813,-7278,-0.22210693359375,E392
1925,0.009625,-0.642082117565887,-21040,-0.64208984375,ADD0,-0.215751999282629,-7070,-0.21575927734375,E462
1926,0.00963,-0.65097173752767,-21331,-0.650970458984375,ACAD,-0.215240466131665,-7053,-0.215240478515625,E473
1927,0.009635,-0.646707485196364,-21191,-0.646697998046875,AD39,-0.219657803692131,-7198,-0.21966552734375,E3E2
1928,0.00964,-0.650117864056035,-21303,-0.650115966796875,ACC9,-0.221393189734972,-7255,-0.221405029296875,E3A9
1929,0.009645,-0.649888355224658,-21296,-0.64990234375,ACD0,-0.216903071976784,-7107,-0.216888427734375,E43D
1930,0.00965,-0.6452532738953,-21144,-0.645263671875,AD68,-0.205492241345709,-6734,-0.20550537109375,E5B2
1931,0.009655,-0.645744440727593,-21160,-0.645751953125,AD58,-0.206821310561931,-6777,-0.206817626953125,E587
1932,0.00966,-0.654060552109567,-21432,-0.654052734375,AC48,-0.209926914068655,-6879,-0.209930419921875,E521
1933,0.009665,-0.642784819792723,-21063,-0.642791748046875,ADB9,-0.211182900007051,-6920,-0.211181640625,E4F8
1934,0.00967,-0.642275590772181,-21046,-0.64227294921875,ADCA,-0.201364924535965,-6598,-0.20135498046875,E63A
1935,0.009675,-0.651635201996276,-21353,-0.651641845703125,AC97,-0.208344390980452,-6827,-0.208343505859375,E555
1936,0.00968,-0.65344464584461,-21412,-0.6534423828125,AC5C,-0.213733664095224,-7004,-0.2137451171875,E4A4
1937,0.009685,-0.64677954227773,-21194,-0.64678955078125,AD36,-0.205688890971532,-6740,-0.2056884765625,E5AC
1938,0.00969,-0.640747302955784,-20996,-0.6407470703125,ADFC,-0.203050622799383,-6654,-0.20306396484375,E602
1939,0.009695,-0.643615515139863,-21090,-0.64361572265625,AD9E,-0.202336555759664,-6630,-0.20233154296875,E61A
1940,0.0097,-0.643810197675948,-21096,-0.643798828125,AD98,-0.19754762438473,-6473,-0.197540283203125,E6B7
1941,0.009705,-0.63944148406814,-20953,-0.639434814453125,AE27,-0.206713052895399,-6774,-0.20672607421875,E58A
1942,0.00971,-0.65120566092382,-21339,-0.651214599609375,ACA5,-0.199377558172736,-6533,-0.199371337890625,E67B
1943,0.009715,-0.640972521443576,-21003,-0.640960693359375,ADF5,-0.196602471993307,-6442,-0.19659423828125,E6D6
1944,0.00972,-0.645799582193025,-21162,-0.64581298828125,AD56,-0.202245871819754,-6627,-0.202239990234375,E61D
1945,0.009725,-0.644526551835532,-21120,-0.64453125,AD80,-0.202241759789846,-6627,-0.202239990234375,E61D
1946,0.00973,-0.651008615682582,-21332,-0.6510009765625,ACAC,-0.193706262593832,-6347,-0.193695068359375,E735
1947,0.009735,-0.646612173074366,-21188,-0.6466064453125,AD3C,-0.192371031162632,-6304,-0.1923828125,E760
1948,0.00974,-0.643761142221558,-21095,-0.643768310546875,AD99,-0.201966986404649,-6618,-0.20196533203125,E626
1949,0.009745,-0.641980029922394,-21036,-0.6419677734375,ADD4,-0.193819056678352,-6351,-0.193817138671875,E731
1950,0.00975,-0.651133827696064,-21336,-0.651123046875,ACA8,-0.191715338603575,-6282,-0.19171142578125,E776
1951,0.009755,-0.64563481445906,-21156,-0.6456298828125,AD5C,-0.187374600750145,-6140,-0.1873779296875,E804
1952,0.00976,-0.638549706345412,-20924,-0.6385498046875,AE44,-0.180679527305814,-5921,-0.180694580078125,E8DF
1953,0.009765,-0.635849110304869,-20836,-0.6358642578125,AE9C,-0.180895970083119,-5928,-0.180908203125,E8D8
1954,0.00977,-0.633816979430008,-20769,-0.633819580078125,AEDF,-0.183210674803859,-6003,-0.183197021484375,E88D
1955,0.009775,-0.64095426792584,-21003,-0.640960693359375,ADF5,-0.185416770897486,-6076,-0.1854248046875,E844
1956,0.00978,-0.635857319834204,-20836,-0.6358642578125,AE9C,-0.183178468438402,-6002,-0.18316650390625,E88E
1957,0.009785,-0.634481214789395,-20791,-0.634490966796875,AEC9,-0.182682039995163,-5986,-0.18267822265625,E89E
1958,0.00979,-0.645460035499866,-21150,-0.64544677734375,AD62,-0.182867434453874,-5992,-0.182861328125,E898
1959,0.009795,-0.632263023839199,-20718,-0.63226318359375,AF12,-0.171166562768372,-5609,-0.171173095703125,EA17
1960,0.0098,-0.634461551861497,-20790,-0.63446044921875,AECA,-0.187110777026943,-6131,-0.187103271484375,E80D
1961,0.009805,-0.635221018744895,-20815,-0.635223388671875,AEB1,-0.187550392243528,-6146,-0.18756103515625,E7FE
1962,0.00981,-0.637959049259439,-20905,-0.637969970703125,AE57,-0.180914746482466,-5928,-0.180908203125,E8D8
1963,0.009815,-0.62921939047274,-20618,-0.62921142578125,AF76,-0.183859475473483,-6025,-0.183868408203125,E877
1964,0.00982,-0.631860974606056,-20705,-0.631866455078125,AF1F,-0.174726618342576,-5725,-0.174713134765625,E9A3
1965,0.009825,-0.63095211161158,-20675,-0.630950927734375,AF3D,-0.173614364817636,-5689,-0.173614501953125,E9C7
1966,0.00983,-0.635173510983933,-20813,-0.635162353515625,AEB3,-0.169822709903034,-5565,-0.169830322265625,EA43
1967,0.009835,-0.623270782594676,-20423,-0.623260498046875,B039,-0.169402565396129,-5551,-0.169403076171875,EA51
1968,0.00984,-0.623414294964215,-20428,-0.6234130859375,B034,-0.169252438743649,-5546,-0.16925048828125,EA56
1969,0.009845,-0.628737127230641,-20602,-0.62872314453125,AF86,-0.17490931241203,-5731,-0.174896240234375,E99D
1970,0.00985,-0.621583914287761,-20368,-0.62158203125,B070,-0.177748503549541,-5824,-0.177734375,E940
1971,0.009855,-0.620675161445732,-20338,-0.62066650390625,B08E,-0.160210027578824,-5250,-0.16021728515625,EB7E
1972,0.00986,-0.625850915087892,-20508,-0.6258544921875,AFE4,-0.174899717676466,-5731,-0.174896240234375,E99D
1973,0.009865,-0.626061387669464,-20515,-0.626068115234375,AFDD,-0.168901670784769,-5535,-0.168914794921875,EA61
1974,0.00987,-0.61288324151135,-20083,-0.612884521484375,B18D,-0.163707696167887,-5364,-0.1636962890625,EB0C
1975,0.009875,-0.620309396745595,-20326,-0.62030029296875,B09A,-0.171818619201499,-5630,-0.17181396484375,EA02
1976,0.00988,-0.6173897816108,-20231,-0.617401123046875,B0F9,-0.160280303671052,-5252,-0.1602783203125,EB7C
1977,0.009885,-0.619763735761047,-20308,-0.6197509765625,B0AC,-0.166533952072618,-5457,-0.166534423828125,EAAF
1978,0.00989,-0.610022909831274,-19989,-0.610015869140625,B1EB,-0.16118781451394,-5282,-0.16119384765625,EB5E
1979,0.009895,-0.610771981730364,-20014,-0.61077880859375,B1D2,-0.159468586094627,-5225,-0.159454345703125,EB97
1980,0.0099,-0.606392975515629,-19870,-0.60638427734375,B262,-0.168446755150194,-5520,-0.16845703125,EA70
1981,0.009905,-0.607846072618351,-19918,-0.60784912109375,B232,-0.157787506129537,-5170,-0.15777587890625,EBCE
1982,0.00991,-0.600282319878226,-19670,-0.60028076171875,B32A,-0.158162806581739,-5183,-0.158172607421875,EBC1
1983,0.009915,-0.614247794737186,-20128,-0.6142578125,B160,-0.150719089751177,-4939,-0.150726318359375,ECB5
1984,0.00992,-0.609521208704147,-19973,-0.609527587890625,B1FB,-0.151211415394206,-4955,-0.151214599609375,ECA5
1985,0.009925,-0.598884625352734,-19624,-0.598876953125,B358,-0.152259862529653,-4989,-0.152252197265625,EC83
1986,0.00993,-0.598258272617896,-19604,-0.5982666015625,B36C,-0.159121513774308,-5214,-0.15911865234375,EBA2
1987,0.009935,-0.590555953774554,-19351,-0.590545654296875,B469,-0.150399279261357,-4928,-0.150390625,ECC0
1988,0.00994,-0.594948991142182,-19495,-0.594940185546875,B3D9,-0.148132490271465,-4854,-0.14813232421875,ED0A
1989,0.009945,-0.583989119098077,-19136,-0.583984375,B540,-0.149919537272782,-4913,-0.149932861328125,ECCF
1990,0.00995,-0.598813407625493,-19622,-0.59881591796875,B35A,-0.147370311549095,-4829,-0.147369384765625,ED23
1991,0.009955,-0.585141640968966,-19174,-0.58514404296875,B51A,-0.140352454782673,-4599,-0.140350341796875,EE09
1992,0.00996,-0.584473585419134,-19152,-0.58447265625,B530,-0.137494975405704,-4505,-0.137481689453125,EE67
1993,0.009965,-0.589480070339596,-19316,-0.5894775390625,B48C,-0.133114344926061,-4362,-0.13311767578125,EEF6
1994,0.00997,-0.589927261906998,-19331,-0.589935302734375,B47D,-0.148912742858963,-4880,-0.14892578125,ECF0
1995,0.009975,-0.581164167773307,-19044,-0.5811767578125,B59C,-0.150697416023062,-4938,-0.15069580078125,ECB6
1996,0.00998,-0.589688200042089,-19323,-0.589691162109375,B485,-0.134898802202804,-4420,-0.1348876953125,EEBC
1997,0.009985,-0.578821397982096,-18967,-0.578826904296875,B5E9,-0.133843847630791,-4386,-0.13385009765625,EEDE
1998,0.00999,-0.586839222746011,-19230,-0.58685302734375,B4E2,-0.132030554605298,-4326,-0.13201904296875,EF1A
1999,0.009995,-0.579974562644579,-19005,-0.579986572265625,B5C3,-0.141605092507316,-4640,-0.1416015625,EDE0
2000,0.01,-0.588968909925449,-19299,-0.588958740234375,B49D,-0.127907300424867,-4191,-0.127899169921875,EFA1
2001,0.010005,-0.577126197922328,-18911,-0.577117919921875,B621,-0.134027294593235,-4392,-0.134033203125,EED8
2002,0.01001,-0.583909920273038,-19134,-0.58392333984375,B542,-0.144104335602165,-4722,-0.14410400390625,ED8E
2003,0.010015,-0.578740341075773,-18964,-0.5787353515625,B5EC,-0.126245573361844,-4137,-0.126251220703125,EFD7
2004,0.01002,-0.573021917675031,-18777,-0.573028564453125,B6A7,-0.134835556866244,-4418,-0.13482666015625,EEBE
2005,0.010025,-0.575478573653388,-18857,-0.575469970703125,B657,-0.134296278655653,-4401,-0.134307861328125,EECF
2006,0.01003,-0.577484831727217,-18923,-0.577484130859375,B615,-0.127503827581639,-4178,-0.12750244140625,EFAE
2007,0.010035,-0.57886474775665,-18968,-0.578857421875,B5E8,-0.133040178678478,-4359,-0.133026123046875,EEF9
2008,0.01004,-0.564480985422721,-18497,-0.564483642578125,B7BF,-0.11996551956708,-3931,-0.119964599609375,F0A5
2009,0.010045,-0.573524924250554,-18793,-0.573516845703125,B697,-0.126311849012258,-4139,-0.126312255859375,EFD5
2010,0.01005,-0.567595071073816,-18599,-0.567596435546875,B759,-0.123697013794652,-4053,-0.123687744140625,F02B
2011,0.010055,-0.574092979758023,-18812,-0.5740966796875,B684,-0.125233161129619,-4104,-0.125244140625,EFF8
2012,0.01006,-0.563726783997864,-18472,-0.563720703125,B7D8,-0.122037532273526,-3999,-0.122039794921875,F061
2013,0.010065,-0.563595743376676,-18468,-0.5635986328125,B7DC,-0.125462430285665,-4111,-0.125457763671875,EFF1
2014,0.01007,-0.566416212890013,-18560,-0.56640625,B780,-0.112127228859465,-3674,-0.11212158203125,F1A6
2015,0.010075,-0.554997434875217,-18186,-0.55499267578125,B8F6,-0.134526264104548,-4408,-0.134521484375,EEC8
2016,0.01008,-0.570695078700876,-18701,-0.570709228515625,B6F3,-0.121989029228754,-3997,-0.121978759765625,F063
2017,0.010085,-0.560170142788068,-18356,-0.5601806640625,B84C,-0.126468984779417,-4144,-0.12646484375,EFD0
2018,0.01009,-0.561862934543171,-18411,-0.561859130859375,B815,-0.109501833875916,-3588,-0.1094970703125,F1FC
2019,0.010095,-0.560905910468053,-18380,-0.5609130859375,B834,-0.112756319944442,-3695,-0.112762451171875,F191
2020,0.0101,-0.558659473187764,-18306,-0.55865478515625,B87E,-0.108248339473858,-3547,-0.108245849609375,F225
2021,0.010105,-0.56231222207727,-18426,-0.56231689453125,B806,-0.118568393779534,-3885,-0.118560791015625,F0D3
2022,0.01011,-0.556021685198158,-18220,-0.5560302734375,B8D4,-0.120778497056127,-3958,-0.12078857421875,F08A
2023,0.010115,-0.55071485853178,-18046,-0.55072021484375,B982,-0.122086822925674,-4001,-0.122100830078125,F05F
2024,0.01012,-0.549365526796851,-18002,-0.54937744140625,B9AE,-0.116225015983217,-3808,-0.1162109375,F120
2025,0.010125,-0.554232770746561,-18161,-0.554229736328125,B90F,-0.0984526965450737,-3226,-0.09844970703125,F366
2026,0.01013,-0.560526259128689,-18367,-0.560516357421875,B841,-0.104337506209601,-3419,-0.104339599609375,F2A5
2027,0.010135,-0.549398386149304,-18003,-0.549407958984375,B9AD,-0.113053363447512,-3705,-0.113067626953125,F187
2028,0.01014,-0.56056457708734,-18369,-0.560577392578125,B83F,-0.105638902935655,-3462,-0.10565185546875,F27A
2029,0.010145,-0.554303169562843,-18163,-0.554290771484375,B90D,-0.0975349036106297,-3196,-0.0975341796875,F384
2030,0.01015,-0.547544831485329,-17942,-0.54754638671875,B9EA,-0.109504852353192,-3588,-0.1094970703125,F1FC
2031,0.010155,-0.550664784005604,-18044,-0.5506591796875,B984,-0.0964558173384788,-3161,-0.096466064453125,F3A7
2032,0.01016,-0.543096541794755,-17796,-0.5430908203125,BA7C,-0.0908454174678225,-2977,-0.090850830078125,F45F
2033,0.010165,-0.550777792703831,-18048,-0.55078125,B980,-0.0967918299425534,-3172,-0.0968017578125,F39C
2034,0.01017,-0.547863806794897,-17952,-0.5478515625,B9E0,-0.0925719711489708,-3033,-0.092559814453125,F427
2035,0.010175,-0.549375947087605,-18002,-0.54937744140625,B9AE,-0.0929526979767069,-3046,-0.09295654296875,F41A
2036,0.01018,-0.54280206810697,-17787,-0.542816162109375,BA85,-0.103254119716632,-3383,-0.103240966796875,F2C9
2037,0.010185,-0.536221029951791,-17571,-0.536224365234375,BB5D,-0.0991714650132331,-3250,-0.09918212890625,F34E
2038,0.01019,-0.535115850490666,-17535,-0.535125732421875,BB81,-0.0979929296049959,-3211,-0.097991943359375,F375
2039,0.010195,-0.544114633906925,-17830,-0.54412841796875,BA5A,-0.0901733468455475,-2955,-0.090179443359375,F475
2040,0.0102,-0.52389462312928,-17167,-0.523895263671875,BCF1,-0.0887426281994324,-2908,-0.0887451171875,F4A4
2041,0.010205,-0.537777110774534,-17622,-0.53778076171875,BB2A,-0.0887819674688124,-2909,-0.088775634765625,F4A3
2042,0.01021,-0.541696650173721,-17750,-0.54168701171875,BAAA,-0.0925249308099925,-3032,-0.092529296875,F428
2043,0.010215,-0.529735301784411,-17358,-0.52972412109375,BC32,-0.0828242081333416,-2714,-0.08282470703125,F566
2044,0.01022,-0.526452824007949,-17251,-0.526458740234375,BC9D,-0.0872663963019076,-2860,-0.0872802734375,F4D4
2045,0.010225,-0.529841321319371,-17362,-0.52984619140625,BC2E,-0.099313982781577,-3254,-0.09930419921875,F34A
2046,0.01023,-0.523683744866429,-17160,-0.523681640625,BCF8,-0.0760677714722936,-2493,-0.076080322265625,F643
2047,0.010235,-0.523260450736705,-17146,-0.52325439453125,BD06,-0.0831613866707952,-2725,-0.083160400390625,F55B
2048,0.01024,-0.526172659832749,-17242,-0.52618408203125,BCA6,-0.080586608384728,-2641,-0.080596923828125,F5AF
2049,0.010245,-0.523344114183859,-17149,-0.523345947265625,BD03,-0.0793619679706842,-2601,-0.079376220703125,F5D7
2050,0.01025,-0.522852771986349,-17133,-0.522857666015625,BD13,-0.0707542402855392,-2318,-0.07073974609375,F6F2
2051,0.010255,-0.518827551161551,-17001,-0.518829345703125,BD97,-0.0836535294688033,-2741,-0.083648681640625,F54B
2052,0.01026,-0.516562709879715,-16927,-0.516571044921875,BDE1,-0.0669990866362973,-2195,-0.066986083984375,F76D
2053,0.010265,-0.520432215126397,-17054,-0.52044677734375,BD62,-0.0724798168209273,-2375,-0.072479248046875,F6B9
2054,0.01027,-0.51406880255012,-16845,-0.514068603515625,BE33,-0.074497803043643,-2441,-0.074493408203125,F677
2055,0.010275,-0.511802853530743,-16771,-0.511810302734375,BE7D,-0.0682404047319809,-2236,-0.0682373046875,F744
2056,0.01028,-0.503821370670885,-16509,-0.503814697265625,BF83,-0.0656925937172455,-2153,-0.065704345703125,F797
2057,0.010285,-0.515733719096575,-16900,-0.5157470703125,BDFC,-0.0665416420333206,-2180,-0.0665283203125,F77C
2058,0.01029,-0.50740973563735,-16627,-0.507415771484375,BF0D,-0.0663936019600158,-2176,-0.06640625,F780
2059,0.010295,-0.509082338412621,-16682,-0.50909423828125,BED6,-0.0655477001072132,-2148,-0.0655517578125,F79C
2060,0.0103,-0.497984139420649,-16318,-0.49798583984375,C042,-0.0607221242253032,-1990,-0.06072998046875,F83A
2061,0.010305,-0.504077143616729,-16518,-0.50408935546875,BF7A,-0.0634440160092596,-2079,-0.063446044921875,F7E1
2062,0.01031,-0.49800645495858,-16319,-0.498016357421875,C041,-0.0595178621937459,-1950,-0.05950927734375,F862
2063,0.010315,-0.48929873882206,-16033,-0.489288330078125,C15F,-0.057150185063127,-1873,-0.057159423828125,F8AF
2064,0.01032,-0.509675667247741,-16701,-0.509674072265625,BEC3,-0.0587882938221425,-1926,-0.05877685546875,F87A
2065,0.010325,-0.492684856940026,-16144,-0.49267578125,C0F0,-0.0531214875441908,-1741,-0.053131103515625,F933
2066,0.01033,-0.486999273950554,-15958,-0.48699951171875,C1AA,-0.0433144857724181,-1419,-0.043304443359375,FA75
2067,0.010335,-0.486579720381719,-15944,-0.486572265625,C1B8,-0.062086404460156,-2034,-0.06207275390625,F80E
2068,0.01034,-0.479581672212863,-15715,-0.479583740234375,C29D,-0.0481984849648507,-1579,-0.048187255859375,F9D5
2069,0.010345,-0.48386611373071,-15855,-0.483856201171875,C211,-0.0497274607034743,-1629,-0.049713134765625,F9A3
2070,0.01035,-0.490123503894825,-16060,-0.4901123046875,C144,-0.0380807033036545,-1248,-0.0380859375,FB20
2071,0.010355,-0.488153701590147,-15996,-0.4881591796875,C184,-0.0499521742997541,-1637,-0.049957275390625,F99B
2072,0.01036,-0.478794914256492,-15689,-0.478790283203125,C2B7,-0.0448058921804012,-1468,-0.0447998046875,FA44
2073,0.010365,-0.476192412046171,-15604,-0.4761962890625,C30C,-0.0542101594070344,-1776,-0.05419921875,F910
2074,0.01037,-0.484603721712336,-15879,-0.484588623046875,C1F9,-0.0421913195381836,-1383,-0.042205810546875,FA99
2075,0.010375,-0.489978349909045,-16056,-0.489990234375,C148,-0.0338949857992544,-1111,-0.033905029296875,FBA9
2076,0.01038,-0.4774970812027,-15647,-0.477508544921875,C2E1,-0.0361492522138575,-1185,-0.036163330078125,FB5F
2077,0.010385,-0.48449407517061,-15876,-0.4844970703125,C1FC,-0.0462006053821797,-1514,-0.04620361328125,FA16
2078,0.01039,-0.478340378273664,-15674,-0.47833251953125,C2C6,-0.0370361597806527,-1214,-0.03704833984375,FB42
2079,0.010395,-0.474261823060602,-15541,-0.474273681640625,C34B,-0.0409500918366478,-1342,-0.04095458984375,FAC2
2080,0.0104,-0.472064052312516,-15469,-0.472076416015625,C393,-0.0302950764778244,-993,-0.030303955078125,FC1F
2081,0.010405,-0.478925053646977,-15693,-0.478912353515625,C2B3,-0.0278208091764246,-912,-0.02783203125,FC70
2082,0.01041,-0.471913956966313,-15464,-0.471923828125,C398,-0.029944834135189,-981,-0.029937744140625,FC2B
2083,0.010415,-0.470977224753201,-15433,-0.470977783203125,C3B7,-0.0382268203075892,-1253,-0.038238525390625,FB1B
2084,0.01042,-0.458604555283853,-15028,-0.4586181640625,C54C,-0.0289182515626126,-948,-0.0289306640625,FC4C
2085,0.010425,-0.45818726093815,-15014,-0.45819091796875,C55A,-0.0287404913284442,-942,-0.02874755859375,FC52
2086,0.01043,-0.466844806950333,-15298,-0.46685791015625,C43E,-0.026727138353725,-876,-0.0267333984375,FC94
2087,0.010435,-0.472247550921024,-15475,-0.472259521484375,C38D,-0.0265007197174005,-868,-0.0264892578125,FC9C
2088,0.01044,-0.467303468343798,-15313,-0.467315673828125,C42F,-0.0169674416443825,-556,-0.0169677734375,FDD4
2089,0.010445,-0.470760092654345,-15426,-0.47076416015625,C3BE,-0.0277675763356473,-910,-0.02777099609375,FC72
2090,0.01045,-0.463418285658751,-15185,-0.463409423828125,C4AF,-0.0233459820097886,-765,-0.023345947265625,FD03
2091,0.010455,-0.477540581896755,-15648,-0.4775390625,C2E0,-0.0247765185036944,-812,-0.0247802734375,FCD4
2092,0.01046,-0.46285024639428,-15167,-0.462860107421875,C4C1,-0.0175185173828462,-574,-0.01751708984375,FDC2
2093,0.010465,-0.470785775672561,-15427,-0.470794677734375,C3BD,-0.0167445758452013,-549,-0.016754150390625,FDDB
2094,0.01047,-0.475151706623818,-15570,-0.47515869140625,C32E,-0.0128417186474683,-421,-0.012847900390625,FE5B
2095,0.010475,-0.467965732998076,-15334,-0.46795654296875,C41A,-0.0121983761495727,-400,-0.01220703125,FE70
2096,0.01048,-0.470517904076023,-15418,-0.47052001953125,C3C6,-0.00340012760471818,-111,-0.003387451171875,FF91
2097,0.010485,-0.469943607783079,-15399,-0.469940185546875,C3D9,-0.0081610147538114,-267,-0.008148193359375,FEF5
2098,0.01049,-0.469670257196554,-15390,-0.46966552734375,C3E2,-0.0157757442623361,-517,-0.015777587890625,FDFB
2099,0.010495,-0.465381841775842,-15250,-0.46539306640625,C46E,-0.0124428398615995,-408,-0.012451171875,FE68
2100,0.0105,-0.466400593401171,-15283,-0.466400146484375,C44D,-5.60662527063901e-05,-2,-6.103515625e-05,FFFE
2101,0.010505,-0.458718845144542,-15031,-0.458709716796875,C549,-0.00813492444284962,-267,-0.008148193359375,FEF5
2102,0.01051,-0.469027341738737,-15369,-0.469024658203125,C3F7,0.00222556451791594,73,0.002227783203125,0049
2103,0.010515,-0.476826561277419,-15625,-0.476837158203125,C2F7,-0.000394716338368378,-13,-0.000396728515625,FFF3
2104,0.01052,-0.467377963995843,-15315,-0.467376708984375,C42D,-0.0153507146074097,-503,-0.015350341796875,FE09
2105,0.010525,-0.464742491376261,-15229,-0.464752197265625,C483,-0.00375751973863038,-123,-0.003753662109375,FF85
2106,0.01053,-0.473108124294987,-15503,-0.473114013671875,C371,0.00559433930109386,183,0.005584716796875,00B7
2107,0.010535,-0.464196450998083,-15211,-0.464202880859375,C495,0.0010381638916927,34,0.00103759765625,0022
2108,0.01054,-0.473461270407336,-15514,-0.47344970703125,C366,0.000849025188777083,28,0.0008544921875,001C
2109,0.010545,-0.469604973088096,-15388,-0.4696044921875,C3E4,0.0131168317393989,430,0.01312255859375,01AE
2110,0.01055,-0.468955125741146,-15367,-0.468963623046875,C3F9,0.0117783962718651,386,0.01177978515625,0182
2111,0.010555,-0.46772278101867,-15326,-0.46771240234375,C422,0.0155034133015928,508,0.0155029296875,01FC
2112,0.01056,-0.465684314697093,-15260,-0.4656982421875,C464,0.00791185898097872,259,0.007904052734375,0103
2113,0.010565,-0.459489275475237,-15057,-0.459503173828125,C52F,0.0118818894847171,389,0.011871337890625,0185
2114,0.01057,-0.472191454266043,-15473,-0.472198486328125,C38F,0.0260018716225461,852,0.0260009765625,0354
2115,0.010575,-0.463386863454326,-15184,-0.46337890625,C4B0,0.0115882057019611,380,0.0115966796875,017C
2116,0.01058,-0.463026543831459,-15172,-0.4630126953125,C4BC,0.0245301553841891,804,0.0245361328125,0324
2117,0.010585,-0.470645915773946,-15422,-0.47064208984375,C3C2,0.0208461514363118,683,0.020843505859375,02AB
2118,0.01059,-0.470993694337226,-15434,-0.47100830078125,C3B6,0.0256662762160232,841,0.025665283203125,0349
2119,0.010595,-0.464270679270842,-15213,-0.464263916015625,C493,0.0157679325002916,517,0.015777587890625,0205
2120,0.0106,-0.46847923664689,-15351,-0.468475341796875,C409,0.0227358493495369,745,0.022735595703125,02E9
2121,0.010605,-0.466593841438326,-15289,-0.466583251953125,C447,0.0304923121198966,999,0.030487060546875,03E7
2122,0.01061,-0.459330375788978,-15051,-0.459320068359375,C535,0.0312504074419861,1024,0.03125,0400
2123,0.010615,-0.453625714636338,-14864,-0.45361328125,C5F0,0.0260113821287718,852,0.0260009765625,0354
2124,0.01062,-0.462126434020768,-15143,-0.462127685546875,C4D9,0.0319624176196596,1047,0.031951904296875,0417
2125,0.010625,-0.46363019518552,-15192,-0.463623046875,C4A8,0.0271906188205971,891,0.027191162109375,037B
2126,0.01063,-0.465481490894449,-15253,-0.465484619140625,C46B,0.0347027283753267,1137,0.034698486328125,0471
2127,0.010635,-0.455327784029356,-14920,-0.455322265625,C5B8,0.0447727685176656,1467,0.044769287109375,05BB
2128,0.01064,-0.460314766302128,-15084,-0.4603271484375,C514,0.0360239415880484,1180,0.0360107421875,049C
2129,0.010645,-0.472093518282869,-15470,-0.47210693359375,C392,0.0366092906749822,1200,0.03662109375,04B0
2130,0.01065,-0.459429298827019,-15055,-0.459442138671875,C531,0.0384859498837301,1261,0.038482666015625,04ED
2131,0.010655,-0.451823818352701,-14805,-0.451812744140625,C62B,0.04219101082618,1383,0.042205810546875,0567
2132,0.01066,-0.463572034793262,-15190,-0.46356201171875,C4AA,0.0416285344554656,1364,0.0416259765625,0554
2133,0.010665,-0.45103397163261,-14779,-0.451019287109375,C645,0.0433830703890438,1422,0.04339599609375,058E
2134,0.01067,-0.450143918312629,-14750,-0.45013427734375,C662,0.054488366924158,1785,0.054473876953125,06F9
2135,0.010675,-0.447199737218802,-14654,-0.44720458984375,C6C2,0.0602159700597124,1973,0.060211181640625,07B5
2136,0.01068,-0.450891870801362,-14775,-0.450897216796875,C649,0.0471311483718908,1544,0.047119140625,0608
2137,0.010685,-0.452424076600057,-14825,-0.452423095703125,C617,0.057632277401484,1888,0.0576171875,0760
2138,0.01069,-0.45350425898654,-14860,-0.4534912109375,C5F4,0.0511756210627143,1677,0.051177978515625,068D
2139,0.010695,-0.449688713675155,-14735,-0.449676513671875,C671,0.0699252188578291,2291,0.069915771484375,08F3
2140,0.0107,-0.444740454527056,-14573,-0.444732666015625,C713,0.0537756212031594,1762,0.05377197265625,06E2
2141,0.010705,-0.439556177237812,-14403,-0.439544677734375,C7BD,0.0515071205538325,1688,0.051513671875,0698
2142,0.01071,-0.442481509404681,-14499,-0.442474365234375,C75D,0.0709449843922249,2325,0.070953369140625,0915
2143,0.010715,-0.44223537546569,-14491,-0.442230224609375,C765,0.0582263087839536,1908,0.0582275390625,0774
2144,0.01072,-0.445491538486109,-14598,-0.44549560546875,C6FA,0.0667673861108105,2188,0.0667724609375,088C
2145,0.010725,-0.430830161484974,-14117,-0.430816650390625,C8DB,0.0614391740388225,2013,0.061431884765625,07DD
2146,0.01073,-0.434079197242612,-14224,-0.43408203125,C870,0.078803214295691,2582,0.07879638671875,0A16
2147,0.010735,-0.43759970980688,-14339,-0.437591552734375,C7FD,0.06973497932936,2285,0.069732666015625,08ED
2148,0.01074,-0.432562321814671,-14174,-0.43255615234375,C8A2,0.0684674588078486,2244,0.0684814453125,08C4
2149,0.010745,-0.434354149437076,-14233,-0.434356689453125,C867,0.0698575100619684,2289,0.069854736328125,08F1
2150,0.01075,-0.427790821285448,-14018,-0.42779541015625,C93E,0.0803432676142696,2633,0.080352783203125,0A49
2151,0.010755,-0.42195007204043,-13826,-0.42193603515625,C9FE,0.0753806064748625,2470,0.07537841796875,09A6
2152,0.01076,-0.428433168817729,-14039,-0.428436279296875,C929,0.065559208986536,2148,0.0655517578125,0864
2153,0.010765,-0.423128639723142,-13865,-0.423126220703125,C9D7,0.072914253475702,2389,0.072906494140625,0955
2154,0.01077,-0.409206374691377,-13409,-0.409210205078125,CB9F,0.0781998561739069,2562,0.07818603515625,0A02
2155,0.010775,-0.427637523657443,-14013,-0.427642822265625,C943,0.0683878962797095,2241,0.068389892578125,08C1
2156,0.01078,-0.415649664446958,-13620,-0.4156494140625,CACC,0.0782859973909406,2565,0.078277587890625,0A05
2157,0.010785,-0.421248915684471,-13803,-0.421234130859375,CA15,0.0764858086754705,2506,0.07647705078125,09CA
2158,0.01079,-0.418658355634838,-13719,-0.418670654296875,CA69,0.0810900347114983,2657,0.081085205078125,0A61
2159,0.010795,-0.410186402088819,-13441,-0.410186767578125,CB7F,0.0853666478238002,2797,0.085357666015625,0AED
2160,0.0108,-0.405987600998163,-13303,-0.405975341796875,CC09,0.0866337419073026,2839,0.086639404296875,0B17
2161,0.010805,-0.407534340800618,-13354,-0.40753173828125,CBD6,0.0856693598524968,2807,0.085662841796875,0AF7
2162,0.01081,-0.410893722609861,-13464,-0.410888671875,CB68,0.0918634274622599,3010,0.09185791015625,0BC2
2163,0.010815,-0.410920351274204,-13465,-0.410919189453125,CB67,0.0892607144609203,2925,0.089263916015625,0B6D
2164,0.01082,-0.412481352273745,-13516,-0.4124755859375,CB34,0.0955221788867897,3130,0.09552001953125,0C3A
2165,0.010825,-0.407222148203471,-13344,-0.4072265625,CBE0,0.104087970797279,3411,0.104095458984375,0D53
2166,0.01083,-0.402118562511465,-13177,-0.402130126953125,CC87,0.102289203403128,3352,0.102294921875,0D18
2167,0.010835,-0.398417965607333,-13055,-0.398406982421875,CD01,0.0906220706586217,2970,0.09063720703125,0B9A
2168,0.01084,-0.404955542168469,-13270,-0.40496826171875,CC2A,0.0982774803880337,3220,0.0982666015625,0C94
2169,0.010845,-0.404389097592785,-13251,-0.404388427734375,CC3D,0.0856556975834034,2807,0.085662841796875,0AF7
2170,0.01085,-0.404171247470419,-13244,-0.4041748046875,CC44,0.103166011945332,3381,0.103179931640625,0D35
2171,0.010855,-0.406877728754052,-13333,-0.406890869140625,CBEB,0.0964632908358211,3161,0.096466064453125,0C59
2172,0.01086,-0.397037245205639,-13010,-0.39703369140625,CD2E,0.0964961510264683,3162,0.09649658203125,0C5A
2173,0.010865,-0.397210012012859,-13016,-0.397216796875,CD28,0.0936300743247269,3068,0.0936279296875,0BFC
2174,0.01087,-0.400535352373665,-13125,-0.400543212890625,CCBB,0.0902031693296592,2956,0.0902099609375,0B8C
2175,0.010875,-0.388442569311432,-12728,-0.388427734375,CE48,0.101227362660363,3317,0.101226806640625,0CF5
2176,0.01088,-0.392401267348123,-12858,-0.39239501953125,CDC6,0.102341019551887,3354,0.10235595703125,0D1A
2177,0.010885,-0.398710801073882,-13065,-0.398712158203125,CCF7,0.104540969003998,3426,0.10455322265625,0D62
2178,0.01089,-0.388983643929594,-12746,-0.38897705078125,CE36,0.105702328818085,3464,0.105712890625,0D88
2179,0.010895,-0.398058667778887,-13044,-0.3980712890625,CD0C,0.0979836213054141,3211,0.097991943359375,0C8B
2180,0.0109,-0.394092226716535,-12914,-0.39410400390625,CD8E,0.107480422857264,3522,0.10748291015625,0DC2
2181,0.010905,-0.384764045880985,-12608,-0.384765625,CEC0,0.108870491492621,3567,0.108856201171875,0DEF
2182,0.01091,-0.388721143684231,-12738,-0.38873291015625,CE3E,0.111806616998014,3664,0.11181640625,0E50
2183,0.010915,-0.388300116820439,-12724,-0.3883056640625,CE4C,0.10789991022173,3536,0.10791015625,0DD0
2184,0.01092,-0.386539510022005,-12666,-0.38653564453125,CE86,0.100639998140303,3298,0.10064697265625,0CE2
2185,0.010925,-0.380875803044452,-12481,-0.380889892578125,CF3F,0.117524940144054,3851,0.117523193359375,0F0B
2186,0.01093,-0.38476700556311,-12608,-0.384765625,CEC0,0.111060965749759,3639,0.111053466796875,0E37
2187,0.010935,-0.387039913124158,-12683,-0.387054443359375,CE75,0.10757929546631,3525,0.107574462890625,0DC5
2188,0.01094,-0.382097762491165,-12521,-0.382110595703125,CF17,0.116491961980879,3817,0.116485595703125,0EE9
2189,0.010945,-0.388338964656436,-12725,-0.388336181640625,CE4B,0.119076384423227,3902,0.11907958984375,0F3E
2190,0.01095,-0.37658765465592,-12340,-0.3765869140625,CFCC,0.11751662937119,3851,0.117523193359375,0F0B
2191,0.010955,-0.378781539662854,-12412,-0.3787841796875,CF84,0.116303502140765,3811,0.116302490234375,0EE3
2192,0.01096,-0.37680797345772,-12347,-0.376800537109375,CFC5,0.120150222096543,3937,0.120147705078125,0F61
2193,0.010965,-0.385388943366667,-12628,-0.3853759765625,CEAC,0.12716607112508,4167,0.127166748046875,1047
2194,0.01097,-0.369960364557092,-12123,-0.369964599609375,D0A5,0.118836578901947,3894,0.11883544921875,0F36
2195,0.010975,-0.374285981105889,-12265,-0.374298095703125,D017,0.12115305429514,3970,0.12115478515625,0F82
2196,0.01098,-0.375421399346113,-12302,-0.37542724609375,CFF2,0.114194244301698,3742,0.11419677734375,0E9E
2197,0.010985,-0.374183815041824,-12261,-0.374176025390625,D01B,0.12019816490415,3939,0.120208740234375,0F63
2198,0.01099,-0.371698449170073,-12180,-0.3717041015625,D06C,0.131692810154171,4315,0.131683349609375,10DB
2199,0.010995,-0.370298125347181,-12134,-0.37030029296875,D09A,0.118213338114274,3874,0.11822509765625,0F22
2200,0.011,-0.368320848158697,-12069,-0.368316650390625,D0DB,0.133299852530419,4368,0.13330078125,1110
2201,0.011005,-0.373662912422485,-12244,-0.3736572265625,D02C,0.13371739112026,4382,0.13372802734375,111E
2202,0.01101,-0.373739124518399,-12247,-0.373748779296875,D029,0.126974302544019,4161,0.126983642578125,1041
2203,0.011015,-0.365501886630946,-11977,-0.365509033203125,D137,0.135670172758645,4446,0.13568115234375,115E
2204,0.01102,-0.358696001960542,-11754,-0.35870361328125,D216,0.139484846650333,4571,0.139495849609375,11DB
2205,0.011025,-0.371535468982174,-12174,-0.37152099609375,D072,0.1374259553677,4503,0.137420654296875,1197
2206,0.01103,-0.358196367063556,-11737,-0.358184814453125,D227,0.132980268109116,4357,0.132965087890625,1105
2207,0.011035,-0.360462191975237,-11812,-0.3604736328125,D1DC,0.127813752283056,4188,0.1278076171875,105C
2208,0.01104,-0.364960529989547,-11959,-0.364959716796875,D149,0.135976186502553,4456,0.135986328125,1168
2209,0.011045,-0.360947023612954,-11828,-0.3609619140625,D1CC,0.138568200770796,4541,0.138580322265625,11BD
2210,0.01105,-0.34967241170511,-11458,-0.34967041015625,D33E,0.133607603078029,4378,0.13360595703125,111A
2211,0.011055,-0.348733872825715,-11427,-0.348724365234375,D35D,0.144215689451759,4726,0.14422607421875,1276
2212,0.01106,-0.351888174481116,-11531,-0.351898193359375,D2F5,0.146726611425063,4808,0.146728515625,12C8
2213,0.011065,-0.339566094658986,-11127,-0.339569091796875,D489,0.146320547860304,4795,0.146331787109375,12BB
2214,0.01107,-0.351606350242523,-11521,-0.351593017578125,D2FF,0.142589621773893,4672,0.142578125,1240
2215,0.011075,-0.342656369092493,-11228,-0.3426513671875,D424,0.144065766573567,4721,0.144073486328125,1271
2216,0.01108,-0.339800964227824,-11135,-0.339813232421875,D481,0.148641095191194,4871,0.148651123046875,1307
2217,0.011085,-0.32587771701885,-10678,-0.32586669921875,D64A,0.160582194959445,5262,0.16058349609375,148E
2218,0.01109,-0.331844505297857,-10874,-0.33184814453125,D586,0.159308489777293,5220,0.1593017578125,1464
2219,0.011095,-0.323408655630388,-10597,-0.323394775390625,D69B,0.148187595695844,4856,0.148193359375,12F8
2220,0.0111,-0.335798454549644,-11003,-0.335784912109375,D505,0.156886383195063,5141,0.156890869140625,1415
2221,0.011105,-0.324502657603772,-10633,-0.324493408203125,D677,0.150304992798217,4925,0.150299072265625,133D
2222,0.01111,-0.329442783886351,-10795,-0.329437255859375,D5D5,0.161668745549722,5298,0.16168212890625,14B2
2223,0.011115,-0.320662882934697,-10507,-0.320648193359375,D6F5,0.159498017660824,5226,0.15948486328125,146A
2224,0.01112,-0.316742257096749,-10379,-0.316741943359375,D775,0.164196515198337,5380,0.1641845703125,1504
2225,0.011125,-0.315635376108725,-10343,-0.315643310546875,D799,0.158942171607874,5208,0.158935546875,1458
2226,0.01113,-0.313976415745933,-10288,-0.31396484375,D7D0,0.163786700261772,5367,0.163787841796875,14F7
2227,0.011135,-0.311683748802298,-10213,-0.311676025390625,D81B,0.178306437515134,5843,0.178314208984375,16D3
2228,0.01114,-0.301103686267319,-9867,-0.301116943359375,D975,0.178637760165689,5854,0.17864990234375,16DE
2229,0.011145,-0.298336475681686,-9776,-0.29833984375,D9D0,0.166689957428699,5462,0.16668701171875,1556
2230,0.01115,-0.295467157977795,-9682,-0.29547119140625,DA2E,0.17399305259329,5701,0.173980712890625,1645
2231,0.011155,-0.307621164470441,-10080,-0.3076171875,D8A0,0.174507616951737,5718,0.17449951171875,1656
2232,0.01116,-0.294737410537985,-9658,-0.29473876953125,DA46,0.183357624279067,6008,0.183349609375,1778
2233,0.011165,-0.288375909296824,-9450,-0.28839111328125,DB16,0.177178740572128,5806,0.17718505859375,16AE
2234,0.01117,-0.29219603305574,-9575,-0.292205810546875,DA99,0.180670700691979,5920,0.1806640625,1720
2235,0.011175,-0.283322180644128,-9284,-0.2833251953125,DBBC,0.185728255851896,6086,0.18572998046875,17C6
2236,0.01118,-0.289818915694386,-9497,-0.289825439453125,DAE7,0.191506882579345,6275,0.191497802734375,1883
2237,0.011185,-0.285830254901817,-9366,-0.28582763671875,DB6A,0.18858128965282,6179,0.188568115234375,1823
2238,0.01119,-0.284292767772573,-9316,-0.2843017578125,DB9C,0.179100522173638,5869,0.179107666015625,16ED
2239,0.011195,-0.281862000122769,-9236,-0.2818603515625,DBEC,0.193158031166254,6329,0.193145751953125,18B9
2240,0.0112,-0.272223400650036,-8920,-0.272216796875,DD28,0.193198336447365,6331,0.193206787109375,18BB
2241,0.011205,-0.268513519193664,-8799,-0.268524169921875,DDA1,0.195544997294284,6408,0.195556640625,1908
2242,0.01121,-0.268661504796498,-8804,-0.2686767578125,DD9C,0.205290953966493,6727,0.205291748046875,1A47
2243,0.011215,-0.270833133634997,-8875,-0.270843505859375,DD55,0.201514689745622,6603,0.201507568359375,19CB
2244,0.01122,-0.26029515381117,-8529,-0.260284423828125,DEAF,0.20492936752372,6715,0.204925537109375,1A3B
2245,0.011225,-0.266151366743631,-8721,-0.266143798828125,DDEF,0.22087824218345,7238,0.22088623046875,1C46
2246,0.01123,-0.254469642891827,-8338,-0.25445556640625,DF6E,0.203919612327734,6682,0.20391845703125,1A1A
2247,0.011235,-0.263075478009808,-8620,-0.2630615234375,DE54,0.214364805694429,7024,0.21435546875,1B70
2248,0.01124,-0.259363337636791,-8499,-0.259368896484375,DECD,0.204790822278438,6711,0.204803466796875,1A37
2249,0.011245,-0.258464306594122,-8469,-0.258453369140625,DEEB,0.208864839153414,6844,0.2088623046875,1ABC
2250,0.01125,-0.252011178745689,-8258,-0.25201416015625,DFBE,0.208596148646128,6835,0.208587646484375,1AB3
2251,0.011255,-0.249265656120993,-8168,-0.249267578125,E018,0.219173519680878,7182,0.21917724609375,1C0E
2252,0.01126,-0.243312290762115,-7973,-0.243316650390625,E0DB,0.208117361711484,6820,0.2081298828125,1AA4
2253,0.011265,-0.238462392666918,-7814,-0.23846435546875,E17A,0.208521049630068,6833,0.208526611328125,1AB1
2254,0.01127,-0.239525018972279,-7849,-0.239532470703125,E157,0.207480458135911,6799,0.207489013671875,1A8F
2255,0.011275,-0.239474209246884,-7847,-0.239471435546875,E159,0.220781188596031,7235,0.220794677734375,1C43
2256,0.01128,-0.249090895012997,-8162,-0.24908447265625,E01E,0.219316292745987,7187,0.219329833984375,1C13
2257,0.011285,-0.236706180976086,-7756,-0.2366943359375,E1B4,0.214480457658561,7028,0.2144775390625,1B74
2258,0.01129,-0.242308612658947,-7940,-0.2423095703125,E0FC,0.21747709301568,7126,0.21746826171875,1BD6
2259,0.011295,-0.234844598263202,-7695,-0.234832763671875,E1F1,0.22053508884139,7226,0.22052001953125,1C3A
2260,0.0113,-0.229246637354418,-7512,-0.229248046875,E2A8,0.215322778960615,7056,0.21533203125,1B90
2261,0.011305,-0.231723466902097,-7593,-0.231719970703125,E257,0.222549356574577,7292,0.2225341796875,1C7C
2262,0.01131,-0.2329527933005,-7633,-0.232940673828125,E22F,0.218759454753592,7168,0.21875,1C00
2263,0.011315,-0.227227628493396,-7446,-0.22723388671875,E2EA,0.232143775180367,7607,0.232147216796875,1DB7
2264,0.01132,-0.230784166798841,-7562,-0.23077392578125,E276,0.230020720606374,7537,0.230010986328125,1D71
2265,0.011325,-0.227293952872408,-7448,-0.227294921875,E2E8,0.220597763244007,7229,0.220611572265625,1C3D
2266,0.01133,-0.224285461082073,-7349,-0.224273681640625,E34B,0.226079183478089,7408,0.22607421875,1CF0
2267,0.011335,-0.238907279408085,-7829,-0.238922119140625,E16B,0.220160311619259,7214,0.22015380859375,1C2E
2268,0.01134,-0.222536730112707,-7292,-0.2225341796875,E384,0.234677020203625,7690,0.23468017578125,1E0A
2269,0.011345,-0.225897895923726,-7402,-0.22589111328125,E316,0.239244455438063,7840,0.2392578125,1EA0
2270,0.01135,-0.23011163504414,-7540,-0.2301025390625,E28C,0.234422431429358,7682,0.23443603515625,1E02
2271,0.011355,-0.230913378206425,-7567,-0.230926513671875,E271,0.237603673830647,7786,0.23760986328125,1E6A
2272,0.01136,-0.223691889265221,-7330,-0.22369384765625,E35E,0.23660887209876,7753,0.236602783203125,1E49
2273,0.011365,-0.22981841248193,-7531,-0.229827880859375,E295,0.235946635618159,7731,0.235931396484375,1E33
2274,0.01137,-0.219226683233017,-7184,-0.21923828125,E3F0,0.235685887235872,7723,0.235687255859375,1E2B
2275,0.011375,-0.221051953609826,-7243,-0.221038818359375,E3B5,0.232883495958034,7631,0.232879638671875,1DCF
2276,0.01138,-0.221264702990549,-7250,-0.22125244140625,E3AE,0.239137721470914,7836,0.2391357421875,1E9C
2277,0.011385,-0.226130337932655,-7410,-0.22613525390625,E30E,0.235242751140953,7708,0.2352294921875,1E1C
2278,0.01139,-0.22594224362516,-7404,-0.2259521484375,E314,0.241668242378676,7919,0.241668701171875,1EEF
2279,0.011395,-0.223986700438704,-7340,-0.2239990234375,E354,0.250368177835173,8204,0.2503662109375,200C
2280,0.0114,-0.222658991618136,-7296,-0.22265625,E380,0.239700585268093,7855,0.239715576171875,1EAF
2281,0.011405,-0.222859939933788,-7303,-0.222869873046875,E379,0.248179616977516,8132,0.2481689453125,1FC4
2282,0.01141,-0.217976352072392,-7143,-0.217987060546875,E419,0.245111849459115,8032,0.2451171875,1F60
2283,0.011415,-0.222478538847187,-7290,-0.22247314453125,E386,0.239992684552285,7864,0.239990234375,1EB8
2284,0.01142,-0.219584770884437,-7195,-0.219573974609375,E3E5,0.245575798075182,8047,0.245574951171875,1F6F
2285,0.011425,-0.21941733311285,-7190,-0.21942138671875,E3EA,0.248359676865859,8138,0.24835205078125,1FCA
2286,0.01143,-0.217597534085647,-7130,-0.21759033203125,E426,0.249474400475089,8175,0.249481201171875,1FEF
2287,0.011435,-0.215548046779132,-7063,-0.215545654296875,E469,0.252488544126978,8274,0.25250244140625,2052
2288,0.01144,-0.220205046232304,-7216,-0.22021484375,E3D0,0.260248637717525,8528,0.26025390625,2150
2289,0.011445,-0.214122526648259,-7016,-0.214111328125,E498,0.254071260106328,8325,0.254058837890625,2085
2290,0.01145,-0.218509457382393,-7160,-0.218505859375,E408,0.251248214119078,8233,0.251251220703125,2029
2291,0.011455,-0.221863103727857,-7270,-0.22186279296875,E39A,0.255737253926686,8380,0.2557373046875,20BC
2292,0.01146,-0.219420271234632,-7190,-0.21942138671875,E3EA,0.252427183677592,8272,0.25244140625,2050
2293,0.011465,-0.223624311604121,-7328,-0.2236328125,E360,0.257917288565293,8451,0.257904052734375,2103
2294,0.01147,-0.222751896325177,-7299,-0.222747802734375,E37D,0.250706156447989,8215,0.250701904296875,2017
2295,0.011475,-0.208757802918761,-6841,-0.208770751953125,E547,0.256537026276073,8406,0.25653076171875,20D6
2296,0.01148,-0.210690600523611,-6904,-0.210693359375,E508,0.257102360429201,8425,0.257110595703125,20E9
2297,0.011485,-0.219150103449645,-7181,-0.219146728515625,E3F3,0.267791766500562,8775,0.267791748046875,2247
2298,0.01149,-0.214917626456519,-7042,-0.21490478515625,E47E,0.263683676189131,8640,0.263671875,21C0
2299,0.011495,-0.213092312421654,-6983,-0.213104248046875,E4B9,0.263693697996337,8641,0.263702392578125,21C1
2300,0.0115,-0.210855832059673,-6909,-0.210845947265625,E503,0.268296242743241,8792,0.268310546875,2258
2301,0.011505,-0.213076571582516,-6982,-0.21307373046875,E4BA,0.259483893768991,8503,0.259490966796875,2137
2302,0.01151,-0.21347852444991,-6995,-0.213470458984375,E4AD,0.269852638231433,8843,0.269866943359375,228B
2303,0.011515,-0.203015446306354,-6652,-0.2030029296875,E604,0.269056578497679,8816,0.26904296875,2270
2304,0.01152,-0.199986677534203,-6553,-0.199981689453125,E667,0.271724522226327,8904,0.271728515625,22C8
2305,0.011525,-0.204235574740885,-6692,-0.2042236328125,E5DC,0.284747500248003,9331,0.284759521484375,2473
2306,0.01153,-0.202606149728529,-6639,-0.202606201171875,E611,0.271708968511935,8903,0.271697998046875,22C7
2307,0.011535,-0.201665127375519,-6608,-0.20166015625,E630,0.273914564019209,8976,0.27392578125,2310
2308,0.01154,-0.205530662435806,-6735,-0.205535888671875,E5B1,0.272035157271104,8914,0.27203369140625,22D2
2309,0.011545,-0.201773925238394,-6612,-0.2017822265625,E62C,0.274554968384684,8997,0.274566650390625,2325
2310,0.01155,-0.200472623012331,-6569,-0.200469970703125,E657,0.284291430495099,9316,0.2843017578125,2464
2311,0.011555,-0.199967518215669,-6553,-0.199981689453125,E667,0.277764806265579,9102,0.27777099609375,238E
2312,0.01156,-0.187659278937239,-6149,-0.187652587890625,E7FB,0.2781016892739,9113,0.278106689453125,2399
2313,0.011565,-0.189734610917024,-6217,-0.189727783203125,E7B7,0.27911918954475,9146,0.27911376953125,23BA
2314,0.01157,-0.184163143091718,-6035,-0.184173583984375,E86D,0.278594692050024,9129,0.278594970703125,23A9
2315,0.011575,-0.189472154093936,-6209,-0.189483642578125,E7BF,0.29105553940568,9537,0.291046142578125,2541
2316,0.01158,-0.190225041623569,-6233,-0.190216064453125,E7A7,0.276479381570032,9060,0.2764892578125,2364
2317,0.011585,-0.198750663257704,-6513,-0.198760986328125,E68F,0.283975240583693,9305,0.283966064453125,2459
2318,0.01159,-0.18594972772647,-6093,-0.185943603515625,E833,0.283223032355598,9281,0.283233642578125,2441
2319,0.011595,-0.180089689189227,-5901,-0.180084228515625,E8F3,0.288434889614988,9451,0.288421630859375,24EB
2320,0.0116,-0.188728843886507,-6184,-0.188720703125,E7D8,0.293426649786576,9615,0.293426513671875,258F
2321,0.011605,-0.179000109706206,-5865,-0.178985595703125,E917,0.287338113112433,9415,0.287322998046875,24C7
2322,0.01161,-0.179926832491702,-5896,-0.179931640625,E8F8,0.291125512148616,9540,0.2911376953125,2544
2323,0.011615,-0.185187692597969,-6068,-0.1851806640625,E84C,0.295916779452311,9697,0.295928955078125,25E1
2324,0.01162,-0.178422793159205,-5847,-0.178436279296875,E929,0.287518147348327,9421,0.287506103515625,24CD
2325,0.011625,-0.181538644556665,-5949,-0.181549072265625,E8C3,0.297499071294836,9748,0.2974853515625,2614
2326,0.01163,-0.173805720800624,-5695,-0.173797607421875,E9C1,0.300909253410632,9860,0.3009033203125,2684
2327,0.011635,-0.168332537879694,-5516,-0.1683349609375,EA74,0.2961521760166,9704,0.296142578125,25E8
2328,0.01164,-0.179440374110808,-5880,-0.179443359375,E908,0.295298360711959,9676,0.2952880859375,25CC
2329,0.011645,-0.17139178645419,-5616,-0.17138671875,EA10,0.30301859947309,9929,0.303009033203125,26C9
2330,0.01165,-0.174091220785371,-5705,-0.174102783203125,E9B7,0.301651420255816,9885,0.301666259765625,269D
2331,0.011655,-0.161177121797323,-5281,-0.161163330078125,EB5F,0.297940356426674,9763,0.297943115234375,2623
2332,0.01166,-0.165809956212271,-5433,-0.165802001953125,EAC7,0.301836309280808,9891,0.301849365234375,26A3
2333,0.011665,-0.161327318014109,-5286,-0.16131591796875,EB5A,0.304255828799717,9970,0.30426025390625,26F2
2334,0.01167,-0.163500140777504,-5358,-0.16351318359375,EB12,0.304023992549608,9962,0.30401611328125,26EA
2335,0.011675,-0.163713580070407,-5365,-0.163726806640625,EB0B,0.299233666827205,9805,0.299224853515625,264D
2336,0.01168,-0.170058603762095,-5572,-0.1700439453125,EA3C,0.30839425834215,10105,0.308380126953125,2779
2337,0.011685,-0.163988409939258,-5374,-0.16400146484375,EB02,0.311393540931911,10204,0.3114013671875,27DC
2338,0.01169,-0.15492169097072,-5076,-0.1549072265625,EC2C,0.317118531952351,10391,0.317108154296875,2897
2339,0.011695,-0.155086174973507,-5082,-0.15509033203125,EC26,0.308194550179915,10099,0.308197021484375,2773
2340,0.0117,-0.159379686777451,-5223,-0.159393310546875,EB99,0.298183963224384,9771,0.298187255859375,262B
2341,0.011705,-0.160285768177542,-5252,-0.1602783203125,EB7C,0.312414068077321,10237,0.312408447265625,27FD
2342,0.01171,-0.15266975893584,-5003,-0.152679443359375,EC75,0.314922895535148,10319,0.314910888671875,284F
2343,0.011715,-0.144477403616163,-4734,-0.14447021484375,ED82,0.306172801323231,10033,0.306182861328125,2731
2344,0.01172,-0.140799002065477,-4614,-0.14080810546875,EDFA,0.314964721453112,10321,0.314971923828125,2851
2345,0.011725,-0.157167078732123,-5150,-0.15716552734375,EBE2,0.319466912331184,10468,0.3194580078125,28E4
2346,0.01173,-0.142088795553201,-4656,-0.14208984375,EDD0,0.325107270252945,10653,0.325103759765625,299D
2347,0.011735,-0.143734985393,-4710,-0.14373779296875,ED9A,0.316048913823795,10356,0.3160400390625,2874
2348,0.01174,-0.14217467449496,-4659,-0.142181396484375,EDCD,0.327062918508357,10717,0.327056884765625,29DD
2349,0.011745,-0.144402226664703,-4732,-0.1444091796875,ED84,0.319399347749481,10466,0.31939697265625,28E2
2350,0.01175,-0.138715190326348,-4545,-0.138702392578125,EE3F,0.327619997144163,10735,0.327606201171875,29EF
2351,0.011755,-0.132492865092202,-4342,-0.13250732421875,EF0A,0.318003968266076,10420,0.3179931640625,28B4
2352,0.01176,-0.133938696093282,-4389,-0.133941650390625,EEDB,0.323032711555465,10585,0.323028564453125,2959
2353,0.011765,-0.130926025722333,-4290,-0.13092041015625,EF3E,0.327448692860905,10730,0.32745361328125,29EA
2354,0.01177,-0.134217670726317,-4398,-0.13421630859375,EED2,0.327961771548571,10747,0.327972412109375,29FB
2355,0.011775,-0.138896775713402,-4551,-0.138885498046875,EE39,0.327237916082742,10723,0.327239990234375,29E3
2356,0.01178,-0.133599409069123,-4378,-0.13360595703125,EEE6,0.332669413610398,10901,0.332672119140625,2A95
2357,0.011785,-0.137183071926583,-4495,-0.137176513671875,EE71,0.326110295262961,10686,0.32611083984375,29BE
2358,0.01179,-0.130514456016058,-4277,-0.130523681640625,EF4B,0.326891372590969,10712,0.326904296875,29D8
2359,0.011795,-0.122334035539972,-4009,-0.122344970703125,F057,0.326765228523291,10707,0.326751708984375,29D3
2360,0.0118,-0.123421537477367,-4044,-0.1234130859375,F034,0.33093217636654,10844,0.3309326171875,2A5C
2361,0.011805,-0.125874149315259,-4125,-0.125885009765625,EFE3,0.338080088217975,11078,0.33807373046875,2B46
2362,0.01181,-0.128293918609559,-4204,-0.1282958984375,EF94,0.329247077452728,10789,0.329254150390625,2A25
2363,0.011815,-0.128419352547811,-4208,-0.12841796875,EF90,0.336301943923524,11020,0.3363037109375,2B0C
2364,0.01182,-0.1167931865259,-3827,-0.116790771484375,F10D,0.337033415941368,11044,0.3370361328125,2B24
2365,0.011825,-0.127265977300775,-4170,-0.12725830078125,EFB6,0.3262037143378,10689,0.326202392578125,29C1
2366,0.01183,-0.125673197267308,-4118,-0.12567138671875,EFEA,0.339942140489462,11139,0.339935302734375,2B83
2367,0.011835,-0.114873596715522,-3764,-0.1148681640625,F14C,0.335191631912914,10984,0.335205078125,2AE8
2368,0.01184,-0.114552290040104,-3754,-0.11456298828125,F156,0.339488589791327,11124,0.3394775390625,2B74
2369,0.011845,-0.113519816710203,-3720,-0.113525390625,F178,0.335213570248422,10984,0.335205078125,2AE8
2370,0.01185,-0.118716137991324,-3890,-0.11871337890625,F0CE,0.342416462040166,11220,0.3424072265625,2BD4
2371,0.011855,-0.109177375894908,-3578,-0.10919189453125,F206,0.329184508150296,10787,0.329193115234375,2A23
2372,0.01186,-0.11460461402008,-3755,-0.114593505859375,F155,0.339744106703995,11133,0.339752197265625,2B7D
2373,0.011865,-0.0999760611333839,-3276,-0.0999755859375,F334,0.343618204252983,11260,0.3436279296875,2BFC
2374,0.01187,-0.101267978723853,-3318,-0.10125732421875,F30A,0.349076074891772,11439,0.349090576171875,2CAF
2375,0.011875,-0.115595691146307,-3788,-0.1156005859375,F134,0.350304198936173,11479,0.350311279296875,2CD7
2376,0.01188,-0.10259303483976,-3362,-0.10260009765625,F2DE,0.348490338991289,11419,0.348480224609375,2C9B
2377,0.011885,-0.1000629584508,-3279,-0.100067138671875,F331,0.352235534903316,11542,0.35223388671875,2D16
2378,0.01189,-0.0946585811299518,-3102,-0.09466552734375,F3E2,0.350350953637664,11480,0.350341796875,2CD8
2379,0.011895,-0.0949631642662062,-3112,-0.094970703125,F3D8,0.345906053221661,11335,0.345916748046875,2C47
2380,0.0119,-0.0940569746865593,-3082,-0.09405517578125,F3F6,0.345726715002079,11329,0.345733642578125,2C41
2381,0.011905,-0.104114645695465,-3412,-0.1041259765625,F2AC,0.338350052955764,11087,0.338348388671875,2B4F
2382,0.01191,-0.0973841779084256,-3191,-0.097381591796875,F389,0.355228729764755,11640,0.355224609375,2D78
2383,0.011915,-0.0867237725066213,-2842,-0.08673095703125,F4E6,0.349772289318272,11461,0.349761962890625,2CC5
2384,0.01192,-0.0938288059216704,-3075,-0.093841552734375,F3FD,0.35371028092534,11590,0.35369873046875,2D46
2385,0.011925,-0.0845261582017151,-2770,-0.08453369140625,F52E,0.358055605704527,11733,0.358062744140625,2DD5
2386,0.01193,-0.0931762975262632,-3053,-0.093170166015625,F413,0.35420151381331,11606,0.35418701171875,2D56
2387,0.011935,-0.0842190372297027,-2760,-0.084228515625,F538,0.348530921830874,11421,0.348541259765625,2C9D
2388,0.01194,-0.0770619593318245,-2525,-0.077056884765625,F623,0.362375478031566,11874,0.36236572265625,2E62
2389,0.011945,-0.0753129616083597,-2468,-0.0753173828125,F65C,0.359118423049736,11768,0.359130859375,2DF8
2390,0.01195,-0.0744412300352004,-2439,-0.074432373046875,F679,0.373043207251106,12224,0.373046875,2FC0
2391,0.011955,-0.0746432321835605,-2446,-0.07464599609375,F672,0.359231544662401,11771,0.359222412109375,2DFB
2392,0.01196,-0.0686190066443587,-2249,-0.068634033203125,F737,0.369160820944994,12097,0.369171142578125,2F41
2393,0.011965,-0.0812463761815958,-2662,-0.08123779296875,F59A,0.362763163723925,11887,0.362762451171875,2E6F
2394,0.01197,-0.0716537490543175,-2348,-0.0716552734375,F6D4,0.369765085387309,12116,0.3697509765625,2F54
2395,0.011975,-0.0645996115474701,-2117,-0.064605712890625,F7BB,0.364594047384322,11947,0.364593505859375,2EAB
2396,0.01198,-0.066493791835294,-2179,-0.066497802734375,F77D,0.358181213025607,11737,0.358184814453125,2DD9
2397,0.011985,-0.0566571391352985,-1857,-0.056671142578125,F8BF,0.365685543762485,11983,0.365692138671875,2ECF
2398,0.01199,-0.0549987556272738,-1802,-0.05499267578125,F8F6,0.381638257727474,12506,0.38165283203125,30DA
2399,0.011995,-0.0652151379771302,-2137,-0.065216064453125,F7A7,0.371565475816701,12175,0.371551513671875,2F8F
2400,0.012,-0.0529766114370807,-1736,-0.052978515625,F938,0.377621509697487,12374,0.37762451171875,3056
2401,0.012005,-0.0541166573089659,-1773,-0.054107666015625,F913,0.369983105444387,12124,0.3699951171875,2F5C
2402,0.01201,-0.052801041728868,-1730,-0.05279541015625,F93E,0.371602752225754,12177,0.371612548828125,2F91
2403,0.012015,-0.0510513836236275,-1673,-0.051055908203125,F977,0.375926751807651,12318,0.37591552734375,301E
2404,0.01202,-0.0404914880123981,-1327,-0.040496826171875,FAD1,0.372175318308868,12195,0.372161865234375,2FA3
2405,0.012025,-0.0438546864558807,-1437,-0.043853759765625,FA63,0.386065046663967,12651,0.386077880859375,316B
2406,0.01203,-0.0424008978082005,-1389,-0.042388916015625,FA93,0.371855041201574,12185,0.371856689453125,2F99
2407,0.012035,-0.0402380401670133,-1319,-0.040252685546875,FAD9,0.382253018588718,12526,0.38226318359375,30EE
2408,0.01204,-0.0359655332490059,-1179,-0.035980224609375,FB65,0.382417987994101,12531,0.382415771484375,30F3
2409,0.012045,-0.0312484724793987,-1024,-0.03125,FC00,0.380916449793499,12482,0.38092041015625,30C2
2410,0.01205,-0.0340120273910529,-1115,-0.034027099609375,FBA5,0.375001159651953,12288,0.375,3000
2411,0.012055,-0.0333610567090415,-1093,-0.033355712890625,FBBB,0.383960711114013,12582,0.38397216796875,3126
2412,0.01206,-0.0332051276302899,-1088,-0.033203125,FBC0,0.377910571216948,12383,0.377899169921875,305F
2413,0.012065,-0.0262664300437535,-861,-0.026275634765625,FCA3,0.383755929596885,12575,0.383758544921875,311F
2414,0.01207,-0.0301993563643842,-990,-0.03021240234375,FC22,0.393946139615239,12909,0.393951416015625,326D
2415,0.012075,-0.030411247197089,-997,-0.030426025390625,FC1B,0.387593845010234,12701,0.387603759765625,319D
2416,0.01208,-0.0320029001678495,-1049,-0.032012939453125,FBE7,0.396895407816772,13005,0.396881103515625,32CD
2417,0.012085,-0.00927883852171193,-304,-0.00927734375,FED0,0.388696007692253,12737,0.388702392578125,31C1
2418,0.01209,-0.0178176701433912,-584,-0.017822265625,FDB8,0.391953175567033,12844,0.3919677734375,322C
2419,0.012095,-0.0179138183549875,-587,-0.017913818359375,FDB5,0.395821935330352,12970,0.39581298828125,32AA
2420,0.0121,-0.0259895545111542,-852,-0.0260009765625,FCAC,0.390811330560402,12806,0.39080810546875,3206
2421,0.012105,-0.0103699495621814,-340,-0.0103759765625,FEAC,0.396503662549207,12993,0.396514892578125,32C1
2422,0.01211,-0.013581567736143,-445,-0.013580322265625,FE43,0.385579691834922,12635,0.385589599609375,315B
2423,0.012115,-0.0185333787735167,-607,-0.018524169921875,FDA1,0.38802943015585,12715,0.388031005859375,31AB
2424,0.01212,-7.78918244717201e-05,-3,-9.1552734375e-05,FFFD,0.395479051714624,12959,0.395477294921875,329F
2425,0.012125,-0.00474999092804556,-156,-0.0047607421875,FF64,0.402004989058207,13173,0.402008056640625,3375
2426,0.01213,-0.00520976776332775,-171,-0.005218505859375,FF55,0.395024633041572,12944,0.39501953125,3290
2427,0.012135,-0.00598351584979545,-196,-0.0059814453125,FF3C,0.399771932423173,13100,0.3997802734375,332C
2428,0.01214,-0.00147079776153127,-48,-0.00146484375,FFD0,0.398543277782108,13059,0.398529052734375,3303
2429,0.012145,-0.0116741292702697,-383,-0.011688232421875,FE81,0.395165861238495,12949,0.395172119140625,3295
2430,0.01215,-0.0107875183475795,-353,-0.010772705078125,FE9F,0.400146119839028,13112,0.400146484375,3338
2431,0.012155,0.00285584999101867,94,0.00286865234375,005E,0.386722501974338,12672,0.38671875,3180
2432,0.01216,0.00479165979879915,157,0.004791259765625,009D,0.40693369289249,13334,0.40692138671875,3416
2433,0.012165,-0.0117314597905789,-384,-0.01171875,FE80,0.399101882353553,13078,0.39910888671875,3316
2434,0.01217,0.00726411400111498,238,0.00726318359375,00EE,0.409267172123131,13411,0.409271240234375,3463
2435,0.012175,0.00552734743768502,181,0.005523681640625,00B5,0.405570619171862,13290,0.40557861328125,33EA
2436,0.01218,0.00902049105058846,296,0.009033203125,0128,0.396802042223199,13002,0.39678955078125,32CA
2437,0.012185,0.0201260525252743,659,0.020111083984375,0293,0.412531159056871,13518,0.41253662109375,34CE
2438,0.01219,0.0154972957268654,508,0.0155029296875,01FC,0.404959669240823,13270,0.40496826171875,33D6
2439,0.012195,0.0144857982051323,475,0.014495849609375,01DB,0.404981054536891,13270,0.40496826171875,33D6
2440,0.0122,0.0158364017407885,519,0.015838623046875,0207,0.413428457121938,13547,0.413421630859375,34EB
2441,0.012205,0.0132391475822129,434,0.01324462890625,01B2,0.400277410117039,13116,0.4002685546875,333C
2442,0.01221,0.0354145295941298,1160,0.035400390625,0488,0.417994430876344,13697,0.417999267578125,3581
2443,0.012215,0.0241808401007367,792,0.024169921875,0318,0.399068622286189,13077,0.399078369140625,3315
2444,0.01222,0.0253372854959059,830,0.02532958984375,033E,0.408481871273327,13385,0.408477783203125,3449
2445,0.012225,0.0287608015548438,942,0.02874755859375,03AE,0.415610356526997,13619,0.415618896484375,3533
2446,0.01223,0.0307587247196681,1008,0.03076171875,03F0,0.412674672828373,13523,0.412689208984375,34D3
2447,0.012235,0.0361476041077652,1184,0.0361328125,04A0,0.415803142673254,13625,0.415802001953125,3539
2448,0.01224,0.0348897707362804,1143,0.034881591796875,0477,0.408698894726636,13392,0.40869140625,3450
2449,0.012245,0.0362176773856406,1187,0.036224365234375,04A3,0.420566576880435,13781,0.420562744140625,35D5
2450,0.01225,0.0324950102191147,1065,0.032501220703125,0429,0.411774910088925,13493,0.411773681640625,34B5
2451,0.012255,0.0423553034733162,1388,0.0423583984375,056C,0.410557276118457,13453,0.410552978515625,348D
2452,0.01226,0.0455587958284608,1493,0.045562744140625,05D5,0.41456549790438,13584,0.41455078125,3510
2453,0.012265,0.0431749100630193,1415,0.043182373046875,0587,0.420879583372244,13791,0.420867919921875,35DF
2454,0.01227,0.0393292870565467,1289,0.039337158203125,0509,0.419478479612928,13745,0.419464111328125,35B1
2455,0.012275,0.0527556501099925,1729,0.052764892578125,06C1,0.420084479623406,13765,0.420074462890625,35C5
2456,0.01228,0.0522215657656393,1711,0.052215576171875,06AF,0.407181957131216,13343,0.407196044921875,341F
2457,0.012285,0.0491856898519739,1612,0.0491943359375,064C,0.4188514204952,13725,0.418853759765625,359D
2458,0.01229,0.0553546037329055,1814,0.05535888671875,0716,0.42259830546845,13848,0.422607421875,3618
2459,0.012295,0.0573937550863627,1881,0.057403564453125,0759,0.413782397568578,13559,0.413787841796875,34F7
2460,0.0123,0.0545392223358984,1787,0.054534912109375,06FB,0.424164306654203,13899,0.424163818359375,364B
2461,0.012305,0.0654102836677851,2143,0.065399169921875,085F,0.415033941556784,13600,0.4150390625,3520
2462,0.01231,0.0717880966780569,2352,0.07177734375,0930,0.430159972292764,14095,0.430145263671875,370F
2463,0.012315,0.0651477893881602,2135,0.065155029296875,0857,0.423478777786899,13877,0.423492431640625,3635
2464,0.01232,0.0711500060215616,2331,0.071136474609375,091B,0.43134393868972,14134,0.43133544921875,3736
2465,0.012325,0.0728032417113358,2386,0.07281494140625,0952,0.421957778541918,13827,0.421966552734375,3603
2466,0.01233,0.0812280752670374,2662,0.08123779296875,0A66,0.426768424907444,13984,0.4267578125,36A0
2467,0.012335,0.0788244007908173,2583,0.078826904296875,0A17,0.421653373192343,13817,0.421661376953125,35F9
2468,0.01234,0.0778087678511526,2550,0.07781982421875,09F6,0.426730599735769,13983,0.426727294921875,369F
2469,0.012345,0.0787825354340248,2582,0.07879638671875,0A16,0.423517426338569,13878,0.42352294921875,3636
2470,0.01235,0.0775854684074946,2542,0.07757568359375,09EE,0.426668904736359,13981,0.426666259765625,369D
2471,0.012355,0.0921619928328993,3020,0.0921630859375,0BCC,0.428951475692701,14056,0.428955078125,36E8
2472,0.01236,0.0967553929102786,3170,0.09674072265625,0C62,0.43911966920976,14389,0.439117431640625,3835
2473,0.012365,0.0945647987506289,3099,0.094573974609375,0C1B,0.429180558781759,14063,0.429168701171875,36EF
2474,0.01237,0.0989852426780607,3244,0.0989990234375,0CAC,0.43793834064247,14350,0.43792724609375,380E
2475,0.012375,0.0935767206720422,3066,0.09356689453125,0BFA,0.43355252293461,14207,0.433563232421875,377F
2476,0.01238,0.100279907948105,3286,0.10028076171875,0CD6,0.441827258701277,14478,0.44183349609375,388E
2477,0.012385,0.0940238571309925,3081,0.094024658203125,0C09,0.437430480498639,14334,0.43743896484375,37FE
2478,0.01239,0.102772188391067,3368,0.102783203125,0D28,0.438155242505809,14357,0.438140869140625,3815
2479,0.012395,0.104291907286863,3417,0.104278564453125,0D59,0.442299785132801,14493,0.442291259765625,389D
2480,0.0124,0.112099579546744,3673,0.112091064453125,0E59,0.436368488219079,14299,0.436370849609375,37DB
2481,0.012405,0.113350128656973,3714,0.11334228515625,0E82,0.442329520352319,14494,0.44232177734375,389E
2482,0.01241,0.115778266708944,3794,0.11578369140625,0ED2,0.435807460886002,14281,0.435821533203125,37C9
2483,0.012415,0.110507495148317,3621,0.110504150390625,0E25,0.441561676238248,14469,0.441558837890625,3885
2484,0.01242,0.112655488247385,3691,0.112640380859375,0E6B,0.448805809520935,14706,0.44879150390625,3972
2485,0.012425,0.119498178411711,3916,0.1195068359375,0F4C,0.439187511762001,14391,0.439178466796875,3837
2486,0.01243,0.118252251125798,3875,0.118255615234375,0F23,0.445651124130548,14603,0.445648193359375,390B
2487,0.012435,0.119445660577738,3914,0.11944580078125,0F4A,0.455277773333927,14919,0.455291748046875,3A47
2488,0.01244,0.120875496233879,3961,0.120880126953125,0F79,0.452986269496875,14843,0.452972412109375,39FB
2489,0.012445,0.12404121435345,4065,0.124053955078125,0FE1,0.450633300322763,14766,0.45062255859375,39AE
2490,0.01245,0.131556431085235,4311,0.131561279296875,10D7,0.452973215300857,14843,0.452972412109375,39FB
2491,0.012455,0.128311382262015,4205,0.128326416015625,106D,0.453805038523965,14870,0.45379638671875,3A16
2492,0.01246,0.123816855332308,4057,0.123809814453125,0FD9,0.45266256064899,14833,0.452667236328125,39F1
2493,0.012465,0.130412729155723,4273,0.130401611328125,10B1,0.462818935985394,15166,0.46282958984375,3B3E
2494,0.01247,0.132458778991824,4340,0.1324462890625,10F4,0.456335705605572,14953,0.456329345703125,3A69
2495,0.012475,0.127685182164281,4184,0.127685546875,1058,0.459239775037196,15048,0.459228515625,3AC8
2496,0.01248,0.13630643290079,4466,0.13629150390625,1172,0.462073631663682,15141,0.462066650390625,3B25
2497,0.012485,0.153963766795267,5045,0.153961181640625,13B5,0.450676790086242,14768,0.45068359375,39B0
2498,0.01249,0.138404100204973,4535,0.138397216796875,11B7,0.468063933710476,15338,0.46807861328125,3BEA
2499,0.012495,0.13320167220013,4365,0.133209228515625,110D,0.469125457294072,15372,0.4691162109375,3C0C
2500,0.0125,0.132550597119428,4343,0.132537841796875,10F7,0.462869181876665,15167,0.462860107421875,3B3F
2501,0.012505,0.146086819837167,4787,0.146087646484375,12B3,0.460834462335537,15101,0.460845947265625,3AFD
2502,0.01251,0.135755035934892,4448,0.1357421875,1160,0.449789767919104,14739,0.449798583984375,3993
2503,0.012515,0.136474447331614,4472,0.136474609375,1178,0.465882625768856,15266,0.46588134765625,3BA2
2504,0.01252,0.145340408155708,4763,0.145355224609375,129B,0.467139731344198,15307,0.467132568359375,3BCB
2505,0.012525,0.129779312891565,4253,0.129791259765625,109D,0.471995961980581,15466,0.47198486328125,3C6A
2506,0.01253,0.139133500637977,4559,0.139129638671875,11CF,0.465497784174331,15253,0.465484619140625,3B95
2507,0.012535,0.142150754818185,4658,0.14215087890625,1232,0.471284880688532,15443,0.471282958984375,3C53
2508,0.01254,0.141642734808594,4641,0.141632080078125,1221,0.467510285999826,15319,0.467498779296875,3BD7
2509,0.012545,0.147464112933296,4832,0.1474609375,12E0,0.476070896317554,15600,0.47607421875,3CF0
2510,0.01255,0.14783327646183,4844,0.1478271484375,12EC,0.472661359898326,15488,0.47265625,3C80
2511,0.012555,0.1370172351604,4490,0.13702392578125,118A,0.478533003706947,15681,0.478546142578125,3D41
2512,0.01256,0.153560088281928,5032,0.153564453125,13A8,0.470986757263853,15433,0.470977783203125,3C49
2513,0.012565,0.151677529430064,4970,0.15167236328125,136A,0.47418755873781,15538,0.47418212890625,3CB2
2514,0.01257,0.141654526203118,4642,0.14166259765625,1222,0.468734792020096,15360,0.46875,3C00
2515,0.012575,0.144262606442652,4727,0.144256591796875,1277,0.476983902471077,15630,0.47698974609375,3D0E
2516,0.01258,0.143504406816313,4702,0.14349365234375,125E,0.472962121808719,15498,0.47296142578125,3C8A
2517,0.012585,0.146247459347655,4792,0.146240234375,12B8,0.471931624192796,15464,0.471923828125,3C68
2518,0.01259,0.14973644545322,4907,0.149749755859375,132B,0.47738032910262,15643,0.477386474609375,3D1B
2519,0.012595,0.142733096807343,4677,0.142730712890625,1245,0.480059679504815,15731,0.480072021484375,3D73
2520,0.0126,0.149249303895831,4891,0.149261474609375,131B,0.479314614851675,15706,0.47930908203125,3D5A
2521,0.012605,0.150632837155753,4936,0.150634765625,1348,0.476378981005432,15610,0.47637939453125,3CFA
2522,0.01261,0.147613568116756,4837,0.147613525390625,12E5,0.480184922142794,15735,0.480194091796875,3D77
2523,0.012615,0.146824131322235,4811,0.146820068359375,12CB,0.48709347652412,15961,0.487091064453125,3E59
2524,0.01262,0.151019627607094,4949,0.151031494140625,1355,0.485429167515706,15907,0.485443115234375,3E23
2525,0.012625,0.140962678493146,4619,0.140960693359375,120B,0.486315481569402,15936,0.486328125,3E40
2526,0.01263,0.153118780521207,5017,0.153106689453125,1399,0.490742238676935,16081,0.490753173828125,3ED1
2527,0.012635,0.152669396162531,5003,0.152679443359375,138B,0.482832495285195,15821,0.482818603515625,3DCD
2528,0.01264,0.147329408252377,4828,0.1473388671875,12DC,0.489101654785163,16027,0.489105224609375,3E9B
2529,0.012645,0.144832729676268,4746,0.14483642578125,128A,0.492488195820198,16138,0.49249267578125,3F0A
2530,0.01265,0.149145873692596,4887,0.149139404296875,1317,0.483793085446679,15853,0.483795166015625,3DED
2531,0.012655,0.153680782767976,5036,0.1536865234375,13AC,0.484947203556764,15891,0.484954833984375,3E13
2532,0.01266,0.152146299325414,4986,0.15216064453125,137A,0.500593345215624,16403,0.500579833984375,4013
2533,0.012665,0.158750203381963,5202,0.15875244140625,1452,0.48985626467592,16052,0.4898681640625,3EB4
2534,0.01267,0.154995265806715,5079,0.154998779296875,13D7,0.488325288600709,16001,0.488311767578125,3E81
2535,0.012675,0.153687479829559,5036,0.1536865234375,13AC,0.490040854847406,16058,0.49005126953125,3EBA
2536,0.01268,0.147329535758838,4828,0.1473388671875,12DC,0.489051731304125,16025,0.489044189453125,3E99
2537,0.012685,0.158526710468662,5195,0.158538818359375,144B,0.502990399784533,16482,0.50299072265625,4062
2538,0.01269,0.155963736182047,5111,0.155975341796875,13F7,0.502084248397723,16452,0.5020751953125,4044
2539,0.012695,0.155955744825633,5110,0.15594482421875,13F6,0.491500681424366,16105,0.491485595703125,3EE9
2540,0.0127,0.167393031582847,5485,0.167388916015625,156D,0.50667231885442,16603,0.506683349609375,40DB
2541,0.012705,0.159442895676388,5225,0.159454345703125,1469,0.500944954113201,16415,0.500946044921875,401F
2542,0.01271,0.168294709996768,5515,0.168304443359375,158B,0.501928193803354,16447,0.501922607421875,403F
2543,0.012715,0.153297141950272,5023,0.153289794921875,139F,0.502253900698441,16458,0.50225830078125,404A
2544,0.01272,0.172523987744125,5653,0.172515869140625,1615,0.500559419960671,16402,0.50054931640625,4012
2545,0.012725,0.157345074625263,5156,0.1573486328125,1424,0.497883913685208,16315,0.497894287109375,3FBB
2546,0.01273,0.166151571258512,5444,0.1661376953125,1544,0.510301487185263,16722,0.51031494140625,4152
2547,0.012735,0.166807621555151,5466,0.16680908203125,155A,0.509727500173397,16703,0.509735107421875,413F
2548,0.01274,0.17389420541851,5698,0.17388916015625,1642,0.502940229395244,16480,0.5029296875,4060
2549,0.012745,0.180318161091438,5909,0.180328369140625,1715,0.505894143137083,16577,0.505889892578125,40C1
2550,0.01275,0.180963934303973,5930,0.18096923828125,172A,0.511483356951167,16760,0.511474609375,4178
2551,0.012755,0.192217681705918,6299,0.192230224609375,189B,0.513633788776249,16831,0.513641357421875,41BF
2552,0.01276,0.187556905099973,6146,0.18756103515625,1802,0.507287504265248,16623,0.507293701171875,40EF
2553,0.012765,0.181218893976386,5938,0.18121337890625,1732,0.514409496268089,16856,0.514404296875,41D8
2554,0.01277,0.189757798322377,6218,0.18975830078125,184A,0.517781172358364,16967,0.517791748046875,4247
2555,0.012775,0.192519641043737,6308,0.1925048828125,18A4,0.504609051376262,16535,0.504608154296875,4097
2556,0.01278,0.193213736628532,6331,0.193206787109375,18BB,0.507815616589749,16640,0.5078125,4100
2557,0.012785,0.199379900985483,6533,0.199371337890625,1985,0.510166851940805,16717,0.510162353515625,414D
2558,0.01279,0.201564301551301,6605,0.201568603515625,19CD,0.51878717890384,17000,0.518798828125,4268
2559,0.012795,0.20670459083692,6773,0.206695556640625,1A75,0.527754016628063,17293,0.527740478515625,438D
2560,0.0128,0.205355244046806,6729,0.205352783203125,1A49,0.517697265793745,16964,0.5177001953125,4244
2561,0.012805,0.212821095412535,6974,0.21282958984375,1B3E,0.518910270820667,17004,0.5189208984375,426C
2562,0.01281,0.204696838193075,6708,0.2047119140625,1A34,0.528374186317714,17314,0.52838134765625,43A2
2563,0.012815,0.213603624677179,6999,0.213592529296875,1B57,0.522832111214256,17132,0.5228271484375,42EC
2564,0.01282,0.225134205768889,7377,0.225128173828125,1CD1,0.517207052687648,16948,0.5172119140625,4234
2565,0.012825,0.229633988511663,7525,0.229644775390625,1D65,0.516690510385913,16931,0.516693115234375,4223
2566,0.01283,0.223286173829808,7317,0.223297119140625,1C95,0.521661304794527,17094,0.52166748046875,42C6
2567,0.012835,0.223971462613098,7339,0.223968505859375,1CAB,0.526845752576758,17264,0.52685546875,4370
2568,0.01284,0.219005805030471,7176,0.218994140625,1C08,0.533163518720999,17471,0.533172607421875,443F
2569,0.012845,0.229261843426926,7512,0.229248046875,1D58,0.522650142304713,17126,0.52264404296875,42E6
2570,0.01285,0.243381105491995,7975,0.243377685546875,1F27,0.529111037677523,17338,0.52911376953125,43BA
2571,0.012855,0.237526109681666,7783,0.237518310546875,1E67,0.526906520685086,17266,0.52691650390625,4372
2572,0.01286,0.239339902254488,7843,0.239349365234375,1EA3,0.528998556349862,17334,0.52899169921875,43B6
2573,0.012865,0.24122332823251,7904,0.2412109375,1EE0,0.530303440499955,17377,0.530303955078125,43E1
2574,0.01287,0.247045697769174,8095,0.247039794921875,1F9F,0.536928554999225,17594,0.53692626953125,44BA
2575,0.012875,0.249322810262655,8170,0.24932861328125,1FEA,0.526026062784146,17237,0.526031494140625,4355
2576,0.01288,0.253989446821222,8323,0.253997802734375,2083,0.523136239308931,17142,0.52313232421875,42F6
2577,0.012885,0.256006394160846,8389,0.256011962890625,20C5,0.535016704892805,17531,0.535003662109375,447B
2578,0.01289,0.264527642654377,8668,0.2645263671875,21DC,0.542717270419058,17784,0.542724609375,4578
2579,0.012895,0.269057927651706,8816,0.26904296875,2270,0.535733282815588,17555,0.535736083984375,4493
2580,0.0129,0.260127856412827,8524,0.2601318359375,214C,0.533851149091753,17493,0.533843994140625,4455
2581,0.012905,0.272578933429812,8932,0.2725830078125,22E4,0.53605523750231,17565,0.536041259765625,449D
2582,0.01291,0.277718040181987,9100,0.2777099609375,238C,0.543795392357065,17819,0.543792724609375,459B
2583,0.012915,0.266144377505439,8721,0.266143798828125,2211,0.535424880769263,17545,0.535430908203125,4489
2584,0.01292,0.275220646519488,9018,0.27520751953125,233A,0.542263914578361,17769,0.542266845703125,4569
2585,0.012925,0.267191144384427,8755,0.267181396484375,2233,0.543217740121083,17800,0.543212890625,4588
2586,0.01293,0.282092260245065,9244,0.2821044921875,241C,0.538780562335674,17655,0.538787841796875,44F7
2587,0.012935,0.273088131780114,8949,0.273101806640625,22F5,0.538060393701222,17631,0.538055419921875,44DF
2588,0.01294,0.282140048897778,9245,0.282135009765625,241D,0.536004518424229,17564,0.5360107421875,449C
2589,0.012945,0.270259363359968,8856,0.270263671875,2298,0.548590782236696,17976,0.548583984375,4638
2590,0.01295,0.290458032875674,9518,0.29046630859375,252E,0.543472791813285,17809,0.543487548828125,4591
2591,0.012955,0.282827579673708,9268,0.2828369140625,2434,0.53895875057481,17661,0.538970947265625,44FD
2592,0.01296,0.287274291060285,9413,0.287261962890625,24C5,0.547897701955797,17954,0.54791259765625,4622
2593,0.012965,0.291309644517667,9546,0.29132080078125,254A,0.545488001469733,17875,0.545501708984375,45D3
2594,0.01297,0.280732517398145,9199,0.280731201171875,23EF,0.551895675037529,18085,0.551910400390625,46A5
2595,0.012975,0.284253576593018,9314,0.28424072265625,2462,0.555056648158804,18188,0.5550537109375,470C
2596,0.01298,0.283095046116007,9276,0.2830810546875,243C,0.555837185460863,18214,0.55584716796875,4726
2597,0.012985,0.284815101017118,9333,0.284820556640625,2475,0.554405229462117,18167,0.554412841796875,46F7
2598,0.01299,0.286510760743771,9388,0.2864990234375,24AC,0.555096057008988,18189,0.555084228515625,470D
2599,0.012995,0.298590388095392,9784,0.298583984375,2638,0.558369147436657,18297,0.558380126953125,4779
2600,0.013,0.294749095425911,9658,0.29473876953125,25BA,0.545052795883954,17860,0.5450439453125,45C4
2601,0.013005,0.296061029503886,9701,0.296051025390625,25E5,0.559244367162976,18325,0.559234619140625,4795
2602,0.01301,0.298598631137691,9784,0.298583984375,2638,0.556702121883444,18242,0.55670166015625,4742
2603,0.013015,0.285813585046089,9366,0.28582763671875,2496,0.55743531022872,18266,0.55743408203125,475A
2604,0.01302,0.299178184722452,9803,0.299163818359375,264B,0.555296135546032,18196,0.5552978515625,4714
2605,0.013025,0.296623531256622,9720,0.296630859375,25F8,0.564664797839306,18503,0.564666748046875,4847
2606,0.01303,0.297033884577688,9733,0.297027587890625,2605,0.569362836468283,18657,0.569366455078125,48E1
2607,0.013035,0.298313498290284,9775,0.298309326171875,262F,0.564153513988726,18486,0.56414794921875,4836
2608,0.01304,0.299388443068445,9810,0.29937744140625,2652,0.566745274019975,18571,0.566741943359375,488B
2609,0.013045,0.301123652209916,9867,0.301116943359375,268B,0.564979499457351,18513,0.564971923828125,4851
2610,0.01305,0.294569083857822,9652,0.2945556640625,25B4,0.557145818518594,18257,0.557159423828125,4751
2611,0.013055,0.292736894187527,9592,0.292724609375,2578,0.571953572545973,18742,0.57196044921875,4936
2612,0.01306,0.296556148129833,9718,0.29656982421875,25F6,0.566393729924283,18560,0.56640625,4880
2613,0.013065,0.305060686638972,9996,0.3050537109375,270C,0.569487518325484,18661,0.569488525390625,48E5
2614,0.01307,0.297861806771719,9760,0.2978515625,2620,0.571685773748614,18733,0.571685791015625,492D
2615,0.013075,0.297255103281096,9740,0.2972412109375,260C,0.57329703847106,18786,0.57330322265625,4962
2616,0.01308,0.308781138933428,10118,0.30877685546875,2786,0.573666075963299,18798,0.57366943359375,496E
2617,0.013085,0.300813396183527,9857,0.300811767578125,2681,0.569599914860394,18665,0.569610595703125,48E9
2618,0.01309,0.301577505901563,9882,0.30157470703125,269A,0.574443943567731,18823,0.574432373046875,4987
2619,0.013095,0.31066196817229,10180,0.3106689453125,27C4,0.576119811918837,18878,0.57611083984375,49BE
2620,0.0131,0.29991196447839,9828,0.2999267578125,2664,0.573558862975737,18794,0.57354736328125,496A
2621,0.013105,0.302046534090559,9897,0.302032470703125,26A9,0.579456511814185,18988,0.5794677734375,4A2C
2622,0.01311,0.302146753101905,9901,0.302154541015625,26AD,0.577468079981844,18922,0.57745361328125,49EA
2623,0.013115,0.301233487383918,9871,0.301239013671875,268F,0.570559592678607,18696,0.570556640625,4908
2624,0.01312,0.301898298428491,9893,0.301910400390625,26A5,0.575498112292275,18858,0.57550048828125,49AA
2625,0.013125,0.308307392465084,10103,0.308319091796875,2777,0.578467983930059,18955,0.578460693359375,4A0B
2626,0.01313,0.307758391576055,10085,0.307769775390625,2765,0.583453162914561,19119,0.583465576171875,4AAF
2627,0.013135,0.313946306561899,10287,0.313934326171875,282F,0.574761270402254,18834,0.57476806640625,4992
2628,0.01314,0.306551356382764,10045,0.306549072265625,273D,0.575604544915244,18861,0.575592041015625,49AD
2629,0.013145,0.301916574395606,9893,0.301910400390625,26A5,0.585265768754906,19178,0.58526611328125,4AEA
2630,0.01315,0.307487776464255,10076,0.3074951171875,275C,0.586567479852908,19221,0.586578369140625,4B15
2631,0.013155,0.312392753192397,10236,0.3123779296875,27FC,0.586314619496539,19212,0.5863037109375,4B0C
2632,0.01316,0.307903577576694,10089,0.307891845703125,2769,0.58325513664448,19112,0.583251953125,4AA8
2633,0.013165,0.309442032391283,10140,0.3094482421875,279C,0.594034606664166,19465,0.594024658203125,4C09
2634,0.01317,0.321340596909279,10530,0.32135009765625,2922,0.576232878051038,18882,0.57623291015625,49C2
2635,0.013175,0.319859662619255,10481,0.319854736328125,28F1,0.588841363979791,19295,0.588836669921875,4B5F
2636,0.01318,0.325450039479142,10664,0.325439453125,29A8,0.585245077783733,19177,0.585235595703125,4AE9
2637,0.013185,0.30677564314125,10052,0.3067626953125,2744,0.591138490625045,19370,0.59112548828125,4BAA
2638,0.01319,0.327400277213375,10728,0.327392578125,29E8,0.585481358311586,19185,0.585479736328125,4AF1
2639,0.013195,0.318891007210339,10449,0.318878173828125,28D1,0.59430616905576,19474,0.59429931640625,4C12
2640,0.0132,0.320585961334142,10505,0.320587158203125,2909,0.595309533993801,19507,0.595306396484375,4C33
2641,0.013205,0.320979844131505,10518,0.32098388671875,2916,0.597268147509346,19571,0.597259521484375,4C73
2642,0.01321,0.319328256694699,10464,0.3193359375,28E0,0.589339255915653,19311,0.589324951171875,4B6F
2643,0.013215,0.320330409732392,10497,0.320343017578125,2901,0.587066360338409,19237,0.587066650390625,4B25
2644,0.01322,0.335928719697637,11008,0.3359375,2B00,0.597795555289773,19589,0.597808837890625,4C85
2645,0.013225,0.331138009854418,10851,0.331146240234375,2A63,0.604753680148062,19817,0.604766845703125,4D69
2646,0.01323,0.315157310043373,10327,0.315155029296875,2857,0.598249906622566,19603,0.598236083984375,4C93
2647,0.013235,0.332607894861194,10899,0.332611083984375,2A93,0.586609637198135,19222,0.58660888671875,4B16
2648,0.01324,0.335958681714773,11009,0.335968017578125,2B01,0.591715740149168,19389,0.591705322265625,4BBD
2649,0.013245,0.327636636903392,10736,0.32763671875,29F0,0.60208965273805,19729,0.602081298828125,4D11
2650,0.01325,0.331891689100168,10875,0.331878662109375,2A7B,0.592700942052315,19422,0.59271240234375,4BDE
2651,0.013255,0.338171264322608,11081,0.338165283203125,2B49,0.591529477190735,19383,0.591522216796875,4BB7
2652,0.01326,0.335261673345873,10986,0.33526611328125,2AEA,0.605500572050829,19841,0.605499267578125,4D81
2653,0.013265,0.344493677241798,11288,0.344482421875,2C18,0.597767326675667,19588,0.5977783203125,4C84
2654,0.01327,0.340530906593475,11159,0.340545654296875,2B97,0.591654525663933,19387,0.591644287109375,4BBB
2655,0.013275,0.345265824077274,11314,0.34527587890625,2C32,0.608525133024514,19940,0.6085205078125,4DE4
2656,0.01328,0.351724599775108,11525,0.351715087890625,2D05,0.59918522779995,19634,0.59918212890625,4CB2
2657,0.013285,0.3504990822963,11485,0.350494384765625,2CDD,0.608676399210346,19945,0.608673095703125,4DE9
2658,0.01329,0.346237944942925,11346,0.34625244140625,2C52,0.605526428811244,19842,0.60552978515625,4D82
2659,0.013295,0.347406632051002,11384,0.347412109375,2C78,0.602985547719738,19759,0.602996826171875,4D2F
2660,0.0133,0.354585109566468,11619,0.354583740234375,2D63,0.616488244777937,20201,0.616485595703125,4EE9
2661,0.013305,0.347083540859542,11373,0.347076416015625,2C6D,0.60954023832365,19973,0.609527587890625,4E05
2662,0.01331,0.342506840431505,11223,0.342498779296875,2BD7,0.606384432407286,19870,0.60638427734375,4D9E
2663,0.013315,0.348813978076836,11430,0.34881591796875,2CA6,0.607682082763484,19913,0.607696533203125,4DC9
2664,0.01332,0.356380798352716,11678,0.35638427734375,2D9E,0.601393713115302,19706,0.60137939453125,4CFA
2665,0.013325,0.348293978712655,11413,0.348297119140625,2C95,0.611743142601988,20046,0.61175537109375,4E4E
2666,0.01333,0.352508704023155,11551,0.352508544921875,2D1F,0.601134574486672,19698,0.60113525390625,4CF2
2667,0.013335,0.368179675893492,12065,0.368194580078125,2F21,0.613232696739771,20094,0.61322021484375,4E7E
2668,0.01334,0.3616714515862,11851,0.361663818359375,2E4B,0.613161263249089,20092,0.6131591796875,4E7C
2669,0.013345,0.357558938525393,11716,0.3575439453125,2DC4,0.62269751287501,20405,0.622711181640625,4FB5
2670,0.01335,0.353373113350281,11579,0.353363037109375,2D3B,0.609948192342865,19987,0.609954833984375,4E13
2671,0.013355,0.36335169527328,11906,0.36334228515625,2E82,0.613556592729041,20105,0.613555908203125,4E89
2672,0.01336,0.361110061415319,11833,0.361114501953125,2E39,0.616963029708184,20217,0.616973876953125,4EF9
2673,0.013365,0.365060725244413,11962,0.36505126953125,2EBA,0.612466710449886,20069,0.612457275390625,4E65
2674,0.01337,0.368884645463806,12088,0.368896484375,2F38,0.622581719693533,20401,0.622589111328125,4FB1
2675,0.013375,0.381628149255318,12505,0.381622314453125,30D9,0.613769471602205,20112,0.61376953125,4E90
2676,0.01338,0.364535925727578,11945,0.364532470703125,2EA9,0.615413414192062,20166,0.61541748046875,4EC6
2677,0.013385,0.378292383779332,12396,0.3782958984375,306C,0.616326419897385,20196,0.6163330078125,4EE4
2678,0.01339,0.381939707173072,12515,0.381927490234375,30E3,0.621443308774644,20363,0.621429443359375,4F8B
2679,0.013395,0.373624796244227,12243,0.373626708984375,2FD3,0.618963288803257,20282,0.61895751953125,4F3A
2680,0.0134,0.381953470977753,12516,0.3819580078125,30E4,0.617372921084819,20230,0.61737060546875,4F06
2681,0.013405,0.375006591598409,12288,0.375,3000,0.627306838496912,20556,0.6273193359375,504C
2682,0.01341,0.375378059865027,12300,0.3753662109375,300C,0.616264473159583,20194,0.61627197265625,4EE2
2683,0.013415,0.38120536694008,12491,0.381195068359375,30CB,0.613457231282605,20102,0.61346435546875,4E86
2684,0.01342,0.372982341620094,12222,0.37298583984375,2FBE,0.621679702929055,20371,0.621673583984375,4F93
2685,0.013425,0.367623634638475,12046,0.36761474609375,2F0E,0.621760078707871,20374,0.62176513671875,4F96
2686,0.01343,0.383101976388661,12553,0.383087158203125,3109,0.627268928117697,20554,0.62725830078125,504A
2687,0.013435,0.387037697498332,12682,0.38702392578125,318A,0.629030087798652,20612,0.6290283203125,5084
2688,0.01344,0.376642376253383,12342,0.37664794921875,3036,0.627337292116648,20557,0.627349853515625,504D
2689,0.013445,0.380325195824402,12462,0.38031005859375,30AE,0.626657297823069,20534,0.62664794921875,5036
2690,0.01345,0.375617700107591,12308,0.3756103515625,3014,0.622858935644383,20410,0.62286376953125,4FBA
2691,0.013455,0.381769808893968,12510,0.38177490234375,30DE,0.623688191038284,20437,0.623687744140625,4FD5
2692,0.01346,0.378763576416687,12411,0.378753662109375,307B,0.623606276125428,20434,0.62359619140625,4FD2
2693,0.013465,0.376735441604591,12345,0.376739501953125,3039,0.631173017894443,20682,0.63116455078125,50CA
2694,0.01347,0.38170933630205,12508,0.3817138671875,30DC,0.626663354257856,20535,0.626678466796875,5037
2695,0.013475,0.373658937709648,12244,0.3736572265625,2FD4,0.620497207153375,20332,0.6204833984375,4F6C
2696,0.01348,0.387359781376914,12693,0.387359619140625,3195,0.627908305277401,20575,0.627899169921875,505F
2697,0.013485,0.377298870859178,12363,0.377288818359375,304B,0.632052554226919,20711,0.632049560546875,50E7
2698,0.01349,0.387260624131289,12690,0.38726806640625,3192,0.626863327563123,20541,0.626861572265625,503D
2699,0.013495,0.380042365986625,12453,0.380035400390625,30A5,0.636358714225676,20852,0.6363525390625,5174
2700,0.0135,0.384454206784827,12598,0.38446044921875,3136,0.631006568612588,20677,0.631011962890625,50C5
2701,0.013505,0.388850111350015,12742,0.38885498046875,31C6,0.633251302870053,20750,0.63323974609375,510E
2702,0.01351,0.385356561075574,12627,0.385345458984375,3153,0.619737765194723,20308,0.6197509765625,4F54
2703,0.013515,0.383548211097625,12568,0.383544921875,3118,0.637531948272217,20891,0.637542724609375,519B
2704,0.01352,0.382933145865246,12548,0.3829345703125,3104,0.632273243644828,20718,0.63226318359375,50EE
2705,0.013525,0.394087899456298,12913,0.394073486328125,3271,0.626519438983631,20530,0.62652587890625,5032
2706,0.01353,0.373637693809219,12243,0.373626708984375,2FD3,0.626686945937764,20535,0.626678466796875,5037
2707,0.013535,0.394738578708907,12935,0.394744873046875,3287,0.62474779516568,20472,0.624755859375,4FF8
2708,0.01354,0.387286511413971,12691,0.387298583984375,3193,0.639624864906214,20959,0.639617919921875,51DF
2709,0.013545,0.385354050535991,12627,0.385345458984375,3153,0.638169797307569,20912,0.63818359375,51B0
2710,0.01355,0.383085374197951,12553,0.383087158203125,3109,0.637232074049288,20881,0.637237548828125,5191
2711,0.013555,0.389844520389242,12774,0.38983154296875,31E6,0.634521647815148,20792,0.634521484375,5138
2712,0.01356,0.392967975871339,12877,0.392974853515625,324D,0.652530712107743,21382,0.65252685546875,5386
2713,0.013565,0.39736706837541,13021,0.397369384765625,32DD,0.632704267231986,20732,0.6326904296875,50FC
2714,0.01357,0.393094759540684,12881,0.393096923828125,3251,0.631529333104153,20694,0.63153076171875,50D6
2715,0.013575,0.390936652141055,12810,0.39093017578125,320A,0.637729777681129,20897,0.637725830078125,51A1
2716,0.01358,0.387726935676206,12705,0.387725830078125,31A1,0.631947564525312,20708,0.6319580078125,50E4
2717,0.013585,0.399547767458656,13092,0.3995361328125,3324,0.647944338782652,21232,0.64794921875,52F0
2718,0.01359,0.396938948537675,13007,0.396942138671875,32CF,0.643678832350054,21092,0.6436767578125,5264
2719,0.013595,0.393611108530284,12898,0.39361572265625,3262,0.649187690045597,21273,0.649200439453125,5319
2720,0.0136,0.398530342146048,13059,0.398529052734375,3303,0.633549846231426,20760,0.633544921875,5118
2721,0.013605,0.400119392749318,13111,0.400115966796875,3337,0.644535802182279,21120,0.64453125,5280
2722,0.01361,0.40012737220968,13111,0.400115966796875,3337,0.648633100615174,21254,0.64862060546875,5306
2723,0.013615,0.400506235312315,13124,0.4005126953125,3344,0.645454115888875,21150,0.64544677734375,529E
2724,0.01362,0.404551105327188,13256,0.404541015625,33C8,0.643986964223437,21102,0.64398193359375,526E
2725,0.013625,0.405060834422264,13273,0.405059814453125,33D9,0.646255543983063,21177,0.646270751953125,52B9
2726,0.01363,0.39406912916143,12913,0.394073486328125,3271,0.647605925565802,21221,0.647613525390625,52E5
2727,0.013635,0.41069682328522,13458,0.41070556640625,3492,0.651211062963372,21339,0.651214599609375,535B
2728,0.01364,0.407387786676927,13349,0.407379150390625,3425,0.642713865182501,21060,0.6427001953125,5244
2729,0.013645,0.412577636900075,13519,0.412567138671875,34CF,0.651457664809063,21347,0.651458740234375,5363
2730,0.01365,0.407777787650621,13362,0.40777587890625,3432,0.647927156885102,21231,0.647918701171875,52EF
2731,0.013655,0.411636162500386,13488,0.41162109375,34B0,0.647622050628447,21221,0.647613525390625,52E5
2732,0.01366,0.41353632683071,13551,0.413543701171875,34EF,0.646890749987493,21197,0.646881103515625,52CD
2733,0.013665,0.416407913173112,13645,0.416412353515625,354D,0.648881727259725,21263,0.648895263671875,530F
2734,0.01367,0.423528486686332,13878,0.42352294921875,3636,0.65269613435412,21388,0.6527099609375,538C
2735,0.013675,0.420932990745952,13793,0.420928955078125,35E1,0.654561984318615,21449,0.654571533203125,53C9
2736,0.01368,0.417925557826982,13695,0.417938232421875,357F,0.6489582396025,21265,0.648956298828125,5311
2737,0.013685,0.412193407447081,13507,0.412200927734375,34C3,0.653439386574441,21412,0.6534423828125,53A4
2738,0.01369,0.416410967449883,13645,0.416412353515625,354D,0.656145284367191,21501,0.656158447265625,53FD
2739,0.013695,0.421426312932389,13809,0.421417236328125,35F1,0.660493497144198,21643,0.660491943359375,548B
2740,0.0137,0.415997680561948,13631,0.415985107421875,353F,0.660754111395728,21652,0.6607666015625,5494
2741,0.013705,0.423625693174996,13881,0.423614501953125,3639,0.659938123870793,21625,0.659942626953125,5479
2742,0.01371,0.426943195622604,13990,0.42694091796875,36A6,0.663520353114663,21742,0.66351318359375,54EE
2743,0.013715,0.434707150624145,14244,0.4346923828125,37A4,0.657445975975586,21543,0.657440185546875,5427
2744,0.01372,0.424131115597369,13898,0.42413330078125,364A,0.659031384893058,21595,0.659027099609375,545B
2745,0.013725,0.422176567639754,13834,0.42218017578125,360A,0.670251979083701,21963,0.670257568359375,55CB
2746,0.01373,0.429224045791479,14065,0.429229736328125,36F1,0.656322701268469,21506,0.65631103515625,5402
2747,0.013735,0.43183765860722,14150,0.43182373046875,3746,0.67452410313235,22103,0.674530029296875,5657
2748,0.01374,0.440158688936397,14423,0.440155029296875,3857,0.668348691912303,21900,0.6683349609375,558C
2749,0.013745,0.442270212726517,14492,0.4422607421875,389C,0.659145865670242,21599,0.659149169921875,545F
2750,0.01375,0.436713843914347,14310,0.43670654296875,37E6,0.668277128551754,21898,0.66827392578125,558A
2751,0.013755,0.438311627183651,14363,0.438323974609375,381B,0.674305327463007,22096,0.67431640625,5650
2752,0.01376,0.430372558036085,14102,0.43035888671875,3716,0.675478907626142,22134,0.67547607421875,5676
2753,0.013765,0.444075325283519,14551,0.444061279296875,38D7,0.670584769090778,21974,0.67059326171875,55D6
2754,0.01377,0.439147860660394,14390,0.43914794921875,3836,0.675075960114936,22121,0.675079345703125,5669
2755,0.013775,0.447811967797729,14674,0.44781494140625,3952,0.663753514119207,21750,0.66375732421875,54F6
2756,0.01378,0.436277969258743,14296,0.436279296875,37D8,0.67334116770295,22064,0.67333984375,5630
2757,0.013785,0.445969400175457,14614,0.44598388671875,3916,0.675109183026421,22122,0.67510986328125,566A
2758,0.01379,0.446561424462775,14633,0.446563720703125,3929,0.673247109759726,22061,0.673248291015625,562D
2759,0.013795,0.442257592760713,14492,0.4422607421875,389C,0.679856578829804,22278,0.67987060546875,5706
2760,0.0138,0.451944276475364,14809,0.451934814453125,39D9,0.678980920490852,22249,0.678985595703125,56E9
2761,0.013805,0.446917067407463,14645,0.446929931640625,3935,0.678299913708299,22227,0.678314208984375,56D3
2762,0.01381,0.445632735876414,14602,0.44561767578125,390A,0.684182422823869,22419,0.684173583984375,5793
2763,0.013815,0.432403233192867,14169,0.432403564453125,3759,0.687629090486894,22532,0.6876220703125,5804
2764,0.01382,0.45425215513916,14885,0.454254150390625,3A25,0.682292230615299,22357,0.682281494140625,5755
2765,0.013825,0.450330718248225,14756,0.4503173828125,39A4,0.682691343850768,22370,0.68267822265625,5762
2766,0.01383,0.43841470507922,14366,0.43841552734375,381E,0.684049496677861,22415,0.684051513671875,578F
2767,0.013835,0.45046289646052,14761,0.450469970703125,39A9,0.682354355753334,22359,0.682342529296875,5757
2768,0.01384,0.453082497178856,14847,0.453094482421875,39FF,0.686928588645383,22509,0.686920166015625,57ED
2769,0.013845,0.453627888117684,14864,0.45361328125,3A10,0.684745455854535,22438,0.68475341796875,57A6
2770,0.01385,0.449036976534554,14714,0.44903564453125,397A,0.689248721772356,22585,0.689239501953125,5839
2771,0.013855,0.449053877210128,14715,0.449066162109375,397B,0.68270197321553,22371,0.682708740234375,5763
2772,0.01386,0.455681512166132,14932,0.4556884765625,3A54,0.686392412343175,22492,0.6864013671875,57DC
2773,0.013865,0.456582055042868,14961,0.456573486328125,3A71,0.682723948688477,22371,0.682708740234375,5763
2774,0.01387,0.457545521716362,14993,0.457550048828125,3A91,0.67470422215813,22109,0.674713134765625,565D
2775,0.013875,0.455080134118754,14912,0.455078125,3A40,0.68455628515537,22432,0.6845703125,57A0
2776,0.01388,0.459667371421949,15062,0.45965576171875,3AD6,0.686727161193453,22503,0.686737060546875,57E7
2777,0.013885,0.448923517294386,14710,0.44891357421875,3976,0.689808856012835,22604,0.6898193359375,584C
2778,0.01389,0.455125918978638,14914,0.45513916015625,3A42,0.699455474949734,22920,0.699462890625,5988
2779,0.013895,0.451591278789607,14798,0.45159912109375,39CE,0.69652050681933,22824,0.696533203125,5928
2780,0.0139,0.447633345099218,14668,0.4476318359375,394C,0.691235664198671,22650,0.69122314453125,587A
2781,0.013905,0.44305457063054,14518,0.44305419921875,38B6,0.694836184428862,22768,0.69482421875,58F0
2782,0.01391,0.450812557055373,14772,0.4508056640625,39B4,0.684789377083604,22439,0.684783935546875,57A7
2783,0.013915,0.4509898966763,14778,0.45098876953125,39BA,0.694983413056523,22773,0.694976806640625,58F5
2784,0.01392,0.454966235682233,14908,0.4549560546875,3A3C,0.698426995118179,22886,0.69842529296875,5966
2785,0.013925,0.46094540697933,15104,0.4609375,3B00,0.68719408328719,22518,0.68719482421875,57F6
2786,0.01393,0.455823117862108,14936,0.455810546875,3A58,0.702989168006651,23036,0.7030029296875,59FC
2787,0.013935,0.454776454349376,14902,0.45477294921875,3A36,0.696098742269059,22810,0.69610595703125,591A
2788,0.01394,0.449590959005172,14732,0.4495849609375,398C,0.688276853446344,22553,0.688262939453125,5819
2789,0.013945,0.451319076625567,14789,0.451324462890625,39C5,0.694084191521729,22744,0.694091796875,58D8
2790,0.01395,0.459298603729313,15050,0.45928955078125,3ACA,0.69962214472439,22925,0.699615478515625,598D
2791,0.013955,0.453075437862129,14846,0.45306396484375,39FE,0.690078360103401,22612,0.6900634765625,5854
2792,0.01396,0.453164158976424,14849,0.453155517578125,3A01,0.696474368307146,22822,0.69647216796875,5926
2793,0.013965,0.446249112249161,14623,0.446258544921875,391F,0.699008939340817,22905,0.699005126953125,5979
2794,0.01397,0.449583430487949,14732,0.4495849609375,398C,0.701123927022353,22974,0.70111083984375,59BE
2795,0.013975,0.455699265595578,14932,0.4556884765625,3A54,0.706116232010075,23138,0.70611572265625,5A62
2796,0.01398,0.449858769110467,14741,0.449859619140625,3995,0.694269284586009,22750,0.69427490234375,58DE
2797,0.013985,0.447417993354868,14661,0.447418212890625,3945,0.701279606738053,22980,0.7012939453125,59C4
2798,0.01399,0.464220709238406,15212,0.4642333984375,3B6C,0.692759797317925,22700,0.6927490234375,58AC
2799,0.013995,0.456438805072299,14957,0.456451416015625,3A6D,0.700327865865162,22948,0.7003173828125,59A4
2800,0.014,0.460633924675868,15094,0.46063232421875,3AF6,0.696398960772156,22820,0.6964111328125,5924
2801,0.014005,0.456372895009944,14954,0.45635986328125,3A6A,0.703319177115452,23046,0.70330810546875,5A06
2802,0.01401,0.45495762015958,14908,0.4549560546875,3A3C,0.706032341417491,23135,0.706024169921875,5A5F
2803,0.014015,0.467963854757774,15334,0.46795654296875,3BE6,0.699062966789987,22907,0.699066162109375,597B
2804,0.01402,0.454079998726781,14879,0.454071044921875,3A1F,0.700415039394158,22951,0.700408935546875,59A7
2805,0.014025,0.450837417249875,14773,0.450836181640625,39B5,0.703866587891407,23064,0.703857421875,5A18
2806,0.01403,0.459427765288616,15055,0.459442138671875,3ACF,0.706746540035029,23159,0.706756591796875,5A77
2807,0.014035,0.458740547267062,15032,0.458740234375,3AB8,0.701819865594444,22997,0.701812744140625,59D5
2808,0.01404,0.466534049539539,15287,0.466522216796875,3BB7,0.69104331551192,22644,0.6910400390625,5874
2809,0.014045,0.454359057606175,14888,0.454345703125,3A28,0.699176560807043,22911,0.699188232421875,597F
2810,0.01405,0.468570656341944,15354,0.46856689453125,3BFA,0.697652696651636,22861,0.697662353515625,594D
2811,0.014055,0.467271793003789,15312,0.46728515625,3BD0,0.706072478674846,23137,0.706085205078125,5A61
2812,0.01406,0.46583205029522,15264,0.4658203125,3BA0,0.707824029267181,23194,0.70782470703125,5A9A
2813,0.014065,0.462432287968859,15153,0.462432861328125,3B31,0.699651753271174,22926,0.69964599609375,598E
2814,0.01407,0.469715946243119,15392,0.4697265625,3C20,0.705557107351253,23120,0.70556640625,5A50
2815,0.014075,0.459838249689354,15068,0.4598388671875,3ADC,0.705311427978694,23112,0.705322265625,5A48
2816,0.01408,0.46811709509768,15339,0.468109130859375,3BEB,0.703762680809701,23061,0.703765869140625,5A15
2817,0.014085,0.466060002693675,15272,0.466064453125,3BA8,0.716122044021527,23466,0.71612548828125,5BAA
2818,0.01409,0.471004669138714,15434,0.47100830078125,3C4A,0.702941391188648,23034,0.70294189453125,59FA
2819,0.014095,0.468762923411564,15360,0.46875,3C00,0.705065540643331,23104,0.705078125,5A40
2820,0.0141,0.474415157112818,15546,0.47442626953125,3CBA,0.713586198765907,23383,0.713592529296875,5B57
2821,0.014105,0.471263838727238,15442,0.47125244140625,3C52,0.702524081247062,23020,0.7025146484375,59EC
2822,0.01411,0.476804617973903,15624,0.476806640625,3D08,0.713491063448654,23380,0.7135009765625,5B54
2823,0.014115,0.472800229949526,15493,0.472808837890625,3C85,0.713322557063305,23374,0.71331787109375,5B4E
2824,0.01412,0.480175591440389,15734,0.48016357421875,3D76,0.709589621837486,23252,0.7095947265625,5AD4
2825,0.014125,0.468298433870158,15345,0.468292236328125,3BF1,0.704752272737922,23093,0.704742431640625,5A35
2826,0.01413,0.475416095822512,15578,0.47540283203125,3CDA,0.711990543461786,23331,0.712005615234375,5B23
2827,0.014135,0.484146420970764,15865,0.484161376953125,3DF9,0.707949989951723,23198,0.70794677734375,5A9E
2828,0.01414,0.47586624434913,15593,0.475860595703125,3CE9,0.708984277896111,23232,0.708984375,5AC0
2829,0.014145,0.479164242818787,15701,0.479156494140625,3D55,0.709904743897769,23262,0.70989990234375,5ADE
2830,0.01415,0.477218134481973,15637,0.477203369140625,3D15,0.705270089560636,23110,0.70526123046875,5A46
2831,0.014155,0.482531047161413,15812,0.4825439453125,3DC4,0.699955607404306,22936,0.699951171875,5998
2832,0.01416,0.484257863681296,15868,0.4842529296875,3DFC,0.720339765888849,23604,0.7203369140625,5C34
2833,0.014165,0.485693648353761,15915,0.485687255859375,3E2B,0.708661901884236,23221,0.708648681640625,5AB5
2834,0.01417,0.494498723142344,16204,0.4945068359375,3F4C,0.704217264395056,23076,0.7042236328125,5A24
2835,0.014175,0.490363194540322,16068,0.4903564453125,3EC4,0.705739357448845,23126,0.70574951171875,5A56
2836,0.01418,0.487001447115062,15958,0.48699951171875,3E56,0.706621545036477,23155,0.706634521484375,5A73
2837,0.014185,0.490335778885929,16067,0.490325927734375,3EC3,0.716703612163953,23485,0.716705322265625,5BBD
2838,0.01419,0.505396800668939,16561,0.505401611328125,40B1,0.713170532759094,23369,0.713165283203125,5B49
2839,0.014195,0.496263299467241,16262,0.49627685546875,3F86,0.702643660133712,23024,0.70263671875,59F0
2840,0.0142,0.505462161409988,16563,0.505462646484375,40B3,0.718158950996051,23533,0.718170166015625,5BED
2841,0.014205,0.494968607909295,16219,0.494964599609375,3F5B,0.711587720730697,23317,0.711578369140625,5B15
2842,0.01421,0.501614575063381,16437,0.501617431640625,4035,0.707112362255271,23171,0.707122802734375,5A83
2843,0.014215,0.499340533422245,16362,0.49932861328125,3FEA,0.713400390059015,23377,0.713409423828125,5B51
2844,0.01422,0.50047688244555,16400,0.50048828125,4010,0.708346784472157,23211,0.708343505859375,5AAB
2845,0.014225,0.497627962791874,16306,0.49761962890625,3FB2,0.70924013386108,23240,0.709228515625,5AC8
2846,0.01423,0.505906008253974,16578,0.50592041015625,40C2,0.707921430652565,23197,0.707916259765625,5A9D
2847,0.014235,0.502492607504704,16466,0.50250244140625,4052,0.719189156037504,23566,0.71917724609375,5C0E
2848,0.01424,0.500014623140536,16384,0.5,4000,0.720071179220024,23595,0.720062255859375,5C2B
2849,0.014245,0.509045407237235,16680,0.509033203125,4128,0.716146974138459,23467,0.716156005859375,5BAB
2850,0.01425,0.510702865355772,16735,0.510711669921875,415F,0.714111902919596,23400,0.714111328125,5B68
2851,0.014255,0.507972696558472,16645,0.507965087890625,4105,0.711697983325117,23321,0.711700439453125,5B19
2852,0.01426,0.509309773681127,16689,0.509307861328125,4131,0.707679760036429,23189,0.707672119140625,5A95
2853,0.014265,0.515591999815832,16895,0.515594482421875,41FF,0.722200634559166,23665,0.722198486328125,5C71
2854,0.01427,0.511631523014768,16765,0.511627197265625,417D,0.717070729253535,23497,0.717071533203125,5BC9
2855,0.014275,0.508875443924069,16675,0.508880615234375,4123,0.711546816324755,23316,0.7115478515625,5B14
2856,0.01428,0.516104940092382,16912,0.51611328125,4210,0.716431842713104,23476,0.7164306640625,5BB4
2857,0.014285,0.516274756394622,16917,0.516265869140625,4215,0.711064283613926,23300,0.7110595703125,5B04
2858,0.01429,0.514552319411465,16861,0.514556884765625,41DD,0.71718407279009,23501,0.717193603515625,5BCD
2859,0.014295,0.518988222852243,17006,0.51898193359375,426E,0.718707033791993,23551,0.718719482421875,5BFF
2860,0.0143,0.510512379696927,16728,0.510498046875,4158,0.712844199294037,23358,0.71282958984375,5B3E
2861,0.014305,0.519287887718894,17016,0.519287109375,4278,0.714498353372842,23413,0.714508056640625,5B75
2862,0.01431,0.515273391157256,16884,0.5152587890625,41F4,0.706251444518789,23142,0.70623779296875,5A66
2863,0.014315,0.510839394484959,16739,0.510833740234375,4163,0.718025891707118,23528,0.718017578125,5BE8
2864,0.01432,0.515651846053223,16897,0.515655517578125,4201,0.713635877847747,23384,0.713623046875,5B58
2865,0.014325,0.514144661509477,16847,0.514129638671875,41CF,0.714566507394758,23415,0.714569091796875,5B77
2866,0.01433,0.515696049520146,16898,0.51568603515625,4202,0.720329135279373,23604,0.7203369140625,5C34
2867,0.014335,0.52108369233147,17075,0.521087646484375,42B3,0.730399274137563,23934,0.73040771484375,5D7E
2868,0.01434,0.519272551848927,17016,0.519287109375,4278,0.726915845854959,23820,0.7269287109375,5D0C
2869,0.014345,0.523892785322856,17167,0.523895263671875,430F,0.716384697824648,23474,0.71636962890625,5BB2
2870,0.01435,0.52792312890263,17299,0.527923583984375,4393,0.718405887656807,23541,0.718414306640625,5BF5
2871,0.014355,0.531824699040448,17427,0.531829833984375,4413,0.72096520669378,23625,0.720977783203125,5C49
2872,0.01436,0.526009588682469,17236,0.5260009765625,4354,0.719701921116926,23583,0.719696044921875,5C1F
2873,0.014365,0.519016960160133,17007,0.519012451171875,426F,0.715338456570239,23440,0.71533203125,5B90
2874,0.01437,0.532526964317471,17450,0.53253173828125,442A,0.71283014725614,23358,0.71282958984375,5B3E
2875,0.014375,0.520812480368933,17066,0.52081298828125,42AA,0.723056134651721,23693,0.723052978515625,5C8D
2876,0.01438,0.52612253828831,17240,0.526123046875,4358,0.712501259823801,23347,0.712493896484375,5B33
2877,0.014385,0.536147203735967,17568,0.5361328125,44A0,0.720023697932254,23594,0.72003173828125,5C2A
2878,0.01439,0.528559240425774,17320,0.528564453125,43A8,0.722172836191334,23664,0.72216796875,5C70
2879,0.014395,0.532705471393513,17456,0.53271484375,4430,0.717451113606771,23509,0.717437744140625,5BD5
2880,0.0144,0.531075359231671,17402,0.53106689453125,43FA,0.719046374144329,23562,0.71905517578125,5C0A
2881,0.014405,0.538663862755846,17651,0.538665771484375,44F3,0.711966710706635,23330,0.71197509765625,5B22
2882,0.01441,0.53400109585905,17498,0.53399658203125,445A,0.721198102038502,23632,0.72119140625,5C50
2883,0.014415,0.533160463161244,17471,0.533172607421875,443F,0.727399781688365,23835,0.727386474609375,5D1B
2884,0.01442,0.53331393127313,17476,0.5333251953125,4444,0.730901589996813,23950,0.73089599609375,5D8E
2885,0.014425,0.532627822905936,17453,0.532623291015625,442D,0.721492621019446,23642,0.72149658203125,5C5A
2886,0.01443,0.542367815553394,17772,0.5423583984375,456C,0.72866873629775,23877,0.728668212890625,5D45
2887,0.014435,0.53706566863054,17599,0.537078857421875,44BF,0.719118616971304,23564,0.7191162109375,5C0C
2888,0.01444,0.534743536255745,17522,0.53472900390625,4472,0.731871389797619,23982,0.73187255859375,5DAE
2889,0.014445,0.539849674053472,17690,0.53985595703125,451A,0.726639414753452,23811,0.726654052734375,5D03
2890,0.01445,0.546992705366378,17924,0.5469970703125,4604,0.730973271182561,23953,0.730987548828125,5D91
2891,0.014455,0.544287064199771,17835,0.544281005859375,45AB,0.717871594055107,23523,0.717864990234375,5BE3
2892,0.01446,0.550176229038346,18028,0.5501708984375,466C,0.723134008354333,23696,0.72314453125,5C90
2893,0.014465,0.544197787180578,17832,0.544189453125,45A8,0.727214539562362,23829,0.727203369140625,5D15
2894,0.01447,0.557054199258239,18254,0.55706787109375,474E,0.725020214494357,23757,0.725006103515625,5CCD
2895,0.014475,0.550812595106729,18049,0.550811767578125,4681,0.739518158871085,24233,0.739532470703125,5EA9
2896,0.01448,0.5461409435377,17896,0.546142578125,45E8,0.720380873412798,23605,0.720367431640625,5C35
2897,0.014485,0.547169025961416,17930,0.54718017578125,460A,0.724861032787168,23752,0.724853515625,5CC8
2898,0.01449,0.555964220326639,18218,0.55596923828125,472A,0.72800634417363,23855,0.727996826171875,5D2F
2899,0.014495,0.55030211444505,18032,0.55029296875,4670,0.732225748380149,23994,0.73223876953125,5DBA
2900,0.0145,0.554211327238988,18160,0.55419921875,46F0,0.735944163214775,24115,0.735931396484375,5E33
2901,0.014505,0.552929888526789,18118,0.55291748046875,46C6,0.73167585388579,23976,0.731689453125,5DA8
2902,0.01451,0.548758752388513,17982,0.54876708984375,463E,0.729360058361854,23900,0.7293701171875,5D5C
2903,0.014515,0.557811670563479,18278,0.55780029296875,4766,0.745490100947321,24428,0.7454833984375,5F6C
2904,0.01452,0.550363019064985,18034,0.55035400390625,4672,0.746144909792482,24450,0.74615478515625,5F82
2905,0.014525,0.558900158593059,18314,0.55889892578125,478A,0.730063557823515,23923,0.730072021484375,5D73
2906,0.01453,0.558347690617179,18296,0.558349609375,4778,0.742337991559885,24325,0.742340087890625,5F05
2907,0.014535,0.563662764467207,18470,0.56365966796875,4826,0.740840511355348,24276,0.7408447265625,5ED4
2908,0.01454,0.553352105673428,18132,0.5533447265625,46D4,0.736662229139987,24139,0.736663818359375,5E4B
2909,0.014545,0.566041569422099,18548,0.5660400390625,4874,0.735651939605165,24106,0.73565673828125,5E2A
2910,0.01455,0.563943644270551,18479,0.563934326171875,482F,0.733183723772159,24025,0.733184814453125,5DD9
2911,0.014555,0.566349564199572,18558,0.56634521484375,487E,0.733577366444496,24038,0.73358154296875,5DE6
2912,0.01456,0.571663802180878,18732,0.5716552734375,492C,0.74494607330824,24410,0.74493408203125,5F5A
2913,0.014565,0.565242779526251,18522,0.56524658203125,485A,0.739336064221082,24227,0.739349365234375,5EA3
2914,0.01457,0.567894380987838,18609,0.567901611328125,48B1,0.747790399086346,24504,0.747802734375,5FB8
2915,0.014575,0.569874909748002,18674,0.56988525390625,48F2,0.741351291855287,24293,0.741363525390625,5EE5
2916,0.01458,0.57505200787063,18843,0.575042724609375,499B,0.744560005454199,24398,0.74456787109375,5F4E
2917,0.014585,0.565740406559023,18538,0.56573486328125,486A,0.753191018027833,24681,0.753204345703125,6069
2918,0.01459,0.56978562799035,18671,0.569793701171875,48EF,0.751871757766657,24637,0.751861572265625,603D
2919,0.014595,0.573389049019495,18789,0.573394775390625,4965,0.748891973363353,24540,0.7489013671875,5FDC
2920,0.0146,0.579485727863258,18989,0.579498291015625,4A2D,0.750919753345419,24606,0.75091552734375,601E
2921,0.014605,0.567647316764675,18601,0.567657470703125,48A9,0.752492962950851,24658,0.75250244140625,6052
2922,0.01461,0.579724946038285,18996,0.5797119140625,4A34,0.75258732272911,24661,0.752593994140625,6055
2923,0.014615,0.564850291597469,18509,0.564849853515625,484D,0.753958151233853,24706,0.75396728515625,6082
2924,0.01462,0.575178034739224,18847,0.575164794921875,499F,0.750479675451233,24592,0.75048828125,6010
2925,0.014625,0.585512043865028,19186,0.58551025390625,4AF2,0.75288778295705,24671,0.752899169921875,605F
2926,0.01463,0.583588239101115,19123,0.583587646484375,4AB3,0.748132537871871,24515,0.748138427734375,5FC3
2927,0.014635,0.585576705292425,19188,0.5855712890625,4AF4,0.750500518547085,24592,0.75048828125,6010
2928,0.01464,0.588758907649765,19292,0.5887451171875,4B5C,0.758940207864115,24869,0.758941650390625,6125
2929,0.014645,0.587917527315674,19265,0.587921142578125,4B41,0.754186687063331,24713,0.754180908203125,6089
2930,0.01465,0.579739316443378,18997,0.579742431640625,4A35,0.761394201522658,24949,0.761383056640625,6175
2931,0.014655,0.586675460508866,19224,0.586669921875,4B18,0.75601497745542,24773,0.756011962890625,60C5
2932,0.01466,0.586441451914452,19217,0.586456298828125,4B11,0.761766038357772,24962,0.76177978515625,6182
2933,0.014665,0.587304231866919,19245,0.587310791015625,4B2D,0.753641854579147,24695,0.753631591796875,6077
2934,0.01467,0.584648106631736,19158,0.58465576171875,4AD6,0.757803945976218,24832,0.7578125,6100
2935,0.014675,0.58704621593335,19236,0.5870361328125,4B24,0.766646693947428,25121,0.766632080078125,6221
2936,0.01468,0.58556835474736,19188,0.5855712890625,4AF4,0.764450108538928,25050,0.76446533203125,61DA
2937,0.014685,0.582932305917034,19102,0.58294677734375,4A9E,0.758620415739385,24858,0.75860595703125,611A
2938,0.01469,0.590500565605031,19350,0.59051513671875,4B96,0.761909376647723,24966,0.76190185546875,6186
2939,0.014695,0.594314121946733,19474,0.59429931640625,4C12,0.764845109350245,25062,0.76483154296875,61E6
2940,0.0147,0.590659481623493,19355,0.590667724609375,4B9B,0.759132190883798,24875,0.759124755859375,612B
2941,0.014705,0.589732372402621,19324,0.5897216796875,4B7C,0.767976835035308,25165,0.767974853515625,624D
2942,0.01471,0.595775702386829,19522,0.59576416015625,4C42,0.761303959936753,24946,0.76129150390625,6172
2943,0.014715,0.587589442435039,19254,0.58758544921875,4B36,0.763527319408494,25019,0.763519287109375,61BB
2944,0.01472,0.585525624106746,19187,0.585540771484375,4AF3,0.760632077718513,24924,0.7606201171875,615C
2945,0.014725,0.59245705724704,19414,0.59246826171875,4BD6,0.767749409384822,25158,0.76776123046875,6246
2946,0.01473,0.588663689524332,19289,0.588653564453125,4B59,0.77241904993637,25311,0.772430419921875,62DF
2947,0.014735,0.599116555362601,19632,0.59912109375,4CB0,0.769848277843485,25226,0.76983642578125,628A
2948,0.01474,0.602483597487725,19742,0.60247802734375,4D1E,0.776241904173577,25436,0.7762451171875,635C
2949,0.014745,0.599606104866258,19648,0.599609375,4CC0,0.766961677562579,25132,0.7669677734375,622C
2950,0.01475,0.61102405760717,20022,0.61102294921875,4E36,0.771878051995847,25293,0.771881103515625,62CD
2951,0.014755,0.592013218152406,19399,0.592010498046875,4BC7,0.773276059409461,25339,0.773284912109375,62FB
2952,0.01476,0.599847842300428,19656,0.599853515625,4CC8,0.769900851661229,25228,0.7698974609375,628C
2953,0.014765,0.600146044946769,19666,0.60015869140625,4CD2,0.76572672572238,25091,0.765716552734375,6203
2954,0.01477,0.60011883105217,19665,0.600128173828125,4CD1,0.774832372541296,25390,0.77484130859375,632E
2955,0.014775,0.591508115301876,19383,0.591522216796875,4BB7,0.779250400946977,25534,0.77923583984375,63BE
2956,0.01478,0.595982895568108,19529,0.595977783203125,4C49,0.765442709119859,25082,0.76544189453125,61FA
2957,0.014785,0.597327969802043,19573,0.597320556640625,4C75,0.774947319745527,25393,0.774932861328125,6331
2958,0.01479,0.606913066502927,19887,0.606903076171875,4DAF,0.767337207624869,25144,0.767333984375,6238
2959,0.014795,0.602469434062708,19742,0.60247802734375,4D1E,0.769709633454165,25222,0.76971435546875,6286
2960,0.0148,0.610485395536866,20004,0.6104736328125,4E24,0.763663109765449,25024,0.763671875,61C0
2961,0.014805,0.601862915523682,19722,0.60186767578125,4D0A,0.772039066917959,25298,0.77203369140625,62D2
2962,0.01481,0.607159736348823,19895,0.607147216796875,4DB7,0.765083689705655,25070,0.76507568359375,61EE
2963,0.014815,0.601904856792525,19723,0.601898193359375,4D0B,0.770416757897715,25245,0.770416259765625,629D
2964,0.01482,0.612652416824462,20075,0.612640380859375,4E6B,0.766362816586402,25112,0.766357421875,6218
2965,0.014825,0.613224501652788,20094,0.61322021484375,4E7E,0.776510344367622,25445,0.776519775390625,6365
2966,0.01483,0.608465661743975,19938,0.60845947265625,4DE2,0.771394641076289,25277,0.771392822265625,62BD
2967,0.014835,0.620903106457618,20346,0.62091064453125,4F7A,0.780131992080608,25563,0.780120849609375,63DB
2968,0.01484,0.611978618791091,20053,0.611968994140625,4E55,0.768358049954873,25178,0.76837158203125,625A
2969,0.014845,0.622219805435715,20389,0.622222900390625,4FA5,0.771334823282346,25275,0.771331787109375,62BB
2970,0.01485,0.614740473754344,20144,0.61474609375,4EB0,0.775757135640101,25420,0.7757568359375,634C
2971,0.014855,0.61815899479909,20256,0.6181640625,4F20,0.771670491655372,25286,0.77166748046875,62C6
2972,0.01486,0.616872679303005,20214,0.61688232421875,4EF6,0.769165897252305,25204,0.7691650390625,6274
2973,0.014865,0.614112737505802,20123,0.614105224609375,4E9B,0.767525947182243,25150,0.76751708984375,623E
2974,0.01487,0.618850047198672,20278,0.61883544921875,4F36,0.78347240019043,25673,0.783477783203125,6449
2975,0.014875,0.624121011611279,20451,0.624114990234375,4FE3,0.774812727445067,25389,0.774810791015625,632D
2976,0.01488,0.613952476008715,20118,0.61395263671875,4E96,0.768974071110141,25198,0.76898193359375,626E
2977,0.014885,0.619941626398939,20314,0.61993408203125,4F5A,0.771826904928592,25291,0.771820068359375,62CB
2978,0.01489,0.622223797251634,20389,0.622222900390625,4FA5,0.763324526061997,25013,0.763336181640625,61B5
2979,0.014895,0.630758292248418,20669,0.630767822265625,50BD,0.76481533732292,25061,0.764801025390625,61E5
2980,0.0149,0.630793203732594,20670,0.63079833984375,50BE,0.765303143950214,25077,0.765289306640625,61F5
2981,0.014905,0.629028710619126,20612,0.6290283203125,5084,0.770980567512296,25263,0.770965576171875,62AF
2982,0.01491,0.627358404472704,20557,0.627349853515625,504D,0.77463459115753,25383,0.774627685546875,6327
2983,0.014915,0.637138591698748,20878,0.63714599609375,518E,0.775362643237377,25407,0.775360107421875,633F
2984,0.01492,0.632208646880129,20716,0.6322021484375,50EC,0.77381528236974,25356,0.7738037109375,630C
2985,0.014925,0.643640710339185,21091,0.643646240234375,5263,0.769103056656082,25202,0.76910400390625,6272
2986,0.01493,0.635751201659843,20832,0.6357421875,5160,0.762815881950244,24996,0.7628173828125,61A4
2987,0.014935,0.637078694018973,20876,0.6370849609375,518C,0.764209298843196,25042,0.76422119140625,61D2
2988,0.01494,0.629497620494009,20627,0.629486083984375,5093,0.776769076836436,25453,0.776763916015625,636D
2989,0.014945,0.637894401595434,20903,0.637908935546875,51A7,0.763421079003316,25016,0.763427734375,61B8
2990,0.01495,0.638021917434552,20907,0.638031005859375,51AB,0.767976829017179,25165,0.767974853515625,624D
2991,0.014955,0.637684737449587,20896,0.6376953125,51A0,0.780360887164055,25571,0.780364990234375,63E3
2992,0.01496,0.638432977859909,20920,0.638427734375,51B8,0.761809267882197,24963,0.761810302734375,6183
2993,0.014965,0.642173947592143,21043,0.642181396484375,5233,0.765462387187029,25083,0.765472412109375,61FB
2994,0.01497,0.63882225037473,20933,0.638824462890625,51C5,0.764745651676354,25059,0.764739990234375,61E3
2995,0.014975,0.643873790789856,21098,0.64385986328125,526A,0.777103896546521,25464,0.777099609375,6378
2996,0.01498,0.635698771180243,20831,0.635711669921875,515F,0.765837095040267,25095,0.765838623046875,6207
2997,0.014985,0.649339134948848,21278,0.64935302734375,531E,0.765846917174842,25095,0.765838623046875,6207
2998,0.01499,0.644644883254043,21124,0.6446533203125,5284,0.766670903187195,25122,0.76666259765625,6222
2999,0.014995,0.649542370444918,21284,0.6495361328125,5324,0.759732209986251,24895,0.759735107421875,613F
3000,0.015,0.649578856481702,21285,0.649566650390625,5325,0.759871901026505,24899,0.759857177734375,6143
3001,0.015005,0.651093481803027,21335,0.651092529296875,5357,0.773993341620501,25362,0.77398681640625,6312
3002,0.01501,0.651278565221003,21341,0.651275634765625,535D,0.763651043998468,25023,0.763641357421875,61BF
3003,0.015015,0.642455538518602,21052,0.6424560546875,523C,0.757840039827984,24833,0.757843017578125,6101
3004,0.01502,0.648191345633417,21240,0.648193359375,52F8,0.776324862303565,25439,0.776336669921875,635F
3005,0.015025,0.654338449280641,21441,0.654327392578125,53C1,0.76940174571059,25212,0.7694091796875,627C
3006,0.01503,0.657632412610586,21549,0.657623291015625,542D,0.771630613773198,25285,0.771636962890625,62C5
3007,0.015035,0.6559622508971,21495,0.655975341796875,53F7,0.773447950962539,25344,0.7734375,6300
3008,0.01504,0.637636755392701,20894,0.63763427734375,519E,0.765131334457088,25072,0.76513671875,61F0
3009,0.015045,0.66181832370045,21686,0.66180419921875,54B6,0.765841655325887,25095,0.765838623046875,6207
3010,0.01505,0.646892510250905,21197,0.646881103515625,52CD,0.765710217430442,25091,0.765716552734375,6203
3011,0.015055,0.647895511030441,21230,0.64788818359375,52EE,0.766806859132288,25127,0.766815185546875,6227
3012,0.01506,0.6421284879354,21041,0.642120361328125,5231,0.758456313631591,24853,0.758453369140625,6115
3013,0.015065,0.654768956420905,21455,0.654754638671875,53CF,0.767254682608153,25141,0.767242431640625,6235
3014,0.01507,0.655033750444029,21464,0.655029296875,53D8,0.758886837395437,24867,0.758880615234375,6123
3015,0.015075,0.657882079199848,21557,0.657867431640625,5435,0.751464106359163,24624,0.75146484375,6030
3016,0.01508,0.656339175506392,21507,0.656341552734375,5403,0.767338053691939,25144,0.767333984375,6238
3017,0.015085,0.650122440639636,21303,0.650115966796875,5337,0.759863609227983,24899,0.759857177734375,6143
3018,0.01509,0.636590964035498,20860,0.6365966796875,517C,0.758163248574254,24843,0.758148193359375,610B
3019,0.015095,0.653967953434485,21429,0.653961181640625,53B5,0.75024306881355,24584,0.750244140625,6008
3020,0.0151,0.650876342867313,21328,0.65087890625,5350,0.753204761460498,24681,0.753204345703125,6069
3021,0.015105,0.658120670430136,21565,0.658111572265625,543D,0.758897839908593,24868,0.7589111328125,6124
3022,0.01511,0.658302263811506,21571,0.658294677734375,5443,0.76212620792865,24973,0.762115478515625,618D
3023,0.015115,0.647511036296091,21218,0.64752197265625,52E2,0.756206039005626,24779,0.756195068359375,60CB
3024,0.01512,0.647107646714511,21204,0.6470947265625,52D4,0.762241822903984,24977,0.762237548828125,6191
3025,0.015125,0.651454852001572,21347,0.651458740234375,5363,0.761485549293127,24952,0.761474609375,6178
3026,0.01513,0.647865286178834,21229,0.647857666015625,52ED,0.757213133920343,24812,0.7572021484375,60EC
3027,0.015135,0.645061716447242,21137,0.645050048828125,5291,0.7653023295063,25077,0.765289306640625,61F5
3028,0.01514,0.640029528883266,20972,0.6400146484375,51EC,0.761827182826141,24964,0.7618408203125,6184
3029,0.015145,0.648314259841091,21244,0.6483154296875,52FC,0.764104036401802,25038,0.76409912109375,61CE
3030,0.01515,0.64029283890149,20981,0.640289306640625,51F5,0.765516885963193,25084,0.7655029296875,61FC
3031,0.015155,0.64023886829514,20979,0.640228271484375,51F3,0.761931090612078,24967,0.761932373046875,6187
3032,0.01516,0.649747624792635,21291,0.649749755859375,532B,0.757490896212919,24821,0.757476806640625,60F5
3033,0.015165,0.637590469948297,20893,0.637603759765625,519D,0.761087230503927,24939,0.761077880859375,616B
3034,0.01517,0.63424941864918,20783,0.634246826171875,512F,0.760200878954184,24910,0.76019287109375,614E
3035,0.015175,0.640037090071271,20973,0.640045166015625,51ED,0.762217080912463,24976,0.76220703125,6190
3036,0.01518,0.643321995431472,21080,0.643310546875,5258,0.762783170688514,24995,0.762786865234375,61A3
3037,0.015185,0.658498907855476,21578,0.65850830078125,544A,0.764875098893935,25063,0.764862060546875,61E7
3038,0.01519,0.651874344617223,21361,0.651885986328125,5371,0.766808424373668,25127,0.766815185546875,6227
3039,0.015195,0.648187617440247,21240,0.648193359375,52F8,0.766524370783101,25117,0.766510009765625,621D
3040,0.0152,0.640992596120124,21004,0.6409912109375,520C,0.761589532195584,24956,0.7615966796875,617C
3041,0.015205,0.650246041312709,21307,0.650238037109375,533B,0.759642786513948,24892,0.7596435546875,613C
3042,0.01521,0.643405212429232,21083,0.643402099609375,525B,0.754389845214698,24720,0.75439453125,6090
3043,0.015215,0.654299272870976,21440,0.654296875,53C0,0.770159583105097,25237,0.770172119140625,6295
3044,0.01522,0.645064832060349,21137,0.645050048828125,5291,0.755119570984535,24744,0.755126953125,60A8
3045,0.015225,0.652851038034068,21393,0.652862548828125,5391,0.759547784977207,24889,0.759552001953125,6139
3046,0.01523,0.64247255599314,21053,0.642486572265625,523D,0.760599311420715,24923,0.760589599609375,615B
3047,0.015235,0.65297017118497,21397,0.652984619140625,5395,0.759996250635831,24904,0.760009765625,6148
3048,0.01524,0.648349402312379,21245,0.648345947265625,52FD,0.761559756899781,24955,0.761566162109375,617B
3049,0.015245,0.643574939358326,21089,0.643585205078125,5261,0.765137455280713,25072,0.76513671875,61F0
3050,0.01525,0.641475293927459,21020,0.6414794921875,521C,0.770806111536251,25258,0.77081298828125,62AA
3051,0.015255,0.651268740839495,21341,0.651275634765625,535D,0.763756258472967,25027,0.763763427734375,61C3
3052,0.01526,0.648082529552385,21236,0.6480712890625,52F4,0.76755089419858,25151,0.767547607421875,623F
3053,0.015265,0.653458541622767,21413,0.653472900390625,53A5,0.764947017151419,25066,0.76495361328125,61EA
3054,0.01527,0.645188793490724,21142,0.64520263671875,5296,0.756078745677823,24775,0.756072998046875,60C7
3055,0.015275,0.647488376558368,21217,0.647491455078125,52E1,0.763800380907138,25028,0.7637939453125,61C4
3056,0.01528,0.649711406147037,21290,0.64971923828125,532A,0.766842422565906,25128,0.766845703125,6228
3057,0.015285,0.64410301899723,21106,0.64410400390625,5272,0.757499765137454,24822,0.75750732421875,60F6
3058,0.01529,0.648696545240698,21256,0.648681640625,5308,0.758314328531285,24848,0.75830078125,6110
3059,0.015295,0.651140025469918,21337,0.651153564453125,5359,0.759931166356846,24901,0.759918212890625,6145
3060,0.0153,0.656465199650409,21511,0.656463623046875,5407,0.756550800342719,24791,0.756561279296875,60D7
3061,0.015305,0.651653752065597,21353,0.651641845703125,5369,0.764529205311535,25052,0.7645263671875,61DC
3062,0.01531,0.655660532022953,21485,0.655670166015625,53ED,0.766966012769794,25132,0.7669677734375,622C
3063,0.015315,0.660391607079007,21640,0.660400390625,5488,0.75160096928071,24628,0.7515869140625,6034
3064,0.01532,0.653942507918313,21428,0.6539306640625,53B4,0.764328486962539,25046,0.76434326171875,61D6
3065,0.015325,0.658979339771662,21593,0.658966064453125,5459,0.755791664589796,24766,0.75579833984375,60BE
3066,0.01533,0.65222947023731,21372,0.6522216796875,537C,0.763304425331407,25012,0.7633056640625,61B4
3067,0.015335,0.665581931900948,21810,0.66558837890625,5532,0.75918166895569,24877,0.759185791015625,612D
3068,0.01534,0.669713534596251,21945,0.669708251953125,55B9,0.759400038032901,24884,0.7593994140625,6134
3069,0.015345,0.650364573407302,21311,0.650360107421875,533F,0.763269394074575,25011,0.763275146484375,61B3
3070,0.01535,0.665824749952734,21818,0.66583251953125,553A,0.754075125814406,24710,0.75408935546875,6086
3071,0.015355,0.658684067187489,21584,0.65869140625,5450,0.759219203080846,24878,0.75921630859375,612E
3072,0.01536,0.662487559087437,21708,0.6624755859375,54CC,0.751431782276407,24623,0.751434326171875,602F
3073,0.015365,0.677702330901003,22207,0.677703857421875,56BF,0.757845636042369,24833,0.757843017578125,6101
3074,0.01537,0.670296246646909,21964,0.6702880859375,55CC,0.757875932037763,24834,0.75787353515625,6102
3075,0.015375,0.670474579009258,21970,0.67047119140625,55D2,0.763919041809054,25032,0.763916015625,61C8
3076,0.01538,0.675672880966054,22140,0.6756591796875,567C,0.75648055597766,24788,0.7564697265625,60D4
3077,0.015385,0.683399355028715,22394,0.68341064453125,577A,0.764558105574417,25053,0.764556884765625,61DD
3078,0.01539,0.676495199512511,22167,0.676483154296875,5697,0.751695907255764,24632,0.751708984375,6038
3079,0.015395,0.673130594160539,22057,0.673126220703125,5629,0.768931612741163,25196,0.7689208984375,626C
3080,0.0154,0.669745297914565,21946,0.66973876953125,55BA,0.758332264042155,24849,0.758331298828125,6111
3081,0.015405,0.687657740785205,22533,0.687652587890625,5805,0.761921172305974,24967,0.761932373046875,6187
3082,0.01541,0.682531974789407,22365,0.682525634765625,575D,0.753680396110598,24697,0.753692626953125,6079
3083,0.015415,0.688331167117801,22555,0.688323974609375,581B,0.762275889708925,24978,0.76226806640625,6192
3084,0.01542,0.688200803006239,22551,0.688201904296875,5817,0.760698261126163,24927,0.760711669921875,615F
3085,0.015425,0.690791959178521,22636,0.6907958984375,586C,0.756432449842873,24787,0.756439208984375,60D3
3086,0.01543,0.69261398823963,22696,0.692626953125,58A8,0.76057198710837,24922,0.76055908203125,615A
3087,0.015435,0.699622599937042,22925,0.699615478515625,598D,0.753041616843429,24676,0.7530517578125,6064
3088,0.01544,0.69815215636869,22877,0.698150634765625,595D,0.763845010941753,25030,0.76385498046875,61C6
3089,0.015445,0.698044911242434,22874,0.69805908203125,595A,0.749993311782909,24576,0.75,6000
3090,0.01545,0.699315347652935,22915,0.699310302734375,5983,0.75495602844946,24738,0.75494384765625,60A2
3091,0.015455,0.701683868774149,22993,0.701690673828125,59D1,0.760269283392353,24913,0.760284423828125,6151
3092,0.01546,0.697519185585183,22856,0.697509765625,5948,0.75473509093124,24731,0.754730224609375,609B
3093,0.015465,0.691060723906796,22645,0.691070556640625,5875,0.75489979965373,24737,0.754913330078125,60A1
3094,0.01547,0.700173484065498,22943,0.700164794921875,599F,0.76242215279468,24983,0.762420654296875,6197
3095,0.015475,0.705687882981476,23124,0.7056884765625,5A54,0.754934445382818,24738,0.75494384765625,60A2
3096,0.01548,0.716675596045184,23484,0.7166748046875,5BBC,0.755606069957332,24760,0.755615234375,60B8
3097,0.015485,0.71003452169285,23266,0.71002197265625,5AE2,0.749212127745627,24550,0.74920654296875,5FE6
3098,0.01549,0.712738872746281,23355,0.712738037109375,5B3B,0.759822673528242,24898,0.75982666015625,6142
3099,0.015495,0.700240745520322,22945,0.700225830078125,59A1,0.754514920196196,24724,0.7545166015625,6094
3100,0.0155,0.712512914264769,23348,0.7125244140625,5B34,0.762238004532675,24977,0.762237548828125,6191
3101,0.015505,0.713241371683796,23371,0.713226318359375,5B4B,0.760222878188474,24911,0.760223388671875,614F
3102,0.01551,0.716525962330496,23479,0.716522216796875,5BB7,0.761402467952601,24950,0.76141357421875,6176
3103,0.015515,0.707992917989726,23200,0.7080078125,5AA0,0.755838937887981,24767,0.755828857421875,60BF
3104,0.01552,0.720186829308432,23599,0.720184326171875,5C2F,0.755126482451091,24744,0.755126953125,60A8
3105,0.015525,0.722292224410158,23668,0.7222900390625,5C74,0.75720241051195,24812,0.7572021484375,60EC
3106,0.01553,0.719232081639933,23568,0.71923828125,5C10,0.754784619467273,24733,0.754791259765625,609D
3107,0.015535,0.722826942045009,23686,0.72283935546875,5C86,0.752158433649646,24647,0.752166748046875,6047
3108,0.01554,0.724025413841363,23725,0.724029541015625,5CAD,0.753431580340963,24688,0.75341796875,6070
3109,0.015545,0.721309960826342,23636,0.7213134765625,5C54,0.751615229482848,24629,0.751617431640625,6035
3110,0.01555,0.729356053703664,23900,0.7293701171875,5D5C,0.758573214895605,24857,0.758575439453125,6119
3111,0.015555,0.721169820617452,23631,0.721160888671875,5C4F,0.752386927724662,24654,0.75238037109375,604E
3112,0.01556,0.718990194226857,23560,0.718994140625,5C08,0.764716531827392,25058,0.76470947265625,61E2
3113,0.015565,0.727875682036025,23851,0.727874755859375,5D2B,0.754867057503752,24735,0.754852294921875,609F
3114,0.01557,0.728965035177649,23887,0.728973388671875,5D4F,0.743874887150516,24375,0.743865966796875,5F37
3115,0.015575,0.722464227394327,23674,0.72247314453125,5C7A,0.758737393387504,24862,0.75872802734375,611E
3116,0.01558,0.736975180066728,24149,0.736968994140625,5E55,0.756645585876075,24794,0.75665283203125,60DA
3117,0.015585,0.729422884706905,23902,0.72943115234375,5D5E,0.757019400928098,24806,0.75701904296875,60E6
3118,0.01559,0.727715809794929,23846,0.72772216796875,5D26,0.750404508305655,24589,0.750396728515625,600D
3119,0.015595,0.729987694715356,23920,0.72998046875,5D70,0.758472216665308,24854,0.75848388671875,6116
3120,0.0156,0.73569348598241,24107,0.735687255859375,5E2B,0.755583245130625,24759,0.755584716796875,60B7
3121,0.015605,0.729942570655781,23919,0.729949951171875,5D6F,0.755133346783615,24744,0.755126953125,60A8
3122,0.01561,0.727701433545366,23845,0.727691650390625,5D25,0.755060158710502,24742,0.75506591796875,60A6
3123,0.015615,0.730442840736481,23935,0.730438232421875,5D7F,0.751317185263451,24619,0.751312255859375,602B
3124,0.01562,0.739494929807636,24232,0.739501953125,5EA8,0.748695785999906,24533,0.748687744140625,5FD5
3125,0.015625,0.73991142267466,24245,0.739898681640625,5EB5,0.754054912965283,24709,0.754058837890625,6085
3126,0.01563,0.72483640060757,23751,0.724822998046875,5CC7,0.748176001538963,24516,0.7481689453125,5FC4
3127,0.015635,0.735414091443312,24098,0.73541259765625,5E22,0.752927052429189,24672,0.7529296875,6060
3128,0.01564,0.733881950547989,24048,0.73388671875,5DF0,0.754496631337897,24723,0.754486083984375,6093
3129,0.015645,0.735421196608522,24098,0.73541259765625,5E22,0.753257604169714,24683,0.753265380859375,606B
3130,0.01565,0.736105419555616,24121,0.736114501953125,5E39,0.749188419706347,24549,0.749176025390625,5FE5
3131,0.015655,0.734571147961589,24070,0.73455810546875,5E06,0.747683742060304,24500,0.7476806640625,5FB4
3132,0.01566,0.733496356920122,24035,0.733489990234375,5DE3,0.756685484261673,24795,0.756683349609375,60DB
3133,0.015665,0.74782696197316,24505,0.747833251953125,5FB9,0.746814089940679,24472,0.746826171875,5F98
3134,0.01567,0.739650807874597,24237,0.739654541015625,5EAD,0.736057580709449,24119,0.736053466796875,5E37
3135,0.015675,0.744634748132905,24400,0.74462890625,5F50,0.746241160639065,24453,0.746246337890625,5F85
3136,0.01568,0.747596933858969,24497,0.747589111328125,5FB1,0.742203259638147,24321,0.742218017578125,5F01
3137,0.015685,0.741056897952177,24283,0.741058349609375,5EDB,0.744471057785855,24395,0.744476318359375,5F4B
3138,0.01569,0.742220233019277,24321,0.742218017578125,5F01,0.758279750581818,24847,0.758270263671875,610F
3139,0.015695,0.743259305595323,24355,0.743255615234375,5F23,0.752690682481766,24664,0.752685546875,6058
3140,0.0157,0.740312800035429,24259,0.740325927734375,5EC3,0.744215146787501,24386,0.74420166015625,5F42
3141,0.015705,0.745673905230507,24434,0.74566650390625,5F72,0.747847133903594,24505,0.747833251953125,5FB9
3142,0.01571,0.741074153076418,24284,0.7410888671875,5EDC,0.753341508113789,24685,0.753326416015625,606D
3143,0.015715,0.740246990620315,24256,0.740234375,5EC0,0.744555558833776,24398,0.74456787109375,5F4E
3144,0.01572,0.745086411648106,24415,0.745086669921875,5F5F,0.748089380181064,24513,0.748077392578125,5FC1
3145,0.015725,0.738258814146914,24191,0.738250732421875,5E7F,0.756129931694006,24777,0.756134033203125,60C9
3146,0.01573,0.732232076779023,23994,0.73223876953125,5DBA,0.748205657409038,24517,0.748199462890625,5FC5
3147,0.015735,0.752937887736078,24672,0.7529296875,6060,0.741241330398829,24289,0.741241455078125,5EE1
3148,0.01574,0.740485676551173,24264,0.740478515625,5EC8,0.741979068491098,24313,0.741973876953125,5EF9
3149,0.015745,0.753230466244333,24682,0.75323486328125,606A,0.747617724289231,24498,0.74761962890625,5FB2
3150,0.01575,0.744873601310231,24408,0.744873046875,5F58,0.747778786968715,24503,0.747772216796875,5FB7
3151,0.015755,0.745296332859358,24422,0.74530029296875,5F66,0.750614057209567,24596,0.7506103515625,6014
3152,0.01576,0.757206819236978,24812,0.7572021484375,60EC,0.742923042732913,24344,0.742919921875,5F18
3153,0.015765,0.744716291137972,24403,0.744720458984375,5F53,0.737696632417923,24173,0.737701416015625,5E6D
3154,0.01577,0.756383741963702,24785,0.756378173828125,60D1,0.73910528551278,24219,0.739105224609375,5E9B
3155,0.015775,0.759267634161112,24880,0.75927734375,6130,0.74279155925574,24340,0.7427978515625,5F14
3156,0.01578,0.747043154958461,24479,0.747039794921875,5F9F,0.740330064706176,24259,0.740325927734375,5EC3
3157,0.015785,0.736871645163686,24146,0.73687744140625,5E52,0.746586303282865,24464,0.74658203125,5F90
3158,0.01579,0.741951634777604,24312,0.741943359375,5EF8,0.749064736001575,24545,0.749053955078125,5FE1
3159,0.015795,0.744516094497903,24396,0.7445068359375,5F4C,0.74070944816883,24272,0.74072265625,5ED0
3160,0.0158,0.751405254556822,24622,0.75140380859375,602E,0.75022889686336,24584,0.750244140625,6008
3161,0.015805,0.756530999285108,24790,0.75653076171875,60D6,0.738101174439356,24186,0.73809814453125,5E7A
3162,0.01581,0.751853342754932,24637,0.751861572265625,603D,0.748190899446069,24517,0.748199462890625,5FC5
3163,0.015815,0.750230914714273,24584,0.750244140625,6008,0.736122301318233,24121,0.736114501953125,5E39
3164,0.01582,0.748453055700708,24525,0.748443603515625,5FCD,0.742625364248898,24334,0.74261474609375,5F0E
3165,0.015825,0.750918292052935,24606,0.75091552734375,601E,0.741080081316322,24284,0.7410888671875,5EDC
3166,0.01583,0.754634610580862,24728,0.754638671875,6098,0.740241311057277,24256,0.740234375,5EC0
3167,0.015835,0.74589672209658,24442,0.74591064453125,5F7A,0.73631087674643,24127,0.736297607421875,5E3F
3168,0.01584,0.748136142718347,24515,0.748138427734375,5FC3,0.737238831418739,24158,0.73724365234375,5E5E
3169,0.015845,0.742461893626755,24329,0.742462158203125,5F09,0.743274048027095,24356,0.7432861328125,5F24
3170,0.01585,0.757740910409559,24830,0.75775146484375,60FE,0.733656373838002,24040,0.733642578125,5DE8
3171,0.015855,0.757562494151692,24824,0.757568359375,60F8,0.728791569023926,23881,0.728790283203125,5D49
3172,0.01586,0.758023018780367,24839,0.758026123046875,6107,0.723749094379337,23716,0.7237548828125,5CA4
3173,0.015865,0.755193128669622,24746,0.75518798828125,60AA,0.729864737961418,23916,0.7298583984375,5D6C
3174,0.01587,0.742304438416273,24324,0.7423095703125,5F04,0.737547953547032,24168,0.737548828125,5E68
3175,0.015875,0.74306153955925,24349,0.743072509765625,5F1D,0.732307371787925,23996,0.7322998046875,5DBC
3176,0.01588,0.740370237018018,24260,0.7403564453125,5EC4,0.732510395201575,24003,0.732513427734375,5DC3
3177,0.015885,0.753597466376726,24694,0.75360107421875,6076,0.729249631892213,23896,0.729248046875,5D58
3178,0.01589,0.758373485473732,24850,0.75836181640625,6112,0.732430284767266,24000,0.732421875,5DC0
3179,0.015895,0.759687695035206,24893,0.759674072265625,613D,0.729133993458048,23892,0.7291259765625,5D54
3180,0.0159,0.748166614090552,24516,0.7481689453125,5FC4,0.724782385278416,23750,0.72479248046875,5CC6
3181,0.015905,0.759128490904354,24875,0.759124755859375,612B,0.734666871420656,24074,0.73468017578125,5E0A
3182,0.01591,0.755193916303644,24746,0.75518798828125,60AA,0.735847262834486,24112,0.73583984375,5E30
3183,0.015915,0.763081093981853,25005,0.763092041015625,61AD,0.731333497520171,23964,0.7313232421875,5D9C
3184,0.01592,0.755259874232348,24748,0.7552490234375,60AC,0.728726316154883,23879,0.728729248046875,5D47
3185,0.015925,0.748996097039665,24543,0.748992919921875,5FDF,0.725048452497236,23758,0.72503662109375,5CCE
3186,0.01593,0.751447960018873,24623,0.751434326171875,602F,0.729841385082267,23915,0.729827880859375,5D6B
3187,0.015935,0.748449281458236,24525,0.748443603515625,5FCD,0.733233028369827,24027,0.733245849609375,5DDB
3188,0.01594,0.756740506589944,24797,0.756744384765625,60DD,0.730541038531079,23938,0.73052978515625,5D82
3189,0.015945,0.758513270685881,24855,0.758514404296875,6117,0.719465815542173,23575,0.719451904296875,5C17
3190,0.01595,0.754528107750144,24724,0.7545166015625,6094,0.72551465978238,23774,0.72552490234375,5CDE
3191,0.015955,0.761726826134191,24960,0.76171875,6180,0.731023424890803,23954,0.73101806640625,5D92
3192,0.01596,0.755154717892342,24745,0.755157470703125,60A9,0.721885515682193,23655,0.721893310546875,5C67
3193,0.015965,0.757084116555116,24808,0.757080078125,60E8,0.715656687695503,23451,0.715667724609375,5B9B
3194,0.01597,0.763518215540128,25019,0.763519287109375,61BB,0.716549220015803,23480,0.716552734375,5BB8
3195,0.015975,0.758669693001006,24860,0.7586669921875,611C,0.722850043837276,23686,0.72283935546875,5C86
3196,0.01598,0.750597350014609,24596,0.7506103515625,6014,0.72416704435671,23730,0.72418212890625,5CB2
3197,0.015985,0.760877709112992,24932,0.7608642578125,6164,0.719048234766717,23562,0.71905517578125,5C0A
3198,0.01599,0.756854237818011,24801,0.756866455078125,60E1,0.724135425027382,23728,0.72412109375,5CB0
3199,0.015995,0.762738745162054,24993,0.762725830078125,61A1,0.723046833433566,23693,0.723052978515625,5C8D
3200,0.016,0.757128831328581,24810,0.75714111328125,60EA,0.721151898776343,23631,0.721160888671875,5C4F
3201,0.016005,0.758068310710954,24840,0.758056640625,6108,0.71869582692184,23550,0.71868896484375,5BFE
3202,0.01601,0.771667802037329,25286,0.77166748046875,62C6,0.726551823598693,23808,0.7265625,5D00
3203,0.016015,0.764925702940916,25065,0.764923095703125,61E9,0.718435260506161,23542,0.71844482421875,5BF6
3204,0.01602,0.762185519711506,24975,0.762176513671875,618F,0.728112552119954,23859,0.728118896484375,5D33
3205,0.016025,0.767758921663603,25158,0.76776123046875,6246,0.722277351305841,23668,0.7222900390625,5C74
3206,0.01603,0.765551501443472,25086,0.76556396484375,61FE,0.722762991391622,23683,0.722747802734375,5C83
3207,0.016035,0.76796713384876,25165,0.767974853515625,624D,0.717047382375496,23496,0.717041015625,5BC8
3208,0.01604,0.768222578366162,25173,0.768218994140625,6255,0.717032849580527,23496,0.717041015625,5BC8
3209,0.016045,0.774866539217622,25391,0.774871826171875,632F,0.719272395187453,23569,0.719268798828125,5C11
3210,0.01605,0.770721256428364,25255,0.770721435546875,62A7,0.724998167200108,23757,0.725006103515625,5CCD
3211,0.016055,0.76646923376342,25116,0.7664794921875,621C,0.722255168047714,23667,0.722259521484375,5C73
3212,0.01606,0.773668945943504,25352,0.773681640625,6308,0.723247866698966,23699,0.723236083984375,5C93
3213,0.016065,0.773312630669465,25340,0.7733154296875,62FC,0.720377428682846,23605,0.720367431640625,5C35
3214,0.01607,0.769562302177336,25217,0.769561767578125,6281,0.722818395753698,23685,0.722808837890625,5C85
3215,0.016075,0.785608252234739,25743,0.785614013671875,648F,0.710044344941183,23267,0.710052490234375,5AE3
3216,0.01608,0.778911447634067,25523,0.778900146484375,63B3,0.727499988293614,23839,0.727508544921875,5D1F
3217,0.016085,0.781047710036768,25593,0.781036376953125,63F9,0.723374850286342,23704,0.723388671875,5C98
3218,0.01609,0.777074648128451,25463,0.777069091796875,6377,0.71732868906194,23505,0.717315673828125,5BD1
3219,0.016095,0.776234095512998,25436,0.7762451171875,635C,0.711898095600264,23327,0.711883544921875,5B1F
3220,0.0161,0.775110128402022,25399,0.775115966796875,6337,0.719819371569364,23587,0.719818115234375,5C23
3221,0.016105,0.784365301189484,25702,0.78436279296875,6466,0.722324243392677,23669,0.722320556640625,5C75
3222,0.01611,0.790163966052843,25892,0.7901611328125,6524,0.711515356088268,23315,0.711517333984375,5B13
3223,0.016115,0.775932458024205,25426,0.77593994140625,6352,0.709235711643149,23240,0.709228515625,5AC8
3224,0.01612,0.779499699001298,25543,0.779510498046875,63C7,0.727944056363239,23853,0.727935791015625,5D2D
3225,0.016125,0.781240537857037,25600,0.78125,6400,0.71462599535958,23417,0.714630126953125,5B79
3226,0.01613,0.788497837845391,25837,0.788482666015625,64ED,0.713944044032335,23395,0.713958740234375,5B63
3227,0.016135,0.791175847537344,25925,0.791168212890625,6545,0.705046817908819,23103,0.705047607421875,5A3F
3228,0.01614,0.79218111101588,25958,0.79217529296875,6566,0.715091927507592,23432,0.715087890625,5B88
3229,0.016145,0.79082125643268,25914,0.79083251953125,653A,0.708472848180887,23215,0.708465576171875,5AAF
3230,0.01615,0.794265695170529,26026,0.79425048828125,65AA,0.714727819350201,23420,0.7147216796875,5B7C
3231,0.016155,0.793457717678023,26000,0.79345703125,6590,0.725121103629879,23761,0.725128173828125,5CD1
3232,0.01616,0.798168782362687,26154,0.79815673828125,662A,0.715312199290206,23439,0.715301513671875,5B8F
3233,0.016165,0.786866893570463,25784,0.786865234375,64B8,0.717311539984967,23505,0.717315673828125,5BD1
3234,0.01617,0.79546554280204,26066,0.79547119140625,65D2,0.712956426113891,23362,0.71295166015625,5B42
3235,0.016175,0.792971732068014,25984,0.79296875,6580,0.710418267195275,23279,0.710418701171875,5AEF
3236,0.01618,0.800945068991602,26245,0.800933837890625,6685,0.720091682643736,23596,0.7200927734375,5C2C
3237,0.016185,0.801040281518907,26248,0.801025390625,6688,0.71144162230229,23313,0.711456298828125,5B11
3238,0.01619,0.802457872804654,26295,0.802459716796875,66B7,0.71369861329343,23386,0.71368408203125,5B5A
3239,0.016195,0.795839147670283,26078,0.79583740234375,65DE,0.71867024639049,23549,0.718658447265625,5BFD
3240,0.0162,0.803030352359066,26314,0.80303955078125,66CA,0.716047837795207,23463,0.716033935546875,5BA7
3241,0.016205,0.798698799870714,26172,0.7987060546875,663C,0.716759361077648,23487,0.716766357421875,5BBF
3242,0.01621,0.80504120919305,26380,0.8050537109375,670C,0.711435129213185,23312,0.71142578125,5B10
3243,0.016215,0.802110508278693,26284,0.8021240234375,66AC,0.71604965877018,23464,0.716064453125,5BA8
3244,0.01622,0.803155565410292,26318,0.80316162109375,66CE,0.7051801950961,23107,0.705169677734375,5A43
3245,0.016225,0.812431426783893,26622,0.81243896484375,67FE,0.710855821895244,23293,0.710845947265625,5AFD
3246,0.01623,0.812280088216334,26617,0.812286376953125,67F9,0.710191129418442,23272,0.710205078125,5AE8
3247,0.016235,0.807750729008653,26468,0.8077392578125,6764,0.704375075928822,23081,0.704376220703125,5A29
3248,0.01624,0.805708711129578,26401,0.805694580078125,6721,0.706312074284423,23144,0.706298828125,5A68
3249,0.016245,0.817556711033281,26790,0.81756591796875,68A6,0.699782703999993,22930,0.69976806640625,5992
3250,0.01625,0.813419619621107,26654,0.81341552734375,681E,0.707659278155745,23189,0.707672119140625,5A95
3251,0.016255,0.81538183363183,26718,0.81536865234375,685E,0.703410344899145,23049,0.703399658203125,5A09
3252,0.01626,0.813395547673796,26653,0.813385009765625,681D,0.714051484660042,23398,0.71405029296875,5B66
3253,0.016265,0.816823800883184,26766,0.81683349609375,688E,0.700910703013726,22967,0.700897216796875,59B7
3254,0.01627,0.814284515842073,26682,0.81427001953125,683A,0.705512813196505,23118,0.70550537109375,5A4E
3255,0.016275,0.816244779765222,26747,0.816253662109375,687B,0.70615639177358,23139,0.706146240234375,5A63
3256,0.01628,0.815581651156464,26725,0.815582275390625,6865,0.692219204365837,22683,0.692230224609375,589B
3257,0.016285,0.809998813911062,26542,0.80999755859375,67AE,0.70514073707796,23106,0.70513916015625,5A42
3258,0.01629,0.819286506950767,26846,0.81927490234375,68DE,0.702490706437915,23019,0.702484130859375,59EB
3259,0.016295,0.815598489637895,26726,0.81561279296875,6866,0.703383262476048,23048,0.703369140625,5A08
3260,0.0163,0.810451331737718,26557,0.810455322265625,67BD,0.692807824880402,22702,0.69281005859375,58AE
3261,0.016305,0.814218430775762,26680,0.814208984375,6838,0.689867362660002,22606,0.68988037109375,584E
3262,0.01631,0.814417570877731,26687,0.814422607421875,683F,0.687391544839232,22524,0.6873779296875,57FC
3263,0.016315,0.814082489844212,26676,0.8140869140625,6834,0.688386399668432,22557,0.688385009765625,581D
3264,0.01632,0.814785055487418,26699,0.814788818359375,684B,0.691699768727781,22666,0.69171142578125,588A
3265,0.016325,0.810911227724653,26572,0.8109130859375,67CC,0.692640108330847,22696,0.692626953125,58A8
3266,0.01633,0.817457561383324,26786,0.81744384765625,68A2,0.698652154295704,22893,0.698638916015625,596D
3267,0.016335,0.814344643344458,26684,0.8143310546875,683C,0.684532216666464,22431,0.684539794921875,579F
3268,0.01634,0.822763644620285,26960,0.82275390625,6950,0.68159322836904,22334,0.68157958984375,573E
3269,0.016345,0.808646899523529,26498,0.80865478515625,6782,0.683969827648822,22412,0.6839599609375,578C
3270,0.01635,0.81743268709141,26786,0.81744384765625,68A2,0.683047848237486,22382,0.68304443359375,576E
3271,0.016355,0.802679266318201,26302,0.80267333984375,66BE,0.688370582900954,22557,0.688385009765625,581D
3272,0.01636,0.809252531242115,26518,0.80926513671875,6796,0.690792139711229,22636,0.6907958984375,586C
3273,0.016365,0.815674481861784,26728,0.815673828125,6868,0.679749745010929,22274,0.67974853515625,5702
3274,0.01637,0.821438593392469,26917,0.821441650390625,6925,0.693878430456506,22737,0.693878173828125,58D1
3275,0.016375,0.822532306810071,26953,0.822540283203125,6949,0.682454272431081,22363,0.682464599609375,575B
3276,0.01638,0.819499702662522,26853,0.819488525390625,68E5,0.689682567515243,22600,0.689697265625,5848
3277,0.016385,0.822510970518356,26952,0.822509765625,6948,0.688438823137892,22559,0.688446044921875,581F
3278,0.01639,0.805596866847362,26398,0.80560302734375,671E,0.672793470453167,22046,0.67279052734375,561E
3279,0.016395,0.806757904824354,26436,0.8067626953125,6744,0.663108212826821,21729,0.663116455078125,54E1
3280,0.0164,0.81812388676223,26808,0.818115234375,68B8,0.676208716110332,22158,0.67620849609375,568E
3281,0.016405,0.814262421222793,26682,0.81427001953125,683A,0.669346218419238,21933,0.669342041015625,55AD
3282,0.01641,0.812238371710803,26615,0.812225341796875,67F7,0.665160185931099,21796,0.6651611328125,5524
3283,0.016415,0.813439270056143,26655,0.813446044921875,681F,0.687280974986856,22521,0.687286376953125,57F9
3284,0.01642,0.814373710538447,26685,0.814361572265625,683D,0.672175604296269,22026,0.67218017578125,560A
3285,0.016425,0.821153536903549,26908,0.8211669921875,691C,0.672438263860321,22034,0.67242431640625,5612
3286,0.01643,0.820638329828504,26891,0.820648193359375,690B,0.674694516020844,22108,0.6746826171875,565C
3287,0.016435,0.813090165440566,26643,0.813079833984375,6813,0.669406912263505,21935,0.669403076171875,55AF
3288,0.01644,0.803069773731759,26315,0.803070068359375,66CB,0.664429798704417,21772,0.6644287109375,550C
3289,0.016445,0.81256877473093,26626,0.81256103515625,6802,0.664612472779846,21778,0.66461181640625,5512
3290,0.01645,0.808201280783562,26483,0.808197021484375,6773,0.668817396447103,21916,0.6688232421875,559C
3291,0.016455,0.821706003991021,26926,0.82171630859375,692E,0.662658146406701,21714,0.66265869140625,54D2
3292,0.01646,0.819649375026375,26858,0.81964111328125,68EA,0.662169706372203,21698,0.66217041015625,54C2
3293,0.016465,0.814996218996254,26706,0.81500244140625,6852,0.659392999672925,21607,0.659393310546875,5467
3294,0.01647,0.802193842563954,26286,0.80218505859375,66AE,0.673977982005717,22085,0.673980712890625,5645
3295,0.016475,0.812871650835754,26636,0.8128662109375,680C,0.660651674895202,21648,0.66064453125,5490
3296,0.01648,0.803053221903256,26314,0.80303955078125,66CA,0.664092447417891,21761,0.664093017578125,5501
3297,0.016485,0.805718665744196,26402,0.80572509765625,6722,0.658015379564235,21562,0.65802001953125,543A
3298,0.01649,0.812179111392447,26613,0.812164306640625,67F5,0.667012025341612,21857,0.667022705078125,5561
3299,0.016495,0.811869976277402,26603,0.811859130859375,67EB,0.666782013393519,21849,0.666778564453125,5559
3300,0.0165,0.807816436979204,26471,0.807830810546875,6767,0.661276662800465,21669,0.661285400390625,54A5
3301,0.016505,0.808649102225908,26498,0.80865478515625,6782,0.65700004345656,21529,0.657012939453125,5419
3302,0.01651,0.803048008648362,26314,0.80303955078125,66CA,0.660861454688289,21655,0.660858154296875,5497
3303,0.016515,0.807741389416741,26468,0.8077392578125,6764,0.661600917318359,21679,0.661590576171875,54AF
3304,0.01652,0.81235086583513,26619,0.812347412109375,67FB,0.655608089145714,21483,0.655609130859375,53EB
3305,0.016525,0.798841825224808,26176,0.798828125,6640,0.659853965769606,21622,0.65985107421875,5476
3306,0.01653,0.812100498126199,26611,0.812103271484375,67F3,0.661076717182299,21662,0.66107177734375,549E
3307,0.016535,0.810888690360331,26571,0.810882568359375,67CB,0.666764575552185,21849,0.666778564453125,5559
3308,0.01654,0.801596553295783,26267,0.801605224609375,669B,0.658398198850589,21574,0.65838623046875,5446
3309,0.016545,0.804952000633006,26377,0.804962158203125,6709,0.664767135810649,21783,0.664764404296875,5517
3310,0.01655,0.806425739753144,26425,0.806427001953125,6739,0.652669951849271,21387,0.652679443359375,538B
3311,0.016555,0.808582471491284,26496,0.80859375,6780,0.654958897304819,21462,0.65496826171875,53D6
3312,0.01656,0.804796089529929,26372,0.8048095703125,6704,0.653225902200256,21405,0.653228759765625,539D
3313,0.016565,0.800850210285822,26242,0.80084228515625,6682,0.663234457791467,21733,0.663238525390625,54E5
3314,0.01657,0.800361377789957,26226,0.80035400390625,6672,0.648109818052887,21237,0.648101806640625,52F5
3315,0.016575,0.805898185901997,26408,0.805908203125,6728,0.67013068773686,21959,0.670135498046875,55C7
3316,0.01658,0.801376466122865,26260,0.8013916015625,6694,0.657820558412662,21555,0.657806396484375,5433
3317,0.016585,0.807134124005098,26448,0.80712890625,6750,0.659545682638856,21612,0.6595458984375,546C
3318,0.01659,0.801605251171964,26267,0.801605224609375,669B,0.661771401848412,21685,0.661773681640625,54B5
3319,0.016595,0.801207957856848,26254,0.80120849609375,668E,0.663581172920217,21744,0.66357421875,54F0
3320,0.0166,0.781606069060782,25612,0.7816162109375,640C,0.652138437955223,21369,0.652130126953125,5379
3321,0.016605,0.79550468893306,26067,0.795501708984375,65D3,0.66388804209273,21754,0.66387939453125,54FA
3322,0.01661,0.786983341645849,25788,0.7869873046875,64BC,0.657932269446676,21559,0.657928466796875,5437
3323,0.016615,0.792901278447037,25982,0.79290771484375,657E,0.651022029655495,21333,0.651031494140625,5355
3324,0.01662,0.78912626754018,25858,0.78912353515625,6502,0.653417637340178,21411,0.653411865234375,53A3
3325,0.016625,0.796407014268245,26097,0.796417236328125,65F1,0.664112200927857,21762,0.66412353515625,5502
3326,0.01663,0.793165104078757,25990,0.79315185546875,6586,0.661025240131798,21660,0.6610107421875,549C
3327,0.016635,0.79987787586251,26210,0.79986572265625,6662,0.659491185299825,21610,0.65948486328125,546A
3328,0.01664,0.788527533586272,25838,0.78851318359375,64EE,0.651390035188371,21345,0.651397705078125,5361
3329,0.016645,0.789117639300452,25858,0.78912353515625,6502,0.652656254697037,21386,0.65264892578125,538A
3330,0.01665,0.785287354113441,25732,0.7852783203125,6484,0.650642739902694,21320,0.650634765625,5348
3331,0.016655,0.78342931094373,25671,0.783416748046875,6447,0.65360920740834,21417,0.653594970703125,53A9
3332,0.01666,0.787637805532944,25809,0.787628173828125,64D1,0.654160536796135,21436,0.6541748046875,53BC
3333,0.016665,0.779166253686938,25532,0.7791748046875,63BC,0.648301097871994,21244,0.6483154296875,52FC
3334,0.01667,0.784201690009214,25697,0.784210205078125,6461,0.650339455200428,21310,0.65032958984375,533E
3335,0.016675,0.789068418295945,25856,0.7890625,6500,0.655806708840935,21489,0.655792236328125,53F1
3336,0.01668,0.782553299367173,25643,0.782562255859375,642B,0.649202793211868,21273,0.649200439453125,5319
3337,0.016685,0.779164106025708,25532,0.7791748046875,63BC,0.657317555697491,21539,0.657318115234375,5423
3338,0.01669,0.778993939870051,25526,0.77899169921875,63B6,0.645373435160344,21148,0.6453857421875,529C
3339,0.016695,0.788909557071091,25851,0.788909912109375,64FB,0.660342529497362,21638,0.66033935546875,5486
3340,0.0167,0.78556618766397,25741,0.785552978515625,648D,0.653178693331013,21403,0.653167724609375,539B
3341,0.016705,0.774296839477684,25372,0.7742919921875,631C,0.65070358466023,21322,0.65069580078125,534A
3342,0.01671,0.760715885333142,24927,0.760711669921875,615F,0.657487933909669,21545,0.657501220703125,5429
3343,0.016715,0.769964116380247,25230,0.76995849609375,628E,0.652538846308748,21382,0.65252685546875,5386
3344,0.01672,0.776719591522952,25452,0.7767333984375,636C,0.643245020751493,21078,0.64324951171875,5256
3345,0.016725,0.770532161030653,25249,0.770538330078125,62A1,0.656734989959093,21520,0.65673828125,5410
3346,0.01673,0.770028349326221,25232,0.77001953125,6290,0.649944513343851,21297,0.649932861328125,5331
3347,0.016735,0.769742670131176,25223,0.769744873046875,6287,0.655494733234494,21479,0.655487060546875,53E7
3348,0.01674,0.772646750555062,25318,0.77264404296875,62E6,0.652343169600343,21376,0.65234375,5380
3349,0.016745,0.765236795304875,25075,0.765228271484375,61F3,0.646771493160655,21193,0.646759033203125,52C9
3350,0.01675,0.764294502689396,25044,0.7642822265625,61D4,0.660773404426277,21652,0.6607666015625,5494
3351,0.016755,0.762943987268588,25000,0.762939453125,61A8,0.645924493091004,21166,0.64593505859375,52AE
3352,0.01676,0.768702262553843,25189,0.768707275390625,6265,0.654516876678582,21447,0.654510498046875,53C7
3353,0.016765,0.767670584501638,25155,0.767669677734375,6243,0.64672276763796,21192,0.646728515625,52C8
3354,0.01677,0.762221568822928,24976,0.76220703125,6190,0.653886970243649,21427,0.653900146484375,53B3
3355,0.016775,0.760552607205075,24922,0.76055908203125,615A,0.640498523598367,20988,0.6405029296875,51FC
3356,0.01678,0.759754309596571,24896,0.759765625,6140,0.647277632604036,21210,0.64727783203125,52DA
3357,0.016785,0.756912524391662,24803,0.756927490234375,60E3,0.635220027352207,20815,0.635223388671875,514F
3358,0.01679,0.759159189892698,24876,0.7591552734375,612C,0.639686255835688,20961,0.639678955078125,51E1
3359,0.016795,0.761110141451267,24940,0.7611083984375,616C,0.639604878940758,20959,0.639617919921875,51DF
3360,0.0168,0.7602993837317,24913,0.760284423828125,6151,0.639596346750906,20958,0.63958740234375,51DE
3361,0.016805,0.762066709553665,24971,0.762054443359375,618B,0.645352768076564,21147,0.645355224609375,529B
3362,0.01681,0.762246617149686,24977,0.762237548828125,6191,0.639889000356544,20968,0.639892578125,51E8
3363,0.016815,0.757713127252966,24829,0.757720947265625,60FD,0.642520373049833,21054,0.64251708984375,523E
3364,0.01682,0.76029151538157,24913,0.760284423828125,6151,0.635198770423822,20814,0.63519287109375,514E
3365,0.016825,0.765681909773086,25090,0.76568603515625,6202,0.631352123334313,20688,0.63134765625,50D0
3366,0.01683,0.752472136456209,24657,0.752471923828125,6051,0.645229238961257,21143,0.645233154296875,5297
3367,0.016835,0.750627315819058,24597,0.750640869140625,6015,0.62945782914103,20626,0.62945556640625,5092
3368,0.01684,0.756938067099186,24803,0.756927490234375,60E3,0.635563979092041,20826,0.63555908203125,515A
3369,0.016845,0.749068550042787,24545,0.749053955078125,5FE1,0.6349127457872,20805,0.634918212890625,5145
3370,0.01685,0.753704813187202,24697,0.753692626953125,6079,0.633957183024967,20774,0.63397216796875,5126
3371,0.016855,0.745003304959318,24412,0.7449951171875,5F5C,0.640374586648512,20984,0.640380859375,51F8
3372,0.01686,0.756239453647757,24780,0.7562255859375,60CC,0.634826904349078,20802,0.63482666015625,5142
3373,0.016865,0.748146045614962,24515,0.748138427734375,5FC3,0.638020302389246,20907,0.638031005859375,51AB
3374,0.01687,0.756237007388071,24780,0.7562255859375,60CC,0.6270438716928,20547,0.627044677734375,5043
3375,0.016875,0.749101734831131,24547,0.749114990234375,5FE3,0.626401036242558,20526,0.62640380859375,502E
3376,0.01688,0.753313913159209,24685,0.753326416015625,606D,0.626156764027265,20518,0.62615966796875,5026
3377,0.016885,0.749863543436813,24572,0.7498779296875,5FFC,0.639611028095633,20959,0.639617919921875,51DF
3378,0.01689,0.742135275952733,24318,0.74212646484375,5EFE,0.631358706067621,20688,0.63134765625,50D0
3379,0.016895,0.752000081351655,24642,0.75201416015625,6042,0.624481213539644,20463,0.624481201171875,4FEF
3380,0.0169,0.741058892889011,24283,0.741058349609375,5EDB,0.626323547410999,20523,0.626312255859375,502B
3381,0.016905,0.745563423962566,24431,0.745574951171875,5F6F,0.632186658893605,20715,0.632171630859375,50EB
3382,0.01691,0.76139957006292,24950,0.76141357421875,6176,0.613253846355195,20095,0.613250732421875,4E7F
3383,0.016915,0.757255908764486,24814,0.75726318359375,60EE,0.624283813375558,20457,0.624298095703125,4FE9
3384,0.01692,0.750408411516252,24589,0.750396728515625,600D,0.632644547218762,20730,0.63262939453125,50FA
3385,0.016925,0.745962816997839,24444,0.7459716796875,5F7C,0.627359300472006,20557,0.627349853515625,504D
3386,0.01693,0.742030821137112,24315,0.742034912109375,5EFB,0.621523318106865,20366,0.62152099609375,4F8E
3387,0.016935,0.752498872362421,24658,0.75250244140625,6052,0.62089989715239,20346,0.62091064453125,4F7A
3388,0.01694,0.749206538318883,24550,0.74920654296875,5FE6,0.62021543173999,20323,0.620208740234375,4F63
3389,0.016945,0.753902867575609,24704,0.75390625,6080,0.615241883720873,20160,0.615234375,4EC0
3390,0.01695,0.757535220081615,24823,0.757537841796875,60F7,0.617273827554708,20227,0.617279052734375,4F03
3391,0.016955,0.751621008028365,24629,0.751617431640625,6035,0.618910464056527,20280,0.618896484375,4F38
3392,0.01696,0.747897340868219,24507,0.747894287109375,5FBB,0.62454577855613,20465,0.624542236328125,4FF1
3393,0.016965,0.752806870682658,24668,0.7528076171875,605C,0.622964352018537,20413,0.622955322265625,4FBD
3394,0.01697,0.753224961591691,24682,0.75323486328125,606A,0.624806736083315,20474,0.62481689453125,4FFA
3395,0.016975,0.754231630631132,24715,0.754241943359375,608B,0.625444535152535,20495,0.625457763671875,500F
3396,0.01698,0.761229774501046,24944,0.76123046875,6170,0.622564193765635,20400,0.62255859375,4FB0
3397,0.016985,0.756198598419672,24779,0.756195068359375,60CB,0.61816549299306,20256,0.6181640625,4F20
3398,0.01699,0.761320272507186,24947,0.761322021484375,6173,0.616422084621436,20199,0.616424560546875,4EE7
3399,0.016995,0.761457802692922,24951,0.761444091796875,6177,0.621945792262366,20380,0.6219482421875,4F9C
3400,0.017,0.761182317459083,24942,0.76116943359375,616E,0.626349975747233,20524,0.6263427734375,502C
3401,0.017005,0.748738472655257,24535,0.748748779296875,5FD7,0.607455728056007,19905,0.607452392578125,4DC1
3402,0.01701,0.755903735314956,24769,0.755889892578125,60C1,0.624277821623466,20456,0.624267578125,4FE8
3403,0.017015,0.761008179892161,24937,0.761016845703125,6169,0.609986242448134,19988,0.6099853515625,4E14
3404,0.01702,0.764495518163264,25051,0.764495849609375,61DB,0.609507300584168,19972,0.6094970703125,4E04
3405,0.017025,0.750093386139025,24579,0.750091552734375,6003,0.624170902015407,20453,0.624176025390625,4FE5
3406,0.01703,0.761952037274751,24968,0.761962890625,6188,0.617979538225919,20250,0.61798095703125,4F1A
3407,0.017035,0.762077748291865,24972,0.7620849609375,618C,0.608925245282635,19953,0.608917236328125,4DF1
3408,0.01704,0.762420623796382,24983,0.762420654296875,6197,0.609334029667902,19967,0.609344482421875,4DFF
3409,0.017045,0.75674842306028,24797,0.756744384765625,60DD,0.614454624734764,20134,0.61444091796875,4EA6
3410,0.01705,0.759909294682933,24901,0.759918212890625,6145,0.609875029042049,19984,0.60986328125,4E10
3411,0.017055,0.769033671366337,25200,0.76904296875,6270,0.620058967788272,20318,0.62005615234375,4F5E
3412,0.01706,0.757599901436408,24825,0.757598876953125,60F9,0.62203197609347,20383,0.622039794921875,4F9F
3413,0.017065,0.759087564241649,24874,0.75909423828125,612A,0.625845479558899,20508,0.6258544921875,501C
3414,0.01707,0.751957012616717,24640,0.751953125,6040,0.61710549356803,20221,0.617095947265625,4EFD
3415,0.017075,0.757597277617253,24825,0.757598876953125,60F9,0.61884937521606,20278,0.61883544921875,4F36
3416,0.01708,0.759182480586272,24877,0.759185791015625,612D,0.610118150057008,19992,0.610107421875,4E18
3417,0.017085,0.76371559161994,25025,0.763702392578125,61C1,0.617675063468912,20240,0.61767578125,4F10
3418,0.01709,0.762194393836067,24976,0.76220703125,6190,0.618783644594811,20276,0.6187744140625,4F34
3419,0.017095,0.754508577414394,24724,0.7545166015625,6094,0.611167013508768,20027,0.611175537109375,4E3B
3420,0.0171,0.756720495182051,24796,0.7567138671875,60DC,0.609157521172592,19961,0.609161376953125,4DF9
3421,0.017105,0.757676508969676,24828,0.7576904296875,60FC,0.612310414251975,20064,0.6123046875,4E60
3422,0.01711,0.759545633182556,24889,0.759552001953125,6139,0.610996839804693,20021,0.610992431640625,4E35
3423,0.017115,0.763106280874029,25005,0.763092041015625,61AD,0.617694875867795,20241,0.617706298828125,4F11
3424,0.01712,0.754502871591735,24724,0.7545166015625,6094,0.615764631485626,20177,0.615753173828125,4ED1
3425,0.017125,0.750360448680366,24588,0.7503662109375,600C,0.608880492309712,19952,0.60888671875,4DF0
3426,0.01713,0.762836055864163,24997,0.762847900390625,61A5,0.604976875627642,19824,0.60498046875,4D70
3427,0.017135,0.756659804165514,24794,0.75665283203125,60DA,0.619187678667775,20290,0.61920166015625,4F42
3428,0.01714,0.762916041602543,24999,0.762908935546875,61A7,0.612738525048707,20078,0.61273193359375,4E6E
3429,0.017145,0.751397382099997,24622,0.75140380859375,602E,0.612855463942258,20082,0.61285400390625,4E72
3430,0.01715,0.751713348820865,24632,0.751708984375,6038,0.613221942726663,20094,0.61322021484375,4E7E
3431,0.017155,0.762849629259604,24997,0.762847900390625,61A5,0.616063447448772,20187,0.616058349609375,4EDB
3432,0.01716,0.759982952283814,24903,0.759979248046875,6147,0.613817845272318,20114,0.61383056640625,4E92
3433,0.017165,0.759599998518323,24891,0.759613037109375,613B,0.608801398980326,19949,0.608795166015625,4DED
3434,0.01717,0.755296538185857,24750,0.75531005859375,60AE,0.612254701267371,20062,0.61224365234375,4E5E
3435,0.017175,0.751134114187276,24613,0.751129150390625,6025,0.610708665182361,20012,0.6107177734375,4E2C
3436,0.01718,0.749328570624883,24554,0.74932861328125,5FEA,0.615238454153299,20160,0.615234375,4EC0
3437,0.017185,0.759572270310094,24890,0.75958251953125,613A,0.603312080202925,19769,0.603302001953125,4D39
3438,0.01719,0.745573230013886,24431,0.745574951171875,5F6F,0.607431290817271,19904,0.607421875,4DC0
3439,0.017195,0.754290078293273,24717,0.754302978515625,608D,0.604365334298887,19804,0.6043701171875,4D5C
3440,0.0172,0.745950935450597,24443,0.745941162109375,5F7B,0.608667484239886,19945,0.608673095703125,4DE9
3441,0.017205,0.744253771430888,24388,0.7442626953125,5F44,0.598053029192874,19597,0.598052978515625,4C8D
3442,0.01721,0.748582505821855,24530,0.74859619140625,5FD2,0.60572256910539,19848,0.605712890625,4D88
3443,0.017215,0.745688013645197,24435,0.745697021484375,5F73,0.604715421135598,19815,0.604705810546875,4D67
3444,0.01722,0.753518551346062,24691,0.753509521484375,6073,0.601055444169749,19695,0.601043701171875,4CEF
3445,0.017225,0.744617419833319,24400,0.74462890625,5F50,0.606789723577742,19883,0.606781005859375,4DAB
3446,0.01723,0.745219392994866,24419,0.745208740234375,5F63,0.597964948539939,19594,0.59796142578125,4C8A
3447,0.017235,0.742138984176979,24318,0.74212646484375,5EFE,0.606376075356746,19870,0.60638427734375,4D9E
3448,0.01724,0.745524937948155,24429,0.745513916015625,5F6D,0.607685241665695,19913,0.607696533203125,4DC9
3449,0.017245,0.744679654545032,24402,0.74468994140625,5F52,0.608951984536694,19954,0.60894775390625,4DF2
3450,0.01725,0.754557257126079,24725,0.754547119140625,6095,0.601706200517573,19717,0.601715087890625,4D05
3451,0.017255,0.74303721454797,24348,0.7430419921875,5F1C,0.610482379162165,20004,0.6104736328125,4E24
3452,0.01726,0.737770907409882,24175,0.737762451171875,5E6F,0.609516523487052,19973,0.609527587890625,4E05
3453,0.017265,0.739129621409938,24220,0.7391357421875,5E9C,0.608353809301602,19935,0.608367919921875,4DDF
3454,0.01727,0.737184559984962,24156,0.7371826171875,5E5C,0.608952666607596,19954,0.60894775390625,4DF2
3455,0.017275,0.747269979954803,24487,0.747283935546875,5FA7,0.600879418458372,19690,0.60089111328125,4CEA
3456,0.01728,0.743107890707458,24350,0.74310302734375,5F1E,0.597676662092981,19585,0.597686767578125,4C81
3457,0.017285,0.738667423777087,24205,0.738677978515625,5E8D,0.604786652859119,19818,0.60479736328125,4D6A
3458,0.01729,0.746712500799152,24468,0.7467041015625,5F94,0.594431874583924,19478,0.59442138671875,4C16
3459,0.017295,0.738749032414812,24207,0.738739013671875,5E8F,0.598947222483029,19626,0.59893798828125,4CAA
3460,0.0173,0.738329863143975,24194,0.73834228515625,5E82,0.599405042419569,19641,0.599395751953125,4CB9
3461,0.017305,0.738893950648956,24212,0.7388916015625,5E94,0.592545010825118,19417,0.592559814453125,4BD9
3462,0.01731,0.727548999816816,23840,0.7275390625,5D20,0.594539936109829,19482,0.59454345703125,4C1A
3463,0.017315,0.739514283703426,24232,0.739501953125,5EA8,0.596106827506074,19533,0.596099853515625,4C4D
3464,0.01732,0.736150118337361,24122,0.73614501953125,5E3A,0.605248576116037,19833,0.605255126953125,4D79
3465,0.017325,0.736369914329902,24129,0.736358642578125,5E41,0.59421285641243,19471,0.594207763671875,4C0F
3466,0.01733,0.736442612471413,24132,0.7364501953125,5E44,0.604343907567438,19803,0.604339599609375,4D5B
3467,0.017335,0.742335142569915,24325,0.742340087890625,5F05,0.589292987463582,19310,0.58929443359375,4B6E
3468,0.01734,0.744427069087003,24393,0.744415283203125,5F49,0.590690432978478,19356,0.5906982421875,4B9C
3469,0.017345,0.738882269099209,24212,0.7388916015625,5E94,0.591330596958093,19377,0.591339111328125,4BB1
3470,0.01735,0.745259800133388,24421,0.745269775390625,5F65,0.585945010686364,19200,0.5859375,4B00
3471,0.017355,0.744361634868626,24391,0.744354248046875,5F47,0.587666747684082,19257,0.587677001953125,4B39
3472,0.01736,0.750854765022375,24604,0.7508544921875,601C,0.589248974959576,19309,0.589263916015625,4B6D
3473,0.017365,0.736574817192158,24136,0.736572265625,5E48,0.586936040921652,19233,0.586944580078125,4B21
3474,0.01737,0.737040967590691,24151,0.737030029296875,5E57,0.588002394143755,19268,0.5880126953125,4B44
3475,0.017375,0.738501693231974,24199,0.738494873046875,5E87,0.590903671826153,19363,0.590911865234375,4BA3
3476,0.01738,0.748814704403666,24537,0.748809814453125,5FD9,0.590975684978302,19365,0.590972900390625,4BA5
3477,0.017385,0.734052618051587,24053,0.734039306640625,5DF5,0.588029468499997,19269,0.588043212890625,4B45
3478,0.01739,0.746100418813268,24448,0.74609375,5F80,0.592809907332178,19425,0.592803955078125,4BE1
3479,0.017395,0.73514040774768,24089,0.735137939453125,5E19,0.594852585719267,19492,0.5948486328125,4C24
3480,0.0174,0.738284217878156,24192,0.73828125,5E80,0.596849649715163,19558,0.59686279296875,4C66
3481,0.017405,0.73526900499074,24093,0.735260009765625,5E1D,0.586440503272893,19216,0.58642578125,4B10
3482,0.01741,0.730803290598866,23947,0.730804443359375,5D8B,0.579122921886474,18977,0.579132080078125,4A21
3483,0.017415,0.746022425918318,24446,0.74603271484375,5F7E,0.587094073069815,19238,0.58709716796875,4B26
3484,0.01742,0.73816084370644,24188,0.7381591796875,5E7C,0.580185201530762,19012,0.5802001953125,4A44
3485,0.017425,0.732637260060612,24007,0.732635498046875,5DC7,0.58350910409095,19120,0.58349609375,4AB0
3486,0.01743,0.73338074359445,24031,0.733367919921875,5DDF,0.584468578847554,19152,0.58447265625,4AD0
3487,0.017435,0.741117696607862,24285,0.741119384765625,5EDD,0.586994790335511,19235,0.587005615234375,4B23
3488,0.01744,0.746228418153508,24452,0.7462158203125,5F84,0.576927544600527,18905,0.576934814453125,49D9
3489,0.017445,0.734355902715557,24063,0.734344482421875,5DFF,0.575504599991936,18858,0.57550048828125,49AA
3490,0.01745,0.726062308355246,23792,0.72607421875,5CF0,0.576555724811499,18893,0.576568603515625,49CD
3491,0.017455,0.726255988715283,23798,0.72625732421875,5CF6,0.577500715280447,18924,0.5775146484375,49EC
3492,0.01746,0.732116380959062,23990,0.73211669921875,5DB6,0.571964064596332,18742,0.57196044921875,4936
3493,0.017465,0.732080533600962,23989,0.732086181640625,5DB5,0.58542391551795,19183,0.585418701171875,4AEF
3494,0.01747,0.733595436750902,24038,0.73358154296875,5DE6,0.58200414409781,19071,0.582000732421875,4A7F
3495,0.017475,0.727160537008661,23828,0.7271728515625,5D14,0.570397786261031,18691,0.570404052734375,4903
3496,0.01748,0.724482752522467,23740,0.7244873046875,5CBC,0.577265662255525,18916,0.5772705078125,49E4
3497,0.017485,0.727605795047971,23842,0.72760009765625,5D22,0.572104362287155,18747,0.572113037109375,493B
3498,0.01749,0.719106071419246,23564,0.7191162109375,5C0C,0.570391816687253,18691,0.570404052734375,4903
3499,0.017495,0.724158374647269,23729,0.724151611328125,5CB1,0.577469035647343,18923,0.577484130859375,49EB
3500,0.0175,0.728446694728103,23870,0.72845458984375,5D3E,0.575911512406486,18871,0.575897216796875,49B7
3501,0.017505,0.714311274400447,23407,0.714324951171875,5B6F,0.582957919112914,19102,0.58294677734375,4A9E
3502,0.01751,0.729411922642841,23901,0.729400634765625,5D5D,0.562775942028144,18441,0.562774658203125,4809
3503,0.017515,0.721044663001661,23627,0.721038818359375,5C4B,0.572291212647391,18753,0.572296142578125,4941
3504,0.01752,0.716698169077592,23485,0.716705322265625,5BBD,0.569791702881686,18671,0.569793701171875,48EF
3505,0.017525,0.718587872235848,23547,0.718597412109375,5BFB,0.56612730806892,18551,0.566131591796875,4877
3506,0.01753,0.704243699957223,23077,0.704254150390625,5A25,0.569954251257228,18676,0.5699462890625,48F4
3507,0.017535,0.714975620169621,23428,0.7149658203125,5B84,0.571846490104865,18738,0.57183837890625,4932
3508,0.01754,0.71535627432002,23441,0.715362548828125,5B91,0.570198552835958,18684,0.5701904296875,48FC
3509,0.017545,0.711130489821563,23302,0.71112060546875,5B06,0.558416658607451,18298,0.55841064453125,477A
3510,0.01755,0.711629309665171,23319,0.711639404296875,5B17,0.577344357992575,18918,0.57733154296875,49E6
3511,0.017555,0.699872924438312,22933,0.699859619140625,5995,0.575297493138328,18851,0.575286865234375,49A3
3512,0.01756,0.705650394321944,23123,0.705657958984375,5A53,0.567083716070215,18582,0.56707763671875,4896
3513,0.017565,0.706850846393792,23162,0.70684814453125,5A7A,0.565081507016103,18517,0.565093994140625,4855
3514,0.01757,0.689799835135275,22603,0.689788818359375,584B,0.563573818846427,18467,0.563568115234375,4823
3515,0.017575,0.703026474435862,23037,0.703033447265625,59FD,0.565470905658147,18529,0.565460205078125,4861
3516,0.01758,0.706556519222591,23152,0.70654296875,5A70,0.55825462846311,18293,0.558258056640625,4775
3517,0.017585,0.687917069610657,22542,0.68792724609375,580E,0.561900342029843,18412,0.5618896484375,47EC
3518,0.01759,0.694656965375916,22763,0.694671630859375,58EB,0.565061686930634,18516,0.5650634765625,4854
3519,0.017595,0.679086179608367,22252,0.6790771484375,56EC,0.561938902477541,18414,0.56195068359375,47EE
3520,0.0176,0.685653752136545,22468,0.6856689453125,57C4,0.569883831536129,18674,0.56988525390625,48F2
3521,0.017605,0.683162608287117,22386,0.68316650390625,5772,0.570842488998641,18705,0.570831298828125,4911
3522,0.01761,0.68226086546128,22356,0.6822509765625,5754,0.562179567727466,18422,0.56219482421875,47F6
3523,0.017615,0.687206989615678,22518,0.68719482421875,57F6,0.56435697848594,18493,0.564361572265625,483D
3524,0.01762,0.688554554539253,22563,0.688568115234375,5823,0.566707925565498,18570,0.56671142578125,488A
3525,0.017625,0.692148918763921,22680,0.692138671875,5898,0.566045217108937,18548,0.5660400390625,4874
3526,0.01763,0.671845480906094,22015,0.671844482421875,55FF,0.564106831556011,18485,0.564117431640625,4835
3527,0.017635,0.685892871531251,22475,0.685882568359375,57CB,0.549206631668888,17996,0.5491943359375,464C
3528,0.01764,0.683725644504408,22404,0.6837158203125,5784,0.567739444979942,18604,0.5677490234375,48AC
3529,0.017645,0.667735977385352,21880,0.667724609375,5578,0.554000194471244,18153,0.553985595703125,46E9
3530,0.01765,0.677285201311818,22193,0.677276611328125,56B1,0.560097213639881,18353,0.560089111328125,47B1
3531,0.017655,0.671632048745407,22008,0.671630859375,55F8,0.557218496896144,18259,0.557220458984375,4753
3532,0.01766,0.678724852770194,22240,0.6787109375,56E0,0.554366315007679,18165,0.554351806640625,46F5
3533,0.017665,0.682192567984465,22354,0.68218994140625,5752,0.556760868750424,18244,0.5567626953125,4744
3534,0.01767,0.673701625006598,22076,0.6737060546875,563C,0.55847247055333,18300,0.5584716796875,477C
3535,0.017675,0.671684065424184,22010,0.67169189453125,55FA,0.552685405634676,18110,0.55267333984375,46BE
3536,0.01768,0.66793864776664,21887,0.667938232421875,557F,0.555404502581938,18199,0.555389404296875,4717
3537,0.017685,0.671560564572577,22006,0.67156982421875,55F6,0.54873429198853,17981,0.548736572265625,463D
3538,0.01769,0.660257185412877,21635,0.660247802734375,5483,0.55474387830275,18178,0.55474853515625,4702
3539,0.017695,0.654438765432844,21445,0.654449462890625,53C5,0.55516171340269,18192,0.55517578125,4710
3540,0.0177,0.672422136283164,22034,0.67242431640625,5612,0.564863370694244,18509,0.564849853515625,484D
3541,0.017705,0.664863851201814,21786,0.66485595703125,551A,0.553291909823897,18130,0.55328369140625,46D2
3542,0.01771,0.667058599500427,21858,0.66705322265625,5562,0.55649406100068,18235,0.556488037109375,473B
3543,0.017715,0.663682207064373,21748,0.6636962890625,54F4,0.546899042966208,17921,0.546905517578125,4601
3544,0.01772,0.659323671735317,21605,0.659332275390625,5465,0.551583718854721,18074,0.55157470703125,469A
3545,0.017725,0.658640756413643,21582,0.65863037109375,544E,0.556095412079807,18222,0.55609130859375,472E
3546,0.01773,0.66066325709692,21649,0.660675048828125,5491,0.54660938539666,17911,0.546600341796875,45F7
3547,0.017735,0.66430483799311,21768,0.664306640625,5508,0.551537908026304,18073,0.551544189453125,4699
3548,0.01774,0.656128934528214,21500,0.6561279296875,53FC,0.554924569005834,18184,0.554931640625,4708
3549,0.017745,0.655195891204219,21469,0.655181884765625,53DD,0.549819383792962,18016,0.5498046875,4660
3550,0.01775,0.659359505377638,21606,0.65936279296875,5466,0.553813600018143,18147,0.553802490234375,46E3
3551,0.017755,0.659542887055607,21612,0.6595458984375,546C,0.54959045975559,18009,0.549591064453125,4659
3552,0.01776,0.661353910933046,21671,0.661346435546875,54A7,0.548637768944238,17978,0.54864501953125,463A
3553,0.017765,0.657073902402818,21531,0.657073974609375,541B,0.544364105858513,17838,0.54437255859375,45AE
3554,0.01777,0.657585778065118,21548,0.6575927734375,542C,0.549004741913919,17990,0.54901123046875,4646
3555,0.017775,0.661782941101679,21685,0.661773681640625,54B5,0.550403951330434,18036,0.5504150390625,4674
3556,0.01778,0.664541038053928,21776,0.66455078125,5510,0.544919080568266,17856,0.544921875,45C0
3557,0.017785,0.665450287670321,21805,0.665435791015625,552D,0.549655667471683,18011,0.549652099609375,465B
3558,0.01779,0.670498426418664,21971,0.670501708984375,55D3,0.555465815382433,18202,0.55548095703125,471A
3559,0.017795,0.658415495616658,21575,0.658416748046875,5447,0.541998057580673,17760,0.5419921875,4560
3560,0.0178,0.663195251036338,21732,0.6632080078125,54E4,0.546858026227596,17919,0.546844482421875,45FF
3561,0.017805,0.66455024542985,21776,0.66455078125,5510,0.549725044609773,18013,0.549713134765625,465D
3562,0.01781,0.657989345445554,21561,0.657989501953125,5439,0.549499091083732,18006,0.54949951171875,4656
3563,0.017815,0.677813149835692,22211,0.677825927734375,56C3,0.544322489443811,17836,0.5443115234375,45AC
3564,0.01782,0.661986880068882,21692,0.6619873046875,54BC,0.545133953314907,17863,0.545135498046875,45C7
3565,0.017825,0.671380738305959,22000,0.67138671875,55F0,0.550342611087194,18034,0.55035400390625,4672
3566,0.01783,0.661239449439477,21667,0.661224365234375,54A3,0.54265231959097,17782,0.54266357421875,4576
3567,0.017835,0.663506592873865,21742,0.66351318359375,54EE,0.544994521490664,17858,0.54498291015625,45C2
3568,0.01784,0.666930339501,21854,0.66693115234375,555E,0.54985751102593,18018,0.54986572265625,4662
3569,0.017845,0.670732012004263,21979,0.670745849609375,55DB,0.540599632425066,17714,0.54058837890625,4532
3570,0.01785,0.674259307757116,22094,0.67425537109375,564E,0.548664129388282,17979,0.548675537109375,463B
3571,0.017855,0.665298151557501,21800,0.665283203125,5528,0.547186925303261,17930,0.54718017578125,460A
3572,0.01786,0.669643668186367,21943,0.669647216796875,55B7,0.543328333321064,17804,0.5433349609375,458C
3573,0.017865,0.681074497787675,22317,0.681060791015625,572D,0.538994583414255,17662,0.53900146484375,44FE
3574,0.01787,0.673442199420569,22067,0.673431396484375,5633,0.539984113130074,17694,0.53997802734375,451E
3575,0.017875,0.667990779129897,21889,0.667999267578125,5581,0.539217393029032,17669,0.539215087890625,4505
3576,0.01788,0.676442370497623,22166,0.67645263671875,5696,0.533409295290543,17479,0.533416748046875,4447
3577,0.017885,0.661464361890104,21675,0.661468505859375,54AB,0.54388055241147,17822,0.54388427734375,459E
3578,0.01789,0.669837592354466,21949,0.669830322265625,55BD,0.542382696973156,17773,0.542388916015625,456D
3579,0.017895,0.668107406977007,21893,0.668121337890625,5585,0.551963275732373,18087,0.551971435546875,46A7
3580,0.0179,0.672689725488223,22043,0.672698974609375,561B,0.543253327527334,17801,0.543243408203125,4589
3581,0.017905,0.671235091508547,21995,0.671234130859375,55EB,0.540236500119088,17702,0.54022216796875,4526
3582,0.01791,0.668558690319572,21907,0.668548583984375,5593,0.546252799221734,17900,0.5462646484375,45EC
3583,0.017915,0.67002100024591,21955,0.670013427734375,55C3,0.540232702960299,17702,0.54022216796875,4526
3584,0.01792,0.677823506496129,22211,0.677825927734375,56C3,0.537780053285207,17622,0.53778076171875,44D6
3585,0.017925,0.666374426326951,21836,0.6663818359375,554C,0.540416606663569,17708,0.5404052734375,452C
3586,0.01793,0.666493954994996,21840,0.66650390625,5550,0.534239252373242,17506,0.53424072265625,4462
3587,0.017935,0.663117205659291,21729,0.663116455078125,54E1,0.5385247475192,17646,0.53851318359375,44EE
3588,0.01794,0.655332046499332,21474,0.65533447265625,53E2,0.541345088168622,17739,0.541351318359375,454B
3589,0.017945,0.660576661777916,21646,0.66058349609375,548E,0.532556696797103,17451,0.532562255859375,442B
3590,0.01795,0.667464063979296,21871,0.667449951171875,556F,0.539234231517468,17670,0.53924560546875,4506
3591,0.017955,0.658882679839772,21590,0.65887451171875,5456,0.53636247101296,17576,0.536376953125,44A8
3592,0.01796,0.659338741185395,21605,0.659332275390625,5465,0.537747533180371,17621,0.537750244140625,44D5
3593,0.017965,0.655999661763925,21496,0.656005859375,53F8,0.536157264802172,17569,0.536163330078125,44A1
3594,0.01797,0.661278513150187,21669,0.661285400390625,54A5,0.534577483074173,17517,0.534576416015625,446D
3595,0.017975,0.658370558912773,21573,0.658355712890625,5445,0.530984440299682,17399,0.530975341796875,43F7
3596,0.01798,0.641613853387427,21024,0.6416015625,5220,0.51704965626816,16943,0.517059326171875,422F
3597,0.017985,0.655386736552731,21476,0.6553955078125,53E4,0.539139132496329,17667,0.539154052734375,4503
3598,0.01799,0.643189107176384,21076,0.6431884765625,5254,0.53442653762702,17512,0.534423828125,4468
3599,0.017995,0.647451455061502,21216,0.6474609375,52E0,0.533659019590437,17487,0.533660888671875,444F
3600,0.018,0.646550435691892,21186,0.64654541015625,52C2,0.532234585260109,17440,0.5322265625,4420
3601,0.018005,0.645386901449894,21148,0.6453857421875,529C,0.538494296718899,17645,0.538482666015625,44ED
3602,0.01801,0.646197218541901,21175,0.646209716796875,52B7,0.528596877156775,17321,0.528594970703125,43A9
3603,0.018015,0.645450820242989,21150,0.64544677734375,529E,0.52831474616605,17312,0.5283203125,43A0
3604,0.01802,0.638824360160255,20933,0.638824462890625,51C5,0.532339273846591,17444,0.5323486328125,4424
3605,0.018025,0.632622393442485,20730,0.63262939453125,50FA,0.531642152804881,17421,0.531646728515625,440D
3606,0.01803,0.635862511537509,20836,0.6358642578125,5164,0.528935029512513,17332,0.5289306640625,43B4
3607,0.018035,0.632918220703219,20739,0.632904052734375,5103,0.529973405691753,17366,0.52996826171875,43D6
3608,0.01804,0.632496092244688,20726,0.63250732421875,50F6,0.528917379054487,17332,0.5289306640625,43B4
3609,0.018045,0.631586878908389,20696,0.631591796875,50D8,0.536223256206551,17571,0.536224365234375,44A3
3610,0.01805,0.631021449871388,20677,0.631011962890625,50C5,0.523403850430506,17151,0.523406982421875,42FF
3611,0.018055,0.626895901271691,20542,0.62689208984375,503E,0.527633789999958,17290,0.52764892578125,438A
3612,0.01806,0.619514342981516,20300,0.6195068359375,4F4C,0.529015697605266,17335,0.529022216796875,43B7
3613,0.018065,0.620785429460063,20342,0.62078857421875,4F76,0.526841171487896,17264,0.52685546875,4370
3614,0.01807,0.613069892523394,20089,0.613067626953125,4E79,0.527068698728193,17271,0.527069091796875,4377
3615,0.018075,0.62168372290407,20371,0.621673583984375,4F93,0.529165717619299,17340,0.5291748046875,43BC
3616,0.01808,0.619538355236686,20301,0.619537353515625,4F4D,0.525953197772015,17234,0.52593994140625,4352
3617,0.018085,0.617809500295284,20244,0.6177978515625,4F14,0.519725829898459,17030,0.51971435546875,4286
3618,0.01809,0.612716704044005,20078,0.61273193359375,4E6E,0.527309501737883,17279,0.527313232421875,437F
3619,0.018095,0.611503101545948,20038,0.61151123046875,4E46,0.530048381095516,17369,0.530059814453125,43D9
3620,0.0181,0.60519625613438,19831,0.605194091796875,4D77,0.525001901281528,17203,0.524993896484375,4333
3621,0.018105,0.614390303483632,20132,0.6143798828125,4EA4,0.521989345895025,17105,0.522003173828125,42D1
3622,0.01811,0.608347613695614,19934,0.60833740234375,4DDE,0.519516834538715,17024,0.51953125,4280
3623,0.018115,0.609483516200783,19972,0.6094970703125,4E04,0.528183425896811,17308,0.5281982421875,439C
3624,0.01812,0.597550869495388,19581,0.597564697265625,4C7D,0.521957737798144,17104,0.52197265625,42D0
3625,0.018125,0.602481905932785,19742,0.60247802734375,4D1E,0.518992524504298,17006,0.51898193359375,426E
3626,0.01813,0.599523424134387,19645,0.599517822265625,4CBD,0.524967390834056,17202,0.52496337890625,4332
3627,0.018135,0.605190658924707,19831,0.605194091796875,4D77,0.521817506810272,17099,0.521820068359375,42CB
3628,0.01814,0.594432129161262,19478,0.59442138671875,4C16,0.531017303834433,17400,0.531005859375,43F8
3629,0.018145,0.596515949489392,19547,0.596527099609375,4C5B,0.532172509004279,17438,0.53216552734375,441E
3630,0.01815,0.59523230880571,19505,0.595245361328125,4C31,0.518514226741921,16991,0.518524169921875,425F
3631,0.018155,0.589554651566461,19319,0.589569091796875,4B77,0.525284580808756,17213,0.525299072265625,433D
3632,0.01816,0.595971081057874,19529,0.595977783203125,4C49,0.521457381260699,17087,0.521453857421875,42BF
3633,0.018165,0.588228632006266,19275,0.588226318359375,4B4B,0.517560139887067,16959,0.517547607421875,423F
3634,0.01817,0.586074397082192,19204,0.5860595703125,4B04,0.516879735030543,16937,0.516876220703125,4229
3635,0.018175,0.594369058680814,19476,0.5943603515625,4C14,0.519735773291118,17031,0.519744873046875,4287
3636,0.01818,0.588478302486135,19283,0.588470458984375,4B53,0.515133551361179,16880,0.51513671875,41F0
3637,0.018185,0.579181324397544,18979,0.579193115234375,4A23,0.521744114986151,17097,0.521759033203125,42C9
3638,0.01819,0.584639242785778,19157,0.584625244140625,4AD5,0.50461810329984,16535,0.504608154296875,4097
3639,0.018195,0.589682954917692,19323,0.589691162109375,4B7B,0.520378022440753,17052,0.5203857421875,429C
3640,0.0182,0.585851121115439,19197,0.585845947265625,4AFD,0.510754536936009,16736,0.5107421875,4160
3641,0.018205,0.602591255517738,19746,0.60260009765625,4D22,0.506708881929015,16604,0.5067138671875,40DC
3642,0.01821,0.577066816604327,18909,0.577056884765625,49DD,0.516439839582447,16923,0.516448974609375,421B
3643,0.018215,0.572303915488315,18753,0.572296142578125,4941,0.51232108747914,16788,0.5123291015625,4194
3644,0.01822,0.594153713407682,19469,0.594146728515625,4C0D,0.510655791613737,16733,0.510650634765625,415D
3645,0.018225,0.585826030879557,19196,0.5858154296875,4AFC,0.510103099242971,16715,0.510101318359375,414B
3646,0.01823,0.593301014149849,19441,0.593292236328125,4BF1,0.50524879478014,16556,0.5052490234375,40AC
3647,0.018235,0.579244487185453,18981,0.579254150390625,4A25,0.517450459678971,16956,0.5174560546875,423C
3648,0.01824,0.584526445991395,19154,0.58453369140625,4AD2,0.503816940323784,16509,0.503814697265625,407D
3649,0.018245,0.589975468695862,19332,0.5899658203125,4B84,0.513272273004372,16819,0.513275146484375,41B3
3650,0.01825,0.577414038145852,18921,0.577423095703125,49E9,0.503349673113529,16494,0.50335693359375,406E
3651,0.018255,0.583843207640365,19131,0.583831787109375,4ABB,0.505879271776284,16577,0.505889892578125,40C1
3652,0.01826,0.583006656760425,19104,0.5830078125,4AA0,0.501835992663036,16444,0.5018310546875,403C
3653,0.018265,0.593325012175175,19442,0.59332275390625,4BF2,0.509598912479635,16699,0.509613037109375,413B
3654,0.01827,0.582401361011079,19084,0.5823974609375,4A8C,0.492519606052723,16139,0.492523193359375,3F0B
3655,0.018275,0.591381495065846,19378,0.59136962890625,4BB2,0.508348190971727,16658,0.50836181640625,4112
3656,0.01828,0.58896694349008,19299,0.588958740234375,4B63,0.503321847197535,16493,0.503326416015625,406D
3657,0.018285,0.57922859771022,18980,0.5792236328125,4A24,0.495141842376961,16225,0.495147705078125,3F61
3658,0.01829,0.582323913601189,19082,0.58233642578125,4A8A,0.487025432537375,15959,0.487030029296875,3E57
3659,0.018295,0.597464968187249,19578,0.59747314453125,4C7A,0.4994663487761,16367,0.499481201171875,3FEF
3660,0.0183,0.576686641901959,18897,0.576690673828125,49D1,0.499189511330829,16357,0.499176025390625,3FE5
3661,0.018305,0.596198059118721,19536,0.59619140625,4C50,0.498981057027537,16351,0.498992919921875,3FDF
3662,0.01831,0.60034067793952,19672,0.600341796875,4CD8,0.494257189244596,16196,0.4942626953125,3F44
3663,0.018315,0.585836276176155,19197,0.585845947265625,4AFD,0.497108433830788,16289,0.497100830078125,3FA1
3664,0.01832,0.582596550155947,19091,0.582611083984375,4A93,0.5012298375457,16424,0.501220703125,4028
3665,0.018325,0.593710875360787,19455,0.593719482421875,4BFF,0.495244485272977,16228,0.4952392578125,3F64
3666,0.01833,0.587271147384926,19244,0.5872802734375,4B2C,0.495298263171959,16230,0.49530029296875,3F66
3667,0.018335,0.595372415772139,19509,0.595367431640625,4C35,0.488928885335888,16021,0.488922119140625,3E95
3668,0.01834,0.588501363319526,19284,0.5885009765625,4B54,0.487433042118191,15972,0.4874267578125,3E64
3669,0.018345,0.590462615498992,19348,0.5904541015625,4B94,0.481633968516728,15782,0.48162841796875,3DA6
3670,0.01835,0.591663525013379,19388,0.5916748046875,4BBC,0.482048814630189,15796,0.4820556640625,3DB4
3671,0.018355,0.595541036448081,19515,0.595550537109375,4C3B,0.485535898349218,15910,0.48553466796875,3E26
3672,0.01836,0.587766955936655,19260,0.5877685546875,4B3C,0.486031066617064,15926,0.48602294921875,3E36
3673,0.018365,0.585945152444167,19200,0.5859375,4B00,0.477329783470552,15641,0.477325439453125,3D19
3674,0.01837,0.591944253310168,19397,0.591949462890625,4BC5,0.49161427462273,16109,0.491607666015625,3EED
3675,0.018375,0.586775536874479,19227,0.586761474609375,4B1B,0.481247764803369,15770,0.48126220703125,3D9A
3676,0.01838,0.58724336521,19243,0.587249755859375,4B2B,0.484289360315298,15869,0.484283447265625,3DFD
3677,0.018385,0.587264999999091,19243,0.587249755859375,4B2B,0.479821069800443,15723,0.479827880859375,3D6B
3678,0.01839,0.590436650409901,19347,0.590423583984375,4B93,0.485957604815083,15924,0.4859619140625,3E34
3679,0.018395,0.596988987402344,19562,0.59698486328125,4C6A,0.477344296429714,15642,0.47735595703125,3D1A
3680,0.0184,0.599952983038417,19659,0.599945068359375,4CCB,0.483707608023609,15850,0.48370361328125,3DEA
3681,0.018405,0.58262450853034,19091,0.582611083984375,4A93,0.480292005618554,15738,0.48028564453125,3D7A
3682,0.01841,0.593434179501855,19446,0.59344482421875,4BF6,0.471143569195913,15438,0.47113037109375,3C4E
3683,0.018415,0.581534379589637,19056,0.58154296875,4A70,0.465059472217608,15239,0.465057373046875,3B87
3684,0.01842,0.587003383552592,19235,0.587005615234375,4B23,0.473620189565489,15520,0.4736328125,3CA0
3685,0.018425,0.589747613194161,19325,0.589752197265625,4B7D,0.472036324590518,15468,0.4720458984375,3C6C
3686,0.01843,0.579616805272107,18993,0.579620361328125,4A31,0.473650781012753,15521,0.473663330078125,3CA1
3687,0.018435,0.581895827624471,19068,0.5819091796875,4A7C,0.477314173024062,15641,0.477325439453125,3D19
3688,0.01844,0.581264961371467,19047,0.581268310546875,4A67,0.465842260023218,15265,0.465850830078125,3BA1
3689,0.018445,0.575242470388409,18850,0.57525634765625,49A2,0.467711564666437,15326,0.46771240234375,3BDE
3690,0.01845,0.579553371117373,18991,0.579559326171875,4A2F,0.470086429348191,15404,0.4700927734375,3C2C
3691,0.018455,0.57244759516009,18758,0.57244873046875,4946,0.458550311807988,15026,0.45855712890625,3AB2
3692,0.01846,0.587289773338066,19244,0.5872802734375,4B2C,0.459567928510406,15059,0.459564208984375,3AD3
3693,0.018465,0.57167197073556,18733,0.571685791015625,492D,0.463523101048312,15189,0.463531494140625,3B55
3694,0.01847,0.581281114889616,19047,0.581268310546875,4A67,0.459554439735544,15059,0.459564208984375,3AD3
3695,0.018475,0.58550851290752,19186,0.58551025390625,4AF2,0.460328140337996,15084,0.4603271484375,3AEC
3696,0.01848,0.586471178137311,19217,0.586456298828125,4B11,0.466215970515313,15277,0.466217041015625,3BAD
3697,0.018485,0.594149167855647,19469,0.594146728515625,4C0D,0.460742329788891,15098,0.46075439453125,3AFA
3698,0.01849,0.573444898080682,18791,0.573455810546875,4967,0.463196153336863,15178,0.46319580078125,3B4A
3699,0.018495,0.57837762309993,18952,0.578369140625,4A08,0.460858678167651,15101,0.460845947265625,3AFD
3700,0.0185,0.57456419104013,18827,0.574554443359375,498B,0.466291135638644,15279,0.466278076171875,3BAF
3701,0.018505,0.574686071903454,18831,0.574676513671875,498F,0.464069837249783,15207,0.464080810546875,3B67
3702,0.01851,0.562979432357367,18448,0.56298828125,4810,0.457087333784007,14978,0.45709228515625,3A82
3703,0.018515,0.580398029671106,19018,0.58038330078125,4A4A,0.455241690954619,14917,0.455230712890625,3A45
3704,0.01852,0.570406181211601,18691,0.570404052734375,4903,0.457320951376443,14985,0.457305908203125,3A89
3705,0.018525,0.569655035971973,18666,0.56964111328125,48EA,0.441195446473162,14457,0.441192626953125,3879
3706,0.01853,0.570136959881114,18682,0.57012939453125,48FA,0.441470628295297,14466,0.44146728515625,3882
3707,0.018535,0.575072839108271,18844,0.5750732421875,499C,0.454953123426673,14908,0.4549560546875,3A3C
3708,0.01854,0.570402882260979,18691,0.570404052734375,4903,0.454464584675586,14892,0.4544677734375,3A2C
3709,0.018545,0.571826167234849,18738,0.57183837890625,4932,0.453111044484849,14848,0.453125,3A00
3710,0.01855,0.569152346555326,18650,0.56915283203125,48DA,0.448753308422534,14705,0.448760986328125,3971
3711,0.018555,0.561485179910254,18399,0.561492919921875,47DF,0.443058316030475,14518,0.44305419921875,38B6
3712,0.01856,0.561910702356272,18413,0.561920166015625,47ED,0.444761000365708,14574,0.44476318359375,38EE
3713,0.018565,0.553196141166579,18127,0.553192138671875,46CF,0.450351989376819,14757,0.450347900390625,39A5
3714,0.01857,0.554560287168837,18172,0.5545654296875,46FC,0.442555415290676,14502,0.44256591796875,38A6
3715,0.018575,0.567456194208703,18594,0.56744384765625,48A2,0.435585185136767,14273,0.435577392578125,37C1
3716,0.01858,0.563041705802445,18450,0.56304931640625,4812,0.437788459118761,14345,0.437774658203125,3809
3717,0.018585,0.567386229334632,18592,0.5673828125,48A0,0.437113721477633,14323,0.437103271484375,37F3
3718,0.01859,0.557515747284511,18269,0.557525634765625,475D,0.444655463984802,14570,0.44464111328125,38EA
3719,0.018595,0.560629976040968,18371,0.560638427734375,47C3,0.437689132910732,14342,0.43768310546875,3806
3720,0.0186,0.560924317792272,18380,0.5609130859375,47CC,0.440143009366315,14423,0.440155029296875,3857
3721,0.018605,0.557474755123484,18267,0.557464599609375,475B,0.44021654651434,14425,0.440216064453125,3859
3722,0.01861,0.547723197123702,17948,0.5477294921875,461C,0.433260464719155,14197,0.433258056640625,3775
3723,0.018615,0.559493130869019,18333,0.559478759765625,479D,0.427476465666136,14008,0.427490234375,36B8
3724,0.01862,0.55456896836871,18172,0.5545654296875,46FC,0.431126397014849,14127,0.431121826171875,372F
3725,0.018625,0.553986023393682,18153,0.553985595703125,46E9,0.43967250561435,14407,0.439666748046875,3847
3726,0.01863,0.561104707453413,18386,0.56109619140625,47D2,0.427736412166794,14016,0.427734375,36C0
3727,0.018635,0.566742984463896,18571,0.566741943359375,488B,0.437502717607154,14336,0.4375,3800
3728,0.01864,0.564125249463624,18485,0.564117431640625,4835,0.425495792576278,13943,0.425506591796875,3677
3729,0.018645,0.564743895543103,18506,0.56475830078125,484A,0.42873807147882,14049,0.428741455078125,36E1
3730,0.01865,0.558718130085665,18308,0.5587158203125,4784,0.417384453528868,13677,0.417388916015625,356D
3731,0.018655,0.558235303903362,18292,0.5582275390625,4774,0.421008355739202,13796,0.4210205078125,35E4
3732,0.01866,0.561014739330412,18383,0.561004638671875,47CF,0.424897885415617,13923,0.424896240234375,3663
3733,0.018665,0.562458060477414,18431,0.562469482421875,47FF,0.421499066972177,13812,0.4215087890625,35F4
3734,0.01867,0.565084514906553,18517,0.565093994140625,4855,0.425722954672943,13950,0.42572021484375,367E
3735,0.018675,0.56200236147013,18416,0.56201171875,47F0,0.426111091937055,13963,0.426116943359375,368B
3736,0.01868,0.573375404027253,18788,0.5733642578125,4964,0.421385881099353,13808,0.42138671875,35F0
3737,0.018685,0.569277200449565,18654,0.56927490234375,48DE,0.416062447680434,13634,0.41607666015625,3542
3738,0.01869,0.559360702568899,18329,0.559356689453125,4799,0.407493841921577,13353,0.407501220703125,3429
3739,0.018695,0.561859432886382,18411,0.561859130859375,47EB,0.406565714394773,13322,0.40655517578125,340A
3740,0.0187,0.563574656340241,18467,0.563568115234375,4823,0.410299617286961,13445,0.410308837890625,3485
3741,0.018705,0.569434491980151,18659,0.569427490234375,48E3,0.403771890341877,13231,0.403778076171875,33AF
3742,0.01871,0.567511971567393,18596,0.5675048828125,48A4,0.402567437842729,13191,0.402557373046875,3387
3743,0.018715,0.573671607961024,18798,0.57366943359375,496E,0.417561333260975,13683,0.417572021484375,3573
3744,0.01872,0.568213060078873,18619,0.568206787109375,48BB,0.401161849119312,13145,0.401153564453125,3359
3745,0.018725,0.562599193065337,18435,0.562591552734375,4803,0.400786391401751,13133,0.400787353515625,334D
3746,0.01873,0.568117597817893,18616,0.568115234375,48B8,0.405142429530196,13276,0.4051513671875,33DC
3747,0.018735,0.570579027501506,18697,0.570587158203125,4909,0.402739758025063,13197,0.402740478515625,338D
3748,0.01874,0.571053628065948,18712,0.571044921875,4918,0.410368850717569,13447,0.410369873046875,3487
3749,0.018745,0.569997395364772,18678,0.57000732421875,48F6,0.396644980953559,12997,0.396636962890625,32C5
3750,0.01875,0.574643811192723,18830,0.57464599609375,498E,0.406977998202267,13336,0.406982421875,3418
3751,0.018755,0.571846343025427,18738,0.57183837890625,4932,0.395129360273764,12948,0.3951416015625,3294
3752,0.01876,0.569328705138899,18656,0.5693359375,48E0,0.401100989895018,13143,0.401092529296875,3357
3753,0.018765,0.578945548007057,18971,0.578948974609375,4A1B,0.392123015517907,12849,0.392120361328125,3231
3754,0.01877,0.574283693273768,18818,0.57427978515625,4982,0.391988690080469,12845,0.391998291015625,322D
3755,0.018775,0.576722205694612,18898,0.57672119140625,49D2,0.388803283803191,12740,0.3887939453125,31C4
3756,0.01878,0.576889051293432,18904,0.576904296875,49D8,0.386927944645154,12679,0.386932373046875,3187
3757,0.018785,0.585110236991753,19173,0.585113525390625,4AE5,0.404096417956891,13241,0.404083251953125,33B9
3758,0.01879,0.584222225795476,19144,0.584228515625,4AC8,0.385172724102656,12621,0.385162353515625,314D
3759,0.018795,0.582801432891558,19097,0.582794189453125,4A99,0.392279327481484,12854,0.39227294921875,3236
3760,0.0188,0.578321727349551,18950,0.57830810546875,4A06,0.396974616251436,13008,0.39697265625,32D0
3761,0.018805,0.576135326505359,18879,0.576141357421875,49BF,0.3773198704348,12364,0.3773193359375,304C
3762,0.01881,0.579625182614008,18993,0.579620361328125,4A31,0.384368937564226,12595,0.384368896484375,3133
3763,0.018815,0.581778696308579,19064,0.581787109375,4A78,0.38298232623203,12550,0.38299560546875,3106
3764,0.01882,0.58465557589821,19158,0.58465576171875,4AD6,0.38559308202198,12635,0.385589599609375,315B
3765,0.018825,0.585157799085097,19174,0.58514404296875,4AE6,0.379268922393349,12428,0.3792724609375,308C
3766,0.01883,0.587590762760809,19254,0.58758544921875,4B36,0.374873261214216,12284,0.3748779296875,2FFC
3767,0.018835,0.582426722286319,19085,0.582427978515625,4A8D,0.381600720085364,12504,0.381591796875,30D8
3768,0.01884,0.580747535755549,19030,0.58074951171875,4A56,0.381490609953084,12501,0.381500244140625,30D5
3769,0.018845,0.591292764224522,19375,0.591278076171875,4BAF,0.382591183064267,12537,0.382598876953125,30F9
3770,0.01885,0.582343652002897,19082,0.58233642578125,4A8A,0.377733837553871,12378,0.37774658203125,305A
3771,0.018855,0.579694995620644,18995,0.579681396484375,4A33,0.373066942355022,12225,0.373077392578125,2FC1
3772,0.01886,0.591929644856537,19396,0.5919189453125,4BC4,0.381779573749127,12510,0.38177490234375,30DE
3773,0.018865,0.583255522556939,19112,0.583251953125,4AA8,0.385476991551565,12631,0.385467529296875,3157
3774,0.01887,0.587812405798626,19261,0.587799072265625,4B3D,0.374963229605716,12287,0.374969482421875,2FFF
3775,0.018875,0.58567018966025,19191,0.585662841796875,4AF7,0.372133689093965,12194,0.37213134765625,2FA2
3776,0.01888,0.578034145580707,18941,0.578033447265625,49FD,0.366158603853895,11998,0.36614990234375,2EDE
3777,0.018885,0.58754344393728,19253,0.587554931640625,4B35,0.369172039924639,12097,0.369171142578125,2F41
3778,0.01889,0.583189694896656,19110,0.58319091796875,4AA6,0.371817240715273,12184,0.371826171875,2F98
3779,0.018895,0.582849119218696,19099,0.582855224609375,4A9B,0.365654350717221,11982,0.36566162109375,2ECE
3780,0.0189,0.588966428438561,19299,0.588958740234375,4B63,0.362303760692702,11872,0.3623046875,2E60
3781,0.018905,0.586147073229616,19207,0.586151123046875,4B07,0.362933019230102,11893,0.362945556640625,2E75
3782,0.01891,0.58825156214305,19276,0.5882568359375,4B4C,0.354595547957865,11619,0.354583740234375,2D63
3783,0.018915,0.588253112533763,19276,0.5882568359375,4B4C,0.358569340909204,11750,0.35858154296875,2DE6
3784,0.01892,0.588499993684029,19284,0.5885009765625,4B54,0.368856779080548,12087,0.368865966796875,2F37
3785,0.018925,0.582723512030524,19095,0.582733154296875,4A97,0.361118777805942,11833,0.361114501953125,2E39
3786,0.01893,0.589302384596902,19310,0.58929443359375,4B6E,0.358212929330914,11738,0.35821533203125,2DDA
3787,0.018935,0.580876649506015,19034,0.58087158203125,4A5A,0.362643553470264,11883,0.362640380859375,2E6B
3788,0.01894,0.581829469598572,19065,0.581817626953125,4A79,0.358471259312975,11746,0.35845947265625,2DE2
3789,0.018945,0.589407448919882,19314,0.58941650390625,4B72,0.361848588708495,11857,0.361846923828125,2E51
3790,0.01895,0.579297645817997,18982,0.57928466796875,4A26,0.353366478534669,11579,0.353363037109375,2D3B
3791,0.018955,0.584900131794849,19166,0.58489990234375,4ADE,0.365843340437165,11988,0.3658447265625,2ED4
3792,0.01896,0.57218793403904,18749,0.572174072265625,493D,0.363228390419403,11902,0.36322021484375,2E7E
3793,0.018965,0.569153035511379,18650,0.56915283203125,48DA,0.360888801417047,11826,0.36090087890625,2E32
3794,0.01897,0.57225440290253,18752,0.572265625,4940,0.368024192900391,12059,0.368011474609375,2F1B
3795,0.018975,0.573956229542206,18807,0.573944091796875,4977,0.353320075977639,11578,0.35333251953125,2D3A
3796,0.01898,0.569824231328923,18672,0.56982421875,48F0,0.353820322802087,11594,0.35382080078125,2D4A
3797,0.018985,0.571295381588023,18720,0.5712890625,4920,0.352386871487707,11547,0.352386474609375,2D1B
3798,0.01899,0.570282542444971,18687,0.570281982421875,48FF,0.360551673384396,11815,0.360565185546875,2E27
3799,0.018995,0.567356268233123,18591,0.567352294921875,489F,0.35324237037587,11575,0.353240966796875,2D37
3800,0.019,0.569312182808752,18655,0.569305419921875,48DF,0.358924431480223,11761,0.358917236328125,2DF1
3801,0.019005,0.56574299487006,18538,0.56573486328125,486A,0.348510715835339,11420,0.3485107421875,2C9C
3802,0.01901,0.564555844337529,18499,0.564544677734375,4843,0.348087238439486,11406,0.34808349609375,2C8E
3803,0.019015,0.564840207733032,18509,0.564849853515625,484D,0.351093296726831,11505,0.351104736328125,2CF1
3804,0.01902,0.559975253925922,18349,0.559967041015625,47AD,0.351609992555706,11522,0.35162353515625,2D02
3805,0.019025,0.56465944708521,18503,0.564666748046875,4847,0.35641627110607,11679,0.356414794921875,2D9F
3806,0.01903,0.558711327631982,18308,0.5587158203125,4784,0.34416840321538,11278,0.34417724609375,2C0E
3807,0.019035,0.55411087323665,18157,0.554107666015625,46ED,0.330215550784902,10821,0.330230712890625,2A45
3808,0.01904,0.563699722707601,18471,0.563690185546875,4827,0.346346599277888,11349,0.346343994140625,2C55
3809,0.019045,0.551020527385293,18056,0.551025390625,4688,0.345559293042493,11323,0.345550537109375,2C3B
3810,0.01905,0.547438027787393,17938,0.54742431640625,4612,0.345528276868226,11322,0.34552001953125,2C3A
3811,0.019055,0.557177534452669,18258,0.55718994140625,4752,0.342886004241317,11236,0.3428955078125,2BE4
3812,0.01906,0.562176400128684,18421,0.562164306640625,47F5,0.337531586676223,11060,0.3375244140625,2B34
3813,0.019065,0.554233797327511,18161,0.554229736328125,46F1,0.33250166631851,10895,0.332489013671875,2A8F
3814,0.01907,0.554195414700506,18160,0.55419921875,46F0,0.33719456588824,11049,0.337188720703125,2B29
3815,0.019075,0.548661472041761,17979,0.548675537109375,463B,0.339700599004139,11131,0.339691162109375,2B7B
3816,0.01908,0.536238300612428,17571,0.536224365234375,44A3,0.333283756306667,10921,0.333282470703125,2AA9
3817,0.019085,0.550972093741506,18054,0.55096435546875,4686,0.329020551129062,10781,0.329010009765625,2A1D
3818,0.01909,0.539352932156247,17674,0.53936767578125,450A,0.33717207918845,11048,0.337158203125,2B28
3819,0.019095,0.541547106262496,17745,0.541534423828125,4551,0.327400183587034,10728,0.327392578125,29E8
3820,0.0191,0.531733856377156,17424,0.53173828125,4410,0.328180784211766,10754,0.32818603515625,2A02
3821,0.019105,0.53968234892689,17684,0.5396728515625,4514,0.322101820396825,10555,0.322113037109375,293B
3822,0.01911,0.539409594816023,17675,0.539398193359375,450B,0.322569787037204,10570,0.32257080078125,294A
3823,0.019115,0.53520872187449,17538,0.53521728515625,4482,0.319483587577813,10469,0.319488525390625,28E5
3824,0.01912,0.547238652303461,17932,0.5472412109375,460C,0.322811147733164,10578,0.32281494140625,2952
3825,0.019125,0.533337741463725,17476,0.5333251953125,4444,0.313024143273386,10257,0.313018798828125,2811
3826,0.01913,0.52763162026585,17289,0.527618408203125,4389,0.313167896276122,10262,0.31317138671875,2816
3827,0.019135,0.530588017084087,17386,0.53057861328125,43EA,0.319967369576525,10485,0.319976806640625,28F5
3828,0.01914,0.529009559477869,17335,0.529022216796875,43B7,0.316082884518158,10357,0.316070556640625,2875
3829,0.019145,0.53209526969417,17436,0.5321044921875,441C,0.315516446668127,10339,0.315521240234375,2863
3830,0.01915,0.533232863042133,17473,0.533233642578125,4441,0.316657224287815,10376,0.316650390625,2888
3831,0.019155,0.520249354893596,17048,0.520263671875,4298,0.305414060605241,10008,0.305419921875,2718
3832,0.01916,0.522563005998116,17123,0.522552490234375,42E3,0.305328700677112,10005,0.305328369140625,2715
3833,0.019165,0.530391002323589,17380,0.5303955078125,43E4,0.305599925019742,10014,0.30560302734375,271E
3834,0.01917,0.517112648128423,16945,0.517120361328125,4231,0.310161858652013,10163,0.310150146484375,27B3
3835,0.019175,0.53657093545842,17582,0.53656005859375,44AE,0.292941158363376,9599,0.292938232421875,257F
3836,0.01918,0.51545210943725,16890,0.51544189453125,41FA,0.305834003964534,10022,0.30584716796875,2726
3837,0.019185,0.524256252869724,17179,0.524261474609375,431B,0.302189027164343,9902,0.30218505859375,26AE
3838,0.01919,0.519217409287769,17014,0.51922607421875,4276,0.292389484128725,9581,0.292388916015625,256D
3839,0.019195,0.523658485126193,17159,0.523651123046875,4307,0.287875252683283,9433,0.287872314453125,24D9
3840,0.0192,0.519748605417684,17031,0.519744873046875,4287,0.295929379674172,9697,0.295928955078125,25E1
3841,0.019205,0.529612071157356,17354,0.52960205078125,43CA,0.297820254500679,9759,0.297821044921875,261F
3842,0.01921,0.515801502376839,16902,0.51580810546875,4206,0.296285491518096,9709,0.296295166015625,25ED
3843,0.019215,0.529781306244953,17360,0.52978515625,43D0,0.286139562295801,9376,0.2861328125,24A0
3844,0.01922,0.507374971231871,16626,0.50738525390625,40F2,0.285494995162289,9355,0.285491943359375,248B
3845,0.019225,0.518006749374737,16974,0.51800537109375,424E,0.284657913275105,9328,0.28466796875,2470
3846,0.01923,0.514312251854122,16853,0.514312744140625,41D5,0.280031904870199,9176,0.280029296875,23D8
3847,0.019235,0.511619626902052,16765,0.511627197265625,417D,0.282374873070961,9253,0.282379150390625,2425
3848,0.01924,0.510005813015999,16712,0.510009765625,4148,0.282206457777282,9247,0.282196044921875,241F
3849,0.019245,0.520594720971807,17059,0.520599365234375,42A3,0.270148205875703,8852,0.2701416015625,2294
3850,0.01925,0.508931179831386,16677,0.508941650390625,4125,0.277698146704888,9100,0.2777099609375,238C
3851,0.019255,0.519727562662318,17030,0.51971435546875,4286,0.277493521169476,9093,0.277496337890625,2385
3852,0.01926,0.517657900331915,16963,0.517669677734375,4243,0.27802765525957,9110,0.27801513671875,2396
3853,0.019265,0.513930037153093,16840,0.513916015625,41C8,0.264819247236619,8678,0.26483154296875,21E6
3854,0.01927,0.507850808704937,16641,0.507843017578125,4101,0.269940575361549,8845,0.269927978515625,228D
3855,0.019275,0.525073831723586,17206,0.52508544921875,4336,0.276950695526092,9075,0.276947021484375,2373
3856,0.01928,0.509182713952226,16685,0.509185791015625,412D,0.262457197478247,8600,0.262451171875,2198
3857,0.019285,0.510069263859412,16714,0.51007080078125,414A,0.262238559717958,8593,0.262237548828125,2191
3858,0.01929,0.514276558781703,16852,0.5142822265625,41D4,0.26470147354276,8674,0.26470947265625,21E2
3859,0.019295,0.512294412971095,16787,0.512298583984375,4193,0.272577635691354,8932,0.2725830078125,22E4
3860,0.0193,0.514374821276974,16855,0.514373779296875,41D7,0.26054692262273,8538,0.26055908203125,215A
3861,0.019305,0.509932234260325,16709,0.509918212890625,4145,0.260458901513892,8535,0.260467529296875,2157
3862,0.01931,0.505147447229807,16553,0.505157470703125,40A9,0.260133391647737,8524,0.2601318359375,214C
3863,0.019315,0.520085401442178,17042,0.52008056640625,4292,0.260572436027314,8538,0.26055908203125,215A
3864,0.01932,0.507839839275709,16641,0.507843017578125,4101,0.250496787768511,8208,0.25048828125,2010
3865,0.019325,0.503064877396318,16484,0.5030517578125,4064,0.256917568225115,8419,0.256927490234375,20E3
3866,0.01933,0.509936515818204,16710,0.50994873046875,4146,0.248099040527805,8130,0.24810791015625,1FC2
3867,0.019335,0.512155169419544,16782,0.51214599609375,418E,0.249671124583428,8181,0.249664306640625,1FF5
3868,0.01934,0.510961524661964,16743,0.510955810546875,4167,0.244459238484135,8010,0.24444580078125,1F4A
3869,0.019345,0.518088059179375,16977,0.518096923828125,4251,0.245178866783912,8034,0.24517822265625,1F62
3870,0.01935,0.506679792999101,16603,0.506683349609375,40DB,0.243041826986179,7964,0.2430419921875,1F1C
3871,0.019355,0.513927564851527,16840,0.513916015625,41C8,0.248921851429966,8157,0.248931884765625,1FDD
3872,0.01936,0.520465452563328,17055,0.520477294921875,429F,0.233071525789537,7637,0.233062744140625,1DD5
3873,0.019365,0.512432572099998,16791,0.512420654296875,4197,0.243186386597914,7969,0.243194580078125,1F21
3874,0.01937,0.516597463454057,16928,0.5166015625,4220,0.24116917270775,7903,0.241180419921875,1EDF
3875,0.019375,0.520008169006036,17040,0.52001953125,4290,0.240608888397725,7884,0.2406005859375,1ECC
3876,0.01938,0.512777950200039,16803,0.512786865234375,41A3,0.242131829497958,7934,0.24212646484375,1EFE
3877,0.019385,0.51629878871229,16918,0.51629638671875,4216,0.230499890084381,7553,0.230499267578125,1D81
3878,0.01939,0.525347067209795,17215,0.525360107421875,433F,0.2430292502782,7964,0.2430419921875,1F1C
3879,0.019395,0.520692078024709,17062,0.52069091796875,42A6,0.236036973721475,7734,0.23602294921875,1E36
3880,0.0194,0.514794118485464,16869,0.514801025390625,41E5,0.243014994749518,7963,0.243011474609375,1F1B
3881,0.019405,0.513257394538161,16818,0.51324462890625,41B2,0.230334573747218,7548,0.2303466796875,1D7C
3882,0.01941,0.530667945460354,17389,0.530670166015625,43ED,0.230767600870527,7562,0.23077392578125,1D8A
3883,0.019415,0.517061330355855,16943,0.517059326171875,422F,0.227458493969003,7453,0.227447509765625,1D1D
3884,0.01942,0.515380039962662,16888,0.515380859375,41F8,0.233405474867439,7648,0.2333984375,1DE0
3885,0.019425,0.519501991681456,17023,0.519500732421875,427F,0.225295691296887,7382,0.22528076171875,1CD6
3886,0.01943,0.528524757751846,17319,0.528533935546875,43A7,0.222044834134808,7276,0.2220458984375,1C6C
3887,0.019435,0.52185944804704,17100,0.5218505859375,42CC,0.233582897389534,7654,0.23358154296875,1DE6
3888,0.01944,0.517900224412078,16971,0.517913818359375,424B,0.224897529276146,7369,0.224884033203125,1CC9
3889,0.019445,0.519695513358008,17029,0.519683837890625,4285,0.229906595489962,7534,0.22991943359375,1D6E
3890,0.01945,0.525761225989442,17228,0.5257568359375,434C,0.224937917201002,7371,0.224945068359375,1CCB
3891,0.019455,0.537751556040792,17621,0.537750244140625,44D5,0.224320953778746,7351,0.224334716796875,1CB7
3892,0.01946,0.526559559273427,17254,0.52655029296875,4366,0.229172029874356,7510,0.22918701171875,1D56
3893,0.019465,0.525842775867458,17231,0.525848388671875,434F,0.220809706115972,7235,0.220794677734375,1C43
3894,0.01947,0.528783688018139,17327,0.528778076171875,43AF,0.222354053109817,7286,0.22235107421875,1C76
3895,0.019475,0.523025277245397,17138,0.52301025390625,42F2,0.223705791312916,7330,0.22369384765625,1CA2
3896,0.01948,0.525848468135541,17231,0.525848388671875,434F,0.214810971255639,7039,0.214813232421875,1B7F
3897,0.019485,0.535476760280594,17547,0.535491943359375,448B,0.211642585865276,6935,0.211639404296875,1B17
3898,0.01949,0.528441867930068,17316,0.5284423828125,43A4,0.215798327765373,7071,0.215789794921875,1B9F
3899,0.019495,0.527915804452026,17299,0.527923583984375,4393,0.211070679522265,6916,0.2110595703125,1B04
3900,0.0195,0.530332896439996,17378,0.53033447265625,43E2,0.215672717918402,7067,0.215667724609375,1B9B
3901,0.019505,0.537742007582376,17621,0.537750244140625,44D5,0.212504231645132,6963,0.212493896484375,1B33
3902,0.01951,0.528937317504979,17332,0.5289306640625,43B4,0.203128277842568,6656,0.203125,1A00
3903,0.019515,0.529191439415282,17341,0.529205322265625,43BD,0.212730833454825,6971,0.212738037109375,1B3B
3904,0.01952,0.536254353021239,17572,0.5362548828125,44A4,0.205360944743209,6729,0.205352783203125,1A49
3905,0.019525,0.533531875399284,17483,0.533538818359375,444B,0.21024087733061,6889,0.210235595703125,1AE9
3906,0.01953,0.535167388424423,17536,0.53515625,4480,0.211351158843104,6926,0.21136474609375,1B0E
3907,0.019535,0.544133532187997,17830,0.54412841796875,45A6,0.202261708881385,6628,0.2022705078125,19E4
3908,0.01954,0.535291850441345,17540,0.5352783203125,4484,0.203021839681023,6653,0.203033447265625,19FD
3909,0.019545,0.536818375554551,17590,0.53680419921875,44B6,0.201456280052726,6601,0.201446533203125,19C9
3910,0.01955,0.544078342779568,17828,0.5440673828125,45A4,0.199972353157973,6553,0.199981689453125,1999
3911,0.019555,0.535380178363753,17543,0.535369873046875,4487,0.203083563220885,6655,0.203094482421875,19FF
3912,0.01956,0.543196680573322,17799,0.543182373046875,4587,0.198435197960765,6502,0.19842529296875,1966
3913,0.019565,0.540642693461892,17716,0.5406494140625,4534,0.200693452421736,6576,0.20068359375,19B0
3914,0.01957,0.548083494217496,17960,0.548095703125,4628,0.19467024273533,6379,0.194671630859375,18EB
3915,0.019575,0.542423432229572,17774,0.54241943359375,456E,0.197243989388084,6463,0.197235107421875,193F
3916,0.01958,0.55033147159369,18033,0.550323486328125,4671,0.203257635126128,6660,0.2032470703125,1A04
3917,0.019585,0.544499329673749,17842,0.54449462890625,45B2,0.185082308973539,6065,0.185089111328125,17B1
3918,0.01959,0.541279459016658,17737,0.541290283203125,4549,0.19550945672875,6406,0.19549560546875,1906
3919,0.019595,0.545220452078853,17866,0.54522705078125,45CA,0.197718122474867,6479,0.197723388671875,194F
3920,0.0196,0.543333563402561,17804,0.5433349609375,458C,0.190991317159702,6258,0.19097900390625,1872
3921,0.019605,0.557195390631819,18258,0.55718994140625,4752,0.185856671189232,6090,0.18585205078125,17CA
3922,0.01961,0.543660335787491,17815,0.543670654296875,4597,0.179516999266125,5882,0.17950439453125,16FA
3923,0.019615,0.552841301241501,18116,0.5528564453125,46C4,0.184656131000423,6051,0.184661865234375,17A3
3924,0.01962,0.545506599061911,17875,0.545501708984375,45D3,0.185266832702777,6071,0.185272216796875,17B7
3925,0.019625,0.552746354009819,18112,0.552734375,46C0,0.185687607577153,6085,0.185699462890625,17C5
3926,0.01963,0.545330187664406,17869,0.545318603515625,45CD,0.170585466075862,5590,0.17059326171875,15D6
3927,0.019635,0.555121901792945,18190,0.55511474609375,470E,0.176343412775782,5778,0.17633056640625,1692
3928,0.01964,0.549046985730442,17991,0.549041748046875,4647,0.182262006729742,5972,0.1822509765625,1754
3929,0.019645,0.537406978462657,17610,0.53741455078125,44CA,0.174071345146928,5704,0.174072265625,1648
3930,0.01965,0.548304828103974,17967,0.548309326171875,462F,0.175092658900011,5737,0.175079345703125,1669
3931,0.019655,0.558749313740527,18309,0.558746337890625,4785,0.167003507412485,5472,0.1669921875,1560
3932,0.01966,0.560971398462628,18382,0.56097412109375,47CE,0.180038182903261,5899,0.180023193359375,170B
3933,0.019665,0.552325754336802,18099,0.552337646484375,46B3,0.173277299724119,5678,0.17327880859375,162E
3934,0.01967,0.549347967193766,18001,0.549346923828125,4651,0.17411496930416,5705,0.174102783203125,1649
3935,0.019675,0.556578239861983,18238,0.55657958984375,473E,0.173623217032364,5689,0.173614501953125,1639
3936,0.01968,0.558836359190003,18312,0.558837890625,4788,0.161913101330336,5306,0.16192626953125,14BA
3937,0.019685,0.564520333092215,18498,0.56451416015625,4842,0.159217424982943,5217,0.159210205078125,1461
3938,0.01969,0.556272005959098,18228,0.5562744140625,4734,0.163886582146192,5370,0.16387939453125,14FA
3939,0.019695,0.551731896436392,18079,0.551727294921875,469F,0.165894055483681,5436,0.1658935546875,153C
3940,0.0197,0.558136884478607,18289,0.558135986328125,4771,0.162654950702167,5330,0.16265869140625,14D2
3941,0.019705,0.548342879015504,17968,0.54833984375,4630,0.168454661384549,5520,0.16845703125,1590
3942,0.01971,0.56205077647567,18417,0.562042236328125,47F1,0.172945535309806,5667,0.172943115234375,1623
3943,0.019715,0.556201394393189,18226,0.55621337890625,4732,0.162570217253674,5327,0.162567138671875,14CF
3944,0.01972,0.564356628440768,18493,0.564361572265625,483D,0.161937980754954,5306,0.16192626953125,14BA
3945,0.019725,0.552780890143641,18114,0.55279541015625,46C2,0.158292827387537,5187,0.158294677734375,1443
3946,0.01973,0.562669798071979,18438,0.56268310546875,4806,0.14326997143587,4695,0.143280029296875,1257
3947,0.019735,0.555484243759562,18202,0.55548095703125,471A,0.15667976159754,5134,0.15667724609375,140E
3948,0.01974,0.569972445707584,18677,0.569976806640625,48F5,0.166148029774579,5444,0.1661376953125,1544
3949,0.019745,0.563409223696527,18462,0.56341552734375,481E,0.158107733789769,5181,0.158111572265625,143D
3950,0.01975,0.561864071971108,18411,0.561859130859375,47EB,0.154386230099184,5059,0.154388427734375,13C3
3951,0.019755,0.568017253660592,18613,0.568023681640625,48B5,0.163988708956392,5374,0.16400146484375,14FE
3952,0.01976,0.564669828576303,18503,0.564666748046875,4847,0.164166069532742,5379,0.164154052734375,1503
3953,0.019765,0.558457592763953,18300,0.5584716796875,477C,0.156489977326219,5128,0.156494140625,1408
3954,0.01977,0.568210425709227,18619,0.568206787109375,48BB,0.149167321211931,4888,0.149169921875,1318
3955,0.019775,0.56160754625994,18403,0.561614990234375,47E3,0.149209554240253,4889,0.149200439453125,1319
3956,0.01978,0.553536813765598,18138,0.55352783203125,46DA,0.155522522751607,5096,0.155517578125,13E8
3957,0.019785,0.564601962405313,18501,0.564605712890625,4845,0.150867500148931,4944,0.15087890625,1350
3958,0.01979,0.564921880306362,18511,0.564910888671875,484F,0.150525284411845,4932,0.1505126953125,1344
3959,0.019795,0.560858454343337,18378,0.56085205078125,47CA,0.138443599565676,4537,0.138458251953125,11B9
3960,0.0198,0.559811965036538,18344,0.559814453125,47A8,0.149237302706881,4890,0.14923095703125,131A
3961,0.019805,0.564463714818343,18496,0.564453125,4840,0.147206299843457,4824,0.147216796875,12D8
3962,0.01981,0.557976289642683,18284,0.5579833984375,476C,0.138377500734357,4534,0.13836669921875,11B6
3963,0.019815,0.561402451436076,18396,0.5614013671875,47DC,0.145615905531165,4772,0.1456298828125,12A4
3964,0.01982,0.563893754778166,18478,0.56390380859375,482E,0.140148946059599,4592,0.14013671875,11F0
3965,0.019825,0.559660299654907,18339,0.559661865234375,47A3,0.142970690091889,4685,0.142974853515625,124D
3966,0.01983,0.557729668230255,18276,0.5577392578125,4764,0.141148166141658,4625,0.141143798828125,1211
3967,0.019835,0.554685973936411,18176,0.5546875,4700,0.132525113590403,4343,0.132537841796875,10F7
3968,0.01984,0.561776409193296,18408,0.561767578125,47E8,0.14897717298185,4882,0.14898681640625,1312
3969,0.019845,0.556637010445516,18240,0.556640625,4740,0.134979049797672,4423,0.134979248046875,1147
3970,0.01985,0.557078205581184,18254,0.55706787109375,474E,0.133260752188428,4367,0.133270263671875,110F
3971,0.019855,0.561444412725666,18397,0.561431884765625,47DD,0.139212608979017,4562,0.13922119140625,11D2
3972,0.01986,0.554491360617117,18170,0.55450439453125,46FA,0.138766885423083,4547,0.138763427734375,11C3
3973,0.019865,0.560185920792561,18356,0.5601806640625,47B4,0.134800943199996,4417,0.134796142578125,1141
3974,0.01987,0.562576200942254,18434,0.56256103515625,4802,0.127485929277783,4177,0.127471923828125,1051
3975,0.019875,0.555509273583485,18203,0.555511474609375,471B,0.13101032296491,4293,0.131011962890625,10C5
3976,0.01988,0.548428745838144,17971,0.548431396484375,4633,0.135778808085272,4449,0.135772705078125,1161
3977,0.019885,0.562050555627113,18417,0.562042236328125,47F1,0.133251404576509,4366,0.13323974609375,110E
3978,0.01989,0.559723924745319,18341,0.559722900390625,47A5,0.115098939518399,3772,0.1151123046875,0EBC
3979,0.019895,0.556151201399061,18224,0.55615234375,4730,0.125084820278306,4099,0.125091552734375,1003
3980,0.0199,0.555020345233718,18187,0.555023193359375,470B,0.125466971170595,4111,0.125457763671875,100F
3981,0.019905,0.554245021458559,18162,0.55426025390625,46F2,0.126243915924594,4137,0.126251220703125,1029
3982,0.01991,0.55074114761819,18047,0.550750732421875,467F,0.12353310237957,4048,0.12353515625,0FD0
3983,0.019915,0.553864201552879,18149,0.553863525390625,46E5,0.115679004349714,3791,0.115692138671875,0ECF
3984,0.01992,0.556496199494798,18235,0.556488037109375,473B,0.119686526939909,3922,0.11968994140625,0F52
3985,0.019925,0.548003028191133,17957,0.548004150390625,4625,0.124204804620507,4070,0.12420654296875,0FE6
3986,0.01993,0.550038598331376,18024,0.550048828125,4668,0.126644885714712,4150,0.12664794921875,1036
3987,0.019935,0.554858269941997,18182,0.55487060546875,4706,0.114693752317345,3758,0.11468505859375,0EAE
3988,0.01994,0.553194338970681,18127,0.553192138671875,46CF,0.116349808480947,3813,0.116363525390625,0EE5
3989,0.019945,0.5502761835704,18031,0.550262451171875,466F,0.113091004102197,3706,0.11309814453125,0E7A
3990,0.01995,0.550685210494591,18045,0.550689697265625,467D,0.113201120312088,3709,0.113189697265625,0E7D
3991,0.019955,0.554880451099091,18182,0.55487060546875,4706,0.119829567852574,3927,0.119842529296875,0F57
3992,0.01996,0.548302682290535,17967,0.548309326171875,462F,0.111863214209837,3666,0.11187744140625,0E52
3993,0.019965,0.546553700610113,17909,0.546539306640625,45F5,0.112806873553867,3696,0.11279296875,0E70
3994,0.01997,0.547439736371024,17939,0.547454833984375,4613,0.120030432792291,3933,0.120025634765625,0F5D
3995,0.019975,0.539712023681122,17685,0.539703369140625,4515,0.109555580917082,3590,0.10955810546875,0E06
3996,0.01998,0.541325533559094,17738,0.54132080078125,454A,0.113499186641986,3719,0.113494873046875,0E87
3997,0.019985,0.545461855146485,17874,0.54547119140625,45D2,0.113229419819479,3710,0.11322021484375,0E7E
3998,0.01999,0.536797941220359,17590,0.53680419921875,44B6,0.106447589010186,3488,0.1064453125,0DA0
3999,0.019995,0.529700808270833,17357,0.529693603515625,43CD,0.0905448882762167,2967,0.090545654296875,0B97
4000,0.02,0.539875349739343,17691,0.539886474609375,451B,0.10913448176914,3576,0.109130859375,0DF8
4001,0.020005,0.538673467640773,17651,0.538665771484375,44F3,0.0949438429348503,3111,0.094940185546875,0C27
4002,0.02001,0.541899498512499,17757,0.541900634765625,455D,0.0985588494657102,3230,0.09857177734375,0C9E
4003,0.020015,0.54672770648944,17915,0.546722412109375,45FB,0.100620604144986,3297,0.100616455078125,0CE1
4004,0.02002,0.533783843429003,17491,0.533782958984375,4453,0.1032009326152,3382,0.10321044921875,0D36
4005,0.020025,0.523422888663091,17152,0.5234375,4300,0.09822711895048,3219,0.098236083984375,0C93
4006,0.02003,0.538376084932897,17642,0.53839111328125,44EA,0.0921914753418984,3021,0.092193603515625,0BCD
4007,0.020035,0.534144625434217,17503,0.534149169921875,445F,0.0969397840206496,3177,0.096954345703125,0C69
4008,0.02004,0.531290608249449,17409,0.531280517578125,4401,0.0901976699868952,2956,0.0902099609375,0B8C
4009,0.020045,0.53256718257075,17451,0.532562255859375,442B,0.0926476590034973,3036,0.0926513671875,0BDC
4010,0.02005,0.536004168819489,17564,0.5360107421875,449C,0.0906239381256978,2970,0.09063720703125,0B9A
4011,0.020055,0.531542290182153,17418,0.53155517578125,440A,0.0858718920290927,2814,0.08587646484375,0AFE
4012,0.02006,0.528999761138384,17334,0.52899169921875,43B6,0.0814493199152544,2669,0.081451416015625,0A6D
4013,0.020065,0.5367778156826,17589,0.536773681640625,44B5,0.0916649295420089,3004,0.0916748046875,0BBC
4014,0.02007,0.522588133483568,17124,0.5225830078125,42E4,0.0931447682257798,3052,0.0931396484375,0BEC
4015,0.020075,0.527228831947393,17276,0.5272216796875,437C,0.0768449850457352,2518,0.07684326171875,09D6
4016,0.02008,0.535662547637545,17553,0.535675048828125,4491,0.0806191997743015,2642,0.08062744140625,0A52
4017,0.020085,0.521602069171146,17092,0.5216064453125,42C4,0.0832306125335499,2727,0.083221435546875,0AA7
4018,0.02009,0.533158762759041,17471,0.533172607421875,443F,0.0761742874830739,2496,0.076171875,09C0
4019,0.020095,0.5200717141745,17042,0.52008056640625,4292,0.0762492867386441,2499,0.076263427734375,09C3
4020,0.0201,0.518751257596652,16998,0.51873779296875,4266,0.0725696565520713,2378,0.07257080078125,094A
4021,0.020105,0.526644776638745,17257,0.526641845703125,4369,0.0707403726185115,2318,0.07073974609375,090E
4022,0.02011,0.520921291816588,17070,0.52093505859375,42AE,0.0723515317779088,2371,0.072357177734375,0943
4023,0.020115,0.519762011315577,17032,0.519775390625,4288,0.0755758874196872,2476,0.0755615234375,09AC
4024,0.02012,0.523995459634175,17170,0.52398681640625,4312,0.0741768751312785,2431,0.074188232421875,097F
4025,0.020125,0.526368448919061,17248,0.5263671875,4360,0.0596726568301636,1955,0.059661865234375,07A3
4026,0.02013,0.520170388086803,17045,0.520172119140625,4295,0.0731014224239694,2395,0.073089599609375,095B
4027,0.020135,0.520343385340096,17051,0.520355224609375,429B,0.0693883694576525,2274,0.06939697265625,08E2
4028,0.02014,0.514608578505591,16863,0.514617919921875,41DF,0.0643742812644782,2109,0.064361572265625,083D
4029,0.020145,0.516358144666197,16920,0.516357421875,4218,0.0579528619757514,1899,0.057952880859375,076B
4030,0.02015,0.516402872602486,16921,0.516387939453125,4219,0.0619799012474069,2031,0.061981201171875,07EF
4031,0.020155,0.513426547722688,16824,0.513427734375,41B8,0.0570413020676432,1869,0.057037353515625,074D
4032,0.02016,0.511226406267009,16752,0.51123046875,4170,0.0540850758951005,1772,0.0540771484375,06EC
4033,0.020165,0.51437908478538,16855,0.514373779296875,41D7,0.0579740042309562,1900,0.0579833984375,076C
4034,0.02017,0.509696042017312,16702,0.50970458984375,413E,0.0601236245179225,1970,0.06011962890625,07B2
4035,0.020175,0.517002445181532,16941,0.516998291015625,422D,0.0579614407739641,1899,0.057952880859375,076B
4036,0.02018,0.505971658969011,16580,0.5059814453125,40C4,0.0610356085164001,2000,0.06103515625,07D0
4037,0.020185,0.50793874720268,16644,0.5079345703125,4104,0.0612972458390101,2009,0.061309814453125,07D9
4038,0.02019,0.50727493304356,16622,0.50726318359375,40EE,0.0540269296562757,1770,0.05401611328125,06EA
4039,0.020195,0.493572323333814,16173,0.493560791015625,3F2D,0.0621754074128047,2037,0.062164306640625,07F5
4040,0.0202,0.501610976173522,16437,0.501617431640625,4035,0.0499782062008751,1638,0.04998779296875,0666
4041,0.020205,0.498296121436543,16328,0.498291015625,3FC8,0.047917740944251,1570,0.04791259765625,0622
4042,0.02021,0.497640254220517,16307,0.497650146484375,3FB3,0.0567022529709827,1858,0.05670166015625,0742
4043,0.020215,0.494409885603433,16201,0.494415283203125,3F49,0.0566526291946387,1856,0.056640625,0740
4044,0.02022,0.500491824118869,16400,0.50048828125,4010,0.0425071849524033,1393,0.042510986328125,0571
4045,0.020225,0.494298318022515,16197,0.494293212890625,3F45,0.0484591047925929,1588,0.0484619140625,0634
4046,0.02023,0.492269567091774,16131,0.492279052734375,3F03,0.0473340179977004,1551,0.047332763671875,060F
4047,0.020235,0.492187780830977,16128,0.4921875,3F00,0.0504283433225321,1652,0.0504150390625,0674
4048,0.02024,0.486728126317416,15949,0.486724853515625,3E4D,0.0404917836749806,1327,0.040496826171875,052F
4049,0.020245,0.483569636905209,15846,0.48358154296875,3DE6,0.0482327727661292,1580,0.0482177734375,062C
4050,0.02025,0.478193644757376,15669,0.478179931640625,3D35,0.0509736326089381,1670,0.05096435546875,0686
4051,0.020255,0.479448268743802,15711,0.479461669921875,3D5F,0.038618496336999,1265,0.038604736328125,04F1
4052,0.02026,0.471132404554699,15438,0.47113037109375,3C4E,0.0338030020561081,1108,0.0338134765625,0454
4053,0.020265,0.477268425967535,15639,0.477264404296875,3D17,0.0443620878667755,1454,0.04437255859375,05AE
4054,0.02027,0.470518119727095,15418,0.47052001953125,3C3A,0.0344173213468018,1128,0.034423828125,0468
4055,0.020275,0.466340644233195,15281,0.466339111328125,3BB1,0.0300089588614661,983,0.029998779296875,03D7
4056,0.02028,0.459818989108671,15067,0.459808349609375,3ADB,0.0365451692133559,1198,0.03656005859375,04AE
4057,0.020285,0.46034963954913,15085,0.460357666015625,3AED,0.0379505126002222,1244,0.0379638671875,04DC
4058,0.02029,0.465746198939477,15262,0.46575927734375,3B9E,0.0314366954505493,1030,0.03143310546875,0406
4059,0.020295,0.449122797255323,14717,0.449127197265625,397D,0.0403371066752891,1322,0.04034423828125,052A
4060,0.0203,0.451246008786877,14786,0.45123291015625,39C2,0.0233944147624836,767,0.023406982421875,02FF
4061,0.020305,0.462181614078632,15145,0.462188720703125,3B29,0.0337023149285828,1104,0.03369140625,0450
4062,0.02031,0.447664498931378,14669,0.447662353515625,394D,0.0262136153533763,859,0.026214599609375,035B
4063,0.020315,0.441883785346815,14480,0.44189453125,3890,0.0227964184041636,747,0.022796630859375,02EB
4064,0.02032,0.443271947191201,14525,0.443267822265625,38BD,0.0330128157775204,1082,0.03302001953125,043A
4065,0.020325,0.437822253948082,14347,0.437835693359375,380B,0.0290085556934306,951,0.029022216796875,03B7
4066,0.02033,0.442341987223759,14495,0.442352294921875,389F,0.0295672254134,969,0.029571533203125,03C9
4067,0.020335,0.437151297762217,14325,0.437164306640625,37F5,0.0313430065886174,1027,0.031341552734375,0403
4068,0.02034,0.43717252252719,14325,0.437164306640625,37F5,0.0182290165386861,597,0.018218994140625,0255
4069,0.020345,0.430945002165999,14121,0.430938720703125,3729,0.0178207563696651,584,0.017822265625,0248
4070,0.02035,0.430007435483801,14090,0.42999267578125,370A,0.0182374049397139,598,0.01824951171875,0256
4071,0.020355,0.416427609092051,13645,0.416412353515625,354D,0.0126702255004149,415,0.012664794921875,019F
4072,0.02036,0.419453226759279,13745,0.419464111328125,35B1,0.0224117099757904,734,0.02239990234375,02DE
4073,0.020365,0.420444076088691,13777,0.420440673828125,35D1,0.015148301303208,496,0.01513671875,01F0
4074,0.02037,0.42514812483968,13931,0.425140380859375,366B,0.0117233131457884,384,0.01171875,0180
4075,0.020375,0.415892123653099,13628,0.4158935546875,353C,0.00828860147824528,272,0.00830078125,0110
4076,0.02038,0.403048326788768,13207,0.403045654296875,3397,0.0151530049979329,497,0.015167236328125,01F1
4077,0.020385,0.401693472923074,13163,0.401702880859375,336B,0.0108200967610654,355,0.010833740234375,0163
4078,0.02039,0.405068984485006,13273,0.405059814453125,33D9,0.0107576799645329,353,0.010772705078125,0161
4079,0.020395,0.399153788106652,13079,0.399139404296875,3317,0.00640593503071726,210,0.00640869140625,00D2
4080,0.0204,0.402880577098655,13202,0.40289306640625,3392,0.0165064800482047,541,0.016510009765625,021D
4081,0.020405,0.402356756623737,13184,0.40234375,3380,8.67027592421649e-05,3,9.1552734375e-05,0003
4082,0.02041,0.40436282048446,13250,0.40435791015625,33C2,0.00509059950843669,167,0.005096435546875,00A7
4083,0.020415,0.38604723045828,12650,0.38604736328125,316A,0.00980724210226502,321,0.009796142578125,0141
4084,0.02042,0.397571790290564,13028,0.3975830078125,32E4,0.00438027540891725,144,0.00439453125,0090
4085,0.020425,0.391651550342064,12834,0.39166259765625,3222,-0.0010231498433119,-34,-0.00103759765625,FFDE
4086,0.02043,0.384377183915751,12595,0.384368896484375,3133,-0.00343123645568408,-112,-0.00341796875,FF90
4087,0.020435,0.394345685258155,12922,0.39434814453125,327A,0.00218080852303538,71,0.002166748046875,0047
4088,0.02044,0.381666593183171,12506,0.38165283203125,30DA,-0.00535160893259828,-175,-0.005340576171875,FF51
4089,0.020445,0.384969712159115,12615,0.384979248046875,3147,-0.00647057095901628,-212,-0.0064697265625,FF2C
4090,0.02045,0.38448072686124,12599,0.384490966796875,3137,-0.00546554759966978,-179,-0.005462646484375,FF4D
4091,0.020455,0.384472662590031,12598,0.38446044921875,3136,-0.00919613386718632,-301,-0.009185791015625,FED3
4092,0.02046,0.373552863361148,12241,0.373565673828125,2FD1,-0.0109342250614713,-358,-0.01092529296875,FE9A
4093,0.020465,0.378223904173713,12394,0.37823486328125,306A,-0.0122255869964294,-401,-0.012237548828125,FE6F
4094,0.02047,0.378255027366812,12395,0.378265380859375,306B,-0.00695245894557695,-228,-0.0069580078125,FF1C
4095,0.020475,0.365036190575086,11962,0.36505126953125,2EBA,-0.0153763717456954,-504,-0.015380859375,FE08
4096,0.02048,0.369259638608725,12100,0.3692626953125,2F44,-0.0227111602580262,-744,-0.022705078125,FD18
4097,0.020485,0.369833405516957,12119,0.369842529296875,2F57,-0.0165619972687072,-543,-0.016571044921875,FDE1
4098,0.02049,0.368437095934492,12073,0.368438720703125,2F29,-0.0131353320296859,-430,-0.01312255859375,FE52
4099,0.020495,0.365293275400286,11970,0.36529541015625,2EC2,-0.0184231060043166,-604,-0.0184326171875,FDA4
4100,0.0205,0.375306345743449,12298,0.37530517578125,300A,-0.0230839634776216,-756,-0.0230712890625,FD0C
4101,0.020505,0.379347610845825,12430,0.37933349609375,308E,-0.0188933988615314,-619,-0.018890380859375,FD95
4102,0.02051,0.361798209294314,11855,0.361785888671875,2E4F,-0.023695283518033,-776,-0.023681640625,FCF8
4103,0.020515,0.362386275765075,11875,0.362396240234375,2E63,-0.0221864592821629,-727,-0.022186279296875,FD29
4104,0.02052,0.37242400766144,12204,0.3724365234375,2FAC,-0.0255084003722821,-836,-0.0255126953125,FCBC
4105,0.020525,0.382640213762621,12538,0.38262939453125,30FA,-0.0231366079817015,-758,-0.02313232421875,FD0A
4106,0.02053,0.3719436673956,12188,0.3719482421875,2F9C,-0.0248808971010165,-815,-0.024871826171875,FCD1
4107,0.020535,0.365964937019784,11992,0.365966796875,2ED8,-0.0278313135859755,-912,-0.02783203125,FC70
4108,0.02054,0.371400774865941,12170,0.37139892578125,2F8A,-0.0265762722494442,-871,-0.026580810546875,FC99
4109,0.020545,0.383384661392542,12563,0.383392333984375,3113,-0.0253055261121701,-829,-0.025299072265625,FCC3
4110,0.02055,0.371668918637814,12179,0.371673583984375,2F93,-0.0329138591268016,-1079,-0.032928466796875,FBC9
4111,0.020555,0.371059825893641,12159,0.371063232421875,2F7F,-0.0327240338046404,-1072,-0.03271484375,FBD0
4112,0.02056,0.368886447654712,12088,0.368896484375,2F38,-0.0347589858136855,-1139,-0.034759521484375,FB8D
4113,0.020565,0.383146551314575,12555,0.383148193359375,310B,-0.0362218274559712,-1187,-0.036224365234375,FB5D
4114,0.02057,0.37740795497442,12367,0.377410888671875,304F,-0.0411561146810922,-1349,-0.041168212890625,FABB
4115,0.020575,0.374819101639231,12282,0.37481689453125,2FFA,-0.0452051261777324,-1481,-0.045196533203125,FA37
4116,0.02058,0.377491381559459,12370,0.37750244140625,3052,-0.0398651648625712,-1306,-0.03985595703125,FAE6
4117,0.020585,0.376448291544,12335,0.376434326171875,302F,-0.0227992457235851,-747,-0.022796630859375,FD15
4118,0.02059,0.380672645705257,12474,0.38067626953125,30BA,-0.0405481253276747,-1329,-0.040557861328125,FACF
4119,0.020595,0.375905501086504,12318,0.37591552734375,301E,-0.0417525269981508,-1368,-0.041748046875,FAA8
4120,0.0206,0.386307940137405,12659,0.386322021484375,3173,-0.0407575303298318,-1336,-0.040771484375,FAC8
4121,0.020605,0.380642990937189,12473,0.380645751953125,30B9,-0.0361758505062011,-1185,-0.036163330078125,FB5F
4122,0.02061,0.385440039746329,12630,0.38543701171875,3156,-0.0349020071718435,-1144,-0.034912109375,FB88
4123,0.020615,0.372734965425253,12214,0.37274169921875,2FB6,-0.0460538760085141,-1509,-0.046051025390625,FA1B
4124,0.02062,0.378556223178898,12405,0.378570556640625,3075,-0.0341154599516732,-1118,-0.03411865234375,FBA2
4125,0.020625,0.384772295984837,12608,0.384765625,3140,-0.0382574236292026,-1254,-0.03826904296875,FB1A
4126,0.02063,0.384924958857842,12613,0.384918212890625,3145,-0.0452664375952601,-1483,-0.045257568359375,FA35
4127,0.020635,0.382507863961942,12534,0.38250732421875,30F6,-0.0465065012671343,-1524,-0.0465087890625,FA0C
4128,0.02064,0.382354828477378,12529,0.382354736328125,30F1,-0.0484913914246685,-1589,-0.048492431640625,F9CB
4129,0.020645,0.386961137676355,12680,0.386962890625,3188,-0.0455159537233405,-1491,-0.045501708984375,FA2D
4130,0.02065,0.392363159128497,12857,0.392364501953125,3239,-0.0497937038472075,-1632,-0.0498046875,F9A0
4131,0.020655,0.392734776029873,12869,0.392730712890625,3245,-0.0636830028407985,-2087,-0.063690185546875,F7D9
4132,0.02066,0.377880183106899,12382,0.37786865234375,305E,-0.0576339517295542,-1889,-0.057647705078125,F89F
4133,0.020665,0.385501904039668,12632,0.385498046875,3158,-0.062939548526482,-2062,-0.06292724609375,F7F2
4134,0.02067,0.385650539326219,12637,0.385650634765625,315D,-0.048430058493226,-1587,-0.048431396484375,F9CD
4135,0.020675,0.383492545470999,12566,0.38348388671875,3116,-0.0601142265542445,-1970,-0.06011962890625,F84E
4136,0.02068,0.394404204384201,12924,0.3944091796875,327C,-0.0635028302296125,-2081,-0.063507080078125,F7DF
4137,0.020685,0.39145816119566,12827,0.391448974609375,321B,-0.0671478194033201,-2200,-0.067138671875,F768
4138,0.02069,0.386362951924554,12660,0.3863525390625,3174,-0.0636636066717253,-2086,-0.06365966796875,F7DA
4139,0.020695,0.393153984823432,12883,0.393157958984375,3253,-0.0654076792942302,-2143,-0.065399169921875,F7A1
4140,0.0207,0.389138655549854,12751,0.389129638671875,31CF,-0.0700793926486222,-2296,-0.070068359375,F708
4141,0.020705,0.38600030831578,12648,0.385986328125,3168,-0.0615254927812626,-2016,-0.0615234375,F820
4142,0.02071,0.378423627746257,12400,0.37841796875,3070,-0.0718268069327597,-2354,-0.07183837890625,F6CE
4143,0.020715,0.378123321843166,12390,0.37811279296875,3066,-0.076818451314908,-2517,-0.076812744140625,F62B
4144,0.02072,0.380904923316637,12481,0.380889892578125,30C1,-0.0714241815787314,-2340,-0.0714111328125,F6DC
4145,0.020725,0.384964337588371,12615,0.384979248046875,3147,-0.0711042506968796,-2330,-0.07110595703125,F6E6
4146,0.02073,0.38565857684121,12637,0.385650634765625,315D,-0.0781226594293683,-2560,-0.078125,F600
4147,0.020735,0.384472414598314,12598,0.38446044921875,3136,-0.0733699952868054,-2404,-0.0733642578125,F69C
4148,0.02074,0.382746955492715,12542,0.38275146484375,30FE,-0.0826188997339579,-2707,-0.082611083984375,F56D
4149,0.020745,0.373732605008295,12246,0.37371826171875,2FD6,-0.0792694055576914,-2597,-0.079254150390625,F5DB
4150,0.02075,0.375834799518887,12315,0.375823974609375,301B,-0.0817509690346454,-2679,-0.081756591796875,F589
4151,0.020755,0.372735197627481,12214,0.37274169921875,2FB6,-0.0870000696402993,-2851,-0.087005615234375,F4DD
4152,0.02076,0.361997665608596,11862,0.36199951171875,2E56,-0.0779683122539533,-2555,-0.077972412109375,F605
4153,0.020765,0.365839430221384,11988,0.3658447265625,2ED4,-0.0852068781915776,-2792,-0.085205078125,F518
4154,0.02077,0.359278321021724,11773,0.359283447265625,2DFD,-0.0826896354068528,-2710,-0.08270263671875,F56A
4155,0.020775,0.356651185606106,11687,0.356658935546875,2DA7,-0.0872790529762156,-2860,-0.0872802734375,F4D4
4156,0.02078,0.347830479933555,11398,0.34783935546875,2C86,-0.0812672955774589,-2663,-0.081268310546875,F599
4157,0.020785,0.349890064923642,11465,0.349884033203125,2CC9,-0.0899403491558092,-2947,-0.089935302734375,F47D
4158,0.02079,0.355386624015848,11645,0.355377197265625,2D7D,-0.0944938315250116,-3096,-0.094482421875,F3E8
4159,0.020795,0.350223771336834,11476,0.3502197265625,2CD4,-0.101495553031744,-3326,-0.10150146484375,F302
4160,0.0208,0.345492757515964,11321,0.345489501953125,2C39,-0.0999974608152605,-3277,-0.100006103515625,F333
4161,0.020805,0.349044179667814,11437,0.349029541015625,2CAD,-0.0988741677415609,-3240,-0.098876953125,F358
4162,0.02081,0.340377355155137,11153,0.340362548828125,2B91,-0.0955526933718465,-3131,-0.095550537109375,F3C5
4163,0.020815,0.330507591046243,10830,0.33050537109375,2A4E,-0.105745268464886,-3465,-0.105743408203125,F277
4164,0.02082,0.337631879693788,11064,0.337646484375,2B38,-0.0998670508009017,-3272,-0.099853515625,F338
4165,0.020825,0.333156138520288,10917,0.333160400390625,2AA5,-0.103105743611186,-3379,-0.103118896484375,F2CD
4166,0.02083,0.316828361329824,10382,0.31683349609375,288E,-0.107563724623753,-3525,-0.107574462890625,F23B
4167,0.020835,0.321994386152071,10551,0.321990966796875,2937,-0.1102205308487,-3612,-0.1102294921875,F1E4
4168,0.02084,0.322803630140421,10578,0.32281494140625,2952,-0.104636881274583,-3429,-0.104644775390625,F29B
4169,0.020845,0.327729375124833,10739,0.327728271484375,29F3,-0.118399231040118,-3880,-0.118408203125,F0D8
4170,0.02085,0.317704357279453,10411,0.317718505859375,28AB,-0.124044146723504,-4065,-0.124053955078125,F01F
4171,0.020855,0.320892034113818,10515,0.320892333984375,2913,-0.119239652352563,-3907,-0.119232177734375,F0BD
4172,0.02086,0.304405302612695,9975,0.304412841796875,26F7,-0.114151738396077,-3741,-0.114166259765625,F163
4173,0.020865,0.301877400689169,9892,0.3018798828125,26A4,-0.117181947373895,-3840,-0.1171875,F100
4174,0.02087,0.306268729304018,10036,0.3062744140625,2734,-0.121876029270793,-3994,-0.12188720703125,F066
4175,0.020875,0.295356352364538,9678,0.29534912109375,25CE,-0.110512119645788,-3621,-0.110504150390625,F1DB
4176,0.02088,0.289449074503121,9485,0.289459228515625,250D,-0.123164078931237,-4036,-0.1231689453125,F03C
4177,0.020885,0.29777097189154,9757,0.297760009765625,261D,-0.124688031621459,-4086,-0.12469482421875,F00A
4178,0.02089,0.283391751037127,9286,0.28338623046875,2446,-0.13019674842687,-4266,-0.13018798828125,EF56
4179,0.020895,0.282603585243277,9260,0.2825927734375,242C,-0.117769407554901,-3859,-0.117767333984375,F0ED
4180,0.0209,0.280182687116582,9181,0.280181884765625,23DD,-0.12747434708456,-4177,-0.127471923828125,EFAF
4181,0.020905,0.279020698217788,9143,0.279022216796875,23B7,-0.128726044493699,-4218,-0.12872314453125,EF86
4182,0.02091,0.273342899054194,8957,0.273345947265625,22FD,-0.128122973094278,-4198,-0.12811279296875,EF9A
4183,0.020915,0.266423651608908,8730,0.26641845703125,221A,-0.14014119881237,-4592,-0.14013671875,EE10
4184,0.02092,0.275968225115638,9043,0.275970458984375,2353,-0.132544343031959,-4343,-0.132537841796875,EF09
4185,0.020925,0.26020025822398,8526,0.26019287109375,214E,-0.139489851733142,-4571,-0.139495849609375,EE25
4186,0.02093,0.252158249449198,8263,0.252166748046875,2047,-0.13437934649783,-4403,-0.134368896484375,EECD
4187,0.020935,0.261670659549077,8574,0.26165771484375,217E,-0.14213526135535,-4657,-0.142120361328125,EDCF
4188,0.02094,0.255533909677401,8373,0.255523681640625,20B5,-0.139763007390127,-4580,-0.1397705078125,EE1C
4189,0.020945,0.253561333553208,8309,0.253570556640625,2075,-0.133950804288234,-4389,-0.133941650390625,EEDB
4190,0.02095,0.251535348231563,8242,0.25152587890625,2032,-0.143701048960655,-4709,-0.143707275390625,ED9B
4191,0.020955,0.25088491636089,8221,0.250885009765625,201D,-0.142998358758605,-4686,-0.14300537109375,EDB2
4192,0.02096,0.24906704773998,8161,0.249053955078125,1FE1,-0.146372430340473,-4796,-0.1463623046875,ED44
4193,0.020965,0.243174923895778,7968,0.2431640625,1F20,-0.145342002037395,-4763,-0.145355224609375,ED65
4194,0.02097,0.244447341492111,8010,0.24444580078125,1F4A,-0.153313693368708,-5024,-0.1533203125,EC60
4195,0.020975,0.236987042565784,7766,0.23699951171875,1E56,-0.145110446039184,-4755,-0.145111083984375,ED6D
4196,0.02098,0.239706894653508,7855,0.239715576171875,1EAF,-0.144950665081474,-4750,-0.14495849609375,ED72
4197,0.020985,0.242505049347023,7946,0.24249267578125,1F0A,-0.15339830468649,-5027,-0.153411865234375,EC5D
4198,0.02099,0.241018623533142,7898,0.24102783203125,1EDA,-0.154089188125673,-5049,-0.154083251953125,EC47
4199,0.020995,0.238131284250283,7803,0.238128662109375,1E7B,-0.149426291296194,-4896,-0.1494140625,ECE0
4200,0.021,0.229990185174797,7536,0.22998046875,1D70,-0.152313922455237,-4991,-0.152313232421875,EC81
4201,0.021005,0.232535617906629,7620,0.2325439453125,1DC4,-0.150560185733084,-4934,-0.15057373046875,ECBA
4202,0.02101,0.232284205341335,7611,0.232269287109375,1DBB,-0.137945992288676,-4520,-0.137939453125,EE58
4203,0.021015,0.227071494124368,7441,0.227081298828125,1D11,-0.155003135289187,-5079,-0.154998779296875,EC29
4204,0.02102,0.233498765378113,7651,0.233489990234375,1DE3,-0.161071209827718,-5278,-0.16107177734375,EB62
4205,0.021025,0.224574045400616,7359,0.224578857421875,1CBF,-0.149970705172188,-4914,-0.14996337890625,ECCE
4206,0.02103,0.221644338329876,7263,0.221649169921875,1C5F,-0.156391097613828,-5125,-0.156402587890625,EBFB
4207,0.021035,0.223623531458066,7328,0.2236328125,1CA0,-0.167337195069618,-5483,-0.167327880859375,EA95
4208,0.02104,0.226415493797686,7419,0.226409912109375,1CFB,-0.162899436579266,-5338,-0.16290283203125,EB26
4209,0.021045,0.223830232794897,7334,0.22381591796875,1CA6,-0.160273154382444,-5252,-0.1602783203125,EB7C
4210,0.02105,0.217443405985482,7125,0.217437744140625,1BD5,-0.16484083155177,-5402,-0.16485595703125,EAE6
4211,0.021055,0.223140290238719,7312,0.22314453125,1C90,-0.167846262023156,-5500,-0.1678466796875,EA84
4212,0.02106,0.219997246051,7209,0.220001220703125,1C29,-0.163137709793828,-5346,-0.16314697265625,EB1E
4213,0.021065,0.228574183639618,7490,0.22857666015625,1D42,-0.16599510880786,-5439,-0.165985107421875,EAC1
4214,0.02107,0.231235065982613,7577,0.231231689453125,1D99,-0.156973527517413,-5144,-0.156982421875,EBE8
4215,0.021075,0.212087949379364,6950,0.21209716796875,1B26,-0.165026721876442,-5408,-0.1650390625,EAE0
4216,0.02108,0.219317461336845,7187,0.219329833984375,1C13,-0.165122940185253,-5411,-0.165130615234375,EADD
4217,0.021085,0.224174208311859,7346,0.22418212890625,1CB2,-0.169999588043067,-5571,-0.170013427734375,EA3D
4218,0.02109,0.220053879298573,7211,0.220062255859375,1C2B,-0.164579836652336,-5393,-0.164581298828125,EAEF
4219,0.021095,0.221727669878964,7266,0.22174072265625,1C62,-0.168641675539399,-5526,-0.16864013671875,EA6A
4220,0.0211,0.219748449332164,7201,0.219757080078125,1C21,-0.166174271883987,-5445,-0.166168212890625,EABB
4221,0.021105,0.214944858562851,7043,0.214935302734375,1B83,-0.163453994521457,-5356,-0.1634521484375,EB14
4222,0.02111,0.209071299740584,6851,0.209075927734375,1AC3,-0.166104751562549,-5443,-0.166107177734375,EABD
4223,0.021115,0.215906788642716,7075,0.215911865234375,1BA3,-0.180572287288678,-5917,-0.180572509765625,E8E3
4224,0.02112,0.220051803591387,7211,0.220062255859375,1C2B,-0.169067751211142,-5540,-0.1690673828125,EA5C
4225,0.021125,0.215176209135227,7051,0.215179443359375,1B8B,-0.168440341762191,-5519,-0.168426513671875,EA71
4226,0.02113,0.215165406772635,7051,0.215179443359375,1B8B,-0.175737577628829,-5759,-0.175750732421875,E981
4227,0.021135,0.214644133987543,7033,0.214630126953125,1B79,-0.184128272272407,-6034,-0.18414306640625,E86E
4228,0.02114,0.212273639204736,6956,0.2122802734375,1B2C,-0.178822040403417,-5860,-0.1788330078125,E91C
4229,0.021145,0.201460283677234,6601,0.201446533203125,19C9,-0.172915099872876,-5666,-0.17291259765625,E9DE
4230,0.02115,0.207889612621319,6812,0.2078857421875,1A9C,-0.172674534089826,-5658,-0.17266845703125,E9E6
4231,0.021155,0.208736172805739,6840,0.208740234375,1AB8,-0.183384540328869,-6009,-0.183380126953125,E887
4232,0.02116,0.205218289409441,6725,0.205230712890625,1A45,-0.183394201952624,-6009,-0.183380126953125,E887
4233,0.021165,0.206548688978308,6768,0.20654296875,1A70,-0.183395336654491,-6009,-0.183380126953125,E887
4234,0.02117,0.205729735521781,6741,0.205718994140625,1A55,-0.183620584702565,-6017,-0.183624267578125,E87F
4235,0.021175,0.206439237395594,6765,0.206451416015625,1A6D,-0.178608950765794,-5853,-0.178619384765625,E923
4236,0.02118,0.200266642073146,6562,0.20025634765625,19A2,-0.189015749899612,-6194,-0.18902587890625,E7CE
4237,0.021185,0.196914058698949,6452,0.1968994140625,1934,-0.189749425917727,-6218,-0.18975830078125,E7B6
4238,0.02119,0.19876285460063,6513,0.198760986328125,1971,-0.191028068549184,-6260,-0.1910400390625,E78C
4239,0.021195,0.204286991311862,6694,0.20428466796875,1A26,-0.192293173388392,-6301,-0.192291259765625,E763
4240,0.0212,0.193031135810332,6325,0.193023681640625,18B5,-0.193577120669508,-6343,-0.193572998046875,E739
4241,0.021205,0.192180386548435,6297,0.192169189453125,1899,-0.198625268887472,-6509,-0.198638916015625,E693
4242,0.02121,0.19763541168249,6476,0.1976318359375,194C,-0.196063099151759,-6425,-0.196075439453125,E6E7
4243,0.021215,0.188782711970904,6186,0.18878173828125,182A,-0.193703295864556,-6347,-0.193695068359375,E735
4244,0.02122,0.191316086161035,6269,0.191314697265625,187D,-0.203842213887707,-6680,-0.203857421875,E5E8
4245,0.021225,0.193613359901199,6344,0.193603515625,18C8,-0.198615377254125,-6508,-0.1986083984375,E694
4246,0.02123,0.200845322871842,6581,0.200836181640625,19B5,-0.198065072333815,-6490,-0.19805908203125,E6A6
4247,0.021235,0.187530425315564,6145,0.187530517578125,1801,-0.207817682455545,-6810,-0.20782470703125,E566
4248,0.02124,0.179569852028881,5884,0.1795654296875,16FC,-0.197810592040162,-6482,-0.19781494140625,E6AE
4249,0.021245,0.188802249982068,6187,0.188812255859375,182B,-0.20724560153601,-6791,-0.207244873046875,E579
4250,0.02125,0.187123930240503,6132,0.1871337890625,17F4,-0.2037709976051,-6677,-0.203765869140625,E5EB
4251,0.021255,0.190763776880057,6251,0.190765380859375,186B,-0.201268340144959,-6595,-0.201263427734375,E63D
4252,0.02126,0.170122254282994,5575,0.170135498046875,15C7,-0.206808859332159,-6777,-0.206817626953125,E587
4253,0.021265,0.181003900195636,5931,0.180999755859375,172B,-0.218113103526913,-7147,-0.218109130859375,E415
4254,0.02127,0.175974282575189,5766,0.17596435546875,1686,-0.211355773410272,-6926,-0.21136474609375,E4F2
4255,0.021275,0.17257425111294,5655,0.172576904296875,1617,-0.220312860454485,-7219,-0.220306396484375,E3CD
4256,0.02128,0.173716929597391,5692,0.1737060546875,163C,-0.209165041499955,-6854,-0.20916748046875,E53A
4257,0.021285,0.16748354427065,5488,0.16748046875,1570,-0.21721163441615,-7118,-0.21722412109375,E432
4258,0.02129,0.175320905168021,5745,0.175323486328125,1671,-0.224484784799497,-7356,-0.2244873046875,E344
4259,0.021295,0.165908713455257,5436,0.1658935546875,153C,-0.21998244422781,-7208,-0.219970703125,E3D8
4260,0.0213,0.168246709699608,5513,0.168243408203125,1589,-0.232443200966024,-7617,-0.232452392578125,E23F
4261,0.021305,0.165043394158885,5408,0.1650390625,1520,-0.213329737599294,-6990,-0.21331787109375,E4B2
4262,0.02131,0.169840905477374,5565,0.169830322265625,15BD,-0.220290819748086,-7218,-0.22027587890625,E3CE
4263,0.021315,0.154864798592615,5075,0.154876708984375,13D3,-0.229297919606775,-7514,-0.22930908203125,E2A6
4264,0.02132,0.1624951490697,5325,0.162506103515625,14CD,-0.223890003807124,-7336,-0.223876953125,E358
4265,0.021325,0.151123188110283,4952,0.151123046875,1358,-0.219356548077418,-7188,-0.2193603515625,E3EC
4266,0.02133,0.145026034712314,4752,0.14501953125,1290,-0.223883595851879,-7336,-0.223876953125,E358
4267,0.021335,0.15733798588787,5156,0.1573486328125,1424,-0.236407277099105,-7747,-0.236419677734375,E1BD
4268,0.02134,0.149253974737534,4891,0.149261474609375,131B,-0.22857924159933,-7490,-0.22857666015625,E2BE
4269,0.021345,0.15102970193163,4949,0.151031494140625,1355,-0.238031507634204,-7800,-0.238037109375,E188
4270,0.02135,0.147666370178221,4839,0.147674560546875,12E7,-0.233216020856529,-7642,-0.23321533203125,E226
4271,0.021355,0.150783237027122,4941,0.150787353515625,134D,-0.232345636979895,-7614,-0.23236083984375,E242
4272,0.02136,0.148157467108243,4855,0.148162841796875,12F7,-0.229450205798177,-7519,-0.229461669921875,E2A1
4273,0.021365,0.152225224275616,4988,0.1522216796875,137C,-0.234999038033349,-7700,-0.2349853515625,E1EC
4274,0.02137,0.139092249426664,4558,0.13909912109375,11CE,-0.245512958522352,-8045,-0.245513916015625,E093
4275,0.021375,0.132266595806144,4334,0.13226318359375,10EE,-0.241333202557668,-7908,-0.2413330078125,E11C
4276,0.02138,0.139070194027913,4557,0.139068603515625,11CD,-0.244945534970246,-8026,-0.24493408203125,E0A6
4277,0.021385,0.128963652386279,4226,0.12896728515625,1082,-0.247462664040488,-8109,-0.247467041015625,E053
4278,0.02139,0.134428841249702,4405,0.134429931640625,1135,-0.239253164129834,-7840,-0.2392578125,E160
4279,0.021395,0.129333184795701,4238,0.12933349609375,108E,-0.239303486688599,-7841,-0.239288330078125,E15F
4280,0.0214,0.136166385770831,4462,0.13616943359375,116E,-0.255207099502487,-8363,-0.255218505859375,DF55
4281,0.021405,0.132018224164768,4326,0.13201904296875,10E6,-0.254063409397418,-8325,-0.254058837890625,DF7B
4282,0.02141,0.132655736070238,4347,0.132659912109375,10FB,-0.247456200108175,-8109,-0.247467041015625,E053
4283,0.021415,0.140174173556097,4593,0.140167236328125,11F1,-0.256876096514433,-8417,-0.256866455078125,DF1F
4284,0.02142,0.130242878582683,4268,0.1302490234375,10AC,-0.251026103065941,-8226,-0.25103759765625,DFDE
4285,0.021425,0.13427619844608,4400,0.13427734375,1130,-0.248612385754879,-8147,-0.248626708984375,E02D
4286,0.02143,0.12088322437805,3961,0.120880126953125,0F79,-0.256542950533876,-8406,-0.25653076171875,DF2A
4287,0.021435,0.123665222833749,4052,0.1236572265625,0FD4,-0.257246757546967,-8429,-0.257232666015625,DF13
4288,0.02144,0.12533600480501,4107,0.125335693359375,100B,-0.251616467665672,-8245,-0.251617431640625,DFCB
4289,0.021445,0.127689911637837,4184,0.127685546875,1058,-0.253208310808435,-8297,-0.253204345703125,DF97
4290,0.02145,0.12899026097061,4227,0.128997802734375,1083,-0.260287290803319,-8529,-0.260284423828125,DEAF
4291,0.021455,0.116525889241476,3818,0.11651611328125,0EEA,-0.264276863770858,-8660,-0.2642822265625,DE2C
4292,0.02146,0.118086078055827,3869,0.118072509765625,0F1D,-0.267478898230779,-8765,-0.267486572265625,DDC3
4293,0.021465,0.123667649788893,4052,0.1236572265625,0FD4,-0.261935473845065,-8583,-0.261932373046875,DE79
4294,0.02147,0.121640697129123,3986,0.12164306640625,0F92,-0.267594354559826,-8769,-0.267608642578125,DDBF
4295,0.021475,0.127569655076204,4180,0.1275634765625,1054,-0.259930261596661,-8517,-0.259918212890625,DEBB
4296,0.02148,0.13263595696562,4346,0.13262939453125,10FA,-0.269708183360684,-8838,-0.26971435546875,DD7A
4297,0.021485,0.108513906311018,3556,0.1085205078125,0DE4,-0.263857057853851,-8646,-0.26385498046875,DE3A
4298,0.02149,0.12600380445751,4129,0.126007080078125,1021,-0.26486110215316,-8679,-0.264862060546875,DE19
4299,0.021495,0.112415363481571,3684,0.1124267578125,0E64,-0.271783586040641,-8906,-0.27178955078125,DD36
4300,0.0215,0.11008528589342,3607,0.110076904296875,0E17,-0.273734848152314,-8970,-0.27374267578125,DCF6
4301,0.021505,0.120874562514917,3961,0.120880126953125,0F79,-0.275711838482925,-9035,-0.275726318359375,DCB5
4302,0.02151,0.117831800113549,3861,0.117828369140625,0F15,-0.273575270637497,-8965,-0.273590087890625,DCFB
4303,0.021515,0.116319143746938,3812,0.1163330078125,0EE4,-0.273367631482643,-8958,-0.27337646484375,DD02
4304,0.02152,0.113775579420746,3728,0.11376953125,0E90,-0.265955400922894,-8715,-0.265960693359375,DDF5
4305,0.021525,0.11519707091802,3775,0.115203857421875,0EBF,-0.277534279433993,-9094,-0.27752685546875,DC7A
4306,0.02153,0.109936280905417,3602,0.10992431640625,0E12,-0.276198571478183,-9050,-0.27618408203125,DCA6
4307,0.021535,0.116653071990712,3822,0.11663818359375,0EEE,-0.271171749163588,-8886,-0.27117919921875,DD4A
4308,0.02154,0.108040771490075,3540,0.1080322265625,0DD4,-0.274104112706946,-8982,-0.27410888671875,DCEA
4309,0.021545,0.115990749951817,3801,0.115997314453125,0ED9,-0.269464014997186,-8830,-0.26947021484375,DD82
4310,0.02155,0.11082557127931,3632,0.11083984375,0E30,-0.276340023406696,-9055,-0.276336669921875,DCA1
4311,0.021555,0.123641031301499,4051,0.123626708984375,0FD3,-0.279555058593871,-9160,-0.279541015625,DC38
4312,0.02156,0.116421345356191,3815,0.116424560546875,0EE7,-0.269865481711727,-8843,-0.269866943359375,DD75
4313,0.021565,0.116602288814281,3821,0.116607666015625,0EED,-0.281378252028619,-9220,-0.2813720703125,DBFC
4314,0.02157,0.111758206050469,3662,0.11175537109375,0E4E,-0.272749231227673,-8937,-0.272735595703125,DD17
4315,0.021575,0.101489970106205,3326,0.10150146484375,0CFE,-0.286532960488139,-9389,-0.286529541015625,DB53
4316,0.02158,0.106239654666427,3481,0.106231689453125,0D99,-0.288167930722116,-9443,-0.288177490234375,DB1D
4317,0.021585,0.112697524230457,3693,0.112701416015625,0E6D,-0.290134897087423,-9507,-0.290130615234375,DADD
4318,0.02159,0.11352739348566,3720,0.113525390625,0E88,-0.287478075316618,-9420,-0.2874755859375,DB34
4319,0.021595,0.107793381315948,3532,0.1077880859375,0DCC,-0.287322010303027,-9415,-0.287322998046875,DB39
4320,0.0216,0.112363136216993,3682,0.11236572265625,0E62,-0.294240588995513,-9642,-0.29425048828125,DA56
4321,0.021605,0.107116271601192,3510,0.10711669921875,0DB6,-0.281767776832132,-9233,-0.281768798828125,DBEF
4322,0.02161,0.107633942366505,3527,0.107635498046875,0DC7,-0.297133007390804,-9736,-0.297119140625,D9F8
4323,0.021615,0.105967338997787,3472,0.10595703125,0D90,-0.287381710563648,-9417,-0.287384033203125,DB37
4324,0.02162,0.0984985383041802,3228,0.0985107421875,0C9C,-0.29371711692755,-9625,-0.293731689453125,DA67
4325,0.021625,0.109893828888111,3601,0.109893798828125,0E11,-0.290255515047975,-9511,-0.290252685546875,DAD9
4326,0.02163,0.100483802562745,3293,0.100494384765625,0CDD,-0.285250361052938,-9347,-0.285247802734375,DB7D
4327,0.021635,0.0970687139377791,3181,0.097076416015625,0C6D,-0.295412414073366,-9680,-0.29541015625,DA30
4328,0.02164,0.0951431395184153,3118,0.09515380859375,0C2E,-0.289297024744874,-9480,-0.289306640625,DAF8
4329,0.021645,0.103545402011445,3393,0.103546142578125,0D41,-0.300631549601502,-9851,-0.300628662109375,D985
4330,0.02165,0.086611157796285,2838,0.08660888671875,0B16,-0.286802329361995,-9398,-0.28680419921875,DB4A
4331,0.021655,0.0889261368345472,2914,0.08892822265625,0B62,-0.296866463928209,-9728,-0.296875,DA00
4332,0.02166,0.0871358726781398,2855,0.087127685546875,0B27,-0.297981795084991,-9764,-0.2979736328125,D9DC
4333,0.021665,0.0989349056445485,3242,0.09893798828125,0CAA,-0.294467703111693,-9649,-0.294464111328125,DA4F
4334,0.02167,0.0891279311019182,2921,0.089141845703125,0B69,-0.297470203794824,-9748,-0.2974853515625,D9EC
4335,0.021675,0.0783422490835147,2567,0.078338623046875,0A07,-0.298229191759799,-9772,-0.2982177734375,D9D4
4336,0.02168,0.0868516174906329,2846,0.08685302734375,0B1E,-0.296144997067955,-9704,-0.296142578125,DA18
4337,0.021685,0.09423960429155,3088,0.09423828125,0C10,-0.304810351519463,-9988,-0.3048095703125,D8FC
4338,0.02169,0.0917789527028184,3007,0.091766357421875,0BBF,-0.296944180168764,-9730,-0.29693603515625,D9FE
4339,0.021695,0.0788519361518641,2584,0.078857421875,0A18,-0.312237238596089,-10231,-0.312225341796875,D809
4340,0.0217,0.0803690517799472,2634,0.08038330078125,0A4A,-0.300047023034222,-9832,-0.300048828125,D998
4341,0.021705,0.0792330789433301,2596,0.0792236328125,0A24,-0.306081027749104,-10030,-0.30609130859375,D8D2
4342,0.02171,0.0832201526403017,2727,0.083221435546875,0AA7,-0.303235468447874,-9936,-0.30322265625,D930
4343,0.021715,0.0808671888188857,2650,0.08087158203125,0A5A,-0.299223871676844,-9805,-0.299224853515625,D9B3
4344,0.02172,0.0709200911754082,2324,0.0709228515625,0914,-0.314993169826426,-10322,-0.31500244140625,D7AE
4345,0.021725,0.071869375281666,2355,0.071868896484375,0933,-0.314678003375565,-10311,-0.314666748046875,D7B9
4346,0.02173,0.0743961755349144,2438,0.07440185546875,0986,-0.317902361310012,-10417,-0.317901611328125,D74F
4347,0.021735,0.0675487732721958,2213,0.067535400390625,08A5,-0.304481466987217,-9977,-0.304473876953125,D907
4348,0.02174,0.0690451127724018,2262,0.06903076171875,08D6,-0.30994838990829,-10156,-0.3099365234375,D854
4349,0.021745,0.0647118552205567,2120,0.064697265625,0848,-0.307721143937588,-10083,-0.307708740234375,D89D
4350,0.02175,0.0711147338857397,2330,0.07110595703125,091A,-0.313077964538048,-10259,-0.313079833984375,D7ED
4351,0.021755,0.0587826663923659,1926,0.05877685546875,0786,-0.315129019260911,-10326,-0.31512451171875,D7AA
4352,0.02176,0.0648741255241388,2126,0.06488037109375,084E,-0.311006328070711,-10191,-0.311004638671875,D831
4353,0.021765,0.0685213451100837,2245,0.068511962890625,08C5,-0.310519917176786,-10175,-0.310516357421875,D841
4354,0.02177,0.0602729833350684,1975,0.060272216796875,07B7,-0.319480753330073,-10469,-0.319488525390625,D71B
4355,0.021775,0.0579801120862927,1900,0.0579833984375,076C,-0.317325024556523,-10398,-0.31732177734375,D762
4356,0.02178,0.0586838285915786,1923,0.058685302734375,0783,-0.325255607695973,-10658,-0.32525634765625,D65E
4357,0.021785,0.0579297219805069,1898,0.05792236328125,076A,-0.307651491946335,-10081,-0.307647705078125,D89F
4358,0.02179,0.0424660261764297,1392,0.04248046875,0570,-0.317780593567525,-10413,-0.317779541015625,D753
4359,0.021795,0.0479169027087943,1570,0.04791259765625,0622,-0.315410643433781,-10335,-0.315399169921875,D7A1
4360,0.0218,0.0596544220006317,1955,0.059661865234375,07A3,-0.317234796872456,-10395,-0.317230224609375,D765
4361,0.021805,0.0531836713618393,1743,0.053192138671875,06CF,-0.324071815114988,-10619,-0.324066162109375,D685
4362,0.02181,0.0450808825275991,1477,0.045074462890625,05C5,-0.314882570576002,-10318,-0.31488037109375,D7B2
4363,0.021815,0.0468156408019846,1534,0.04681396484375,05FE,-0.319582926157083,-10472,-0.319580078125,D718
4364,0.02182,0.044937839396602,1473,0.044952392578125,05C1,-0.329870253123667,-10809,-0.329864501953125,D5C7
4365,0.021825,0.0363300974821089,1190,0.03631591796875,04A6,-0.320487959204112,-10502,-0.32049560546875,D6FA
4366,0.02183,0.0409454597250214,1342,0.04095458984375,053E,-0.328683094867964,-10770,-0.32867431640625,D5EE
4367,0.021835,0.0330959588509901,1084,0.0330810546875,043C,-0.3249318061829,-10647,-0.324920654296875,D669
4368,0.02184,0.0267567531983194,877,0.026763916015625,036D,-0.325711598622183,-10673,-0.325714111328125,D64F
4369,0.021845,0.0441692258331735,1447,0.044158935546875,05A7,-0.323874904550736,-10613,-0.323883056640625,D68B
4370,0.02185,0.0244621079721876,802,0.02447509765625,0322,-0.327892508819964,-10744,-0.327880859375,D608
4371,0.021855,0.0306615180292675,1005,0.030670166015625,03ED,-0.330025142464334,-10814,-0.33001708984375,D5C2
4372,0.02186,0.0376986190328375,1235,0.037689208984375,04D3,-0.336477969718564,-11026,-0.33648681640625,D4EE
4373,0.021865,0.0291601108340995,956,0.0291748046875,03BC,-0.342200633583735,-11213,-0.342193603515625,D433
4374,0.02187,0.0270468967650148,886,0.02703857421875,0376,-0.332977526803657,-10911,-0.332977294921875,D561
4375,0.021875,0.0218611541515545,716,0.0218505859375,02CC,-0.335944417821695,-11008,-0.3359375,D500
4376,0.02188,0.0300677021681366,985,0.030059814453125,03D9,-0.328544260247454,-10766,-0.32855224609375,D5F2
4377,0.021885,0.0256205339608933,840,0.025634765625,0348,-0.327791399398273,-10741,-0.327789306640625,D60B
4378,0.02189,0.0233364416199408,765,0.023345947265625,02FD,-0.340014982017289,-11142,-0.34002685546875,D47A
4379,0.021895,0.019807328171655,649,0.019805908203125,0289,-0.324972159837236,-10649,-0.324981689453125,D667
4380,0.0219,0.0230110589092021,754,0.02301025390625,02F2,-0.326696101036076,-10705,-0.326690673828125,D62F
4381,0.021905,0.014465464148134,474,0.01446533203125,01DA,-0.334647259755615,-10966,-0.33465576171875,D52A
4382,0.02191,0.00810976254276074,266,0.00811767578125,010A,-0.334769650887979,-10970,-0.33477783203125,D526
4383,0.021915,0.0273373762426634,896,0.02734375,0380,-0.349940507781959,-11467,-0.349945068359375,D335
4384,0.02192,0.0126942341801355,416,0.0126953125,01A0,-0.342242451194198,-11215,-0.342254638671875,D431
4385,0.021925,0.0164544785216464,539,0.016448974609375,021B,-0.333048599602031,-10913,-0.333038330078125,D55F
4386,0.02193,0.0070886459773937,232,0.007080078125,00E8,-0.346177522496928,-11344,-0.34619140625,D3B0
4387,0.021935,0.00523670298273306,172,0.0052490234375,00AC,-0.339899296052169,-11138,-0.33990478515625,D47E
4388,0.02194,0.00894855455817082,293,0.008941650390625,0125,-0.351391116111281,-11514,-0.35137939453125,D306
4389,0.021945,0.0016973387722748,56,0.001708984375,0038,-0.341832553769336,-11201,-0.341827392578125,D43F
4390,0.02195,-0.00295993247799454,-97,-0.002960205078125,FF9F,-0.339183794020809,-11114,-0.33917236328125,D496
4391,0.021955,-0.00297128325159181,-97,-0.002960205078125,FF9F,-0.344161245056651,-11277,-0.344146728515625,D3F3
4392,0.02196,-0.00477459651110912,-156,-0.0047607421875,FF64,-0.352598296230184,-11554,-0.35260009765625,D2DE
4393,0.021965,-0.000311916617399318,-10,-0.00030517578125,FFF6,-0.3548183319126,-11627,-0.354827880859375,D295
4394,0.02197,-0.00102402070427689,-34,-0.00103759765625,FFDE,-0.352282004900907,-11544,-0.352294921875,D2E8
4395,0.021975,-0.000257965286019592,-8,-0.000244140625,FFF8,-0.348093402683926,-11406,-0.34808349609375,D372
4396,0.02198,-0.0135117357531064,-443,-0.013519287109375,FE45,-0.356376318324904,-11678,-0.35638427734375,D262
4397,0.021985,-0.00939904746741132,-308,-0.0093994140625,FECC,-0.347400601715326,-11384,-0.347412109375,D388
4398,0.02199,-0.0117224653471925,-384,-0.01171875,FE80,-0.354404316365271,-11613,-0.354400634765625,D2A3
4399,0.021995,-0.0164522958165246,-539,-0.016448974609375,FDE5,-0.357081478496545,-11701,-0.357086181640625,D24B
4400,0.022,-0.0263390250532694,-863,-0.026336669921875,FCA1,-0.361469783063073,-11845,-0.361480712890625,D1BB
4401,0.022005,-0.0183135345480621,-600,-0.018310546875,FDA8,-0.358347595267621,-11742,-0.35833740234375,D222
4402,0.02201,-0.0115090210781932,-377,-0.011505126953125,FE87,-0.355764937242758,-11658,-0.35577392578125,D276
4403,0.022015,-0.0232596439762559,-762,-0.02325439453125,FD06,-0.353036777023638,-11568,-0.35302734375,D2D0
4404,0.02202,-0.0249289104242446,-817,-0.024932861328125,FCCF,-0.362122583714842,-11866,-0.36212158203125,D1A6
4405,0.022025,-0.0298644272358348,-979,-0.029876708984375,FC2D,-0.352805829292939,-11561,-0.352813720703125,D2D7
4406,0.02203,-0.0298733719898624,-979,-0.029876708984375,FC2D,-0.349240758358758,-11444,-0.3492431640625,D34C
4407,0.022035,-0.023108197419784,-757,-0.023101806640625,FD0B,-0.359459744198085,-11779,-0.359466552734375,D1FD
4408,0.02204,-0.0251411143968996,-824,-0.025146484375,FCC8,-0.351312246617541,-11512,-0.351318359375,D308
4409,0.022045,-0.0291419774406056,-955,-0.029144287109375,FC45,-0.370181543842035,-12130,-0.37017822265625,D09E
4410,0.02205,-0.0375220216086212,-1230,-0.03753662109375,FB32,-0.36530743666939,-11970,-0.36529541015625,D13E
4411,0.022055,-0.0313520162128309,-1027,-0.031341552734375,FBFD,-0.356222135950016,-11673,-0.356231689453125,D267
4412,0.02206,-0.0368632786693314,-1208,-0.036865234375,FB48,-0.368539600918503,-12076,-0.3685302734375,D0D4
4413,0.022065,-0.0398158270885065,-1305,-0.039825439453125,FAE7,-0.369479636446761,-12107,-0.369476318359375,D0B5
4414,0.02207,-0.0442316413081988,-1449,-0.044219970703125,FA57,-0.35976738409806,-11789,-0.359771728515625,D1F3
4415,0.022075,-0.0443875168864451,-1454,-0.04437255859375,FA52,-0.372979430065862,-12222,-0.37298583984375,D042
4416,0.02208,-0.0406310630374821,-1331,-0.040618896484375,FACD,-0.366985434354712,-12025,-0.366973876953125,D107
4417,0.022085,-0.0428561265652443,-1404,-0.0428466796875,FA84,-0.375400408300447,-12301,-0.375396728515625,CFF3
4418,0.02209,-0.0441028291264827,-1445,-0.044097900390625,FA5B,-0.364397330872288,-11941,-0.364410400390625,D15B
4419,0.022095,-0.0422764880964457,-1385,-0.042266845703125,FA97,-0.362846969348372,-11890,-0.36285400390625,D18E
4420,0.0221,-0.0365757894386769,-1199,-0.036590576171875,FB51,-0.366326240494784,-12004,-0.3663330078125,D11C
4421,0.022105,-0.0550214569223852,-1803,-0.055023193359375,F8F5,-0.370327007026095,-12135,-0.370330810546875,D099
4422,0.02211,-0.0489353213744131,-1604,-0.0489501953125,F9BC,-0.370307467615707,-12134,-0.37030029296875,D09A
4423,0.022115,-0.0484472776806385,-1588,-0.0484619140625,F9CC,-0.370211043140281,-12131,-0.370208740234375,D09D
4424,0.02212,-0.0552766700749394,-1811,-0.055267333984375,F8ED,-0.372099602542779,-12193,-0.372100830078125,D05F
4425,0.022125,-0.061304007064309,-2009,-0.061309814453125,F827,-0.364612754124315,-11948,-0.3646240234375,D154
4426,0.02213,-0.0533969021335085,-1750,-0.05340576171875,F92A,-0.377143024153124,-12358,-0.37713623046875,CFBA
4427,0.022135,-0.0527968417074678,-1730,-0.05279541015625,F93E,-0.377630805231383,-12374,-0.37762451171875,CFAA
4428,0.02214,-0.0533147296929481,-1747,-0.053314208984375,F92D,-0.381011964088689,-12485,-0.381011962890625,CF3B
4429,0.022145,-0.0602546179596842,-1974,-0.06024169921875,F84A,-0.374906978918048,-12285,-0.374908447265625,D003
4430,0.02215,-0.0626575865022832,-2053,-0.062652587890625,F7FB,-0.37946574207792,-12434,-0.37945556640625,CF6E
4431,0.022155,-0.0549227024783932,-1800,-0.054931640625,F8F8,-0.363916143111809,-11925,-0.363922119140625,D16B
4432,0.02216,-0.0586786541536106,-1923,-0.058685302734375,F87D,-0.364703117893477,-11951,-0.364715576171875,D151
4433,0.022165,-0.0670973879292515,-2199,-0.067108154296875,F769,-0.380382998463717,-12464,-0.38037109375,CF50
4434,0.02217,-0.0503418560218091,-1650,-0.05035400390625,F98E,-0.378544843816332,-12404,-0.3785400390625,CF8C
4435,0.022175,-0.0573000708621383,-1878,-0.05731201171875,F8AA,-0.381014664311085,-12485,-0.381011962890625,CF3B
4436,0.02218,-0.0526635305058375,-1726,-0.05267333984375,F942,-0.372799287943426,-12216,-0.372802734375,D048
4437,0.022185,-0.059973076712182,-1965,-0.059967041015625,F853,-0.379074637423229,-12422,-0.37908935546875,CF7A
4438,0.02219,-0.0570485876671153,-1869,-0.057037353515625,F8B3,-0.376693363847471,-12343,-0.376678466796875,CFC9
4439,0.022195,-0.0636210575484432,-2085,-0.063629150390625,F7DB,-0.371764745338969,-12182,-0.37176513671875,D06A
4440,0.0222,-0.0674279783725717,-2209,-0.067413330078125,F75F,-0.374342765844115,-12266,-0.37432861328125,D016
4441,0.022205,-0.0606907504674009,-1989,-0.060699462890625,F83B,-0.378950458479764,-12417,-0.378936767578125,CF7F
4442,0.02221,-0.0628541688831541,-2060,-0.0628662109375,F7F4,-0.373318473398774,-12233,-0.373321533203125,D037
4443,0.022215,-0.0603207636950555,-1977,-0.060333251953125,F847,-0.388625576047441,-12734,-0.38861083984375,CE42
4444,0.02222,-0.0657040223143036,-2153,-0.065704345703125,F797,-0.392856939739415,-12873,-0.392852783203125,CDB7
4445,0.022225,-0.0625409962650068,-2049,-0.062530517578125,F7FF,-0.381048592446345,-12486,-0.38104248046875,CF3A
4446,0.02223,-0.0722523553054965,-2368,-0.072265625,F6C0,-0.382100437667051,-12521,-0.382110595703125,CF17
4447,0.022235,-0.0629363810038727,-2062,-0.06292724609375,F7F2,-0.385408383579236,-12629,-0.385406494140625,CEAB
4448,0.02224,-0.0610373028448965,-2000,-0.06103515625,F830,-0.376527192667245,-12338,-0.37652587890625,CFCE
4449,0.022245,-0.0662367251852979,-2170,-0.06622314453125,F786,-0.393181646290211,-12884,-0.3931884765625,CDAC
4450,0.02225,-0.0605843330455574,-1985,-0.060577392578125,F83F,-0.381921710745622,-12515,-0.381927490234375,CF1D
4451,0.022255,-0.0655561213423216,-2148,-0.0655517578125,F79C,-0.384884835015902,-12612,-0.3848876953125,CEBC
4452,0.02226,-0.05979795072504,-1959,-0.059783935546875,F859,-0.375818010819606,-12315,-0.375823974609375,CFE5
4453,0.022265,-0.0550354178946613,-1803,-0.055023193359375,F8F5,-0.385238032961434,-12623,-0.385223388671875,CEB1
4454,0.02227,-0.0621559829569838,-2037,-0.062164306640625,F80B,-0.391927995770037,-12843,-0.391937255859375,CDD5
4455,0.022275,-0.0664400360501612,-2177,-0.066436767578125,F77F,-0.387258253773568,-12690,-0.38726806640625,CE6E
4456,0.02228,-0.0719384844391954,-2357,-0.071929931640625,F6CB,-0.391710508501572,-12836,-0.3917236328125,CDDC
4457,0.022285,-0.0615355545517441,-2016,-0.0615234375,F820,-0.396124842133411,-12980,-0.3961181640625,CD4C
4458,0.02229,-0.0661176653174345,-2167,-0.066131591796875,F789,-0.388566288797048,-12733,-0.388580322265625,CE43
4459,0.022295,-0.066159129616109,-2168,-0.066162109375,F788,-0.387413902987608,-12695,-0.387420654296875,CE69
4460,0.0223,-0.0698785662413549,-2290,-0.06988525390625,F70E,-0.393703939715939,-12901,-0.393707275390625,CD9B
4461,0.022305,-0.0644924568146017,-2113,-0.064483642578125,F7BF,-0.393671936351865,-12900,-0.3936767578125,CD9C
4462,0.02231,-0.0594500186864229,-1948,-0.0594482421875,F864,-0.390359113489106,-12791,-0.390350341796875,CE09
4463,0.022315,-0.0643624153452461,-2109,-0.064361572265625,F7C3,-0.391763358436259,-12837,-0.391754150390625,CDDB
4464,0.02232,-0.081894333405004,-2684,-0.0819091796875,F584,-0.398765833024148,-13067,-0.398773193359375,CCF5
4465,0.022325,-0.0676334675976369,-2216,-0.067626953125,F758,-0.397731213630274,-13033,-0.397735595703125,CD17
4466,0.02233,-0.0738733077066099,-2421,-0.073883056640625,F68B,-0.391037589361698,-12814,-0.39105224609375,CDF2
4467,0.022335,-0.0683796199317722,-2241,-0.068389892578125,F73F,-0.397972580660037,-13041,-0.397979736328125,CD0F
4468,0.02234,-0.0765681924772469,-2509,-0.076568603515625,F633,-0.394607371204768,-12930,-0.39459228515625,CD7E
4469,0.022345,-0.0745623729625265,-2443,-0.074554443359375,F675,-0.393291278023063,-12887,-0.393280029296875,CDA9
4470,0.02235,-0.0860378694454387,-2819,-0.086029052734375,F4FD,-0.391566504184195,-12831,-0.391571044921875,CDE1
4471,0.022355,-0.0777914238799954,-2549,-0.077789306640625,F60B,-0.396079485258964,-12979,-0.396087646484375,CD4D
4472,0.02236,-0.0880583442517271,-2885,-0.088043212890625,F4BB,-0.403846314673025,-13233,-0.403839111328125,CC4F
4473,0.022365,-0.0999470887044532,-3275,-0.099945068359375,F335,-0.402624154397864,-13193,-0.402618408203125,CC77
4474,0.02237,-0.0818672819096368,-2683,-0.081878662109375,F585,-0.394397733272747,-12924,-0.3944091796875,CD84
4475,0.022375,-0.0884047404107406,-2897,-0.088409423828125,F4AF,-0.407707052358447,-13360,-0.40771484375,CBD0
4476,0.02238,-0.0933744426460845,-3060,-0.0933837890625,F40C,-0.418840366707495,-13725,-0.418853759765625,CA63
4477,0.022385,-0.0813643787972549,-2666,-0.08135986328125,F596,-0.405639716303983,-13292,-0.4056396484375,CC14
4478,0.02239,-0.101130125500263,-3314,-0.10113525390625,F30E,-0.415156515553173,-13604,-0.4151611328125,CADC
4479,0.022395,-0.0911825968858519,-2988,-0.0911865234375,F454,-0.404532178842899,-13256,-0.404541015625,CC38
4480,0.0224,-0.0902287349612261,-2957,-0.090240478515625,F473,-0.413823395464957,-13560,-0.413818359375,CB08
4481,0.022405,-0.100964005441512,-3308,-0.1009521484375,F314,-0.412057806669852,-13502,-0.41204833984375,CB42
4482,0.02241,-0.103813288098709,-3402,-0.10382080078125,F2B6,-0.414054036144371,-13568,-0.4140625,CB00
4483,0.022415,-0.106123329788425,-3477,-0.106109619140625,F26B,-0.413261839298862,-13542,-0.41326904296875,CB1A
4484,0.02242,-0.110351488039847,-3616,-0.1103515625,F1E0,-0.400850173207441,-13135,-0.400848388671875,CCB1
4485,0.022425,-0.106043904191117,-3475,-0.106048583984375,F26D,-0.41289939538188,-13530,-0.41290283203125,CB26
4486,0.02243,-0.129123652131931,-4231,-0.129119873046875,EF79,-0.409641681752838,-13423,-0.409637451171875,CB91
4487,0.022435,-0.118676408176881,-3889,-0.118682861328125,F0CF,-0.415880559922842,-13628,-0.4158935546875,CAC4
4488,0.02244,-0.112727834274126,-3694,-0.11273193359375,F192,-0.413682399673118,-13556,-0.4136962890625,CB0C
4489,0.022445,-0.115554506014457,-3786,-0.11553955078125,F136,-0.416276499550224,-13641,-0.416290283203125,CAB7
4490,0.02245,-0.125882729917669,-4125,-0.125885009765625,EFE3,-0.41395155286625,-13564,-0.4139404296875,CB04
4491,0.022455,-0.130157537957813,-4265,-0.130157470703125,EF57,-0.417661693695202,-13686,-0.41766357421875,CA8A
4492,0.02246,-0.133353816969338,-4370,-0.13336181640625,EEEE,-0.427454929653675,-14007,-0.427459716796875,C949
4493,0.022465,-0.126098606379651,-4132,-0.1260986328125,EFDC,-0.423665403206972,-13883,-0.423675537109375,C9C5
4494,0.02247,-0.134490366216277,-4407,-0.134490966796875,EEC9,-0.423489828007551,-13877,-0.423492431640625,C9CB
4495,0.022475,-0.138479719248972,-4538,-0.13848876953125,EE46,-0.421436035843654,-13810,-0.42144775390625,CA0E
4496,0.02248,-0.153832878842729,-5041,-0.153839111328125,EC4F,-0.419231609364276,-13737,-0.419219970703125,CA57
4497,0.022485,-0.150648932524936,-4936,-0.150634765625,ECB8,-0.42738411966215,-14005,-0.427398681640625,C94B
4498,0.02249,-0.15253669878518,-4998,-0.15252685546875,EC7A,-0.427210203357032,-13999,-0.427215576171875,C951
4499,0.022495,-0.156600751107681,-5131,-0.156585693359375,EBF5,-0.428874289799726,-14053,-0.428863525390625,C91B
4500,0.0225,-0.145386597674211,-4764,-0.1453857421875,ED64,-0.433605315782679,-14208,-0.43359375,C880
4501,0.022505,-0.157664367094622,-5166,-0.15765380859375,EBD2,-0.433207654845517,-14195,-0.433197021484375,C88D
4502,0.02251,-0.162593704918255,-5328,-0.16259765625,EB30,-0.427028048690181,-13993,-0.427032470703125,C957
4503,0.022515,-0.160951361824887,-5274,-0.16094970703125,EB66,-0.435322307513952,-14265,-0.435333251953125,C847
4504,0.02252,-0.167871699509991,-5501,-0.167877197265625,EA83,-0.431316595939876,-14133,-0.431304931640625,C8CB
4505,0.022525,-0.18306424462877,-5999,-0.183074951171875,E891,-0.434168233804104,-14227,-0.434173583984375,C86D
4506,0.02253,-0.169010610441534,-5538,-0.16900634765625,EA5E,-0.439053677188607,-14387,-0.439056396484375,C7CD
4507,0.022535,-0.170525790395733,-5588,-0.1705322265625,EA2C,-0.438469848794404,-14368,-0.4384765625,C7E0
4508,0.02254,-0.185068690918555,-6064,-0.18505859375,E850,-0.442307995758623,-14494,-0.44232177734375,C762
4509,0.022545,-0.182060107688811,-5966,-0.18206787109375,E8B2,-0.437234557316944,-14327,-0.437225341796875,C809
4510,0.02255,-0.185641054260593,-6083,-0.185638427734375,E83D,-0.436483921031737,-14303,-0.436492919921875,C821
4511,0.022555,-0.181838577824286,-5958,-0.18182373046875,E8BA,-0.436579284786863,-14306,-0.43658447265625,C81E
4512,0.02256,-0.185669863459674,-6084,-0.1856689453125,E83C,-0.436330990790641,-14298,-0.43634033203125,C826
4513,0.022565,-0.196578226987172,-6441,-0.196563720703125,E6D7,-0.44293836362701,-14514,-0.44293212890625,C74E
4514,0.02257,-0.200657352076616,-6575,-0.200653076171875,E651,-0.442571837085437,-14502,-0.44256591796875,C75A
4515,0.022575,-0.189917169175427,-6223,-0.189910888671875,E7B1,-0.445993359349829,-14614,-0.44598388671875,C6EA
4516,0.02258,-0.19664725113209,-6444,-0.1966552734375,E6D4,-0.443777384259373,-14542,-0.44378662109375,C732
4517,0.022585,-0.206007762414654,-6750,-0.20599365234375,E5A2,-0.453382899937778,-14856,-0.453369140625,C5F8
4518,0.02259,-0.19780372352726,-6482,-0.19781494140625,E6AE,-0.451369619193212,-14790,-0.45135498046875,C63A
4519,0.022595,-0.201265720754479,-6595,-0.201263427734375,E63D,-0.456053067678892,-14944,-0.4560546875,C5A0
4520,0.0226,-0.196975443750985,-6454,-0.19696044921875,E6CA,-0.439804706303873,-14412,-0.4398193359375,C7B4
4521,0.022605,-0.205594307484224,-6737,-0.205596923828125,E5AF,-0.453626061296142,-14864,-0.45361328125,C5F0
4522,0.02261,-0.207462919268087,-6798,-0.20745849609375,E572,-0.452270565213245,-14820,-0.4522705078125,C61C
4523,0.022615,-0.207345078977569,-6794,-0.20733642578125,E576,-0.450236755702411,-14753,-0.450225830078125,C65F
4524,0.02262,-0.201331414687635,-6597,-0.201324462890625,E63B,-0.46640126260579,-15283,-0.466400146484375,C44D
4525,0.022625,-0.213074557856878,-6982,-0.21307373046875,E4BA,-0.450229252889806,-14753,-0.450225830078125,C65F
4526,0.02263,-0.221375846808291,-7254,-0.22137451171875,E3AA,-0.445795138964227,-14608,-0.44580078125,C6F0
4527,0.022635,-0.212097339296074,-6950,-0.21209716796875,E4DA,-0.457562135466948,-14993,-0.457550048828125,C56F
4528,0.02264,-0.209816457323224,-6875,-0.209808349609375,E525,-0.459217387440535,-15048,-0.459228515625,C538
4529,0.022645,-0.211318825430726,-6924,-0.2113037109375,E4F4,-0.447670950516087,-14669,-0.447662353515625,C6B3
4530,0.02265,-0.210896610418605,-6911,-0.210906982421875,E501,-0.456517538079714,-14959,-0.456512451171875,C591
4531,0.022655,-0.224453957490345,-7355,-0.224456787109375,E345,-0.461557060113459,-15124,-0.4615478515625,C4EC
4532,0.02266,-0.211566963286371,-6933,-0.211578369140625,E4EB,-0.466396495955191,-15283,-0.466400146484375,C44D
4533,0.022665,-0.224449287233376,-7355,-0.224456787109375,E345,-0.459499025951058,-15057,-0.459503173828125,C52F
4534,0.02267,-0.222717650248637,-7298,-0.22271728515625,E37E,-0.464219619558938,-15212,-0.4642333984375,C494
4535,0.022675,-0.21907810012098,-7179,-0.219085693359375,E3F5,-0.466347389344446,-15281,-0.466339111328125,C44F
4536,0.02268,-0.219547017919856,-7194,-0.21954345703125,E3E6,-0.468350565901638,-15347,-0.468353271484375,C40D
4537,0.022685,-0.224396824376147,-7353,-0.224395751953125,E347,-0.462958713944284,-15170,-0.46295166015625,C4BE
4538,0.02269,-0.226981850823529,-7438,-0.22698974609375,E2F2,-0.461762295175261,-15131,-0.461761474609375,C4E5
4539,0.022695,-0.222089398805282,-7277,-0.222076416015625,E393,-0.457625257946123,-14995,-0.457611083984375,C56D
4540,0.0227,-0.21962003205924,-7197,-0.219635009765625,E3E3,-0.471016139037815,-15434,-0.47100830078125,C3B6
4541,0.022705,-0.211833333943642,-6941,-0.211822509765625,E4E3,-0.464406159265722,-15218,-0.46441650390625,C48E
4542,0.02271,-0.213441926440737,-6994,-0.21343994140625,E4AE,-0.461874969157438,-15135,-0.461883544921875,C4E1
4543,0.022715,-0.220307761091197,-7219,-0.220306396484375,E3CD,-0.464963240445029,-15236,-0.4649658203125,C47C
4544,0.02272,-0.213578414226156,-6999,-0.213592529296875,E4A9,-0.477329581384744,-15641,-0.477325439453125,C2E7
4545,0.022725,-0.213882579831083,-7009,-0.213897705078125,E49F,-0.473506188972117,-15516,-0.4735107421875,C364
4546,0.02273,-0.227695901603076,-7461,-0.227691650390625,E2DB,-0.472492410152498,-15483,-0.472503662109375,C385
4547,0.022735,-0.219077693826626,-7179,-0.219085693359375,E3F5,-0.479150978720293,-15701,-0.479156494140625,C2AB
4548,0.02274,-0.220205192742802,-7216,-0.22021484375,E3D0,-0.470630616566804,-15422,-0.47064208984375,C3C2
4549,0.022745,-0.223086768475987,-7310,-0.22308349609375,E372,-0.467421301052054,-15316,-0.4674072265625,C42C
4550,0.02275,-0.225478262222402,-7388,-0.2254638671875,E324,-0.472368948796475,-15479,-0.472381591796875,C389
4551,0.022755,-0.217622909018479,-7131,-0.217620849609375,E425,-0.469057055359638,-15370,-0.46905517578125,C3F6
4552,0.02276,-0.216554037289154,-7096,-0.216552734375,E448,-0.475226707007703,-15572,-0.4752197265625,C32C
4553,0.022765,-0.223032025705875,-7308,-0.2230224609375,E374,-0.475906567361339,-15595,-0.475921630859375,C315
4554,0.02277,-0.219673791830978,-7198,-0.21966552734375,E3E2,-0.474484788607732,-15548,-0.4744873046875,C344
4555,0.022775,-0.223066825551014,-7309,-0.223052978515625,E373,-0.471810206157475,-15460,-0.4718017578125,C39C
4556,0.02278,-0.211491938576114,-6930,-0.21148681640625,E4EE,-0.482013840459186,-15795,-0.482025146484375,C24D
4557,0.022785,-0.219998617588538,-7209,-0.220001220703125,E3D7,-0.473408326082252,-15513,-0.473419189453125,C367
4558,0.02279,-0.219160882914832,-7181,-0.219146728515625,E3F3,-0.478359578440039,-15675,-0.478363037109375,C2C5
4559,0.022795,-0.228315157721664,-7481,-0.228302001953125,E2C7,-0.474905552039509,-15562,-0.47491455078125,C336
4560,0.0228,-0.228584419391535,-7490,-0.22857666015625,E2BE,-0.483530613962455,-15844,-0.4835205078125,C21C
4561,0.022805,-0.218133674167454,-7148,-0.2181396484375,E414,-0.470184076241461,-15407,-0.470184326171875,C3D1
4562,0.02281,-0.22150027885952,-7258,-0.22149658203125,E3A6,-0.47535709790723,-15577,-0.475372314453125,C327
4563,0.022815,-0.217511783414688,-7127,-0.217498779296875,E429,-0.473951283894914,-15530,-0.47393798828125,C356
4564,0.02282,-0.22262777230317,-7295,-0.222625732421875,E381,-0.470492623444936,-15417,-0.470489501953125,C3C7
4565,0.022825,-0.223936283334172,-7338,-0.22393798828125,E356,-0.480618921275568,-15749,-0.480621337890625,C27B
4566,0.02283,-0.223052911604887,-7309,-0.223052978515625,E373,-0.474648190718746,-15553,-0.474639892578125,C33F
4567,0.022835,-0.22428489645843,-7349,-0.224273681640625,E34B,-0.473175262203852,-15505,-0.473175048828125,C36F
4568,0.02284,-0.230343601671288,-7548,-0.2303466796875,E284,-0.482194368280215,-15801,-0.482208251953125,C247
4569,0.022845,-0.23123911636145,-7577,-0.231231689453125,E267,-0.475640371886366,-15586,-0.47564697265625,C31E
4570,0.02285,-0.232542202589419,-7620,-0.2325439453125,E23C,-0.472478921760655,-15482,-0.47247314453125,C386
4571,0.022855,-0.229214884689754,-7511,-0.229217529296875,E2A9,-0.474017330260012,-15533,-0.474029541015625,C353
4572,0.02286,-0.229801177699538,-7530,-0.22979736328125,E296,-0.481099637070933,-15765,-0.481109619140625,C26B
4573,0.022865,-0.234060721616416,-7670,-0.23406982421875,E20A,-0.471147450078187,-15439,-0.471160888671875,C3B1
4574,0.02287,-0.231638609876046,-7590,-0.23162841796875,E25A,-0.487686078634154,-15980,-0.4876708984375,C194
4575,0.022875,-0.232864813299394,-7631,-0.232879638671875,E231,-0.484318114401545,-15870,-0.48431396484375,C202
4576,0.02288,-0.240479046126287,-7880,-0.240478515625,E138,-0.48378664008122,-15853,-0.483795166015625,C213
4577,0.022885,-0.24887733128545,-8155,-0.248870849609375,E025,-0.483446693454517,-15842,-0.48345947265625,C21E
4578,0.02289,-0.241015340146327,-7898,-0.24102783203125,E126,-0.484154441608755,-15865,-0.484161376953125,C207
4579,0.022895,-0.239127933155,-7836,-0.2391357421875,E164,-0.482760065552549,-15819,-0.482757568359375,C235
4580,0.0229,-0.249565775839846,-8178,-0.24957275390625,E00E,-0.474152752289456,-15537,-0.474151611328125,C34F
4581,0.022905,-0.247634027655613,-8114,-0.24761962890625,E04E,-0.47985901513527,-15724,-0.4798583984375,C294
4582,0.02291,-0.254134088753526,-8327,-0.254119873046875,DF79,-0.47980592414327,-15722,-0.47979736328125,C296
4583,0.022915,-0.255999413910097,-8389,-0.256011962890625,DF3B,-0.491385553873181,-16102,-0.49139404296875,C11A
4584,0.02292,-0.260012228317175,-8520,-0.260009765625,DEB8,-0.489818277215521,-16050,-0.48980712890625,C14E
4585,0.022925,-0.259816485286286,-8514,-0.25982666015625,DEBE,-0.492045890993383,-16123,-0.492034912109375,C105
4586,0.02293,-0.253769251951003,-8316,-0.2537841796875,DF84,-0.495606064245765,-16240,-0.49560546875,C090
4587,0.022935,-0.260184077797233,-8526,-0.26019287109375,DEB2,-0.484596605883,-15879,-0.484588623046875,C1F9
4588,0.02294,-0.260338663980899,-8531,-0.260345458984375,DEAD,-0.493593906006202,-16174,-0.49359130859375,C0D2
4589,0.022945,-0.268135012916651,-8786,-0.26812744140625,DDAE,-0.492450203509428,-16137,-0.492462158203125,C0F7
4590,0.02295,-0.264494539201499,-8667,-0.264495849609375,DE25,-0.491359173717117,-16101,-0.491363525390625,C11B
4591,0.022955,-0.280178305933378,-9181,-0.280181884765625,DC23,-0.495462971384939,-16235,-0.495452880859375,C095
4592,0.02296,-0.265848354673917,-8711,-0.265838623046875,DDF9,-0.485895514071718,-15922,-0.48590087890625,C1CE
4593,0.022965,-0.276473936848066,-9059,-0.276458740234375,DC9D,-0.494035415310889,-16189,-0.494049072265625,C0C3
4594,0.02297,-0.276924157283248,-9074,-0.27691650390625,DC8E,-0.489508186955549,-16040,-0.489501953125,C158
4595,0.022975,-0.278446066401568,-9124,-0.2784423828125,DC5C,-0.497163024083096,-16291,-0.497161865234375,C05D
4596,0.02298,-0.282413692155276,-9254,-0.28240966796875,DBDA,-0.498947139163052,-16349,-0.498931884765625,C023
4597,0.022985,-0.281463665900774,-9223,-0.281463623046875,DBF9,-0.496461890752123,-16268,-0.4964599609375,C074
4598,0.02299,-0.284462302309254,-9321,-0.284454345703125,DB97,-0.497754276584199,-16310,-0.49774169921875,C04A
4599,0.022995,-0.279156868326643,-9147,-0.279144287109375,DC45,-0.500279553180336,-16393,-0.500274658203125,BFF7
4600,0.023,-0.28480431091931,-9332,-0.2847900390625,DB8C,-0.492832408617859,-16149,-0.492828369140625,C0EB
4601,0.023005,-0.28648712688313,-9388,-0.2864990234375,DB54,-0.494112455115367,-16191,-0.494110107421875,C0C1
4602,0.02301,-0.28626281931307,-9380,-0.2862548828125,DB5C,-0.502294126158188,-16459,-0.502288818359375,BFB5
4603,0.023015,-0.294379208130686,-9646,-0.29437255859375,DA52,-0.493971058213608,-16186,-0.49395751953125,C0C6
4604,0.02302,-0.298872599523053,-9793,-0.298858642578125,D9BF,-0.499145151575084,-16356,-0.4991455078125,C01C
4605,0.023025,-0.295884934577432,-9696,-0.2958984375,DA20,-0.502339507936695,-16461,-0.502349853515625,BFB3
4606,0.02303,-0.292955880342488,-9600,-0.29296875,DA80,-0.495662585170292,-16242,-0.49566650390625,C08E
4607,0.023035,-0.305222765120915,-10002,-0.30523681640625,D8EE,-0.497437219550269,-16300,-0.4974365234375,C054
4608,0.02304,-0.296749347921024,-9724,-0.2967529296875,DA04,-0.508263483302887,-16655,-0.508270263671875,BEF1
4609,0.023045,-0.30855317909564,-10111,-0.308563232421875,D881,-0.515342890376431,-16887,-0.515350341796875,BE09
4610,0.02305,-0.300432022900508,-9845,-0.300445556640625,D98B,-0.493842117313483,-16182,-0.49383544921875,C0CA
4611,0.023055,-0.303452351005434,-9944,-0.303466796875,D928,-0.500157129091658,-16389,-0.500152587890625,BFFB
4612,0.02306,-0.307285608130232,-10069,-0.307281494140625,D8AB,-0.502847064386028,-16477,-0.502838134765625,BFA3
4613,0.023065,-0.298535831741658,-9782,-0.29852294921875,D9CA,-0.509481621405049,-16695,-0.509490966796875,BEC9
4614,0.02307,-0.316516063817165,-10372,-0.3165283203125,D77C,-0.504277217389005,-16524,-0.5042724609375,BF74
4615,0.023075,-0.306314837073544,-10037,-0.306304931640625,D8CB,-0.504407456518954,-16528,-0.50439453125,BF70
4616,0.02308,-0.304441457573752,-9976,-0.304443359375,D908,-0.50918313394803,-16685,-0.509185791015625,BED3
4617,0.023085,-0.302971447457191,-9928,-0.302978515625,D938,-0.506498686567754,-16597,-0.506500244140625,BF2B
4618,0.02309,-0.310782158138145,-10184,-0.310791015625,D838,-0.506438800222773,-16595,-0.506439208984375,BF2D
4619,0.023095,-0.306801474165852,-10053,-0.306793212890625,D8BB,-0.508590929434536,-16666,-0.50860595703125,BEE6
4620,0.0231,-0.308040588406042,-10094,-0.30804443359375,D892,-0.512406936765838,-16791,-0.512420654296875,BE69
4621,0.023105,-0.306722853406696,-10051,-0.306732177734375,D8BD,-0.521353513121383,-17084,-0.5213623046875,BD44
4622,0.02311,-0.307337625442842,-10071,-0.307342529296875,D8A9,-0.513068065165769,-16812,-0.5130615234375,BE54
4623,0.023115,-0.30988229110962,-10154,-0.30987548828125,D856,-0.513815335286684,-16837,-0.513824462890625,BE3B
4624,0.02312,-0.308807945617793,-10119,-0.308807373046875,D879,-0.514901743012894,-16872,-0.514892578125,BE18
4625,0.023125,-0.312887076623288,-10253,-0.312896728515625,D7F3,-0.511460307672428,-16760,-0.511474609375,BE88
4626,0.02313,-0.321117740197982,-10522,-0.32110595703125,D6E6,-0.521478424524763,-17088,-0.521484375,BD40
4627,0.023135,-0.302567258250248,-9915,-0.302581787109375,D945,-0.520357066102891,-17051,-0.520355224609375,BD65
4628,0.02314,-0.313989227195682,-10289,-0.313995361328125,D7CF,-0.515381746285034,-16888,-0.515380859375,BE08
4629,0.023145,-0.305495320105308,-10010,-0.30548095703125,D8E6,-0.517224185737191,-16948,-0.5172119140625,BDCC
4630,0.02315,-0.30937959885301,-10138,-0.30938720703125,D866,-0.519950386662802,-17038,-0.51995849609375,BD72
4631,0.023155,-0.314338578243933,-10300,-0.3143310546875,D7C4,-0.524042674379512,-17172,-0.5240478515625,BCEC
4632,0.02316,-0.311588716120608,-10210,-0.31158447265625,D81E,-0.528431012510688,-17316,-0.5284423828125,BC5C
4633,0.023165,-0.309102357975948,-10129,-0.309112548828125,D86F,-0.526083954041614,-17239,-0.526092529296875,BCA9
4634,0.02317,-0.313323725589224,-10267,-0.313323974609375,D7E5,-0.53053891521365,-17385,-0.530548095703125,BC17
4635,0.023175,-0.304456743879324,-9976,-0.304443359375,D908,-0.525750326565409,-17228,-0.5257568359375,BCB4
4636,0.02318,-0.30700093157865,-10060,-0.3070068359375,D8B4,-0.535648811674229,-17552,-0.53564453125,BB70
4637,0.023185,-0.313877676303918,-10285,-0.313873291015625,D7D3,-0.522071938994928,-17107,-0.522064208984375,BD2D
4638,0.02319,-0.306519819075893,-10044,-0.3065185546875,D8C4,-0.523958435041409,-17169,-0.523956298828125,BCEF
4639,0.023195,-0.307215144131438,-10067,-0.307220458984375,D8AD,-0.530377790514499,-17379,-0.530364990234375,BC1D
4640,0.0232,-0.320173103664368,-10491,-0.320159912109375,D705,-0.533234593491909,-17473,-0.533233642578125,BBBF
4641,0.023205,-0.310095930911148,-10161,-0.310089111328125,D84F,-0.535236738858562,-17539,-0.535247802734375,BB7D
4642,0.02321,-0.310509290102829,-10175,-0.310516357421875,D841,-0.523061661559414,-17140,-0.5230712890625,BD0C
4643,0.023215,-0.306298885040556,-10037,-0.306304931640625,D8CB,-0.533842911615521,-17493,-0.533843994140625,BBAB
4644,0.02322,-0.315507676325392,-10339,-0.315521240234375,D79D,-0.543128774330713,-17797,-0.543121337890625,BA7B
4645,0.023225,-0.31094976597931,-10189,-0.310943603515625,D833,-0.530308579208883,-17377,-0.530303955078125,BC1F
4646,0.02323,-0.318786091105794,-10446,-0.31878662109375,D732,-0.54930593085989,-18000,-0.54931640625,B9B0
4647,0.023235,-0.313533331335297,-10274,-0.31353759765625,D7DE,-0.548006709512268,-17957,-0.548004150390625,B9DB
4648,0.02324,-0.310475600658606,-10174,-0.31048583984375,D842,-0.540525255479892,-17712,-0.54052734375,BAD0
4649,0.023245,-0.317170410678095,-10393,-0.317169189453125,D767,-0.543811867156491,-17820,-0.5438232421875,BA64
4650,0.02325,-0.313272571172847,-10265,-0.313262939453125,D7E7,-0.545572482269604,-17877,-0.545562744140625,BA2B
4651,0.023255,-0.312757214291437,-10248,-0.312744140625,D7F8,-0.535813869498523,-17558,-0.53582763671875,BB6A
4652,0.02326,-0.312292592736196,-10233,-0.312286376953125,D807,-0.550180658755102,-18028,-0.5501708984375,B994
4653,0.023265,-0.313404001684669,-10270,-0.31341552734375,D7E2,-0.541607838332809,-17747,-0.541595458984375,BAAD
4654,0.02327,-0.306340662901094,-10038,-0.30633544921875,D8CA,-0.547981983397583,-17956,-0.5479736328125,B9DC
4655,0.023275,-0.313299660353295,-10266,-0.31329345703125,D7E6,-0.546312367304931,-17902,-0.54632568359375,BA12
4656,0.02328,-0.312478785911416,-10239,-0.312469482421875,D801,-0.542713615264756,-17784,-0.542724609375,BA88
4657,0.023285,-0.315630175343116,-10343,-0.315643310546875,D799,-0.542597338492558,-17780,-0.5426025390625,BA8C
4658,0.02329,-0.320375879957651,-10498,-0.32037353515625,D6FE,-0.552770090700194,-18113,-0.552764892578125,B93F
4659,0.023295,-0.311476274019375,-10206,-0.31146240234375,D822,-0.549428270867006,-18004,-0.5494384765625,B9AC
4660,0.0233,-0.314978645927452,-10321,-0.314971923828125,D7AF,-0.558075096315226,-18287,-0.558074951171875,B891
4661,0.023305,-0.315252077148998,-10330,-0.31524658203125,D7A6,-0.549606323272418,-18010,-0.54962158203125,B9A6
4662,0.02331,-0.316313840250715,-10365,-0.316314697265625,D783,-0.549742149558602,-18014,-0.54974365234375,B9A2
4663,0.023315,-0.314145932064821,-10294,-0.31414794921875,D7CA,-0.554478369344665,-18169,-0.554473876953125,B907
4664,0.02332,-0.317916872420355,-10418,-0.31793212890625,D74E,-0.547329046166228,-17935,-0.547332763671875,B9F1
4665,0.023325,-0.322458356443268,-10566,-0.32244873046875,D6BA,-0.546074737072898,-17894,-0.54608154296875,BA1A
4666,0.02333,-0.320975974344071,-10518,-0.32098388671875,D6EA,-0.559622264322606,-18338,-0.55963134765625,B85E
4667,0.023335,-0.321976805893961,-10551,-0.321990966796875,D6C9,-0.553914819981826,-18151,-0.553924560546875,B919
4668,0.02334,-0.330930559298418,-10844,-0.3309326171875,D5A4,-0.553204351201436,-18127,-0.553192138671875,B931
4669,0.023345,-0.323322466237503,-10595,-0.323333740234375,D69D,-0.559554173004688,-18335,-0.559539794921875,B861
4670,0.02335,-0.322646197479557,-10572,-0.3226318359375,D6B4,-0.565255270454623,-18522,-0.56524658203125,B7A6
4671,0.023355,-0.332145852311452,-10884,-0.3321533203125,D57C,-0.554574171419951,-18172,-0.5545654296875,B904
4672,0.02336,-0.326824546894815,-10709,-0.326812744140625,D62B,-0.564399111101674,-18494,-0.56439208984375,B7C2
4673,0.023365,-0.323788178979243,-10610,-0.32379150390625,D68E,-0.559973505455819,-18349,-0.559967041015625,B853
4674,0.02337,-0.335175804854808,-10983,-0.335174560546875,D519,-0.562458513019517,-18431,-0.562469482421875,B801
4675,0.023375,-0.342051134545982,-11208,-0.342041015625,D438,-0.563116698713767,-18452,-0.5631103515625,B7EC
4676,0.02338,-0.335657296709212,-10999,-0.335662841796875,D509,-0.564718161664576,-18505,-0.564727783203125,B7B7
4677,0.023385,-0.334648480476731,-10966,-0.33465576171875,D52A,-0.570861818437618,-18706,-0.57086181640625,B6EE
4678,0.02339,-0.337762396617179,-11068,-0.3377685546875,D4C4,-0.566511134136907,-18563,-0.566497802734375,B77D
4679,0.023395,-0.339108492821557,-11112,-0.339111328125,D498,-0.566583411912166,-18566,-0.56658935546875,B77A
4680,0.0234,-0.336166796008674,-11016,-0.336181640625,D4F8,-0.564512373605119,-18498,-0.56451416015625,B7BE
4681,0.023405,-0.336128780702586,-11014,-0.33612060546875,D4FA,-0.569268602756959,-18654,-0.56927490234375,B722
4682,0.02341,-0.331574586157659,-10865,-0.331573486328125,D58F,-0.577439084178903,-18922,-0.57745361328125,B616
4683,0.023415,-0.341989527208091,-11206,-0.34197998046875,D43A,-0.560009576138864,-18350,-0.55999755859375,B852
4684,0.02342,-0.343211546216699,-11246,-0.34320068359375,D412,-0.573830574002853,-18803,-0.573822021484375,B68D
4685,0.023425,-0.344832379855736,-11299,-0.344818115234375,D3DD,-0.567513372426115,-18596,-0.5675048828125,B75C
4686,0.02343,-0.345617011833264,-11325,-0.345611572265625,D3C3,-0.571586005000441,-18730,-0.57159423828125,B6D6
4687,0.023435,-0.34710958133485,-11374,-0.34710693359375,D392,-0.568584384415604,-18631,-0.568572998046875,B739
4688,0.02344,-0.349291801325067,-11446,-0.34930419921875,D34A,-0.565327145159934,-18525,-0.565338134765625,B7A3
4689,0.023445,-0.346668474192014,-11360,-0.3466796875,D3A0,-0.566175019004751,-18552,-0.566162109375,B788
4690,0.02345,-0.346372379356924,-11350,-0.34637451171875,D3AA,-0.57278559820767,-18769,-0.572784423828125,B6AF
4691,0.023455,-0.341738154583013,-11198,-0.34173583984375,D442,-0.572004325139043,-18743,-0.571990966796875,B6C9
4692,0.02346,-0.358552237172642,-11749,-0.358551025390625,D21B,-0.568173055229203,-18618,-0.56817626953125,B746
4693,0.023465,-0.355560658153047,-11651,-0.355560302734375,D27D,-0.573961745741408,-18808,-0.573974609375,B688
4694,0.02347,-0.3577787002174,-11724,-0.3577880859375,D234,-0.568527117686739,-18629,-0.568511962890625,B73B
4695,0.023475,-0.348263056394093,-11412,-0.3482666015625,D36C,-0.572738155194591,-18767,-0.572723388671875,B6B1
4696,0.02348,-0.354251373525515,-11608,-0.354248046875,D2A8,-0.563981950538728,-18481,-0.563995361328125,B7CF
4697,0.023485,-0.353915134508621,-11597,-0.353912353515625,D2B3,-0.572676877943084,-18765,-0.572662353515625,B6B3
4698,0.02349,-0.357842633885829,-11726,-0.35784912109375,D232,-0.57511009588486,-18845,-0.575103759765625,B663
4699,0.023495,-0.365489790523755,-11976,-0.365478515625,D138,-0.579621187259543,-18993,-0.579620361328125,B5CF
4700,0.0235,-0.366781162507823,-12019,-0.366790771484375,D10D,-0.571693310260216,-18733,-0.571685791015625,B6D3
4701,0.023505,-0.364796256483265,-11954,-0.36480712890625,D14E,-0.583043256390822,-19105,-0.583038330078125,B55F
4702,0.02351,-0.369748017822228,-12116,-0.3697509765625,D0AC,-0.567718804876859,-18603,-0.567718505859375,B755
4703,0.023515,-0.366340416359149,-12004,-0.3663330078125,D11C,-0.566913020600916,-18577,-0.566925048828125,B76F
4704,0.02352,-0.363885662719908,-11924,-0.3638916015625,D16C,-0.577313848334691,-18917,-0.577301025390625,B61B
4705,0.023525,-0.357094677534862,-11701,-0.357086181640625,D24B,-0.582608376883246,-19091,-0.582611083984375,B56D
4706,0.02353,-0.373027653703796,-12223,-0.373016357421875,D041,-0.579197210882088,-18979,-0.579193115234375,B5DD
4707,0.023535,-0.362415845452277,-11876,-0.3624267578125,D19C,-0.578927966106416,-18970,-0.57891845703125,B5E6
4708,0.02354,-0.369214609640906,-12098,-0.36920166015625,D0BE,-0.580417752286345,-19019,-0.580413818359375,B5B5
4709,0.023545,-0.373505884015204,-12239,-0.373504638671875,D031,-0.573232683071753,-18784,-0.5732421875,B6A0
4710,0.02355,-0.372766697116976,-12215,-0.372772216796875,D049,-0.574349432068014,-18820,-0.5743408203125,B67C
4711,0.023555,-0.369867247024459,-12120,-0.369873046875,D0A8,-0.57390236071833,-18806,-0.57391357421875,B68A
4712,0.02356,-0.375772394975729,-12313,-0.375762939453125,CFE7,-0.581298415977245,-19048,-0.581298828125,B598
4713,0.023565,-0.368596178819216,-12078,-0.36859130859375,D0D2,-0.582834849059888,-19098,-0.58282470703125,B566
4714,0.02357,-0.368585454479551,-12078,-0.36859130859375,D0D2,-0.586791494923725,-19228,-0.5867919921875,B4E4
4715,0.023575,-0.376069467494404,-12323,-0.376068115234375,CFDD,-0.584382990451307,-19149,-0.584381103515625,B533
4716,0.02358,-0.367548249438609,-12044,-0.3675537109375,D0F4,-0.593460731918353,-19447,-0.593475341796875,B409
4717,0.023585,-0.376737897559922,-12345,-0.376739501953125,CFC7,-0.576246127779565,-18882,-0.57623291015625,B63E
4718,0.02359,-0.373355382075683,-12234,-0.37335205078125,D036,-0.591649144648154,-19387,-0.591644287109375,B445
4719,0.023595,-0.382261251416454,-12526,-0.38226318359375,CF12,-0.587478121298179,-19250,-0.58746337890625,B4CE
4720,0.0236,-0.377850119956573,-12381,-0.377838134765625,CFA3,-0.595546195831252,-19515,-0.595550537109375,B3C5
4721,0.023605,-0.374503122355842,-12272,-0.37451171875,D010,-0.582557045657092,-19089,-0.582550048828125,B56F
4722,0.02361,-0.386503734452318,-12665,-0.386505126953125,CE87,-0.583793061954001,-19130,-0.58380126953125,B546
4723,0.023615,-0.373186123341477,-12229,-0.373199462890625,D03B,-0.591755096803211,-19391,-0.591766357421875,B441
4724,0.02362,-0.395132466631469,-12948,-0.3951416015625,CD6C,-0.584624331067482,-19157,-0.584625244140625,B52B
4725,0.023625,-0.379397777551544,-12432,-0.37939453125,CF70,-0.591235893640027,-19374,-0.59124755859375,B452
4726,0.02363,-0.394489509559532,-12927,-0.394500732421875,CD81,-0.59524055118691,-19505,-0.595245361328125,B3CF
4727,0.023635,-0.384593526593126,-12602,-0.38458251953125,CEC6,-0.590845361022446,-19361,-0.590850830078125,B45F
4728,0.02364,-0.390815275779063,-12806,-0.39080810546875,CDFA,-0.58855512607501,-19286,-0.58856201171875,B4AA
4729,0.023645,-0.381880015774419,-12513,-0.381866455078125,CF1F,-0.59200720762429,-19399,-0.592010498046875,B439
4730,0.02365,-0.384342506821645,-12594,-0.38433837890625,CECE,-0.594915452818359,-19494,-0.59490966796875,B3DA
4731,0.023655,-0.391464888231148,-12828,-0.3914794921875,CDE4,-0.592800881434074,-19425,-0.592803955078125,B41F
4732,0.02366,-0.401150247752256,-13145,-0.401153564453125,CCA7,-0.595661820637908,-19519,-0.595672607421875,B3C1
4733,0.023665,-0.392006523616664,-12845,-0.391998291015625,CDD3,-0.582531570228884,-19088,-0.58251953125,B570
4734,0.02367,-0.384110224094449,-12587,-0.384124755859375,CED5,-0.582803930359286,-19097,-0.582794189453125,B567
4735,0.023675,-0.393218775747837,-12885,-0.393218994140625,CDAB,-0.588515642125721,-19284,-0.5885009765625,B4AC
4736,0.02368,-0.389222145101725,-12754,-0.38922119140625,CE2E,-0.581923357010585,-19068,-0.5819091796875,B584
4737,0.023685,-0.399957210163134,-13106,-0.39996337890625,CCCE,-0.585909433990349,-19199,-0.585906982421875,B501
4738,0.02369,-0.394152459009934,-12916,-0.3941650390625,CD8C,-0.595601810633809,-19517,-0.595611572265625,B3C3
4739,0.023695,-0.39403219621129,-12912,-0.39404296875,CD90,-0.589545495481183,-19318,-0.58953857421875,B48A
4740,0.0237,-0.392320032896988,-12856,-0.392333984375,CDC8,-0.59682358402282,-19557,-0.596832275390625,B39B
4741,0.023705,-0.399670868644806,-13096,-0.399658203125,CCD8,-0.590548863841164,-19351,-0.590545654296875,B469
4742,0.02371,-0.401015368735255,-13140,-0.4010009765625,CCAC,-0.596344353054823,-19541,-0.596343994140625,B3AB
4743,0.023715,-0.391756221993339,-12837,-0.391754150390625,CDDB,-0.593733484980005,-19455,-0.593719482421875,B401
4744,0.02372,-0.411942422355976,-13499,-0.411956787109375,CB45,-0.597433067091482,-19577,-0.597442626953125,B387
4745,0.023725,-0.404712992122411,-13262,-0.40472412109375,CC32,-0.597683046994169,-19585,-0.597686767578125,B37F
4746,0.02373,-0.403526095609949,-13223,-0.403533935546875,CC59,-0.595866807792127,-19525,-0.595855712890625,B3BB
4747,0.023735,-0.399174382812112,-13080,-0.399169921875,CCE8,-0.592339146902708,-19410,-0.59234619140625,B42E
4748,0.02374,-0.395315840699647,-12954,-0.39532470703125,CD66,-0.591730823571909,-19390,-0.59173583984375,B442
4749,0.023745,-0.393205276114561,-12885,-0.393218994140625,CDAB,-0.587695348076505,-19258,-0.58770751953125,B4C6
4750,0.02375,-0.404551334478818,-13256,-0.404541015625,CC38,-0.605921740138579,-19855,-0.605926513671875,B271
4751,0.023755,-0.398097943569883,-13045,-0.398101806640625,CD0B,-0.597585802219975,-19582,-0.59759521484375,B382
4752,0.02376,-0.399151064637139,-13079,-0.399139404296875,CCE9,-0.600384072312357,-19673,-0.600372314453125,B327
4753,0.023765,-0.405412588360539,-13285,-0.405426025390625,CC1B,-0.600330987093294,-19672,-0.600341796875,B328
4754,0.02377,-0.408125945393336,-13373,-0.408111572265625,CBC3,-0.592658525884944,-19420,-0.5926513671875,B424
4755,0.023775,-0.408585535430771,-13389,-0.408599853515625,CBB3,-0.597048556808778,-19564,-0.5970458984375,B394
4756,0.02378,-0.411551060763038,-13486,-0.41156005859375,CB52,-0.589908625080612,-19330,-0.58990478515625,B47E
4757,0.023785,-0.405990967855779,-13304,-0.406005859375,CC08,-0.602046668476057,-19728,-0.60205078125,B2F0
4758,0.02379,-0.405730206383823,-13295,-0.405731201171875,CC11,-0.601138424034421,-19698,-0.60113525390625,B30E
4759,0.023795,-0.393260591283538,-12886,-0.39324951171875,CDAA,-0.600281534645118,-19670,-0.60028076171875,B32A
4760,0.0238,-0.402596203342136,-13192,-0.402587890625,CC78,-0.599292862055886,-19638,-0.59930419921875,B34A
4761,0.023805,-0.407327673215376,-13347,-0.407318115234375,CBDD,-0.604477608048535,-19808,-0.6044921875,B2A0
4762,0.02381,-0.402188374293249,-13179,-0.402191162109375,CC85,-0.610014785693953,-19989,-0.610015869140625,B1EB
4763,0.023815,-0.406318731977953,-13314,-0.40631103515625,CBFE,-0.597434135152346,-19577,-0.597442626953125,B387
4764,0.02382,-0.416101680746102,-13635,-0.416107177734375,CABD,-0.60142984818319,-19708,-0.6014404296875,B304
4765,0.023825,-0.408968963121887,-13401,-0.408966064453125,CBA7,-0.609235517178915,-19963,-0.609222412109375,B205
4766,0.02383,-0.398947564669771,-13073,-0.398956298828125,CCEF,-0.611514347741631,-20038,-0.61151123046875,B1BA
4767,0.023835,-0.402843952801131,-13200,-0.40283203125,CC70,-0.605155941849507,-19830,-0.60516357421875,B28A
4768,0.02384,-0.397744882302836,-13033,-0.397735595703125,CD17,-0.613579323080107,-20106,-0.61358642578125,B176
4769,0.023845,-0.401545813275589,-13158,-0.40155029296875,CC9A,-0.60014043245151,-19665,-0.600128173828125,B32F
4770,0.02385,-0.402660358334878,-13194,-0.40264892578125,CC76,-0.603608707025116,-19779,-0.603607177734375,B2BD
4771,0.023855,-0.3952484971015,-12952,-0.395263671875,CD68,-0.605684434871869,-19847,-0.605682373046875,B279
4772,0.02386,-0.406913713322364,-13334,-0.40692138671875,CBEA,-0.608376626163311,-19935,-0.608367919921875,B221
4773,0.023865,-0.402406578829875,-13186,-0.40240478515625,CC7E,-0.611296293059828,-20031,-0.611297607421875,B1C1
4774,0.02387,-0.410873884904542,-13464,-0.410888671875,CB68,-0.615714500561323,-20176,-0.61572265625,B130
4775,0.023875,-0.404394018756081,-13251,-0.404388427734375,CC3D,-0.605710505851405,-19848,-0.605712890625,B278
4776,0.02388,-0.395263262460843,-12952,-0.395263671875,CD68,-0.602970595992788,-19758,-0.60296630859375,B2D2
4777,0.023885,-0.40449848081167,-13255,-0.404510498046875,CC39,-0.606649201960869,-19879,-0.606658935546875,B259
4778,0.02389,-0.398459779974285,-13057,-0.398468017578125,CCFF,-0.605630623510707,-19845,-0.605621337890625,B27B
4779,0.023895,-0.398877030493442,-13070,-0.39886474609375,CCF2,-0.617448931731038,-20233,-0.617462158203125,B0F7
4780,0.0239,-0.400218214629408,-13114,-0.40020751953125,CCC6,-0.598295561668595,-19605,-0.598297119140625,B36B
4781,0.023905,-0.404518805888482,-13255,-0.404510498046875,CC39,-0.608991742004645,-19955,-0.608978271484375,B20D
4782,0.02391,-0.408909871513007,-13399,-0.408905029296875,CBA9,-0.609465010672034,-19971,-0.609466552734375,B1FD
4783,0.023915,-0.392218369443935,-12852,-0.3922119140625,CDCC,-0.620571047115001,-20335,-0.620574951171875,B091
4784,0.02392,-0.399738753568164,-13099,-0.399749755859375,CCD5,-0.609519864512143,-19973,-0.609527587890625,B1FB
4785,0.023925,-0.399564516088135,-13093,-0.399566650390625,CCDB,-0.620939159462482,-20347,-0.620941162109375,B085
4786,0.02393,-0.397912213627926,-13039,-0.397918701171875,CD11,-0.616386085710852,-20198,-0.61639404296875,B11A
4787,0.023935,-0.406001376920923,-13304,-0.406005859375,CC08,-0.598568620688155,-19614,-0.59857177734375,B362
4788,0.02394,-0.399515339080827,-13091,-0.399505615234375,CCDD,-0.622242980179365,-20390,-0.62225341796875,B05A
4789,0.023945,-0.406096100471723,-13307,-0.406097412109375,CC05,-0.62222056709742,-20389,-0.622222900390625,B05B
4790,0.02395,-0.407669647071462,-13359,-0.407684326171875,CBD1,-0.610905568892518,-20018,-0.61090087890625,B1CE
4791,0.023955,-0.397764901077055,-13034,-0.39776611328125,CD16,-0.613728037426833,-20111,-0.613739013671875,B171
4792,0.02396,-0.395925854532466,-12974,-0.39593505859375,CD52,-0.616183387933826,-20191,-0.616180419921875,B121
4793,0.023965,-0.396898197070776,-13006,-0.39691162109375,CD32,-0.625529309660172,-20497,-0.625518798828125,AFEF
4794,0.02397,-0.399749540890114,-13099,-0.399749755859375,CCD5,-0.622180565950988,-20388,-0.6221923828125,B05C
4795,0.023975,-0.401615912819783,-13160,-0.401611328125,CC98,-0.62324271175687,-20422,-0.62322998046875,B03A
4796,0.02398,-0.391122114953886,-12816,-0.39111328125,CDF0,-0.617094215016202,-20221,-0.617095947265625,B103
4797,0.023985,-0.398813222231587,-13068,-0.3988037109375,CCF4,-0.619905236025869,-20313,-0.619903564453125,B0A7
4798,0.02399,-0.39198909327378,-12845,-0.391998291015625,CDD3,-0.625868604863796,-20508,-0.6258544921875,AFE4
4799,0.023995,-0.399044782523873,-13076,-0.3990478515625,CCEC,-0.624106639888151,-20451,-0.624114990234375,B01D
4800,0.024,-0.396247608220015,-12984,-0.396240234375,CD48,-0.626266768560175,-20522,-0.62628173828125,AFD6
4801,0.024005,-0.40458119485823,-13257,-0.404571533203125,CC37,-0.631209298187823,-20683,-0.631195068359375,AF35
4802,0.02401,-0.401557164505969,-13158,-0.40155029296875,CC9A,-0.624138889339912,-20452,-0.6241455078125,B01C
4803,0.024015,-0.395298507438694,-12953,-0.395294189453125,CD67,-0.621543610674856,-20367,-0.621551513671875,B071
4804,0.02402,-0.391659195033617,-12834,-0.39166259765625,CDDE,-0.634342779509499,-20786,-0.63433837890625,AECE
4805,0.024025,-0.408722690862542,-13393,-0.408721923828125,CBAF,-0.62668772785614,-20535,-0.626678466796875,AFC9
4806,0.02403,-0.407401873199711,-13350,-0.40740966796875,CBDA,-0.626602239346215,-20533,-0.626617431640625,AFCB
4807,0.024035,-0.408121541862915,-13373,-0.408111572265625,CBC3,-0.63213541706822,-20714,-0.63214111328125,AF16
4808,0.02404,-0.407219678460128,-13344,-0.4072265625,CBE0,-0.627953438200539,-20577,-0.627960205078125,AF9F
4809,0.024045,-0.405701760464728,-13294,-0.40570068359375,CC12,-0.633975041607828,-20774,-0.63397216796875,AEDA
4810,0.02405,-0.40733775641822,-13348,-0.4073486328125,CBDC,-0.635317079797863,-20818,-0.63531494140625,AEAE
4811,0.024055,-0.403566953883622,-13224,-0.403564453125,CC58,-0.630818347080964,-20671,-0.630828857421875,AF41
4812,0.02406,-0.40258482541343,-13192,-0.402587890625,CC78,-0.6377291773232,-20897,-0.637725830078125,AE5F
4813,0.024065,-0.409809139359465,-13429,-0.409820556640625,CB8B,-0.62498654078242,-20480,-0.625,B000
4814,0.02407,-0.409473989866156,-13418,-0.40948486328125,CB96,-0.641762207825294,-21029,-0.641754150390625,ADDB
4815,0.024075,-0.417144698154983,-13669,-0.417144775390625,CA9B,-0.63138298852217,-20689,-0.631378173828125,AF2F
4816,0.02408,-0.420658366978325,-13784,-0.420654296875,CA28,-0.642212304019752,-21044,-0.6422119140625,ADCC
4817,0.024085,-0.413884819462942,-13562,-0.41387939453125,CB06,-0.638382688909554,-20919,-0.638397216796875,AE49
4818,0.02409,-0.421214681690606,-13802,-0.42120361328125,CA16,-0.637461046791415,-20888,-0.637451171875,AE68
4819,0.024095,-0.422307688547545,-13838,-0.42230224609375,C9F2,-0.633196020376624,-20749,-0.633209228515625,AEF3
4820,0.0241,-0.415022058204254,-13599,-0.415008544921875,CAE1,-0.631970423487278,-20708,-0.6319580078125,AF1C
4821,0.024105,-0.419611066268315,-13750,-0.41961669921875,CA4A,-0.634569791565196,-20794,-0.63458251953125,AEC6
4822,0.02411,-0.415719923401945,-13622,-0.41571044921875,CACA,-0.642135774858068,-21042,-0.64215087890625,ADCE
4823,0.024115,-0.417399303189584,-13677,-0.417388916015625,CA93,-0.65076528911071,-21324,-0.6507568359375,ACB4
4824,0.02412,-0.424854187727206,-13922,-0.42486572265625,C99E,-0.6411787783125,-21010,-0.64117431640625,ADEE
4825,0.024125,-0.429461849955124,-14073,-0.429473876953125,C907,-0.648237266712293,-21241,-0.648223876953125,AD07
4826,0.02413,-0.42307492249142,-13863,-0.423065185546875,C9D9,-0.647441930209472,-21215,-0.647430419921875,AD21
4827,0.024135,-0.431818805134734,-14150,-0.43182373046875,C8BA,-0.637445989955007,-20888,-0.637451171875,AE68
4828,0.02414,-0.436264453074534,-14296,-0.436279296875,C828,-0.652425692929563,-21379,-0.652435302734375,AC7D
4829,0.024145,-0.434234311833673,-14229,-0.434234619140625,C86B,-0.635604842793886,-20827,-0.635589599609375,AEA5
4830,0.02415,-0.425361648802276,-13938,-0.42535400390625,C98E,-0.648101557927766,-21237,-0.648101806640625,AD0B
4831,0.024155,-0.428209496752391,-14032,-0.42822265625,C930,-0.645676359374955,-21158,-0.64569091796875,AD5A
4832,0.02416,-0.439804879594012,-14412,-0.4398193359375,C7B4,-0.648220931132889,-21241,-0.648223876953125,AD07
4833,0.024165,-0.43447948673598,-14237,-0.434478759765625,C863,-0.642382675414098,-21050,-0.64239501953125,ADC6
4834,0.02417,-0.444370963585471,-14561,-0.444366455078125,C71F,-0.643132583147107,-21074,-0.64312744140625,ADAE
4835,0.024175,-0.437958123141881,-14351,-0.437957763671875,C7F1,-0.650858459977348,-21327,-0.650848388671875,ACB1
4836,0.02418,-0.444132083676684,-14553,-0.444122314453125,C727,-0.646813915897657,-21195,-0.646820068359375,AD35
4837,0.024185,-0.442965435486862,-14515,-0.442962646484375,C74D,-0.644936185771379,-21133,-0.644927978515625,AD73
4838,0.02419,-0.448070112671012,-14682,-0.44805908203125,C6A6,-0.644932783438026,-21133,-0.644927978515625,AD73
4839,0.024195,-0.441808134531042,-14477,-0.441802978515625,C773,-0.660174222560729,-21633,-0.660186767578125,AB7F
4840,0.0242,-0.451888604083976,-14807,-0.451873779296875,C629,-0.64544999378708,-21150,-0.64544677734375,AD62
4841,0.024205,-0.445050903901632,-14583,-0.445037841796875,C709,-0.650775137486908,-21325,-0.650787353515625,ACB3
4842,0.02421,-0.443419684981232,-14530,-0.44342041015625,C73E,-0.654578539955555,-21449,-0.654571533203125,AC37
4843,0.024215,-0.456840573990389,-14970,-0.45684814453125,C586,-0.652865625951771,-21393,-0.652862548828125,AC6F
4844,0.02422,-0.451194417779281,-14785,-0.451202392578125,C63F,-0.657676416892019,-21551,-0.657684326171875,ABD1
4845,0.024225,-0.464523141019404,-15221,-0.464508056640625,C48B,-0.651828175687548,-21359,-0.651824951171875,AC91
4846,0.02423,-0.460430751784021,-15087,-0.460418701171875,C511,-0.653845162293465,-21425,-0.653839111328125,AC4F
4847,0.024235,-0.45779153133359,-15001,-0.457794189453125,C567,-0.656136816044695,-21500,-0.6561279296875,AC04
4848,0.02424,-0.453843724692626,-14872,-0.453857421875,C5E8,-0.651512621482469,-21349,-0.651519775390625,AC9B
4849,0.024245,-0.45925618335087,-15049,-0.459259033203125,C537,-0.655091440689751,-21466,-0.65509033203125,AC26
4850,0.02425,-0.45474405765874,-14901,-0.454742431640625,C5CB,-0.65692952515069,-21526,-0.65692138671875,ABEA
4851,0.024255,-0.459749730780829,-15065,-0.459747314453125,C527,-0.647758826833804,-21226,-0.64776611328125,AD16
4852,0.02426,-0.452570566224686,-14830,-0.45257568359375,C612,-0.652487635058931,-21381,-0.652496337890625,AC7B
4853,0.024265,-0.45212198266588,-14815,-0.452117919921875,C621,-0.65743709449169,-21543,-0.657440185546875,ABD9
4854,0.02427,-0.462896925840691,-15168,-0.462890625,C4C0,-0.649864286959489,-21295,-0.649871826171875,ACD1
4855,0.024275,-0.452070589117308,-14813,-0.452056884765625,C623,-0.651841227071673,-21360,-0.65185546875,AC90
4856,0.02428,-0.46141488986105,-15120,-0.46142578125,C4F0,-0.652753916409313,-21389,-0.652740478515625,AC73
4857,0.024285,-0.465555200161454,-15255,-0.465545654296875,C469,-0.649952164471115,-21298,-0.64996337890625,ACCE
4858,0.02429,-0.453130217771016,-14848,-0.453125,C600,-0.665128101608198,-21795,-0.665130615234375,AADD
4859,0.024295,-0.455977662222088,-14941,-0.455963134765625,C5A3,-0.656239186560221,-21504,-0.65625,AC00
4860,0.0243,-0.457510960888762,-14992,-0.45751953125,C570,-0.664490394343019,-21774,-0.66448974609375,AAF2
4861,0.024305,-0.465716873607474,-15261,-0.465728759765625,C463,-0.657021598081869,-21529,-0.657012939453125,ABE7
4862,0.02431,-0.453621511471938,-14864,-0.45361328125,C5F0,-0.664708912772007,-21781,-0.664703369140625,AAEB
4863,0.024315,-0.463238238027691,-15179,-0.463226318359375,C4B5,-0.661970210513206,-21691,-0.661956787109375,AB45
4864,0.02432,-0.466479862773541,-15286,-0.46649169921875,C44A,-0.660318400562727,-21637,-0.660308837890625,AB7B
4865,0.024325,-0.461934177566229,-15137,-0.461944580078125,C4DF,-0.668082339236886,-21892,-0.6680908203125,AA7C
4866,0.02433,-0.451342208827377,-14790,-0.45135498046875,C63A,-0.668520462198545,-21906,-0.66851806640625,AA6E
4867,0.024335,-0.458329318216427,-15019,-0.458343505859375,C555,-0.67270440439882,-22043,-0.672698974609375,A9E5
4868,0.02434,-0.456723838239684,-14966,-0.45672607421875,C58A,-0.664114962836564,-21762,-0.66412353515625,AAFE
4869,0.024345,-0.457512272335769,-14992,-0.45751953125,C570,-0.658529204744602,-21579,-0.658538818359375,ABB5
4870,0.02435,-0.451212303600298,-14785,-0.451202392578125,C63F,-0.67390183716146,-22082,-0.67388916015625,A9BE
4871,0.024355,-0.461422790581418,-15120,-0.46142578125,C4F0,-0.66586566008107,-21819,-0.665863037109375,AAC5
4872,0.02436,-0.460440257420436,-15088,-0.46044921875,C510,-0.668256099031863,-21897,-0.668243408203125,AA77
4873,0.024365,-0.457834900154176,-15002,-0.45782470703125,C566,-0.663231381984685,-21733,-0.663238525390625,AB1B
4874,0.02437,-0.449017332853217,-14713,-0.449005126953125,C687,-0.668096629076931,-21892,-0.6680908203125,AA7C
4875,0.024375,-0.451152195429974,-14783,-0.451141357421875,C641,-0.67402516084384,-22086,-0.67401123046875,A9BA
4876,0.02438,-0.442980354236181,-14516,-0.4429931640625,C74C,-0.676432319782803,-22165,-0.676422119140625,A96B
4877,0.024385,-0.446984057545463,-14647,-0.446990966796875,C6C9,-0.670550375922282,-21973,-0.670562744140625,AA2B
4878,0.02439,-0.437213602679445,-14327,-0.437225341796875,C809,-0.670183763503565,-21961,-0.670196533203125,AA37
4879,0.024395,-0.439693301967499,-14408,-0.439697265625,C7B8,-0.668735161636249,-21913,-0.668731689453125,AA67
4880,0.0244,-0.441161934805651,-14456,-0.441162109375,C788,-0.674817418841856,-22112,-0.6748046875,A9A0
4881,0.024405,-0.443556979049693,-14534,-0.44354248046875,C73A,-0.673476312682361,-22068,-0.6734619140625,A9CC
4882,0.02441,-0.439858260275611,-14413,-0.439849853515625,C7B3,-0.669699911943833,-21945,-0.669708251953125,AA47
4883,0.024415,-0.438809125754669,-14379,-0.438812255859375,C7D5,-0.6764485335361,-22166,-0.67645263671875,A96A
4884,0.02442,-0.444544567377121,-14567,-0.444549560546875,C719,-0.672901872172818,-22050,-0.67291259765625,A9DE
4885,0.024425,-0.441021881713072,-14451,-0.441009521484375,C78D,-0.67184763456434,-22015,-0.671844482421875,AA01
4886,0.02443,-0.439876262452154,-14414,-0.43988037109375,C7B2,-0.677619140538816,-22204,-0.6776123046875,A944
4887,0.024435,-0.431587110886648,-14142,-0.43157958984375,C8C2,-0.677573079282999,-22203,-0.677581787109375,A945
4888,0.02444,-0.440874467537094,-14447,-0.440887451171875,C791,-0.682779142725751,-22373,-0.682769775390625,A89B
4889,0.024445,-0.429593393134815,-14077,-0.429595947265625,C903,-0.688714584946769,-22568,-0.688720703125,A7D8
4890,0.02445,-0.430326420460359,-14101,-0.430328369140625,C8EB,-0.680463194125827,-22297,-0.680450439453125,A8E7
4891,0.024455,-0.435865805009855,-14282,-0.43585205078125,C836,-0.679978811405637,-22282,-0.67999267578125,A8F6
4892,0.02446,-0.433050783226314,-14190,-0.43304443359375,C892,-0.682872129577953,-22376,-0.682861328125,A898
4893,0.024465,-0.422714259683391,-13852,-0.4227294921875,C9E4,-0.680592188897713,-22302,-0.68060302734375,A8E2
4894,0.02447,-0.421741041073396,-13820,-0.4217529296875,CA04,-0.690316066323654,-22620,-0.6903076171875,A7A4
4895,0.024475,-0.416116140660848,-13635,-0.416107177734375,CABD,-0.676853790876645,-22179,-0.676849365234375,A95D
4896,0.02448,-0.421482425468041,-13811,-0.421478271484375,CA0D,-0.684920332554458,-22443,-0.684906005859375,A855
4897,0.024485,-0.429081405684605,-14060,-0.4290771484375,C914,-0.676894844126722,-22180,-0.6768798828125,A95C
4898,0.02449,-0.420572482353875,-13781,-0.420562744140625,CA2B,-0.683565675779678,-22399,-0.683563232421875,A881
4899,0.024495,-0.42189904863853,-13825,-0.421905517578125,C9FF,-0.682370295309224,-22360,-0.682373046875,A8A8
4900,0.0245,-0.416314053420498,-13642,-0.41632080078125,CAB6,-0.680180433900274,-22288,-0.68017578125,A8F0
4901,0.024505,-0.40970209002616,-13425,-0.409698486328125,CB8F,-0.687270267844926,-22520,-0.687255859375,A808
4902,0.02451,-0.420062358065056,-13765,-0.420074462890625,CA3B,-0.680990467125908,-22315,-0.680999755859375,A8D5
4903,0.024515,-0.417464160332361,-13679,-0.417449951171875,CA91,-0.68837923454037,-22557,-0.688385009765625,A7E3
4904,0.02452,-0.414510126256293,-13583,-0.414520263671875,CAF1,-0.683680698588529,-22403,-0.683685302734375,A87D
4905,0.024525,-0.411782868859223,-13493,-0.411773681640625,CB4B,-0.69471621298184,-22764,-0.6947021484375,A714
4906,0.02453,-0.40808937289698,-13372,-0.4080810546875,CBC4,-0.685982221877706,-22478,-0.68597412109375,A832
4907,0.024535,-0.420114471606914,-13766,-0.42010498046875,CA3A,-0.679479896686512,-22265,-0.679473876953125,A907
4908,0.02454,-0.415584011792669,-13618,-0.41558837890625,CACE,-0.690375761655278,-22622,-0.69036865234375,A7A2
4909,0.024545,-0.412429552271338,-13514,-0.41241455078125,CB36,-0.684994412112152,-22446,-0.68499755859375,A852
4910,0.02455,-0.410688779605844,-13457,-0.410675048828125,CB6F,-0.680895950538691,-22312,-0.680908203125,A8D8
4911,0.024555,-0.407917065283169,-13367,-0.407928466796875,CBC9,-0.682142783201779,-22352,-0.68212890625,A8B0
4912,0.02456,-0.401883437517352,-13169,-0.401885986328125,CC8F,-0.695981861023152,-22806,-0.69598388671875,A6EA
4913,0.024565,-0.407790371957377,-13362,-0.40777587890625,CBCE,-0.689386592446518,-22590,-0.68939208984375,A7C2
4914,0.02457,-0.41164043237846,-13489,-0.411651611328125,CB4F,-0.694389878181987,-22754,-0.69439697265625,A71E
4915,0.024575,-0.411524900796943,-13485,-0.411529541015625,CB53,-0.683934814892847,-22411,-0.683929443359375,A875
4916,0.02458,-0.406572045856623,-13323,-0.406585693359375,CBF5,-0.682841935343472,-22375,-0.682830810546875,A899
4917,0.024585,-0.406341012815048,-13315,-0.406341552734375,CBFD,-0.690880992843641,-22639,-0.690887451171875,A791
4918,0.02459,-0.418445259428226,-13712,-0.41845703125,CA70,-0.68716770527473,-22517,-0.687164306640625,A80B
4919,0.024595,-0.4058896175106,-13300,-0.4058837890625,CC0C,-0.688560346539788,-22563,-0.688568115234375,A7DD
4920,0.0246,-0.417453216842113,-13679,-0.417449951171875,CA91,-0.690592276748261,-22629,-0.690582275390625,A79B
4921,0.024605,-0.413068560779342,-13535,-0.413055419921875,CB21,-0.690817654738172,-22637,-0.690826416015625,A793
4922,0.02461,-0.415332169858708,-13610,-0.41534423828125,CAD6,-0.689364542299471,-22589,-0.689361572265625,A7C3
4923,0.024615,-0.40619781432412,-13310,-0.40618896484375,CC02,-0.68655116508954,-22497,-0.686553955078125,A81F
4924,0.02462,-0.411283758242967,-13477,-0.411285400390625,CB5B,-0.687245263085647,-22520,-0.687255859375,A808
4925,0.024625,-0.408879477546542,-13398,-0.40887451171875,CBAA,-0.702967701940268,-23035,-0.702972412109375,A605
4926,0.02463,-0.407541404673892,-13354,-0.40753173828125,CBD6,-0.688129377783277,-22549,-0.688140869140625,A7EB
4927,0.024635,-0.415038066316108,-13600,-0.4150390625,CAE0,-0.680113919404294,-22286,-0.68011474609375,A8F2
4928,0.02464,-0.420107356982759,-13766,-0.42010498046875,CA3A,-0.684795649900802,-22439,-0.684783935546875,A859
4929,0.024645,-0.415736946127797,-13623,-0.415740966796875,CAC9,-0.677728599398511,-22208,-0.677734375,A940
4930,0.02465,-0.420273121294881,-13772,-0.4202880859375,CA34,-0.689259076255897,-22586,-0.68927001953125,A7C6
4931,0.024655,-0.41099917076907,-13468,-0.4110107421875,CB64,-0.682856199453015,-22376,-0.682861328125,A898
4932,0.02466,-0.407776944249373,-13362,-0.40777587890625,CBCE,-0.685206217885084,-22453,-0.685211181640625,A84B
4933,0.024665,-0.417642528588421,-13685,-0.417633056640625,CA8B,-0.688662112498847,-22566,-0.68865966796875,A7DA
4934,0.02467,-0.409430571388259,-13416,-0.409423828125,CB98,-0.681989831687279,-22347,-0.681976318359375,A8B5
4935,0.024675,-0.413647123444683,-13554,-0.41363525390625,CB0E,-0.689344727978479,-22588,-0.6893310546875,A7C4
4936,0.02468,-0.423001623982666,-13861,-0.423004150390625,C9DB,-0.696750563790327,-22831,-0.696746826171875,A6D1
4937,0.024685,-0.421781363742731,-13821,-0.421783447265625,CA03,-0.690830826782179,-22637,-0.690826416015625,A793
4938,0.02469,-0.430841269018357,-14118,-0.43084716796875,C8DA,-0.682266564398885,-22357,-0.682281494140625,A8AB
4939,0.024695,-0.432646243543107,-14177,-0.432647705078125,C89F,-0.691991246054215,-22675,-0.691986083984375,A76D
4940,0.0247,-0.41667600747593,-13654,-0.41668701171875,CAAA,-0.682365084382075,-22360,-0.682373046875,A8A8
4941,0.024705,-0.422366985415025,-13840,-0.42236328125,C9F0,-0.681699946345691,-22338,-0.68170166015625,A8BE
4942,0.02471,-0.428288221121289,-14034,-0.42828369140625,C92E,-0.679905421322754,-22279,-0.679901123046875,A8F9
4943,0.024715,-0.421502169612891,-13812,-0.4215087890625,CA0C,-0.688390037174613,-22557,-0.688385009765625,A7E3
4944,0.02472,-0.438717642353484,-14376,-0.438720703125,C7D8,-0.68227492638821,-22357,-0.682281494140625,A8AB
4945,0.024725,-0.430378204995,-14103,-0.430389404296875,C8E9,-0.674342586528907,-22097,-0.674346923828125,A9AF
4946,0.02473,-0.439081499095021,-14388,-0.4390869140625,C7CC,-0.683923441616724,-22411,-0.683929443359375,A875
4947,0.024735,-0.432296636500673,-14165,-0.432281494140625,C8AB,-0.690460888410827,-22625,-0.690460205078125,A79F
4948,0.02474,-0.433035181383013,-14190,-0.43304443359375,C892,-0.683780757679017,-22406,-0.68377685546875,A87A
4949,0.024745,-0.432481545119214,-14172,-0.4324951171875,C8A4,-0.692636967406734,-22696,-0.692626953125,A758
4950,0.02475,-0.437929846928473,-14350,-0.43792724609375,C7F2,-0.684175430474623,-22419,-0.684173583984375,A86D
4951,0.024755,-0.434849584499363,-14249,-0.434844970703125,C857,-0.6894912304332,-22593,-0.689483642578125,A7BF
4952,0.02476,-0.441566244625926,-14469,-0.441558837890625,C77B,-0.684124898590832,-22417,-0.684112548828125,A86F
4953,0.024765,-0.433643408721799,-14210,-0.43365478515625,C87E,-0.683693370276141,-22403,-0.683685302734375,A87D
4954,0.02477,-0.431980376618885,-14155,-0.431976318359375,C8B5,-0.685286064286502,-22455,-0.685272216796875,A849
4955,0.024775,-0.434525317456869,-14239,-0.434539794921875,C861,-0.68690483464794,-22508,-0.6868896484375,A814
4956,0.02478,-0.444352690415715,-14561,-0.444366455078125,C71F,-0.677248888924984,-22192,-0.67724609375,A950
4957,0.024785,-0.440065676107431,-14420,-0.4400634765625,C7AC,-0.689882743486779,-22606,-0.68988037109375,A7B2
4958,0.02479,-0.447312790326205,-14658,-0.44732666015625,C6BE,-0.687100475624361,-22515,-0.687103271484375,A80D
4959,0.024795,-0.44303737382707,-14517,-0.443023681640625,C74B,-0.685753493187305,-22471,-0.685760498046875,A839
4960,0.0248,-0.441894892245206,-14480,-0.44189453125,C770,-0.684731693155258,-22437,-0.684722900390625,A85B
4961,0.024805,-0.448782777751426,-14706,-0.44879150390625,C68E,-0.679922457229212,-22280,-0.679931640625,A8F8
4962,0.02481,-0.452437523294201,-14825,-0.452423095703125,C617,-0.679048874683092,-22251,-0.679046630859375,A915
4963,0.024815,-0.448382441067193,-14693,-0.448394775390625,C69B,-0.687508399765981,-22528,-0.6875,A800
4964,0.02482,-0.442313592391578,-14494,-0.44232177734375,C762,-0.69113532312406,-22647,-0.691131591796875,A789
4965,0.024825,-0.450461474743039,-14761,-0.450469970703125,C657,-0.694569237468819,-22760,-0.694580078125,A718
4966,0.02483,-0.448018553901434,-14681,-0.448028564453125,C6A7,-0.685217710099424,-22453,-0.685211181640625,A84B
4967,0.024835,-0.462851278110861,-15167,-0.462860107421875,C4C1,-0.691582528768054,-22662,-0.69158935546875,A77A
4968,0.02484,-0.443129090408397,-14520,-0.443115234375,C748,-0.677625523351379,-22204,-0.6776123046875,A944
4969,0.024845,-0.458246349382494,-15016,-0.458251953125,C558,-0.687703929049798,-22535,-0.687713623046875,A7F9
4970,0.02485,-0.459240383612648,-15048,-0.459228515625,C538,-0.689226151424051,-22585,-0.689239501953125,A7C7
4971,0.024855,-0.459776560861058,-15066,-0.45977783203125,C526,-0.689895611575104,-22606,-0.68988037109375,A7B2
4972,0.02486,-0.464622648121119,-15225,-0.464630126953125,C487,-0.681481538992285,-22331,-0.681488037109375,A8C5
4973,0.024865,-0.461654235772041,-15127,-0.461639404296875,C4E9,-0.691950150630906,-22674,-0.69195556640625,A76E
4974,0.02487,-0.454745368630947,-14901,-0.454742431640625,C5CB,-0.691944236311587,-22674,-0.69195556640625,A76E
4975,0.024875,-0.460776336026142,-15099,-0.460784912109375,C505,-0.692240750148396,-22683,-0.692230224609375,A765
4976,0.02488,-0.463480669330801,-15187,-0.463470458984375,C4AD,-0.690475692758003,-22626,-0.69049072265625,A79E
4977,0.024885,-0.460935110335743,-15104,-0.4609375,C500,-0.687972283332137,-22543,-0.687957763671875,A7F1
4978,0.02489,-0.463570647821912,-15190,-0.46356201171875,C4AA,-0.689034767349184,-22578,-0.68902587890625,A7CE
4979,0.024895,-0.471371060926742,-15446,-0.47137451171875,C3AA,-0.693263157718652,-22717,-0.693267822265625,A743
4980,0.0249,-0.460454889435197,-15088,-0.46044921875,C510,-0.694089375539032,-22744,-0.694091796875,A728
4981,0.024905,-0.466600721258186,-15290,-0.46661376953125,C446,-0.692125847530556,-22680,-0.692138671875,A768
4982,0.02491,-0.472295050300833,-15476,-0.4722900390625,C38C,-0.688662270885385,-22566,-0.68865966796875,A7DA
4983,0.024915,-0.469628775379882,-15389,-0.469635009765625,C3E3,-0.692519940742288,-22692,-0.6925048828125,A75C
4984,0.02492,-0.467018443588538,-15303,-0.467010498046875,C439,-0.701268279018819,-22979,-0.701263427734375,A63D
4985,0.024925,-0.476084704239427,-15600,-0.47607421875,C310,-0.692633868217544,-22696,-0.692626953125,A758
4986,0.02493,-0.471604406870488,-15454,-0.47161865234375,C3A2,-0.69390219038182,-22738,-0.69390869140625,A72E
4987,0.024935,-0.481192900397436,-15768,-0.481201171875,C268,-0.693624527784704,-22729,-0.693634033203125,A737
4988,0.02494,-0.476750071678914,-15622,-0.47674560546875,C2FA,-0.692369236821336,-22688,-0.6923828125,A760
4989,0.024945,-0.471015813702696,-15434,-0.47100830078125,C3B6,-0.689102738929311,-22581,-0.689117431640625,A7CB
4990,0.02495,-0.47328482494862,-15509,-0.473297119140625,C36B,-0.694811616500546,-22768,-0.69482421875,A710
4991,0.024955,-0.469324289517765,-15379,-0.469329833984375,C3ED,-0.697771709086817,-22865,-0.697784423828125,A6AF
4992,0.02496,-0.483831986647719,-15854,-0.48382568359375,C212,-0.690782822314612,-22636,-0.6907958984375,A794
4993,0.024965,-0.475828476208618,-15592,-0.475830078125,C318,-0.694037964529322,-22742,-0.69403076171875,A72A
4994,0.02497,-0.47906200546472,-15698,-0.47906494140625,C2AE,-0.699260704164068,-22913,-0.699249267578125,A67F
4995,0.024975,-0.478260960806193,-15672,-0.478271484375,C2C8,-0.696620507039132,-22827,-0.696624755859375,A6D5
4996,0.02498,-0.482598475337133,-15814,-0.48260498046875,C23A,-0.695509444297814,-22790,-0.69549560546875,A6FA
4997,0.024985,-0.479020052601442,-15697,-0.479034423828125,C2AF,-0.696367451690009,-22819,-0.696380615234375,A6DD
4998,0.02499,-0.480089603812939,-15732,-0.4801025390625,C28C,-0.696964121436824,-22838,-0.69696044921875,A6CA
4999,0.024995,-0.482131180010675,-15798,-0.48211669921875,C24A,-0.689987618964771,-22610,-0.69000244140625,A7AE
5000,0.025,-0.48957553587215,-16042,-0.48956298828125,C156,-0.696488400006033,-22823,-0.696502685546875,A6D9
5001,0.025005,-0.491049475335936,-16091,-0.491058349609375,C125,-0.699943763382983,-22936,-0.699951171875,A668
5002,0.02501,-0.487538825113921,-15976,-0.487548828125,C198,-0.702312713039751,-23013,-0.702301025390625,A61B
5003,0.025015,-0.486092147270139,-15928,-0.486083984375,C1C8,-0.697660996833546,-22861,-0.697662353515625,A6B3
5004,0.02502,-0.484188401513788,-15866,-0.48419189453125,C206,-0.701500809627823,-22987,-0.701507568359375,A635
5005,0.025025,-0.499208884547484,-16358,-0.49920654296875,C01A,-0.697014192004489,-22840,-0.697021484375,A6C8
5006,0.02503,-0.491238760879597,-16097,-0.491241455078125,C11F,-0.696622084166163,-22827,-0.696624755859375,A6D5
5007,0.025035,-0.490678684176543,-16079,-0.490692138671875,C131,-0.697613664600501,-22859,-0.697601318359375,A6B5
5008,0.02504,-0.486829891689151,-15952,-0.48681640625,C1B0,-0.698211439896155,-22879,-0.698211669921875,A6A1
5009,0.025045,-0.494848445942014,-16215,-0.494842529296875,C0A9,-0.694675210085492,-22763,-0.694671630859375,A715
5010,0.02505,-0.501233745606354,-16424,-0.501220703125,BFD8,-0.705797329488178,-23128,-0.705810546875,A5A8
5011,0.025055,-0.49055386911696,-16074,-0.49053955078125,C136,-0.700949833227611,-22969,-0.700958251953125,A647
5012,0.02506,-0.489781740339572,-16049,-0.489776611328125,C14F,-0.701363152930578,-22982,-0.70135498046875,A63A
5013,0.025065,-0.497319848924434,-16296,-0.497314453125,C058,-0.701699771950203,-22993,-0.701690673828125,A62F
5014,0.02507,-0.49245783930018,-16137,-0.492462158203125,C0F7,-0.700354427864168,-22949,-0.700347900390625,A65B
5015,0.025075,-0.494985993558009,-16220,-0.4949951171875,C0A4,-0.69461486552533,-22761,-0.694610595703125,A717
5016,0.02508,-0.499513821015708,-16368,-0.49951171875,C010,-0.702657159103226,-23025,-0.702667236328125,A60F
5017,0.025085,-0.503783735191594,-16508,-0.5037841796875,BF84,-0.705388663714697,-23114,-0.70538330078125,A5B6
5018,0.02509,-0.504714037725311,-16538,-0.50469970703125,BF66,-0.708981116302639,-23232,-0.708984375,A540
5019,0.025095,-0.493349723375757,-16166,-0.49334716796875,C0DA,-0.708743926116359,-23224,-0.708740234375,A548
5020,0.0251,-0.499740967846183,-16376,-0.499755859375,C008,-0.696968867020866,-22838,-0.69696044921875,A6CA
5021,0.025105,-0.499725311402493,-16375,-0.499725341796875,C009,-0.709004155065645,-23233,-0.709014892578125,A53F
5022,0.02511,-0.497695953589033,-16309,-0.497711181640625,C04B,-0.701550806144154,-22988,-0.7015380859375,A634
5023,0.025115,-0.499501395714457,-16368,-0.49951171875,C010,-0.699020258858054,-22905,-0.699005126953125,A687
5024,0.02512,-0.503036491678482,-16483,-0.503021240234375,BF9D,-0.710096186507447,-23268,-0.7100830078125,A51C
5025,0.025125,-0.498515009848952,-16335,-0.498504638671875,C031,-0.706378749634575,-23147,-0.706390380859375,A595
5026,0.02513,-0.501252141409611,-16425,-0.501251220703125,BFD7,-0.700717116923455,-22961,-0.700714111328125,A64F
5027,0.025135,-0.509372013608142,-16691,-0.509368896484375,BECD,-0.697415770113532,-22853,-0.697418212890625,A6BB
5028,0.02514,-0.508771700633088,-16671,-0.508758544921875,BEE1,-0.702036054875468,-23004,-0.7020263671875,A624
5029,0.025145,-0.502266548006664,-16458,-0.50225830078125,BFB6,-0.707878335987732,-23196,-0.7078857421875,A564
5030,0.02515,-0.504871339552546,-16544,-0.5048828125,BF60,-0.701930274680229,-23001,-0.701934814453125,A627
5031,0.025155,-0.508226479779548,-16654,-0.50823974609375,BEF2,-0.704454077613209,-23084,-0.7044677734375,A5D4
5032,0.02516,-0.509943033454231,-16710,-0.50994873046875,BEBA,-0.70817035669001,-23205,-0.708160400390625,A55B
5033,0.025165,-0.504382883765773,-16528,-0.50439453125,BF70,-0.701750028146409,-22995,-0.701751708984375,A62D
5034,0.02517,-0.502680977049857,-16472,-0.502685546875,BFA8,-0.704950218609819,-23100,-0.7049560546875,A5C4
5035,0.025175,-0.507212733471478,-16620,-0.5072021484375,BF14,-0.707014212708223,-23167,-0.707000732421875,A581
5036,0.02518,-0.511005565002277,-16745,-0.511016845703125,BE97,-0.705941815342683,-23132,-0.7059326171875,A5A4
5037,0.025185,-0.502957443775535,-16481,-0.502960205078125,BF9F,-0.707646983549107,-23188,-0.7076416015625,A56C
5038,0.02519,-0.513602197222577,-16830,-0.51361083984375,BE42,-0.712745843514089,-23355,-0.712738037109375,A4C5
5039,0.025195,-0.504004631781156,-16515,-0.503997802734375,BF7D,-0.71241565241314,-23344,-0.71240234375,A4D0
5040,0.0252,-0.498808287477963,-16345,-0.498809814453125,C027,-0.705609551770018,-23121,-0.705596923828125,A5AF
5041,0.025205,-0.508817647514909,-16673,-0.508819580078125,BEDF,-0.714620458449076,-23417,-0.714630126953125,A487
5042,0.02521,-0.503263121942832,-16491,-0.503265380859375,BF95,-0.712981844620181,-23363,-0.712982177734375,A4BD
5043,0.025215,-0.497660122759685,-16307,-0.497650146484375,C04D,-0.708835023283238,-23227,-0.708831787109375,A545
5044,0.02522,-0.5094027754271,-16692,-0.5093994140625,BECC,-0.710075767036228,-23268,-0.7100830078125,A51C
5045,0.025225,-0.493513181430953,-16171,-0.493499755859375,C0D5,-0.711322962081327,-23309,-0.711334228515625,A4F3
5046,0.02523,-0.496348914129854,-16264,-0.496337890625,C078,-0.713626633527651,-23384,-0.713623046875,A4A8
5047,0.025235,-0.507578101165176,-16632,-0.507568359375,BF08,-0.723021387979579,-23692,-0.7230224609375,A374
5048,0.02524,-0.515880980124161,-16904,-0.515869140625,BDF8,-0.722852351687152,-23686,-0.72283935546875,A37A
5049,0.025245,-0.505022290749868,-16549,-0.505035400390625,BF5B,-0.719039544396864,-23561,-0.719024658203125,A3F7
5050,0.02525,-0.501728512239867,-16441,-0.501739501953125,BFC7,-0.721277347051148,-23635,-0.721282958984375,A3AD
5051,0.025255,-0.497837808816829,-16313,-0.497833251953125,C047,-0.719146626532665,-23565,-0.719146728515625,A3F3
5052,0.02526,-0.506274332422251,-16590,-0.50628662109375,BF32,-0.714598652552213,-23416,-0.714599609375,A488
5053,0.025265,-0.505708922251918,-16571,-0.505706787109375,BF45,-0.714628560366234,-23417,-0.714630126953125,A487
5054,0.02527,-0.505745299462741,-16572,-0.5057373046875,BF44,-0.717528842802145,-23512,-0.717529296875,A428
5055,0.025275,-0.498238776508678,-16326,-0.49822998046875,C03A,-0.719059012593973,-23562,-0.71905517578125,A3F6
5056,0.02528,-0.50072582780626,-16408,-0.500732421875,BFE8,-0.71516318513288,-23434,-0.71514892578125,A476
5057,0.025285,-0.492693494836577,-16145,-0.492706298828125,C0EF,-0.719777653505659,-23586,-0.71978759765625,A3DE
5058,0.02529,-0.495648899839547,-16241,-0.495635986328125,C08F,-0.717732883605506,-23519,-0.717742919921875,A421
5059,0.025295,-0.50249643337344,-16466,-0.50250244140625,BFAE,-0.723351302949272,-23703,-0.723358154296875,A369
5060,0.0253,-0.501844338430161,-16444,-0.5018310546875,BFC4,-0.722794930357121,-23685,-0.722808837890625,A37B
5061,0.025305,-0.501303118070488,-16427,-0.501312255859375,BFD5,-0.717626604076428,-23515,-0.717620849609375,A425
5062,0.02531,-0.506021804649566,-16581,-0.506011962890625,BF3B,-0.723838399733247,-23719,-0.723846435546875,A359
5063,0.025315,-0.501665458823334,-16439,-0.501678466796875,BFC9,-0.73122108357217,-23961,-0.731231689453125,A267
5064,0.02532,-0.498556349593073,-16337,-0.498565673828125,C02F,-0.727832937254322,-23850,-0.72784423828125,A2D6
5065,0.025325,-0.509209065688765,-16686,-0.50921630859375,BED2,-0.728727178243013,-23879,-0.728729248046875,A2B9
5066,0.02533,-0.498020325634461,-16319,-0.498016357421875,C041,-0.730332477164662,-23932,-0.7303466796875,A284
5067,0.025335,-0.497673354297359,-16308,-0.4976806640625,C04C,-0.72947514135064,-23903,-0.729461669921875,A2A1
5068,0.02534,-0.495826479093709,-16247,-0.495819091796875,C089,-0.732217153993432,-23993,-0.732208251953125,A247
5069,0.025345,-0.499965600421817,-16383,-0.499969482421875,C001,-0.729033625163716,-23889,-0.729034423828125,A2AF
5070,0.02535,-0.503992623845139,-16515,-0.503997802734375,BF7D,-0.735547029931081,-24102,-0.73553466796875,A1DA
5071,0.025355,-0.502287524042919,-16459,-0.502288818359375,BFB5,-0.730143026042383,-23925,-0.730133056640625,A28B
5072,0.02536,-0.499694668339035,-16374,-0.49969482421875,C00A,-0.741253809563509,-24289,-0.741241455078125,A11F
5073,0.025365,-0.506281586918553,-16590,-0.50628662109375,BF32,-0.730662191757134,-23942,-0.73065185546875,A27A
5074,0.02537,-0.499327460747936,-16362,-0.49932861328125,C016,-0.737252112992968,-24158,-0.73724365234375,A1A2
5075,0.025375,-0.50001779547247,-16385,-0.500030517578125,BFFF,-0.729521821464876,-23905,-0.729522705078125,A29F
5076,0.02538,-0.496354819554815,-16265,-0.496368408203125,C077,-0.730512545982395,-23937,-0.730499267578125,A27F
5077,0.025385,-0.512526483849728,-16794,-0.51251220703125,BE66,-0.731362148603977,-23965,-0.731353759765625,A263
5078,0.02539,-0.498260369974737,-16327,-0.498260498046875,C039,-0.739048286929296,-24217,-0.739044189453125,A167
5079,0.025395,-0.496581301136569,-16272,-0.49658203125,C070,-0.73004909697518,-23922,-0.73004150390625,A28E
5080,0.0254,-0.506285746626508,-16590,-0.50628662109375,BF32,-0.740042091384467,-24250,-0.74005126953125,A146
5081,0.025405,-0.499942804410332,-16382,-0.49993896484375,C002,-0.732206200620217,-23993,-0.732208251953125,A247
5082,0.02541,-0.507113281323319,-16617,-0.507110595703125,BF17,-0.739580539028482,-24235,-0.739593505859375,A155
5083,0.025415,-0.496204733368001,-16260,-0.4962158203125,C07C,-0.73287556907649,-24015,-0.732879638671875,A231
5084,0.02542,-0.505722136972003,-16572,-0.5057373046875,BF44,-0.733820041747762,-24046,-0.73382568359375,A212
5085,0.025425,-0.504010952693936,-16515,-0.503997802734375,BF7D,-0.73908281374946,-24218,-0.73907470703125,A166
5086,0.02543,-0.488931837005809,-16021,-0.488922119140625,C16B,-0.742779779245258,-24339,-0.742767333984375,A0ED
5087,0.025435,-0.498832622793197,-16346,-0.49884033203125,C026,-0.739219210395438,-24223,-0.739227294921875,A161
5088,0.02544,-0.499118293694879,-16355,-0.499114990234375,C01D,-0.7359994359636,-24117,-0.735992431640625,A1CB
5089,0.025445,-0.511028017892292,-16745,-0.511016845703125,BE97,-0.736186143713538,-24123,-0.736175537109375,A1C5
5090,0.02545,-0.503777713130318,-16508,-0.5037841796875,BF84,-0.747525505372171,-24495,-0.747528076171875,A051
5091,0.025455,-0.508844021228829,-16674,-0.50885009765625,BEDE,-0.742061136570282,-24316,-0.7420654296875,A104
5092,0.02546,-0.510293622457377,-16721,-0.510284423828125,BEAF,-0.740592027674203,-24268,-0.7406005859375,A134
5093,0.025465,-0.510753547222244,-16736,-0.5107421875,BEA0,-0.740556456861918,-24267,-0.740570068359375,A135
5094,0.02547,-0.510502671808607,-16728,-0.510498046875,BEA8,-0.748145441760854,-24515,-0.748138427734375,A03D
5095,0.025475,-0.51782953009794,-16968,-0.517822265625,BDB8,-0.743259128420964,-24355,-0.743255615234375,A0DD
5096,0.02548,-0.515991689466982,-16908,-0.5159912109375,BDF4,-0.742952085953596,-24345,-0.742950439453125,A0E7
5097,0.025485,-0.520657858209375,-17061,-0.520660400390625,BD5B,-0.739013095186455,-24216,-0.739013671875,A168
5098,0.02549,-0.522694130794881,-17128,-0.522705078125,BD18,-0.749178029209845,-24549,-0.749176025390625,A01B
5099,0.025495,-0.511335731293632,-16755,-0.511322021484375,BE8D,-0.75414514411737,-24712,-0.754150390625,9F78
5100,0.0255,-0.513473020196281,-16825,-0.513458251953125,BE47,-0.738563164709956,-24201,-0.738555908203125,A177
5101,0.025505,-0.508074262718924,-16649,-0.508087158203125,BEF7,-0.74550525030795,-24429,-0.745513916015625,A093
5102,0.02551,-0.524198539071981,-17177,-0.524200439453125,BCE7,-0.750212412981461,-24583,-0.750213623046875,9FF9
5103,0.025515,-0.512037793301182,-16778,-0.51202392578125,BE76,-0.746853441248817,-24473,-0.746856689453125,A067
5104,0.02552,-0.532290121432979,-17442,-0.53228759765625,BBDE,-0.751992291680764,-24641,-0.751983642578125,9FBF
5105,0.025525,-0.524862084584062,-17199,-0.524871826171875,BCD1,-0.745885193077087,-24441,-0.745880126953125,A087
5106,0.02553,-0.525243728437433,-17211,-0.525238037109375,BCC5,-0.749033932934113,-24544,-0.7490234375,A020
5107,0.025535,-0.539331713091405,-17673,-0.539337158203125,BAF7,-0.744290204482955,-24389,-0.744293212890625,A0BB
5108,0.02554,-0.528057314543866,-17303,-0.528045654296875,BC69,-0.753646881530754,-24696,-0.753662109375,9F88
5109,0.025545,-0.525659765907157,-17225,-0.525665283203125,BCB7,-0.750696491384917,-24599,-0.750701904296875,9FE9
5110,0.02555,-0.533545452323209,-17483,-0.533538818359375,BBB5,-0.745139748931926,-24417,-0.745147705078125,A09F
5111,0.025555,-0.529853854397517,-17362,-0.52984619140625,BC2E,-0.750020474972091,-24577,-0.750030517578125,9FFF
5112,0.02556,-0.534920117813982,-17528,-0.534912109375,BB88,-0.760059883925651,-24906,-0.76007080078125,9EB6
5113,0.025565,-0.541863036001385,-17756,-0.5418701171875,BAA4,-0.760082040268723,-24906,-0.76007080078125,9EB6
5114,0.02557,-0.535846658675963,-17559,-0.535858154296875,BB69,-0.746798892917402,-24471,-0.746795654296875,A069
5115,0.025575,-0.533694260648504,-17488,-0.53369140625,BBB0,-0.751171798232964,-24614,-0.75115966796875,9FDA
5116,0.02558,-0.547388612515703,-17937,-0.547393798828125,B9EF,-0.752130416604994,-24646,-0.75213623046875,9FBA
5117,0.025585,-0.533734780065095,-17489,-0.533721923828125,BBAF,-0.750022338823324,-24577,-0.750030517578125,9FFF
5118,0.02559,-0.533949827591381,-17496,-0.533935546875,BBA8,-0.757807219888954,-24832,-0.7578125,9F00
5119,0.025595,-0.539671528165232,-17684,-0.5396728515625,BAEC,-0.753138157712793,-24679,-0.753143310546875,9F99
5120,0.0256,-0.543347963629077,-17804,-0.5433349609375,BA74,-0.751914405483509,-24639,-0.751922607421875,9FC1
5121,0.025605,-0.542569738014647,-17779,-0.542572021484375,BA8D,-0.754488680375111,-24723,-0.754486083984375,9F6D
5122,0.02561,-0.549089780375791,-17993,-0.549102783203125,B9B7,-0.750666446484308,-24598,-0.75067138671875,9FEA
5123,0.025615,-0.540984858186194,-17727,-0.540985107421875,BAC1,-0.760420161861723,-24917,-0.760406494140625,9EAB
5124,0.02562,-0.553789876110867,-18147,-0.553802490234375,B91D,-0.747383605830202,-24490,-0.74737548828125,A056
5125,0.025625,-0.554531088998203,-18171,-0.554534912109375,B905,-0.753386184417418,-24687,-0.753387451171875,9F91
5126,0.02563,-0.55763593421214,-18273,-0.557647705078125,B89F,-0.751276443939275,-24618,-0.75128173828125,9FD6
5127,0.025635,-0.550019538422447,-18023,-0.550018310546875,B999,-0.75123902583964,-24617,-0.751251220703125,9FD7
5128,0.02564,-0.554916780603875,-18184,-0.554931640625,B8F8,-0.749631249868304,-24564,-0.7496337890625,A00C
5129,0.025645,-0.548725636768507,-17981,-0.548736572265625,B9C3,-0.757184450388067,-24811,-0.757171630859375,9F15
5130,0.02565,-0.562827279945313,-18443,-0.562835693359375,B7F5,-0.754599146597747,-24727,-0.754608154296875,9F69
5131,0.025655,-0.563814790552645,-18475,-0.563812255859375,B7D5,-0.757182961432566,-24811,-0.757171630859375,9F15
5132,0.02566,-0.562250987444067,-18424,-0.562255859375,B808,-0.744579839724764,-24398,-0.74456787109375,A0B2
5133,0.025665,-0.557257929490785,-18260,-0.5572509765625,B8AC,-0.749550246744004,-24561,-0.749542236328125,A00F
5134,0.02567,-0.554147168541041,-18158,-0.55413818359375,B912,-0.749109871901414,-24547,-0.749114990234375,A01D
5135,0.025675,-0.559649394594619,-18339,-0.559661865234375,B85D,-0.753958717624082,-24706,-0.75396728515625,9F7E
5136,0.02568,-0.55847866738604,-18300,-0.5584716796875,B884,-0.761447197001741,-24951,-0.761444091796875,9E89
5137,0.025685,-0.562344231954421,-18427,-0.562347412109375,B805,-0.74581917903373,-24439,-0.745819091796875,A089
5138,0.02569,-0.567425620479291,-18593,-0.567413330078125,B75F,-0.756198009171104,-24779,-0.756195068359375,9F35
5139,0.025695,-0.565271802643788,-18523,-0.565277099609375,B7A5,-0.749120348144605,-24547,-0.749114990234375,A01D
5140,0.0257,-0.572406666402523,-18757,-0.572418212890625,B6BB,-0.754404835549583,-24720,-0.75439453125,9F70
5141,0.025705,-0.574340880286713,-18820,-0.5743408203125,B67C,-0.749614218757231,-24563,-0.749603271484375,A00D
5142,0.02571,-0.573567646027941,-18795,-0.573577880859375,B695,-0.746175207113547,-24451,-0.746185302734375,A07D
5143,0.025715,-0.568993866002937,-18645,-0.569000244140625,B72B,-0.753806810347255,-24701,-0.753814697265625,9F83
5144,0.02572,-0.572928091273103,-18774,-0.57293701171875,B6AA,-0.753247515729843,-24682,-0.75323486328125,9F96
5145,0.025725,-0.573245917251507,-18784,-0.5732421875,B6A0,-0.753755660966967,-24699,-0.753753662109375,9F85
5146,0.02573,-0.567237669868275,-18587,-0.567230224609375,B765,-0.741082569209347,-24284,-0.7410888671875,A124
5147,0.025735,-0.575831323234669,-18869,-0.575836181640625,B64B,-0.745352872719186,-24424,-0.745361328125,A098
5148,0.02574,-0.58201442128774,-19071,-0.582000732421875,B581,-0.744166998797467,-24385,-0.744171142578125,A0BF
5149,0.025745,-0.585353008939031,-19181,-0.585357666015625,B513,-0.75122987794982,-24616,-0.751220703125,9FD8
5150,0.02575,-0.580658769619817,-19027,-0.580657958984375,B5AD,-0.752973684707242,-24673,-0.752960205078125,9F9F
5151,0.025755,-0.567242158077476,-18587,-0.567230224609375,B765,-0.744416348720808,-24393,-0.744415283203125,A0B7
5152,0.02576,-0.578558713381932,-18958,-0.57855224609375,B5F2,-0.744612567324617,-24399,-0.744598388671875,A0B1
5153,0.025765,-0.577936256557049,-18938,-0.57794189453125,B606,-0.740491507070729,-24264,-0.740478515625,A138
5154,0.02577,-0.585869544480708,-19198,-0.58587646484375,B502,-0.742460970973188,-24329,-0.742462158203125,A0F7
5155,0.025775,-0.581249865739795,-19046,-0.58123779296875,B59A,-0.743566996177898,-24365,-0.743560791015625,A0D3
5156,0.02578,-0.584017651510207,-19137,-0.584014892578125,B53F,-0.742355024948574,-24325,-0.742340087890625,A0FB
5157,0.025785,-0.580167615000425,-19011,-0.580169677734375,B5BD,-0.740318856759057,-24259,-0.740325927734375,A13D
5158,0.02579,-0.589203808208264,-19307,-0.589202880859375,B495,-0.746059853524498,-24447,-0.746063232421875,A081
5159,0.025795,-0.587104681899712,-19238,-0.58709716796875,B4DA,-0.742069478430712,-24316,-0.7420654296875,A104
5160,0.0258,-0.588906562243154,-19297,-0.588897705078125,B49F,-0.75215452380545,-24647,-0.752166748046875,9FB9
5161,0.025805,-0.588153377686754,-19273,-0.588165283203125,B4B7,-0.740495639045123,-24265,-0.740509033203125,A137
5162,0.02581,-0.588662465899759,-19289,-0.588653564453125,B4A7,-0.732705078318828,-24009,-0.732696533203125,A237
5163,0.025815,-0.587863272225325,-19263,-0.587860107421875,B4C1,-0.749093430860357,-24546,-0.74908447265625,A01E
5164,0.02582,-0.59192652276254,-19396,-0.5919189453125,B43C,-0.738054809771385,-24185,-0.738067626953125,A187
5165,0.025825,-0.584781336913699,-19162,-0.58477783203125,B526,-0.735024972994757,-24085,-0.735015869140625,A1EB
5166,0.02583,-0.588133396222836,-19272,-0.588134765625,B4B8,-0.747370812257525,-24490,-0.74737548828125,A056
5167,0.025835,-0.596797846590876,-19556,-0.5968017578125,B39C,-0.736425822194506,-24131,-0.736419677734375,A1BD
5168,0.02584,-0.592984840971316,-19431,-0.592987060546875,B419,-0.739703802171806,-24239,-0.739715576171875,A151
5169,0.025845,-0.589972774004867,-19332,-0.5899658203125,B47C,-0.728942989217753,-23886,-0.72894287109375,A2B2
5170,0.02585,-0.583966822197801,-19135,-0.583953857421875,B541,-0.738049382791777,-24184,-0.738037109375,A188
5171,0.025855,-0.597283392698692,-19572,-0.5972900390625,B38C,-0.728986866330307,-23887,-0.728973388671875,A2B1
5172,0.02586,-0.593494988345938,-19448,-0.593505859375,B408,-0.727230969402755,-23830,-0.72723388671875,A2EA
5173,0.025865,-0.602883324006956,-19755,-0.602874755859375,B2D5,-0.72658399267102,-23809,-0.726593017578125,A2FF
5174,0.02587,-0.600427327356748,-19675,-0.600433349609375,B325,-0.731805574127236,-23980,-0.7318115234375,A254
5175,0.025875,-0.604107435989048,-19795,-0.604095458984375,B2AD,-0.737851136036754,-24178,-0.73785400390625,A18E
5176,0.02588,-0.590751007936361,-19358,-0.59075927734375,B462,-0.720526005846933,-23610,-0.72052001953125,A3C6
5177,0.025885,-0.606848780766552,-19885,-0.606842041015625,B253,-0.717910134941038,-23524,-0.7178955078125,A41C
5178,0.02589,-0.606362388051592,-19869,-0.606353759765625,B263,-0.725525795295721,-23774,-0.72552490234375,A322
5179,0.025895,-0.596322458499978,-19540,-0.5963134765625,B3AC,-0.718410683852858,-23541,-0.718414306640625,A40B
5180,0.0259,-0.603394528801494,-19772,-0.6033935546875,B2C4,-0.732922847654757,-24016,-0.73291015625,A230
5181,0.025905,-0.60696556218807,-19889,-0.606964111328125,B24F,-0.722894947179277,-23688,-0.722900390625,A378
5182,0.02591,-0.604130455103028,-19796,-0.6041259765625,B2AC,-0.726464937650414,-23805,-0.726470947265625,A303
5183,0.025915,-0.606667794621188,-19879,-0.606658935546875,B259,-0.731629873943484,-23974,-0.73162841796875,A25A
5184,0.02592,-0.609664418825744,-19977,-0.609649658203125,B1F7,-0.721172926498018,-23631,-0.721160888671875,A3B1
5185,0.025925,-0.607151096208845,-19895,-0.607147216796875,B249,-0.722923682805704,-23689,-0.722930908203125,A377
5186,0.02593,-0.609599571131792,-19975,-0.609588623046875,B1F9,-0.721860439264332,-23654,-0.72186279296875,A39A
5187,0.025935,-0.613742976984473,-20111,-0.613739013671875,B171,-0.724830036764325,-23751,-0.724822998046875,A339
5188,0.02594,-0.614328721757219,-20130,-0.61431884765625,B15E,-0.720984450134255,-23625,-0.720977783203125,A3B7
5189,0.025945,-0.607356358002459,-19902,-0.60736083984375,B242,-0.714361931743443,-23408,-0.71435546875,A490
5190,0.02595,-0.617479940567529,-20234,-0.61749267578125,B0F6,-0.721524306009576,-23643,-0.721527099609375,A3A5
5191,0.025955,-0.611116611483484,-20025,-0.611114501953125,B1C7,-0.715636015580497,-23450,-0.71563720703125,A466
5192,0.02596,-0.618380875388306,-20263,-0.618377685546875,B0D9,-0.710359945365009,-23277,-0.710357666015625,A513
5193,0.025965,-0.625253857867822,-20488,-0.625244140625,AFF8,-0.718179263827738,-23533,-0.718170166015625,A413
5194,0.02597,-0.616546353329086,-20203,-0.616546630859375,B115,-0.708694282641973,-23222,-0.70867919921875,A54A
5195,0.025975,-0.628071159035376,-20581,-0.628082275390625,AF9B,-0.707790237932463,-23193,-0.707794189453125,A567
5196,0.02598,-0.623774734749472,-20440,-0.623779296875,B028,-0.718199179049098,-23534,-0.71820068359375,A412
5197,0.025985,-0.616920455799607,-20215,-0.616912841796875,B109,-0.716923555172662,-23492,-0.7169189453125,A43C
5198,0.02599,-0.624914574565859,-20477,-0.624908447265625,B003,-0.7147129089623,-23420,-0.7147216796875,A484
5199,0.025995,-0.627826052078802,-20573,-0.627838134765625,AFA3,-0.70603459564027,-23135,-0.706024169921875,A5A1
5200,0.026,-0.621026179345773,-20350,-0.62103271484375,B082,-0.712937246164762,-23362,-0.71295166015625,A4BE
5201,0.026005,-0.630874291148443,-20672,-0.630859375,AF40,-0.706210644452675,-23141,-0.706207275390625,A59B
5202,0.02601,-0.632209879802601,-20716,-0.6322021484375,AF14,-0.719338284127536,-23571,-0.719329833984375,A3ED
5203,0.026015,-0.628388235368655,-20591,-0.628387451171875,AF91,-0.703072426363769,-23038,-0.70306396484375,A602
5204,0.02602,-0.63966114812288,-20960,-0.6396484375,AE20,-0.709485228051931,-23248,-0.70947265625,A530
5205,0.026025,-0.639324530579237,-20949,-0.639312744140625,AE2B,-0.699004427119363,-22905,-0.699005126953125,A687
5206,0.02603,-0.641518001577513,-21021,-0.641510009765625,ADE3,-0.708297611144616,-23209,-0.708282470703125,A557
5207,0.026035,-0.632894902258134,-20739,-0.632904052734375,AEFD,-0.706389320820782,-23147,-0.706390380859375,A595
5208,0.02604,-0.640495594767113,-20988,-0.6405029296875,AE04,-0.702414906881053,-23017,-0.702423095703125,A617
5209,0.026045,-0.641139875688966,-21009,-0.641143798828125,ADEF,-0.706792276748607,-23160,-0.706787109375,A588
5210,0.02605,-0.64796443110075,-21232,-0.64794921875,AD10,-0.713824119113897,-23391,-0.713836669921875,A4A1
5211,0.026055,-0.642034724351883,-21038,-0.64202880859375,ADD2,-0.709863538912524,-23261,-0.709869384765625,A523
5212,0.02606,-0.645680559122605,-21158,-0.64569091796875,AD5A,-0.706982829103712,-23166,-0.70697021484375,A582
5213,0.026065,-0.650859277490196,-21327,-0.650848388671875,ACB1,-0.70985864170676,-23261,-0.709869384765625,A523
5214,0.02607,-0.647606564069667,-21221,-0.647613525390625,AD1B,-0.706006351100304,-23134,-0.70599365234375,A5A2
5215,0.026075,-0.653665004292736,-21419,-0.653656005859375,AC55,-0.706120232960773,-23138,-0.70611572265625,A59E
5216,0.02608,-0.6604139286423,-21640,-0.660400390625,AB78,-0.705448480628961,-23116,-0.7054443359375,A5B4
5217,0.026085,-0.656115252737107,-21500,-0.6561279296875,AC04,-0.707960926374521,-23198,-0.70794677734375,A562
5218,0.02609,-0.65395147029895,-21429,-0.653961181640625,AC4B,-0.700517801058478,-22955,-0.700531005859375,A655
5219,0.026095,-0.655632372353679,-21484,-0.6556396484375,AC14,-0.694056381682078,-22743,-0.694061279296875,A729
5220,0.0261,-0.654330897858401,-21441,-0.654327392578125,AC3F,-0.708977645425944,-23232,-0.708984375,A540
5221,0.026105,-0.66169569801367,-21682,-0.66168212890625,AB4E,-0.708715961614192,-23223,-0.708709716796875,A549
5222,0.02611,-0.666256673553148,-21832,-0.666259765625,AAB8,-0.699523999056445,-22922,-0.69952392578125,A676
5223,0.026115,-0.661938185608405,-21690,-0.66192626953125,AB46,-0.695448813248401,-22788,-0.6954345703125,A6FC
5224,0.02612,-0.672736558232858,-22044,-0.6727294921875,A9E4,-0.70653769447112,-23152,-0.70654296875,A590
5225,0.026125,-0.665385924988039,-21803,-0.665374755859375,AAD5,-0.707773069294266,-23192,-0.707763671875,A568
5226,0.02613,-0.65939252969499,-21607,-0.659393310546875,AB99,-0.705376045640803,-23114,-0.70538330078125,A5B6
5227,0.026135,-0.659112864245858,-21598,-0.65911865234375,ABA2,-0.703734047995204,-23060,-0.7037353515625,A5EC
5228,0.02614,-0.670669972982164,-21977,-0.670684814453125,AA27,-0.715399332169422,-23442,-0.71539306640625,A46E
5229,0.026145,-0.672650285680112,-22041,-0.672637939453125,A9E7,-0.706002839084536,-23134,-0.70599365234375,A5A2
5230,0.02615,-0.670847202569,-21982,-0.67083740234375,AA22,-0.705982809592244,-23134,-0.70599365234375,A5A2
5231,0.026155,-0.669460107324321,-21937,-0.669464111328125,AA4F,-0.701391070149344,-22983,-0.701385498046875,A639
5232,0.02616,-0.673179648917256,-22059,-0.673187255859375,A9D5,-0.697259727928907,-22848,-0.697265625,A6C0
5233,0.026165,-0.67673404415636,-22175,-0.676727294921875,A961,-0.703703553697534,-23059,-0.703704833984375,A5ED
5234,0.02617,-0.672291955790009,-22030,-0.67230224609375,A9F2,-0.7095579308718,-23251,-0.709564208984375,A52D
5235,0.026175,-0.668394610130275,-21902,-0.66839599609375,AA72,-0.706635723483561,-23155,-0.706634521484375,A58D
5236,0.02618,-0.677581654108535,-22203,-0.677581787109375,A945,-0.705068166603433,-23104,-0.705078125,A5C0
5237,0.026185,-0.674498171851044,-22102,-0.67449951171875,A9AA,-0.706367944615036,-23146,-0.70635986328125,A596
5238,0.02619,-0.676192861225238,-22157,-0.676177978515625,A973,-0.700750702913146,-22962,-0.70074462890625,A64E
5239,0.026195,-0.680784583439654,-22308,-0.6807861328125,A8DC,-0.706193182225007,-23141,-0.706207275390625,A59B
5240,0.0262,-0.675067999839735,-22121,-0.675079345703125,A997,-0.705768443300693,-23127,-0.705780029296875,A5A9
5241,0.026205,-0.666177133874756,-21829,-0.666168212890625,AABB,-0.698373710392931,-22884,-0.6983642578125,A69C
5242,0.02621,-0.683938247598362,-22411,-0.683929443359375,A875,-0.711354219846609,-23310,-0.71136474609375,A4F2
5243,0.026215,-0.685942222938946,-22477,-0.685943603515625,A833,-0.703274519158518,-23045,-0.703277587890625,A5FB
5244,0.02622,-0.687990930447186,-22544,-0.68798828125,A7F0,-0.717344769382512,-23506,-0.71734619140625,A42E
5245,0.026225,-0.677046427556735,-22185,-0.677032470703125,A957,-0.704201911094907,-23075,-0.704193115234375,A5DD
5246,0.02623,-0.679463503270337,-22265,-0.679473876953125,A907,-0.71005512333791,-23267,-0.710052490234375,A51D
5247,0.026235,-0.675016987328381,-22119,-0.675018310546875,A999,-0.702133479246964,-23008,-0.7021484375,A620
5248,0.02624,-0.678423217942058,-22231,-0.678436279296875,A929,-0.710437630658649,-23280,-0.71044921875,A510
5249,0.026245,-0.671506047396227,-22004,-0.6715087890625,AA0C,-0.705176378010789,-23107,-0.705169677734375,A5BD
5250,0.02625,-0.675641228094166,-22139,-0.675628662109375,A985,-0.69934325536495,-22916,-0.6993408203125,A67C
5251,0.026255,-0.676212633616368,-22158,-0.67620849609375,A972,-0.713028169926051,-23365,-0.713043212890625,A4BB
5252,0.02626,-0.676082207446667,-22154,-0.67608642578125,A976,-0.713208830164421,-23370,-0.71319580078125,A4B6
5253,0.026265,-0.67583028610045,-22146,-0.67584228515625,A97E,-0.704551503788644,-23087,-0.704559326171875,A5D1
5254,0.02627,-0.682337492355332,-22359,-0.682342529296875,A8A9,-0.706548855371464,-23152,-0.70654296875,A590
5255,0.026275,-0.678224991874284,-22224,-0.67822265625,A930,-0.712883999342748,-23360,-0.712890625,A4C0
5256,0.02628,-0.675337799671723,-22129,-0.675323486328125,A98F,-0.701813680966363,-22997,-0.701812744140625,A62B
5257,0.026285,-0.677396096155973,-22197,-0.677398681640625,A94B,-0.713149696712919,-23368,-0.713134765625,A4B8
5258,0.02629,-0.674702304608634,-22109,-0.674713134765625,A9A3,-0.708155025134299,-23205,-0.708160400390625,A55B
5259,0.026295,-0.68133572277902,-22326,-0.68133544921875,A8CA,-0.713579167946552,-23383,-0.713592529296875,A4A9
5260,0.0263,-0.672547359654466,-22038,-0.67254638671875,A9EA,-0.705215755010629,-23109,-0.705230712890625,A5BB
5261,0.026305,-0.67224654865473,-22028,-0.6722412109375,A9F4,-0.710012070463049,-23266,-0.71002197265625,A51E
5262,0.02631,-0.668963584292204,-21921,-0.668975830078125,AA5F,-0.704655646764877,-23090,-0.70465087890625,A5CE
5263,0.026315,-0.669708508698819,-21945,-0.669708251953125,AA47,-0.711661831720111,-23320,-0.711669921875,A4E8
5264,0.02632,-0.677820728791083,-22211,-0.677825927734375,A93D,-0.69982003796216,-22932,-0.6998291015625,A66C
5265,0.026325,-0.670104937993262,-21958,-0.67010498046875,AA3A,-0.710612221205471,-23285,-0.710601806640625,A50B
5266,0.02633,-0.669756070828495,-21947,-0.669769287109375,AA45,-0.712725846261142,-23355,-0.712738037109375,A4C5
5267,0.026335,-0.659417644522357,-21608,-0.659423828125,AB98,-0.702633402632248,-23024,-0.70263671875,A610
5268,0.02634,-0.667388540820482,-21869,-0.667388916015625,AA93,-0.694319934799677,-22751,-0.694305419921875,A721
5269,0.026345,-0.662507837030253,-21709,-0.662506103515625,AB33,-0.70144086812554,-22985,-0.701446533203125,A637
5270,0.02635,-0.673636669500033,-22074,-0.67364501953125,A9C6,-0.710114806450219,-23269,-0.710113525390625,A51B
5271,0.026355,-0.667993198594209,-21889,-0.667999267578125,AA7F,-0.707264706809548,-23176,-0.707275390625,A578
5272,0.02636,-0.67105785210727,-21989,-0.671051025390625,AA1B,-0.70619798997154,-23141,-0.706207275390625,A59B
5273,0.026365,-0.666894478792818,-21853,-0.666900634765625,AAA3,-0.708484514531544,-23216,-0.70849609375,A550
5274,0.02637,-0.66145064072112,-21674,-0.66143798828125,AB56,-0.703285337602877,-23045,-0.703277587890625,A5FB
5275,0.026375,-0.669863504604116,-21950,-0.66986083984375,AA42,-0.700639291287848,-22959,-0.700653076171875,A651
5276,0.02638,-0.669646341155447,-21943,-0.669647216796875,AA49,-0.705835008875546,-23129,-0.705841064453125,A5A7
5277,0.026385,-0.658845219869336,-21589,-0.658843994140625,ABAB,-0.705889771440028,-23131,-0.705902099609375,A5A5
5278,0.02639,-0.661806866031271,-21686,-0.66180419921875,AB4A,-0.705393692960555,-23114,-0.70538330078125,A5B6
5279,0.026395,-0.659170725225074,-21600,-0.6591796875,ABA0,-0.697880105045541,-22868,-0.6978759765625,A6AC
5280,0.0264,-0.661064545666403,-21662,-0.66107177734375,AB62,-0.702484074265939,-23019,-0.702484130859375,A615
5281,0.026405,-0.657112129935848,-21532,-0.6571044921875,ABE4,-0.702246047616319,-23011,-0.702239990234375,A61D
5282,0.02641,-0.657663464313103,-21550,-0.65765380859375,ABD2,-0.708623020577221,-23220,-0.7086181640625,A54C
5283,0.026415,-0.655956969654835,-21494,-0.65594482421875,AC0A,-0.703154351444571,-23041,-0.703155517578125,A5FF
5284,0.02642,-0.662847565974877,-21720,-0.662841796875,AB28,-0.716627113697694,-23482,-0.71661376953125,A446
5285,0.026425,-0.659928051923192,-21625,-0.659942626953125,AB87,-0.699879093083062,-22934,-0.69989013671875,A66A
5286,0.02643,-0.659176745279938,-21600,-0.6591796875,ABA0,-0.70443975857047,-23083,-0.704437255859375,A5D5
5287,0.026435,-0.651077485557518,-21335,-0.651092529296875,ACA9,-0.70748486018441,-23183,-0.707489013671875,A571
5288,0.02644,-0.651409788181757,-21345,-0.651397705078125,AC9F,-0.698449468163822,-22887,-0.698455810546875,A699
5289,0.026445,-0.651964463759832,-21364,-0.6519775390625,AC8C,-0.694610090821985,-22761,-0.694610595703125,A717
5290,0.02645,-0.652245286845125,-21373,-0.652252197265625,AC83,-0.702758221898931,-23028,-0.7027587890625,A60C
5291,0.026455,-0.64701250969031,-21201,-0.647003173828125,AD2F,-0.694621633340967,-22761,-0.694610595703125,A717
5292,0.02646,-0.651436031022346,-21346,-0.65142822265625,AC9E,-0.705985090509853,-23134,-0.70599365234375,A5A2
5293,0.026465,-0.650194123831116,-21306,-0.65020751953125,ACC6,-0.703648132741682,-23057,-0.703643798828125,A5EF
5294,0.02647,-0.662953474911884,-21724,-0.6629638671875,AB24,-0.700899804706459,-22967,-0.700897216796875,A649
5295,0.026475,-0.651395036905092,-21345,-0.651397705078125,AC9F,-0.694909321520332,-22771,-0.694915771484375,A70D
5296,0.02648,-0.655832991470407,-21490,-0.65582275390625,AC0E,-0.706388819602304,-23147,-0.706390380859375,A595
5297,0.026485,-0.647763699271096,-21226,-0.64776611328125,AD16,-0.694998266331301,-22774,-0.69500732421875,A70A
5298,0.02649,-0.648383066119358,-21246,-0.64837646484375,AD02,-0.694823351590167,-22768,-0.69482421875,A710
5299,0.026495,-0.635474531352755,-20823,-0.635467529296875,AEA9,-0.694030358507252,-22742,-0.69403076171875,A72A
5300,0.0265,-0.649390136290102,-21279,-0.649383544921875,ACE1,-0.704080114696362,-23071,-0.704071044921875,A5E1
5301,0.026505,-0.645898690136256,-21165,-0.645904541015625,AD53,-0.695053305609008,-22776,-0.695068359375,A708
5302,0.02651,-0.648124256120279,-21238,-0.64813232421875,AD0A,-0.692013638301133,-22676,-0.6920166015625,A76C
5303,0.026515,-0.638455951895233,-20921,-0.638458251953125,AE47,-0.706691875821743,-23157,-0.706695556640625,A58B
5304,0.02652,-0.640954764897264,-21003,-0.640960693359375,ADF5,-0.690510221351071,-22627,-0.690521240234375,A79D
5305,0.026525,-0.647651689832771,-21222,-0.64764404296875,AD1A,-0.69870130748653,-22895,-0.698699951171875,A691
5306,0.02653,-0.64540489588685,-21149,-0.645416259765625,AD63,-0.692310182255706,-22686,-0.69232177734375,A762
5307,0.026535,-0.641156137558514,-21009,-0.641143798828125,ADEF,-0.699192097639916,-22911,-0.699188232421875,A681
5308,0.02654,-0.648846333636314,-21261,-0.648834228515625,ACF3,-0.693766831856901,-22733,-0.693756103515625,A733
5309,0.026545,-0.644247290078517,-21111,-0.644256591796875,AD89,-0.701525386599123,-22988,-0.7015380859375,A634
5310,0.02655,-0.639219225381686,-20946,-0.63922119140625,AE2E,-0.699035339905658,-22906,-0.69903564453125,A686
5311,0.026555,-0.637426277690867,-20887,-0.637420654296875,AE69,-0.68810453684214,-22548,-0.6881103515625,A7EC
5312,0.02656,-0.650856286058049,-21327,-0.650848388671875,ACB1,-0.696816805642665,-22833,-0.696807861328125,A6CF
5313,0.026565,-0.648311502072421,-21244,-0.6483154296875,AD04,-0.689948330053984,-22608,-0.68994140625,A7B0
5314,0.02657,-0.640067808970307,-20974,-0.64007568359375,AE12,-0.697329467869524,-22850,-0.69732666015625,A6BE
5315,0.026575,-0.643829639438341,-21097,-0.643829345703125,AD97,-0.688224487767444,-22552,-0.688232421875,A7E8
5316,0.02658,-0.633410009985408,-20756,-0.6334228515625,AEEC,-0.683709147158775,-22404,-0.6837158203125,A87C
5317,0.026585,-0.634062086900964,-20777,-0.634063720703125,AED7,-0.696275868011567,-22816,-0.6962890625,A6E0
5318,0.02659,-0.641245030142672,-21012,-0.6412353515625,ADEC,-0.695108730526851,-22777,-0.695098876953125,A707
5319,0.026595,-0.647596145305429,-21220,-0.6475830078125,AD1C,-0.69605889787749,-22808,-0.696044921875,A6E8
5320,0.0266,-0.643173885749083,-21076,-0.6431884765625,ADAC,-0.6998777397821,-22934,-0.69989013671875,A66A
5321,0.026605,-0.642692369478515,-21060,-0.6427001953125,ADBC,-0.686197570631265,-22485,-0.686187744140625,A82B
5322,0.02661,-0.632913194218942,-20739,-0.632904052734375,AEFD,-0.691900802162489,-22672,-0.69189453125,A770
5323,0.026615,-0.644523012425884,-21120,-0.64453125,AD80,-0.697946029649474,-22870,-0.69793701171875,A6AA
5324,0.02662,-0.639894613973789,-20968,-0.639892578125,AE18,-0.690746632942866,-22634,-0.69073486328125,A796
5325,0.026625,-0.633950594357764,-20773,-0.633941650390625,AEDB,-0.686480700652542,-22495,-0.686492919921875,A821
5326,0.02663,-0.644843852749881,-21130,-0.64483642578125,AD76,-0.69165596797668,-22664,-0.691650390625,A778
5327,0.026635,-0.634376229606321,-20787,-0.634368896484375,AECD,-0.683525189427377,-22398,-0.68353271484375,A882
5328,0.02664,-0.638843176618574,-20934,-0.63885498046875,AE3A,-0.698223239219159,-22879,-0.698211669921875,A6A1
5329,0.026645,-0.633792485847482,-20768,-0.6337890625,AEE0,-0.6987127971471,-22895,-0.698699951171875,A691
5330,0.02665,-0.632818933969097,-20736,-0.6328125,AF00,-0.692405582201758,-22689,-0.692413330078125,A75F
5331,0.026655,-0.633399831743513,-20755,-0.633392333984375,AEED,-0.697417031307331,-22853,-0.697418212890625,A6BB
5332,0.02666,-0.630472668231791,-20659,-0.630462646484375,AF4D,-0.688474422311988,-22560,-0.6884765625,A7E0
5333,0.026665,-0.628681691387369,-20601,-0.628692626953125,AF87,-0.692510006608739,-22692,-0.6925048828125,A75C
5334,0.02667,-0.632066431502247,-20712,-0.632080078125,AF18,-0.697351769721378,-22851,-0.697357177734375,A6BD
5335,0.026675,-0.634129365230874,-20779,-0.634124755859375,AED5,-0.699349042467741,-22916,-0.6993408203125,A67C
5336,0.02668,-0.639482582814229,-20955,-0.639495849609375,AE25,-0.687979912745037,-22544,-0.68798828125,A7F0
5337,0.026685,-0.643170893119575,-21075,-0.643157958984375,ADAD,-0.699706602839497,-22928,-0.69970703125,A670
5338,0.02669,-0.640225651787111,-20979,-0.640228271484375,AE0D,-0.691031750262691,-22644,-0.6910400390625,A78C
5339,0.026695,-0.633916033105418,-20772,-0.6339111328125,AEDC,-0.701309594461578,-22981,-0.701324462890625,A63B
5340,0.0267,-0.636449016359748,-20855,-0.636444091796875,AE89,-0.688611324908583,-22564,-0.6885986328125,A7DC
5341,0.026705,-0.644874759450963,-21131,-0.644866943359375,AD75,-0.700706607848331,-22961,-0.700714111328125,A64F
5342,0.02671,-0.629867276791646,-20639,-0.629852294921875,AF61,-0.701013569938722,-22971,-0.701019287109375,A645
5343,0.026715,-0.636964185871173,-20872,-0.636962890625,AE78,-0.699075027116065,-22907,-0.699066162109375,A685
5344,0.02672,-0.632831328311164,-20737,-0.632843017578125,AEFF,-0.702795983171271,-23029,-0.702789306640625,A60B
5345,0.026725,-0.633388565758041,-20755,-0.633392333984375,AEED,-0.698178189724883,-22878,-0.69818115234375,A6A2
5346,0.02673,-0.647127254483301,-21205,-0.647125244140625,AD2B,-0.706781494052845,-23160,-0.706787109375,A588
5347,0.026735,-0.627059949462184,-20548,-0.6270751953125,AFBC,-0.702491352941963,-23019,-0.702484130859375,A615
5348,0.02674,-0.63678416471905,-20866,-0.63677978515625,AE7E,-0.699786294820135,-22931,-0.699798583984375,A66D
5349,0.026745,-0.639330270151685,-20950,-0.63934326171875,AE2A,-0.702968907009867,-23035,-0.702972412109375,A605
5350,0.02675,-0.631392301116461,-20689,-0.631378173828125,AF2F,-0.709632250732789,-23253,-0.709625244140625,A52B
5351,0.026755,-0.644926223958821,-21133,-0.644927978515625,AD73,-0.708208598518685,-23207,-0.708221435546875,A559
5352,0.02676,-0.644349735309498,-21114,-0.64434814453125,AD86,-0.710115281984467,-23269,-0.710113525390625,A51B
5353,0.026765,-0.634633587726367,-20796,-0.6346435546875,AEC4,-0.701961128857478,-23002,-0.70196533203125,A626
5354,0.02677,-0.634656595458123,-20796,-0.6346435546875,AEC4,-0.69985919314081,-22933,-0.699859619140625,A66B
5355,0.026775,-0.639215722590943,-20946,-0.63922119140625,AE2E,-0.707428382349024,-23181,-0.707427978515625,A573
5356,0.02678,-0.640884572621607,-21001,-0.640899658203125,ADF7,-0.698321367982109,-22883,-0.698333740234375,A69D
5357,0.026785,-0.639060644882835,-20941,-0.639068603515625,AE33,-0.715715226316116,-23453,-0.715728759765625,A463
5358,0.02679,-0.638392587703787,-20919,-0.638397216796875,AE49,-0.707305320963315,-23177,-0.707305908203125,A577
5359,0.026795,-0.647339101904442,-21212,-0.6473388671875,AD24,-0.701013392927863,-22971,-0.701019287109375,A645
5360,0.0268,-0.643730215032484,-21094,-0.64373779296875,AD9A,-0.703727362832998,-23060,-0.7037353515625,A5EC
5361,0.026805,-0.644020381277094,-21103,-0.644012451171875,AD91,-0.700278041197351,-22947,-0.700286865234375,A65D
5362,0.02681,-0.645738197580211,-21160,-0.645751953125,AD58,-0.713084108029025,-23366,-0.71307373046875,A4BA
5363,0.026815,-0.648477798240153,-21249,-0.648468017578125,ACFF,-0.700756784967804,-22962,-0.70074462890625,A64E
5364,0.02682,-0.65087028952116,-21328,-0.65087890625,ACB0,-0.697019970004251,-22840,-0.697021484375,A6C8
5365,0.026825,-0.648708078853549,-21257,-0.648712158203125,ACF7,-0.714840357904397,-23424,-0.71484375,A480
5366,0.02683,-0.652895355400996,-21394,-0.65289306640625,AC6E,-0.709814684805251,-23259,-0.709808349609375,A525
5367,0.026835,-0.64410745143991,-21106,-0.64410400390625,AD8E,-0.70300801646435,-23036,-0.7030029296875,A604
5368,0.02684,-0.650952235899941,-21330,-0.65093994140625,ACAE,-0.713638772160646,-23385,-0.713653564453125,A4A7
5369,0.026845,-0.650247949867312,-21307,-0.650238037109375,ACC5,-0.702343901629263,-23014,-0.70233154296875,A61A
5370,0.02685,-0.653115652755194,-21401,-0.653106689453125,AC67,-0.699633305802321,-22926,-0.69964599609375,A672
5371,0.026855,-0.654647225884911,-21451,-0.654632568359375,AC35,-0.705687743007027,-23124,-0.7056884765625,A5AC
5372,0.02686,-0.661401208472657,-21673,-0.661407470703125,AB57,-0.706042603489185,-23136,-0.7060546875,A5A0
5373,0.026865,-0.660108273984433,-21630,-0.66009521484375,AB82,-0.717760254190647,-23520,-0.7177734375,A420
5374,0.02687,-0.650569063856336,-21318,-0.65057373046875,ACBA,-0.71832148225035,-23538,-0.71832275390625,A40E
5375,0.026875,-0.658768335827802,-21587,-0.658782958984375,ABAD,-0.710277052363688,-23274,-0.71026611328125,A516
5376,0.02688,-0.661996433703601,-21692,-0.6619873046875,AB44,-0.718607510120447,-23547,-0.718597412109375,A405
5377,0.026885,-0.659005457084019,-21594,-0.65899658203125,ABA6,-0.706739323491064,-23158,-0.70672607421875,A58A
5378,0.02689,-0.660571752030249,-21646,-0.66058349609375,AB72,-0.702771599035281,-23028,-0.7027587890625,A60C
5379,0.026895,-0.663759833198096,-21750,-0.66375732421875,AB0A,-0.710466889037221,-23281,-0.710479736328125,A50F
5380,0.0269,-0.666523484359289,-21841,-0.666534423828125,AAAF,-0.715629022607591,-23450,-0.71563720703125,A466
5381,0.026905,-0.653938780138371,-21428,-0.6539306640625,AC4C,-0.710561320083621,-23284,-0.7105712890625,A50C
5382,0.02691,-0.664906234198657,-21788,-0.6649169921875,AAE4,-0.711059136362214,-23300,-0.7110595703125,A4FC
5383,0.026915,-0.671182780105947,-21993,-0.671173095703125,AA17,-0.710411004159088,-23279,-0.710418701171875,A511
5384,0.02692,-0.665220414220361,-21798,-0.66522216796875,AADA,-0.710601775782661,-23285,-0.710601806640625,A50B
5385,0.026925,-0.67098820510018,-21987,-0.670989990234375,AA1D,-0.704870875982923,-23097,-0.704864501953125,A5C7
5386,0.02693,-0.670345622822299,-21966,-0.67034912109375,AA32,-0.707808052812476,-23193,-0.707794189453125,A567
5387,0.026935,-0.67579264427903,-22144,-0.67578125,A980,-0.704541773920703,-23086,-0.70452880859375,A5D2
5388,0.02694,-0.679739039774854,-22274,-0.67974853515625,A8FE,-0.720784451369989,-23619,-0.720794677734375,A3BD
5389,0.026945,-0.679898303220696,-22279,-0.679901123046875,A8F9,-0.717896881432735,-23524,-0.7178955078125,A41C
5390,0.02695,-0.688723860316715,-22568,-0.688720703125,A7D8,-0.720716070378504,-23616,-0.720703125,A3C0
5391,0.026955,-0.692359531642014,-22687,-0.692352294921875,A761,-0.719839540855871,-23588,-0.7198486328125,A3DC
5392,0.02696,-0.676706642714954,-22174,-0.67669677734375,A962,-0.703648881068025,-23057,-0.703643798828125,A5EF
5393,0.026965,-0.693976948881066,-22740,-0.6939697265625,A72C,-0.717663777697846,-23516,-0.7176513671875,A424
5394,0.02697,-0.687990899210389,-22544,-0.68798828125,A7F0,-0.712926264272768,-23361,-0.712921142578125,A4BF
5395,0.026975,-0.689528595272821,-22594,-0.68951416015625,A7BE,-0.701357773263777,-22982,-0.70135498046875,A63A
5396,0.02698,-0.681435647390078,-22329,-0.681427001953125,A8C7,-0.706019966271577,-23135,-0.706024169921875,A5A1
5397,0.026985,-0.686517914590582,-22496,-0.6865234375,A820,-0.705300993847839,-23111,-0.705291748046875,A5B9
5398,0.02699,-0.694051184310455,-22743,-0.694061279296875,A729,-0.709277353272207,-23242,-0.70928955078125,A536
5399,0.026995,-0.716586940351451,-23481,-0.716583251953125,A447,-0.711672784982739,-23320,-0.711669921875,A4E8
5400,0.027,-0.697996451718806,-22872,-0.697998046875,A6A8,-0.71572237368432,-23453,-0.715728759765625,A463
5401,0.027005,-0.695023234474371,-22775,-0.695037841796875,A709,-0.706791925490631,-23160,-0.706787109375,A588
5402,0.02701,-0.696701103233788,-22830,-0.69671630859375,A6D2,-0.708626425304062,-23220,-0.7086181640625,A54C
5403,0.027015,-0.702193102537153,-23009,-0.702178955078125,A61F,-0.709720233747751,-23256,-0.709716796875,A528
5404,0.02702,-0.701515222537044,-22987,-0.701507568359375,A635,-0.712559294800335,-23349,-0.712554931640625,A4CB
5405,0.027025,-0.700048900482948,-22939,-0.700042724609375,A665,-0.70880746191034,-23226,-0.70880126953125,A546
5406,0.02703,-0.702965762058566,-23035,-0.702972412109375,A605,-0.708570882016214,-23218,-0.70855712890625,A54E
5407,0.027035,-0.696215867552309,-22814,-0.69622802734375,A6E2,-0.71437437029063,-23409,-0.714385986328125,A48F
5408,0.02704,-0.708537955634287,-23217,-0.708526611328125,A54F,-0.718000833632445,-23527,-0.717987060546875,A419
5409,0.027045,-0.70903919223221,-23234,-0.70904541015625,A53E,-0.712615815406765,-23351,-0.712615966796875,A4C9
5410,0.02705,-0.71485081231568,-23424,-0.71484375,A480,-0.711051887108571,-23300,-0.7110595703125,A4FC
5411,0.027055,-0.714423187409937,-23410,-0.71441650390625,A48E,-0.722458467243715,-23674,-0.72247314453125,A386
5412,0.02706,-0.718590085728293,-23547,-0.718597412109375,A405,-0.714652436936028,-23418,-0.71466064453125,A486
5413,0.027065,-0.71106475302108,-23300,-0.7110595703125,A4FC,-0.702490540802923,-23019,-0.702484130859375,A615
5414,0.02707,-0.723845141466585,-23719,-0.723846435546875,A359,-0.709239556140361,-23240,-0.709228515625,A538
5415,0.027075,-0.727022956002366,-23823,-0.727020263671875,A2F1,-0.714593014480865,-23416,-0.714599609375,A488
5416,0.02708,-0.72016949741154,-23599,-0.720184326171875,A3D1,-0.71038468337119,-23278,-0.71038818359375,A512
5417,0.027085,-0.72909066963929,-23891,-0.729095458984375,A2AD,-0.718847359742316,-23555,-0.718841552734375,A3FD
5418,0.02709,-0.723537246588882,-23709,-0.723541259765625,A363,-0.720280678003996,-23602,-0.72027587890625,A3CE
5419,0.027095,-0.730989700591209,-23953,-0.730987548828125,A26F,-0.714776340963662,-23422,-0.71478271484375,A482
5420,0.0271,-0.720857724197218,-23621,-0.720855712890625,A3BB,-0.711837697893468,-23325,-0.711822509765625,A4E3
5421,0.027105,-0.738788516310964,-24209,-0.738800048828125,A16F,-0.716341686344994,-23473,-0.716339111328125,A44F
5422,0.02711,-0.731381285717305,-23966,-0.73138427734375,A262,-0.711807699354514,-23325,-0.711822509765625,A4E3
5423,0.027115,-0.72689226296963,-23819,-0.726898193359375,A2F5,-0.720513877053276,-23610,-0.72052001953125,A3C6
5424,0.02712,-0.732660284620851,-24008,-0.732666015625,A238,-0.719124761409561,-23564,-0.7191162109375,A3F4
5425,0.027125,-0.732837505078728,-24014,-0.73284912109375,A232,-0.707144533161231,-23172,-0.7071533203125,A57C
5426,0.02713,-0.740120942399416,-24252,-0.7401123046875,A144,-0.709168503138408,-23238,-0.70916748046875,A53A
5427,0.027135,-0.741761302734479,-24306,-0.74176025390625,A10E,-0.705819645473547,-23128,-0.705810546875,A5A8
5428,0.02714,-0.735085910001084,-24087,-0.735076904296875,A1E9,-0.712529870926614,-23348,-0.7125244140625,A4CC
5429,0.027145,-0.74515674813934,-24417,-0.745147705078125,A09F,-0.709874152682205,-23261,-0.709869384765625,A523
5430,0.02715,-0.7447686012268,-24405,-0.744781494140625,A0AB,-0.713892499423349,-23393,-0.713897705078125,A49F
5431,0.027155,-0.742563021548966,-24332,-0.7425537109375,A0F4,-0.711134243991351,-23302,-0.71112060546875,A4FA
5432,0.02716,-0.749511349674338,-24560,-0.74951171875,A010,-0.713387827520046,-23376,-0.71337890625,A4B0
5433,0.027165,-0.744086359472522,-24382,-0.74407958984375,A0C2,-0.713184556843295,-23370,-0.71319580078125,A4B6
5434,0.02717,-0.747458562064656,-24493,-0.747467041015625,A053,-0.714040941397686,-23398,-0.71405029296875,A49A
5435,0.027175,-0.750336358310659,-24587,-0.750335693359375,9FF5,-0.715617313113724,-23449,-0.715606689453125,A467
5436,0.02718,-0.750700452027707,-24599,-0.750701904296875,9FE9,-0.713092405186449,-23367,-0.713104248046875,A4B9
5437,0.027185,-0.745999059974109,-24445,-0.746002197265625,A083,-0.710168773743358,-23271,-0.710174560546875,A519
5438,0.02719,-0.748052067623012,-24512,-0.748046875,A040,-0.710278770882576,-23274,-0.71026611328125,A516
5439,0.027195,-0.745964091784491,-24444,-0.7459716796875,A084,-0.702367329087163,-23015,-0.702362060546875,A619
5440,0.0272,-0.747611342324693,-24498,-0.74761962890625,A04E,-0.705508565932531,-23118,-0.70550537109375,A5B2
5441,0.027205,-0.75228578566098,-24651,-0.752288818359375,9FB5,-0.706235202199944,-23142,-0.70623779296875,A59A
5442,0.02721,-0.745420870986852,-24426,-0.74542236328125,A096,-0.713955251906826,-23395,-0.713958740234375,A49D
5443,0.027215,-0.751714609678718,-24632,-0.751708984375,9FC8,-0.702146344296122,-23008,-0.7021484375,A620
5444,0.02722,-0.744070967340523,-24382,-0.74407958984375,A0C2,-0.703819435925336,-23063,-0.703826904296875,A5E9
5445,0.027225,-0.741958692015199,-24313,-0.741973876953125,A107,-0.707360403359309,-23179,-0.707366943359375,A575
5446,0.02723,-0.742581779868545,-24333,-0.742584228515625,A0F3,-0.699099432817319,-22908,-0.6990966796875,A684
5447,0.027235,-0.75712954586212,-24810,-0.75714111328125,9F16,-0.699431521333991,-22919,-0.699432373046875,A679
5448,0.02724,-0.745537571721805,-24430,-0.74554443359375,A092,-0.700425795946329,-22952,-0.700439453125,A658
5449,0.027245,-0.756359719640411,-24784,-0.75634765625,9F30,-0.708622807638281,-23220,-0.7086181640625,A54C
5450,0.02725,-0.744501980540537,-24396,-0.7445068359375,A0B4,-0.695925335932374,-22804,-0.6959228515625,A6EC
5451,0.027255,-0.752353702434814,-24653,-0.752349853515625,9FB3,-0.71490280053816,-23426,-0.71490478515625,A47E
5452,0.02726,-0.750719382232498,-24600,-0.750732421875,9FE8,-0.698291023063121,-22882,-0.69830322265625,A69E
5453,0.027265,-0.76470894328155,-25058,-0.76470947265625,9E1E,-0.70617112605501,-23140,-0.7061767578125,A59C
5454,0.02727,-0.747153250567647,-24483,-0.747161865234375,A05D,-0.705764519703803,-23126,-0.70574951171875,A5AA
5455,0.027275,-0.749408148935253,-24557,-0.749420166015625,A013,-0.70114754054228,-22975,-0.701141357421875,A641
5456,0.02728,-0.752035022213376,-24643,-0.752044677734375,9FBD,-0.697702843631463,-22862,-0.69769287109375,A6B2
5457,0.027285,-0.752135569182969,-24646,-0.75213623046875,9FBA,-0.701989927345428,-23003,-0.701995849609375,A625
5458,0.02729,-0.751153749630693,-24614,-0.75115966796875,9FDA,-0.704491173598203,-23085,-0.704498291015625,A5D3
5459,0.027295,-0.755290084107206,-24749,-0.755279541015625,9F53,-0.692564318269957,-22694,-0.69256591796875,A75A
5460,0.0273,-0.755031096237262,-24741,-0.755035400390625,9F5B,-0.696733802813403,-22831,-0.696746826171875,A6D1
5461,0.027305,-0.747933909698167,-24508,-0.7479248046875,A044,-0.694324546867178,-22752,-0.6943359375,A720
5462,0.02731,-0.751045965108047,-24610,-0.75103759765625,9FDE,-0.693126502034752,-22712,-0.693115234375,A748
5463,0.027315,-0.744800003505609,-24406,-0.74481201171875,A0AA,-0.696697379089919,-22829,-0.696685791015625,A6D3
5464,0.02732,-0.749645789812522,-24564,-0.7496337890625,A00C,-0.699327108518916,-22916,-0.6993408203125,A67C
5465,0.027325,-0.74311676111319,-24350,-0.74310302734375,A0E2,-0.685733479275802,-22470,-0.68572998046875,A83A
5466,0.02733,-0.745967540275771,-24444,-0.7459716796875,A084,-0.695917255234634,-22804,-0.6959228515625,A6EC
5467,0.027335,-0.744275520157833,-24388,-0.7442626953125,A0BC,-0.686020431984737,-22480,-0.68603515625,A830
5468,0.02734,-0.73842927170891,-24197,-0.738433837890625,A17B,-0.692720627172371,-22699,-0.692718505859375,A755
5469,0.027345,-0.741432809388907,-24295,-0.741424560546875,A119,-0.687019617133066,-22512,-0.68701171875,A810
5470,0.02735,-0.741282969140446,-24290,-0.74127197265625,A11E,-0.683185784554305,-22387,-0.683197021484375,A88D
5471,0.027355,-0.73559329185349,-24104,-0.735595703125,A1D8,-0.679155588331246,-22255,-0.679168701171875,A911
5472,0.02736,-0.735811739872425,-24111,-0.735809326171875,A1D1,-0.68519126074058,-22452,-0.6851806640625,A84C
5473,0.027365,-0.735052984627753,-24086,-0.73504638671875,A1EA,-0.677302503856172,-22194,-0.67730712890625,A94E
5474,0.02737,-0.74092321304245,-24279,-0.740936279296875,A129,-0.680214872278722,-22289,-0.680206298828125,A8EF
5475,0.027375,-0.73935527335155,-24227,-0.739349365234375,A15D,-0.676373365559736,-22163,-0.676361083984375,A96D
5476,0.02738,-0.74294488861855,-24345,-0.742950439453125,A0E7,-0.667820398264909,-21883,-0.667816162109375,AA85
5477,0.027385,-0.730504633413373,-23937,-0.730499267578125,A27F,-0.681909948000303,-22345,-0.681915283203125,A8B7
5478,0.02739,-0.7403913591543,-24261,-0.740386962890625,A13B,-0.669642728707865,-21943,-0.669647216796875,AA49
5479,0.027395,-0.737897176280552,-24179,-0.737884521484375,A18D,-0.677394776669223,-22197,-0.677398681640625,A94B
5480,0.0274,-0.723841027217663,-23719,-0.723846435546875,A359,-0.665286108195665,-21800,-0.665283203125,AAD8
5481,0.027405,-0.720387334113617,-23606,-0.72039794921875,A3CA,-0.670718510945848,-21978,-0.67071533203125,AA26
5482,0.02741,-0.732420325159124,-24000,-0.732421875,A240,-0.677345209969643,-22195,-0.677337646484375,A94D
5483,0.027415,-0.728064537334872,-23857,-0.728057861328125,A2CF,-0.669586048259413,-21941,-0.669586181640625,AA4B
5484,0.02742,-0.734836613414053,-24079,-0.734832763671875,A1F1,-0.676078948251359,-22154,-0.67608642578125,A976
5485,0.027425,-0.720038792069166,-23594,-0.72003173828125,A3D6,-0.665946878234761,-21822,-0.66595458984375,AAC2
5486,0.02743,-0.72465718396602,-23746,-0.72467041015625,A33E,-0.666000918506214,-21824,-0.666015625,AAC0
5487,0.027435,-0.725605859024195,-23777,-0.725616455078125,A31F,-0.66342773259202,-21739,-0.663421630859375,AB15
5488,0.02744,-0.719172089241287,-23566,-0.71917724609375,A3F2,-0.661910487560236,-21689,-0.661895751953125,AB47
5489,0.027445,-0.706278702287882,-23143,-0.706268310546875,A599,-0.653121396976081,-21401,-0.653106689453125,AC67
5490,0.02745,-0.720019814365093,-23594,-0.72003173828125,A3D6,-0.657410118488504,-21542,-0.65740966796875,ABDA
5491,0.027455,-0.710996409505337,-23298,-0.71099853515625,A4FE,-0.647501723024569,-21217,-0.647491455078125,AD1F
5492,0.02746,-0.70816560816396,-23205,-0.708160400390625,A55B,-0.654412741751318,-21444,-0.6544189453125,AC3C
5493,0.027465,-0.711493800644813,-23314,-0.71148681640625,A4EE,-0.65829583932735,-21571,-0.658294677734375,ABBD
5494,0.02747,-0.711226281771023,-23305,-0.711212158203125,A4F7,-0.65759391237111,-21548,-0.6575927734375,ABD4
5495,0.027475,-0.710483891539368,-23281,-0.710479736328125,A50F,-0.646524080449826,-21185,-0.646514892578125,AD3F
5496,0.02748,-0.704408140425649,-23082,-0.70440673828125,A5D6,-0.654646331321868,-21451,-0.654632568359375,AC35
5497,0.027485,-0.708781120320184,-23225,-0.708770751953125,A547,-0.655309886229092,-21473,-0.655303955078125,AC1F
5498,0.02749,-0.704413374835684,-23082,-0.70440673828125,A5D6,-0.649793822638885,-21292,-0.6497802734375,ACD4
5499,0.027495,-0.698247956293381,-22880,-0.6982421875,A6A0,-0.658886392732919,-21590,-0.65887451171875,ABAA
5500,0.0275,-0.707197753309526,-23173,-0.707183837890625,A57B,-0.661409318686904,-21673,-0.661407470703125,AB57
5501,0.027505,-0.699383883851802,-22917,-0.699371337890625,A67B,-0.652337192463691,-21376,-0.65234375,AC80
5502,0.02751,-0.700503732615356,-22954,-0.70050048828125,A656,-0.652602862222507,-21384,-0.652587890625,AC78
5503,0.027515,-0.700865967438261,-22966,-0.70086669921875,A64A,-0.651911587778243,-21362,-0.65191650390625,AC8E
5504,0.02752,-0.695773649023487,-22799,-0.695770263671875,A6F1,-0.642181683306825,-21043,-0.642181396484375,ADCD
5505,0.027525,-0.694531954969903,-22758,-0.69451904296875,A71A,-0.640862247698741,-21000,-0.640869140625,ADF8
5506,0.02753,-0.689587976911077,-22596,-0.6895751953125,A7BC,-0.644449788181678,-21117,-0.644439697265625,AD83
5507,0.027535,-0.692669554319359,-22697,-0.692657470703125,A757,-0.634782168428609,-20801,-0.634796142578125,AEBF
5508,0.02754,-0.684191814258458,-22420,-0.6842041015625,A86C,-0.645427732394084,-21149,-0.645416259765625,AD63
5509,0.027545,-0.684159250705286,-22419,-0.684173583984375,A86D,-0.643870236714749,-21098,-0.64385986328125,AD96
5510,0.02755,-0.686966210780981,-22511,-0.686981201171875,A811,-0.642669279788674,-21059,-0.642669677734375,ADBD
5511,0.027555,-0.678095755579621,-22220,-0.6781005859375,A934,-0.638626975118551,-20927,-0.638641357421875,AE41
5512,0.02756,-0.684393796745316,-22426,-0.68438720703125,A866,-0.639427278642229,-20953,-0.639434814453125,AE27
5513,0.027565,-0.677036709060618,-22185,-0.677032470703125,A957,-0.639447563004014,-20953,-0.639434814453125,AE27
5514,0.02757,-0.674752680424708,-22110,-0.67474365234375,A9A2,-0.639016368899194,-20939,-0.639007568359375,AE35
5515,0.027575,-0.676540799304319,-22169,-0.676544189453125,A967,-0.635226317364191,-20815,-0.635223388671875,AEB1
5516,0.02758,-0.681155374507117,-22320,-0.68115234375,A8D0,-0.637326951918811,-20884,-0.6373291015625,AE6C
5517,0.027585,-0.670333519430418,-21965,-0.670318603515625,AA33,-0.642692808164108,-21060,-0.6427001953125,ADBC
5518,0.02759,-0.670164243453084,-21960,-0.670166015625,AA38,-0.636547795571825,-20858,-0.63653564453125,AE86
5519,0.027595,-0.674262387290472,-22094,-0.67425537109375,A9B2,-0.638063040545723,-20908,-0.6380615234375,AE54
5520,0.0276,-0.662477619134339,-21708,-0.6624755859375,AB34,-0.639032187625714,-20940,-0.6390380859375,AE34
5521,0.027605,-0.668219997920228,-21896,-0.668212890625,AA78,-0.634824513795323,-20802,-0.63482666015625,AEBE
5522,0.02761,-0.6694000486889,-21935,-0.669403076171875,AA51,-0.64261864117559,-21057,-0.642608642578125,ADBF
5523,0.027615,-0.66700508878207,-21856,-0.6669921875,AAA0,-0.632150344751131,-20714,-0.63214111328125,AF16
5524,0.02762,-0.668269160105098,-21898,-0.66827392578125,AA76,-0.636574365421831,-20859,-0.636566162109375,AE85
5525,0.027625,-0.66780736459393,-21883,-0.667816162109375,AA85,-0.645569260074371,-21154,-0.64556884765625,AD5E
5526,0.02763,-0.662672342180403,-21714,-0.66265869140625,AB2E,-0.636132595893494,-20845,-0.636138916015625,AE93
5527,0.027635,-0.668277279235487,-21898,-0.66827392578125,AA76,-0.630822558785367,-20671,-0.630828857421875,AF41
5528,0.02764,-0.661272022287753,-21669,-0.661285400390625,AB5B,-0.631361198796224,-20688,-0.63134765625,AF30
5529,0.027645,-0.65835761092367,-21573,-0.658355712890625,ABBB,-0.629490420017652,-20627,-0.629486083984375,AF6D
5530,0.02765,-0.654114891280584,-21434,-0.65411376953125,AC46,-0.637479919087267,-20889,-0.637481689453125,AE67
5531,0.027655,-0.66709778250626,-21859,-0.667083740234375,AA9D,-0.63044548024076,-20658,-0.63043212890625,AF4E
5532,0.02766,-0.654602996624125,-21450,-0.65460205078125,AC36,-0.632500590618967,-20726,-0.63250732421875,AF0A
5533,0.027665,-0.657759202796982,-21553,-0.657745361328125,ABCF,-0.633945014823989,-20773,-0.633941650390625,AEDB
5534,0.02767,-0.66037509494435,-21639,-0.660369873046875,AB79,-0.624685250655812,-20470,-0.62469482421875,B00A
5535,0.027675,-0.662774446795736,-21718,-0.66278076171875,AB2A,-0.634353300396073,-20786,-0.63433837890625,AECE
5536,0.02768,-0.670029432369573,-21956,-0.6700439453125,AA3C,-0.625014345875268,-20480,-0.625,B000
5537,0.027685,-0.65406167947698,-21432,-0.654052734375,AC48,-0.624353606110152,-20459,-0.624359130859375,B015
5538,0.02769,-0.64800884830751,-21234,-0.64801025390625,AD0E,-0.622816556075144,-20408,-0.622802734375,B048
5539,0.027695,-0.648900671541016,-21263,-0.648895263671875,ACF1,-0.629293769367272,-20621,-0.629302978515625,AF73
5540,0.0277,-0.660465947127003,-21642,-0.66046142578125,AB76,-0.620221298886136,-20323,-0.620208740234375,B09D
5541,0.027705,-0.653979907896683,-21430,-0.65399169921875,AC4A,-0.628687138269886,-20601,-0.628692626953125,AF87
5542,0.02771,-0.647110742562558,-21205,-0.647125244140625,AD2B,-0.621293544120885,-20359,-0.621307373046875,B079
5543,0.027715,-0.659652973070992,-21616,-0.65966796875,AB90,-0.61529993531728,-20162,-0.61529541015625,B13E
5544,0.02772,-0.649039413253481,-21268,-0.6490478515625,ACEC,-0.619098481534027,-20287,-0.619110107421875,B0C1
5545,0.027725,-0.643945429475175,-21101,-0.643951416015625,AD93,-0.623738138831113,-20439,-0.623748779296875,B029
5546,0.02773,-0.655474170503362,-21479,-0.655487060546875,AC19,-0.617391772424047,-20231,-0.617401123046875,B0F9
5547,0.027735,-0.653386828223002,-21410,-0.65338134765625,AC5E,-0.621702871858901,-20372,-0.6217041015625,B06C
5548,0.02774,-0.656822641425435,-21523,-0.656829833984375,ABED,-0.624422060088229,-20461,-0.624420166015625,B013
5549,0.027745,-0.652133283855685,-21369,-0.652130126953125,AC87,-0.617274483235507,-20227,-0.617279052734375,B0FD
5550,0.02775,-0.644397236632882,-21116,-0.6444091796875,AD84,-0.618197852901827,-20257,-0.618194580078125,B0DF
5551,0.027755,-0.651337170795128,-21343,-0.651336669921875,ACA1,-0.622711240010554,-20405,-0.622711181640625,B04B
5552,0.02776,-0.653413255670487,-21411,-0.653411865234375,AC5D,-0.628871964604414,-20607,-0.628875732421875,AF81
5553,0.027765,-0.653670776740372,-21419,-0.653656005859375,AC55,-0.609824350818113,-19983,-0.609832763671875,B1F1
5554,0.02777,-0.665501212164383,-21807,-0.665496826171875,AAD1,-0.613294815532616,-20096,-0.61328125,B180
5555,0.027775,-0.654014954887855,-21431,-0.654022216796875,AC49,-0.611959872495517,-20053,-0.611968994140625,B1AB
5556,0.02778,-0.654481471549103,-21446,-0.65447998046875,AC3A,-0.619213676197661,-20290,-0.61920166015625,B0BE
5557,0.027785,-0.651819299004361,-21359,-0.651824951171875,AC91,-0.609513103246747,-19973,-0.609527587890625,B1FB
5558,0.02779,-0.650414895630766,-21313,-0.650421142578125,ACBF,-0.612730955913676,-20078,-0.61273193359375,B192
5559,0.027795,-0.654682771360013,-21453,-0.654693603515625,AC33,-0.604875457849762,-19821,-0.604888916015625,B293
5560,0.0278,-0.667313235458955,-21867,-0.667327880859375,AA95,-0.613695171635784,-20110,-0.61370849609375,B172
5561,0.027805,-0.650577897714648,-21318,-0.65057373046875,ACBA,-0.607005452212529,-19890,-0.60699462890625,B24E
5562,0.02781,-0.653722498381517,-21421,-0.653717041015625,AC53,-0.612016619718203,-20055,-0.612030029296875,B1A9
5563,0.027815,-0.655430170017074,-21477,-0.655426025390625,AC1B,-0.604455793861443,-19807,-0.604461669921875,B2A1
5564,0.02782,-0.643005682464777,-21070,-0.64300537109375,ADB2,-0.607273058241397,-19899,-0.607269287109375,B245
5565,0.027825,-0.660127992901122,-21631,-0.660125732421875,AB81,-0.599001909001917,-19628,-0.5989990234375,B354
5566,0.02783,-0.658359722282883,-21573,-0.658355712890625,ABBB,-0.592761741667393,-19424,-0.5927734375,B420
5567,0.027835,-0.657753666525622,-21553,-0.657745361328125,ABCF,-0.596049795544549,-19531,-0.596038818359375,B3B5
5568,0.02784,-0.660625187499636,-21647,-0.660614013671875,AB71,-0.594331439951375,-19475,-0.594329833984375,B3ED
5569,0.027845,-0.659231586496044,-21602,-0.65924072265625,AB9E,-0.599890524355444,-19657,-0.599884033203125,B337
5570,0.02785,-0.659906978617681,-21624,-0.659912109375,AB88,-0.591499759727286,-19382,-0.59149169921875,B44A
5571,0.027855,-0.664897205760364,-21787,-0.664886474609375,AAE5,-0.613156772709262,-20092,-0.6131591796875,B184
5572,0.02786,-0.663635749277746,-21746,-0.66363525390625,AB0E,-0.596658039166247,-19551,-0.596649169921875,B3A1
5573,0.027865,-0.660376064511168,-21639,-0.660369873046875,AB79,-0.600161199356676,-19666,-0.60015869140625,B32E
5574,0.02787,-0.661657812329078,-21681,-0.661651611328125,AB4F,-0.599087849183505,-19631,-0.599090576171875,B351
5575,0.027875,-0.659671541109064,-21616,-0.65966796875,AB90,-0.59034186295015,-19344,-0.59033203125,B470
5576,0.02788,-0.657051848005604,-21530,-0.65704345703125,ABE6,-0.589535883466966,-19318,-0.58953857421875,B48A
5577,0.027885,-0.670933661728219,-21985,-0.670928955078125,AA1F,-0.591463037934144,-19381,-0.591461181640625,B44B
5578,0.02789,-0.670025147048626,-21955,-0.670013427734375,AA3D,-0.594552688978563,-19482,-0.59454345703125,B3E6
5579,0.027895,-0.667437456955688,-21871,-0.667449951171875,AA91,-0.589780162977059,-19326,-0.58978271484375,B482
5580,0.0279,-0.657226713559202,-21536,-0.6572265625,ABE0,-0.59156340132692,-19384,-0.591552734375,B448
5581,0.027905,-0.665897573122692,-21820,-0.6658935546875,AAC4,-0.589552643508553,-19318,-0.58953857421875,B48A
5582,0.02791,-0.668799868327552,-21915,-0.668792724609375,AA65,-0.578871689569886,-18968,-0.578857421875,B5E8
5583,0.027915,-0.671739096100197,-22012,-0.6717529296875,AA04,-0.578692504686498,-18963,-0.578704833984375,B5ED
5584,0.02792,-0.665110727754002,-21794,-0.66510009765625,AADE,-0.588803254996532,-19294,-0.58880615234375,B4A2
5585,0.027925,-0.666708745262639,-21847,-0.666717529296875,AAA9,-0.582093810871735,-19074,-0.58209228515625,B57E
5586,0.02793,-0.666835942653933,-21851,-0.666839599609375,AAA5,-0.583085593661962,-19107,-0.583099365234375,B55D
5587,0.027935,-0.668590243421175,-21908,-0.6685791015625,AA6C,-0.580305111935559,-19015,-0.580291748046875,B5B9
5588,0.02794,-0.662591541661345,-21712,-0.66259765625,AB30,-0.57702832017702,-18908,-0.5770263671875,B624
5589,0.027945,-0.675450825316613,-22133,-0.675445556640625,A98B,-0.57948495119831,-18989,-0.579498291015625,B5D3
5590,0.02795,-0.670949095710186,-21986,-0.67095947265625,AA1E,-0.574155517551273,-18814,-0.57415771484375,B682
5591,0.027955,-0.662068243906593,-21695,-0.662078857421875,AB41,-0.581696260125805,-19061,-0.581695556640625,B58B
5592,0.02796,-0.665555485424666,-21809,-0.665557861328125,AACF,-0.573472332128957,-18792,-0.573486328125,B698
5593,0.027965,-0.667723005331395,-21880,-0.667724609375,AA88,-0.572901696327368,-18773,-0.572906494140625,B6AB
5594,0.02797,-0.670949915982062,-21986,-0.67095947265625,AA1E,-0.577365535883792,-18919,-0.577362060546875,B619
5595,0.027975,-0.67545488829424,-22133,-0.675445556640625,A98B,-0.573203783626381,-18783,-0.573211669921875,B6A1
5596,0.02798,-0.6675180669013,-21873,-0.667510986328125,AA8F,-0.570147595754504,-18683,-0.570159912109375,B705
5597,0.027985,-0.671451213708429,-22002,-0.67144775390625,AA0E,-0.56432272246177,-18492,-0.5643310546875,B7C4
5598,0.02799,-0.66529077949888,-21800,-0.665283203125,AAD8,-0.572589400778865,-18763,-0.572601318359375,B6B5
5599,0.027995,-0.660722197621131,-21651,-0.660736083984375,AB6D,-0.57714114960964,-18912,-0.5771484375,B620
5600,0.028,-0.670799105583351,-21981,-0.670806884765625,AA23,-0.566490449058837,-18563,-0.566497802734375,B77D
5601,0.028005,-0.660809585473793,-21653,-0.660797119140625,AB6B,-0.563755529575014,-18473,-0.563751220703125,B7D7
5602,0.02801,-0.66473155776817,-21782,-0.66473388671875,AAEA,-0.566884046719873,-18576,-0.56689453125,B770
5603,0.028015,-0.670197138535524,-21961,-0.670196533203125,AA37,-0.573018910501119,-18777,-0.573028564453125,B6A7
5604,0.02802,-0.661653925730108,-21681,-0.661651611328125,AB4F,-0.568935395073574,-18643,-0.568939208984375,B72D
5605,0.028025,-0.667303894786628,-21866,-0.66729736328125,AA96,-0.570210772022845,-18685,-0.570220947265625,B703
5606,0.02803,-0.658408870478106,-21575,-0.658416748046875,ABB9,-0.558253863269913,-18293,-0.558258056640625,B88B
5607,0.028035,-0.672747760652454,-22045,-0.672760009765625,A9E3,-0.570926491618033,-18708,-0.5709228515625,B6EC
5608,0.02804,-0.660043849733433,-21628,-0.6600341796875,AB84,-0.565408181980529,-18527,-0.565399169921875,B7A1
5609,0.028045,-0.652899741251544,-21394,-0.65289306640625,AC6E,-0.562958377891036,-18447,-0.562957763671875,B7F1
5610,0.02805,-0.664992460546971,-21790,-0.66497802734375,AAE2,-0.575336624620919,-18853,-0.575347900390625,B65B
5611,0.028055,-0.659366674167467,-21606,-0.65936279296875,AB9A,-0.560818781155021,-18377,-0.560821533203125,B837
5612,0.02806,-0.669956959660262,-21953,-0.669952392578125,AA3F,-0.573442625181422,-18791,-0.573455810546875,B699
5613,0.028065,-0.661434698564751,-21674,-0.66143798828125,AB56,-0.557499092434389,-18268,-0.5574951171875,B8A4
5614,0.02807,-0.658616969288853,-21582,-0.65863037109375,ABB2,-0.568258701764596,-18621,-0.568267822265625,B743
5615,0.028075,-0.666840183290221,-21851,-0.666839599609375,AAA5,-0.559035975092452,-18318,-0.55902099609375,B872
5616,0.02808,-0.656645815141364,-21517,-0.656646728515625,ABF3,-0.554452979832614,-18168,-0.554443359375,B908
5617,0.028085,-0.66173945822006,-21684,-0.6617431640625,AB4C,-0.550749700575361,-18047,-0.550750732421875,B981
5618,0.02809,-0.655859704446804,-21491,-0.655853271484375,AC0D,-0.553867819997941,-18149,-0.553863525390625,B91B
5619,0.028095,-0.660858339837977,-21655,-0.660858154296875,AB69,-0.558545894803091,-18302,-0.55853271484375,B882
5620,0.0281,-0.664095837200293,-21761,-0.664093017578125,AAFF,-0.562175795052599,-18421,-0.562164306640625,B80B
5621,0.028105,-0.657718573123554,-21552,-0.65771484375,ABD0,-0.548954688015208,-17988,-0.5489501953125,B9BC
5622,0.02811,-0.652134929840561,-21369,-0.652130126953125,AC87,-0.555476721764014,-18202,-0.55548095703125,B8E6
5623,0.028115,-0.660362333687377,-21639,-0.660369873046875,AB79,-0.558571902516256,-18303,-0.558563232421875,B881
5624,0.02812,-0.656588343673114,-21515,-0.656585693359375,ABF5,-0.541482571052076,-17743,-0.541473388671875,BAB1
5625,0.028125,-0.655103057847318,-21466,-0.65509033203125,AC26,-0.561626702706241,-18403,-0.561614990234375,B81D
5626,0.02813,-0.651578655270691,-21351,-0.651580810546875,AC99,-0.546487289370338,-17907,-0.546478271484375,BA0D
5627,0.028135,-0.649890503489476,-21296,-0.64990234375,ACD0,-0.55486728678268,-18182,-0.55487060546875,B8FA
5628,0.02814,-0.652614007793375,-21385,-0.652618408203125,AC77,-0.545620135536399,-17879,-0.545623779296875,BA29
5629,0.028145,-0.66046483959015,-21642,-0.66046142578125,AB76,-0.552898175141268,-18117,-0.552886962890625,B93B
5630,0.02815,-0.649006662560211,-21267,-0.649017333984375,ACED,-0.549820559735059,-18017,-0.549835205078125,B99F
5631,0.028155,-0.653056303844058,-21399,-0.653045654296875,AC69,-0.551015902064506,-18056,-0.551025390625,B978
5632,0.02816,-0.642493331900735,-21053,-0.642486572265625,ADC3,-0.548807709718999,-17983,-0.548797607421875,B9C1
5633,0.028165,-0.650513990054198,-21316,-0.6505126953125,ACBC,-0.545182949758805,-17865,-0.545196533203125,BA37
5634,0.02817,-0.653572207718792,-21416,-0.653564453125,AC58,-0.547719717011649,-17948,-0.5477294921875,B9E4
5635,0.028175,-0.644382110558909,-21115,-0.644378662109375,AD85,-0.545814395599294,-17885,-0.545806884765625,BA23
5636,0.02818,-0.656695445670454,-21519,-0.656707763671875,ABF1,-0.537999418585167,-17629,-0.537994384765625,BB23
5637,0.028185,-0.64977274284353,-21292,-0.6497802734375,ACD4,-0.543731524236413,-17817,-0.543731689453125,BA67
5638,0.02819,-0.655393216087364,-21476,-0.6553955078125,AC1C,-0.547797314440388,-17950,-0.54779052734375,B9E2
5639,0.028195,-0.654600639499158,-21450,-0.65460205078125,AC36,-0.532492858867822,-17449,-0.532501220703125,BBD7
5640,0.0282,-0.647948106499975,-21232,-0.64794921875,AD10,-0.537885532172003,-17625,-0.537872314453125,BB27
5641,0.028205,-0.649688417319357,-21289,-0.649688720703125,ACD7,-0.529731390659352,-17358,-0.52972412109375,BC32
5642,0.02821,-0.658403950141225,-21575,-0.658416748046875,ABB9,-0.53082204929537,-17394,-0.53082275390625,BC0E
5643,0.028215,-0.657880429925933,-21557,-0.657867431640625,ABCB,-0.530732792540944,-17391,-0.530731201171875,BC11
5644,0.02822,-0.655101473097173,-21466,-0.65509033203125,AC26,-0.531058645371872,-17402,-0.53106689453125,BC06
5645,0.028225,-0.648599676981576,-21253,-0.648590087890625,ACFB,-0.528705245829167,-17325,-0.528717041015625,BC53
5646,0.02823,-0.65736911810911,-21541,-0.657379150390625,ABDB,-0.537406909097171,-17610,-0.53741455078125,BB36
5647,0.028235,-0.661712610219706,-21683,-0.661712646484375,AB4D,-0.529242472267777,-17342,-0.52923583984375,BC42
5648,0.02824,-0.659129523091733,-21598,-0.65911865234375,ABA2,-0.528225701710182,-17309,-0.528228759765625,BC63
5649,0.028245,-0.651292459042517,-21342,-0.65130615234375,ACA2,-0.534024455672789,-17499,-0.534027099609375,BBA5
5650,0.02825,-0.657800308792096,-21555,-0.657806396484375,ABCD,-0.528646657925988,-17323,-0.528656005859375,BC55
5651,0.028255,-0.652093404133752,-21368,-0.652099609375,AC88,-0.520844525806058,-17067,-0.520843505859375,BD55
5652,0.02826,-0.6571991722035,-21535,-0.657196044921875,ABE1,-0.51407080476916,-16845,-0.514068603515625,BE33
5653,0.028265,-0.652841501598282,-21392,-0.65283203125,AC70,-0.523126398097667,-17142,-0.52313232421875,BD0A
5654,0.02827,-0.659267812108825,-21603,-0.659271240234375,AB9D,-0.517092986105123,-16944,-0.51708984375,BDD0
5655,0.028275,-0.657389978785276,-21541,-0.657379150390625,ABDB,-0.516788813615293,-16934,-0.51678466796875,BDDA
5656,0.02828,-0.670086354975631,-21957,-0.670074462890625,AA3B,-0.519867669050127,-17035,-0.519866943359375,BD75
5657,0.028285,-0.652077770953831,-21367,-0.652069091796875,AC89,-0.524397636669216,-17183,-0.524383544921875,BCE1
5658,0.02829,-0.664997895623036,-21791,-0.665008544921875,AAE1,-0.512874905341794,-16806,-0.51287841796875,BE5A
5659,0.028295,-0.668047009365129,-21891,-0.668060302734375,AA7D,-0.508135067083111,-16651,-0.508148193359375,BEF5
5660,0.0283,-0.66851985208871,-21906,-0.66851806640625,AA6E,-0.507820056446707,-16640,-0.5078125,BF00
5661,0.028305,-0.667327286417675,-21867,-0.667327880859375,AA95,-0.507665169119701,-16635,-0.507659912109375,BF05
5662,0.02831,-0.666262211460599,-21832,-0.666259765625,AAB8,-0.508713468623673,-16670,-0.50872802734375,BEE2
5663,0.028315,-0.679292724794845,-22259,-0.679290771484375,A90D,-0.501455221156491,-16432,-0.50146484375,BFD0
5664,0.02832,-0.670696920753889,-21977,-0.670684814453125,AA27,-0.50082331460042,-16411,-0.500823974609375,BFE5
5665,0.028325,-0.664939535486171,-21789,-0.664947509765625,AAE3,-0.51056946858772,-16730,-0.51055908203125,BEA6
5666,0.02833,-0.681483662362417,-22331,-0.681488037109375,A8C5,-0.510346728821143,-16723,-0.510345458984375,BEAD
5667,0.028335,-0.681382199047792,-22328,-0.681396484375,A8C8,-0.496842455696115,-16281,-0.496856689453125,C067
5668,0.02834,-0.690320252625672,-22620,-0.6903076171875,A7A4,-0.50073033531367,-16408,-0.500732421875,BFE8
5669,0.028345,-0.669520282784577,-21939,-0.669525146484375,AA4D,-0.502758595399191,-16474,-0.50274658203125,BFA6
5670,0.02835,-0.680425073646743,-22296,-0.680419921875,A8E8,-0.51029071705006,-16721,-0.510284423828125,BEAF
5671,0.028355,-0.678334832561695,-22228,-0.6783447265625,A92C,-0.496664316683061,-16275,-0.496673583984375,C06D
5672,0.02836,-0.695668386366501,-22796,-0.6956787109375,A6F4,-0.49875918217408,-16343,-0.498748779296875,C029
5673,0.028365,-0.689533047727462,-22595,-0.689544677734375,A7BD,-0.496380312821507,-16265,-0.496368408203125,C077
5674,0.02837,-0.68253805851547,-22365,-0.682525634765625,A8A3,-0.495669342592452,-16242,-0.49566650390625,C08E
5675,0.028375,-0.691387693868458,-22655,-0.691375732421875,A781,-0.499205275267587,-16358,-0.49920654296875,C01A
5676,0.02838,-0.700463684071801,-22953,-0.700469970703125,A657,-0.4957004315388,-16243,-0.495697021484375,C08D
5677,0.028385,-0.699792179528804,-22931,-0.699798583984375,A66D,-0.490171258744564,-16062,-0.49017333984375,C142
5678,0.02839,-0.688638769527186,-22565,-0.688629150390625,A7DB,-0.494011222035306,-16188,-0.4940185546875,C0C4
5679,0.028395,-0.693081581156179,-22711,-0.693084716796875,A749,-0.489393169366604,-16036,-0.4893798828125,C15C
5680,0.0284,-0.705459235460521,-23116,-0.7054443359375,A5B4,-0.481146916231639,-15766,-0.48114013671875,C26A
5681,0.028405,-0.70727561480678,-23176,-0.707275390625,A578,-0.47886299616406,-15691,-0.478851318359375,C2B5
5682,0.02841,-0.701326418062225,-22981,-0.701324462890625,A63B,-0.493939587166659,-16185,-0.493927001953125,C0C7
5683,0.028415,-0.699224440996013,-22912,-0.69921875,A680,-0.487507910284693,-15975,-0.487518310546875,C199
5684,0.02842,-0.709595862492546,-23252,-0.7095947265625,A52C,-0.486768075255673,-15950,-0.48675537109375,C1B2
5685,0.028425,-0.704478700231889,-23084,-0.7044677734375,A5D4,-0.479778846290215,-15721,-0.479766845703125,C297
5686,0.02843,-0.702183098540374,-23009,-0.702178955078125,A61F,-0.479374017835142,-15708,-0.4793701171875,C2A4
5687,0.028435,-0.716360192096037,-23474,-0.71636962890625,A44E,-0.473648144697851,-15521,-0.473663330078125,C35F
5688,0.02844,-0.707915804098956,-23197,-0.707916259765625,A563,-0.492689953236876,-16144,-0.49267578125,C0F0
5689,0.028445,-0.706404935303668,-23147,-0.706390380859375,A595,-0.480252111733443,-15737,-0.480255126953125,C287
5690,0.02845,-0.714410844589042,-23410,-0.71441650390625,A48E,-0.482126539258755,-15798,-0.48211669921875,C24A
5691,0.028455,-0.709394589443307,-23245,-0.709381103515625,A533,-0.477315108215581,-15641,-0.477325439453125,C2E7
5692,0.02846,-0.715955599144665,-23460,-0.7159423828125,A45C,-0.47142666573963,-15448,-0.471435546875,C3A8
5693,0.028465,-0.724429704591398,-23738,-0.72442626953125,A346,-0.465424144743862,-15251,-0.465423583984375,C46D
5694,0.02847,-0.725787940535902,-23783,-0.725799560546875,A319,-0.471289996036976,-15443,-0.471282958984375,C3AD
5695,0.028475,-0.732313776886558,-23996,-0.7322998046875,A244,-0.468643752401409,-15357,-0.468658447265625,C403
5696,0.02848,-0.717159991091378,-23500,-0.7171630859375,A434,-0.473323511630746,-15510,-0.47332763671875,C36A
5697,0.028485,-0.729341507039241,-23899,-0.729339599609375,A2A5,-0.464852743557067,-15232,-0.46484375,C480
5698,0.02849,-0.724561409281159,-23742,-0.72454833984375,A342,-0.470298562693103,-15411,-0.470306396484375,C3CD
5699,0.028495,-0.717020962371427,-23495,-0.717010498046875,A439,-0.46175450390653,-15131,-0.461761474609375,C4E5
5700,0.0285,-0.72199364442274,-23658,-0.72198486328125,A396,-0.467344838497261,-15314,-0.46734619140625,C42E
5701,0.028505,-0.722458638335115,-23674,-0.72247314453125,A386,-0.472475783505199,-15482,-0.47247314453125,C386
5702,0.02851,-0.71681003197359,-23488,-0.716796875,A440,-0.471193447171365,-15440,-0.47119140625,C3B0
5703,0.028515,-0.72936883358725,-23900,-0.7293701171875,A2A4,-0.451377359470837,-14791,-0.451385498046875,C639
5704,0.02852,-0.722403892687985,-23672,-0.722412109375,A388,-0.465809851540738,-15264,-0.4658203125,C460
5705,0.028525,-0.72813734940654,-23860,-0.7281494140625,A2CC,-0.46756594742936,-15321,-0.467559814453125,C427
5706,0.02853,-0.724054942396007,-23726,-0.72406005859375,A352,-0.462083703089121,-15142,-0.46209716796875,C4DA
5707,0.028535,-0.726274874959017,-23799,-0.726287841796875,A309,-0.461543987310874,-15124,-0.4615478515625,C4EC
5708,0.02854,-0.724396553912411,-23737,-0.724395751953125,A347,-0.455160666951351,-14915,-0.455169677734375,C5BD
5709,0.028545,-0.721626168298366,-23646,-0.72161865234375,A3A2,-0.457470732994774,-14990,-0.45745849609375,C572
5710,0.02855,-0.729660231071627,-23910,-0.72967529296875,A29A,-0.455517934728524,-14926,-0.45550537109375,C5B2
5711,0.028555,-0.723558493106818,-23710,-0.72357177734375,A362,-0.454755674738499,-14901,-0.454742431640625,C5CB
5712,0.02856,-0.727246077558044,-23830,-0.72723388671875,A2EA,-0.467175514424273,-15308,-0.4671630859375,C434
5713,0.028565,-0.722520917583729,-23676,-0.7225341796875,A384,-0.447854959593007,-14675,-0.447845458984375,C6AD
5714,0.02857,-0.73123586504057,-23961,-0.731231689453125,A267,-0.442575885110594,-14502,-0.44256591796875,C75A
5715,0.028575,-0.727689596923362,-23845,-0.727691650390625,A2DB,-0.455591358174445,-14929,-0.455596923828125,C5AF
5716,0.02858,-0.728948132067944,-23886,-0.72894287109375,A2B2,-0.451231446200418,-14786,-0.45123291015625,C63E
5717,0.028585,-0.720859308390704,-23621,-0.720855712890625,A3BB,-0.450913485427957,-14776,-0.450927734375,C648
5718,0.02859,-0.732817621269915,-24013,-0.732818603515625,A233,-0.452611237278898,-14831,-0.452606201171875,C611
5719,0.028595,-0.720614255504072,-23613,-0.720611572265625,A3C3,-0.449764064146394,-14738,-0.44976806640625,C66E
5720,0.0286,-0.723128605439797,-23695,-0.723114013671875,A371,-0.443520801356244,-14533,-0.443511962890625,C73B
5721,0.028605,-0.732509401277452,-24003,-0.732513427734375,A23D,-0.439516711212195,-14402,-0.43951416015625,C7BE
5722,0.02861,-0.737537041185504,-24168,-0.737548828125,A198,-0.439337263893334,-14396,-0.4393310546875,C7C4
5723,0.028615,-0.722389844627978,-23671,-0.722381591796875,A389,-0.439508512528601,-14402,-0.43951416015625,C7BE
5724,0.02862,-0.733553844621496,-24037,-0.733551025390625,A21B,-0.437978891190848,-14352,-0.43798828125,C7F0
5725,0.028625,-0.729037539940448,-23889,-0.729034423828125,A2AF,-0.432257686992755,-14164,-0.4322509765625,C8AC
5726,0.02863,-0.736462536316765,-24132,-0.7364501953125,A1BC,-0.426801561096374,-13985,-0.426788330078125,C95F
5727,0.028635,-0.738701275478906,-24206,-0.73870849609375,A172,-0.430781232326844,-14116,-0.4307861328125,C8DC
5728,0.02864,-0.730957635651341,-23952,-0.73095703125,A270,-0.434013156816082,-14222,-0.43402099609375,C872
5729,0.028645,-0.734428158212867,-24066,-0.73443603515625,A1FE,-0.438164188346357,-14358,-0.43817138671875,C7EA
5730,0.02865,-0.735961289822001,-24116,-0.7359619140625,A1CC,-0.419185012648408,-13736,-0.419189453125,CA58
5731,0.028655,-0.736027454400046,-24118,-0.73602294921875,A1CA,-0.435503198031563,-14271,-0.435516357421875,C841
5732,0.02866,-0.741436005788555,-24295,-0.741424560546875,A119,-0.427243556611337,-14000,-0.42724609375,C950
5733,0.028665,-0.736454297624549,-24132,-0.7364501953125,A1BC,-0.424045906582863,-13895,-0.424041748046875,C9B9
5734,0.02867,-0.731485451227399,-23969,-0.731475830078125,A25F,-0.431882354472599,-14152,-0.431884765625,C8B8
5735,0.028675,-0.742774940964826,-24339,-0.742767333984375,A0ED,-0.425282214915233,-13936,-0.42529296875,C990
5736,0.02868,-0.730750565718193,-23945,-0.730743408203125,A277,-0.425680011555911,-13949,-0.425689697265625,C983
5737,0.028685,-0.739097159278398,-24219,-0.739105224609375,A165,-0.428434055745825,-14039,-0.428436279296875,C929
5738,0.02869,-0.7350849042161,-24087,-0.735076904296875,A1E9,-0.414642773495087,-13587,-0.414642333984375,CAED
5739,0.028695,-0.747896921466837,-24507,-0.747894287109375,A045,-0.423605999819706,-13881,-0.423614501953125,C9C7
5740,0.0287,-0.744507909574382,-24396,-0.7445068359375,A0B4,-0.427674958377664,-14014,-0.42767333984375,C942
5741,0.028705,-0.755330042271179,-24751,-0.755340576171875,9F51,-0.42186854830712,-13824,-0.421875,CA00
5742,0.02871,-0.75192717970419,-24639,-0.751922607421875,9FC1,-0.418860897973184,-13725,-0.418853759765625,CA63
5743,0.028715,-0.747317148337091,-24488,-0.747314453125,A058,-0.427232180970522,-14000,-0.42724609375,C950
5744,0.02872,-0.762488986137782,-24985,-0.762481689453125,9E67,-0.416188665131496,-13638,-0.41619873046875,CABA
5745,0.028725,-0.763929888607479,-25032,-0.763916015625,9E38,-0.422825116741735,-13855,-0.422821044921875,C9E1
5746,0.02873,-0.75839107192511,-24851,-0.758392333984375,9EED,-0.417860171654773,-13692,-0.4178466796875,CA84
5747,0.028735,-0.765826636560064,-25095,-0.765838623046875,9DF9,-0.411744240069765,-13492,-0.4117431640625,CB4C
5748,0.02874,-0.76403983503811,-25036,-0.7640380859375,9E34,-0.425208859939974,-13933,-0.425201416015625,C993
5749,0.028745,-0.770934834761557,-25262,-0.77093505859375,9D52,-0.417752959136026,-13689,-0.417755126953125,CA87
5750,0.02875,-0.767083647992534,-25136,-0.76708984375,9DD0,-0.413733155352398,-13557,-0.413726806640625,CB0B
5751,0.028755,-0.761115930088657,-24940,-0.7611083984375,9E94,-0.42132382813371,-13806,-0.42132568359375,CA12
5752,0.02876,-0.763835455365346,-25029,-0.763824462890625,9E3B,-0.415222245316862,-13606,-0.41522216796875,CADA
5753,0.028765,-0.770156248968628,-25236,-0.7701416015625,9D6C,-0.408439768227644,-13384,-0.408447265625,CBB8
5754,0.02877,-0.761304108407195,-24946,-0.76129150390625,9E8E,-0.412803039715611,-13527,-0.412811279296875,CB29
5755,0.028775,-0.77324542168317,-25338,-0.77325439453125,9D06,-0.415249070646778,-13607,-0.415252685546875,CAD9
5756,0.02878,-0.775466488939757,-25410,-0.77545166015625,9CBE,-0.408324807965464,-13380,-0.4083251953125,CBBC
5757,0.028785,-0.786290118750362,-25765,-0.786285400390625,9B5B,-0.413517006992374,-13550,-0.41351318359375,CB12
5758,0.02879,-0.787563043856231,-25807,-0.787567138671875,9B31,-0.408511561873217,-13386,-0.40850830078125,CBB6
5759,0.028795,-0.787347572783402,-25800,-0.787353515625,9B38,-0.397616936554127,-13029,-0.397613525390625,CD1B
5760,0.0288,-0.778032214055717,-25495,-0.778045654296875,9C69,-0.400919135431601,-13137,-0.400909423828125,CCAF
5761,0.028805,-0.78266918270054,-25647,-0.782684326171875,9BD1,-0.404568761661247,-13257,-0.404571533203125,CC37
5762,0.02881,-0.786872044654485,-25784,-0.786865234375,9B48,-0.41006077693558,-13437,-0.410064697265625,CB83
5763,0.028815,-0.790796113855319,-25913,-0.790802001953125,9AC7,-0.400935695525543,-13138,-0.40093994140625,CCAE
5764,0.02882,-0.799622402560438,-26202,-0.79962158203125,99A6,-0.399256878283523,-13083,-0.399261474609375,CCE5
5765,0.028825,-0.790939985926716,-25918,-0.79095458984375,9AC2,-0.406325361813334,-13314,-0.40631103515625,CBFE
5766,0.02883,-0.798103495503538,-26152,-0.798095703125,99D8,-0.38834242608748,-12725,-0.388336181640625,CE4B
5767,0.028835,-0.795317997303892,-26061,-0.795318603515625,9A33,-0.39979489744596,-13100,-0.3997802734375,CCD4
5768,0.02884,-0.804390903459621,-26358,-0.80438232421875,990A,-0.398324988513856,-13052,-0.3983154296875,CD04
5769,0.028845,-0.806032106758415,-26412,-0.8060302734375,98D4,-0.401799137585999,-13166,-0.40179443359375,CC92
5770,0.02885,-0.800562190599423,-26233,-0.800567626953125,9987,-0.395590700530578,-12963,-0.395599365234375,CD5D
5771,0.028855,-0.807633125970055,-26465,-0.807647705078125,989F,-0.392902367888612,-12875,-0.392913818359375,CDB5
5772,0.02886,-0.795404769825789,-26064,-0.79541015625,9A30,-0.3914865722781,-12828,-0.3914794921875,CDE4
5773,0.028865,-0.809175002445718,-26515,-0.809173583984375,986D,-0.390279526783913,-12789,-0.390289306640625,CE0B
5774,0.02887,-0.80400409438678,-26346,-0.80401611328125,9916,-0.407552849511332,-13355,-0.407562255859375,CBD5
5775,0.028875,-0.807594995393883,-26463,-0.807586669921875,98A1,-0.388168986029881,-12720,-0.38818359375,CE50
5776,0.02888,-0.809476514030602,-26525,-0.809478759765625,9863,-0.396514737863983,-12993,-0.396514892578125,CD3F
5777,0.028885,-0.805607844440016,-26398,-0.80560302734375,98E2,-0.395715737951077,-12967,-0.395721435546875,CD59
5778,0.02889,-0.808677204490705,-26499,-0.808685302734375,987D,-0.384342568250679,-12594,-0.38433837890625,CECE
5779,0.028895,-0.798079688124817,-26151,-0.798065185546875,99D9,-0.390915182018886,-12810,-0.39093017578125,CDF6
5780,0.0289,-0.795425057754472,-26064,-0.79541015625,9A30,-0.384406519172631,-12596,-0.3843994140625,CECC
5781,0.028905,-0.804867519654894,-26374,-0.80487060546875,98FA,-0.386127674888721,-12653,-0.386138916015625,CE93
5782,0.02891,-0.812094732000255,-26611,-0.812103271484375,980D,-0.3810130267966,-12485,-0.381011962890625,CF3B
5783,0.028915,-0.807670614794046,-26466,-0.80767822265625,989E,-0.38457496118371,-12602,-0.38458251953125,CEC6
5784,0.02892,-0.80983475556358,-26537,-0.809844970703125,9857,-0.39294031887991,-12876,-0.3929443359375,CDB4
5785,0.028925,-0.795024887603236,-26051,-0.795013427734375,9A3D,-0.395823966036513,-12970,-0.39581298828125,CD56
5786,0.02893,-0.794606929879322,-26038,-0.79461669921875,9A4A,-0.380590738359304,-12471,-0.380584716796875,CF49
5787,0.028935,-0.797079964962841,-26119,-0.797088623046875,99F9,-0.38735133044018,-12693,-0.387359619140625,CE6B
5788,0.02894,-0.784797588603171,-25716,-0.7847900390625,9B8C,-0.380509570444242,-12469,-0.380523681640625,CF4B
5789,0.028945,-0.793266460449823,-25994,-0.79327392578125,9A76,-0.378067166920992,-12389,-0.378082275390625,CF9B
5790,0.02895,-0.795272726083865,-26059,-0.795257568359375,9A35,-0.384816573583882,-12610,-0.38482666015625,CEBE
5791,0.028955,-0.792950623724838,-25983,-0.792938232421875,9A81,-0.371928884143379,-12187,-0.371917724609375,D065
5792,0.02896,-0.791036895076148,-25921,-0.791046142578125,9ABF,-0.376321191540888,-12331,-0.376312255859375,CFD5
5793,0.028965,-0.790547637018744,-25905,-0.790557861328125,9ACF,-0.376130445784748,-12325,-0.376129150390625,CFDB
5794,0.02897,-0.781434043803722,-25606,-0.78143310546875,9BFA,-0.371465048880286,-12172,-0.3714599609375,D074
5795,0.028975,-0.777523978820762,-25478,-0.77752685546875,9C7A,-0.369949383839117,-12123,-0.369964599609375,D0A5
5796,0.02898,-0.781826450025192,-25619,-0.781829833984375,9BED,-0.374792917851995,-12281,-0.374786376953125,D007
5797,0.028985,-0.788054149337713,-25823,-0.788055419921875,9B21,-0.379040470569182,-12420,-0.3790283203125,CF7C
5798,0.02899,-0.771635767399314,-25285,-0.771636962890625,9D3B,-0.373390851009359,-12235,-0.373382568359375,D035
5799,0.028995,-0.773433429895199,-25344,-0.7734375,9D00,-0.376208796144005,-12328,-0.376220703125,CFD8
5800,0.029,-0.770774221254011,-25257,-0.770782470703125,9D57,-0.366476300362675,-12009,-0.366485595703125,D117
5801,0.029005,-0.765394057705745,-25080,-0.765380859375,9E08,-0.361099875709423,-11833,-0.361114501953125,D1C7
5802,0.02901,-0.768514709799624,-25183,-0.768524169921875,9DA1,-0.364043416767752,-11929,-0.364044189453125,D167
5803,0.029015,-0.768815490825219,-25193,-0.768829345703125,9D97,-0.354573553789691,-11619,-0.354583740234375,D29D
5804,0.02902,-0.75127809287898,-24618,-0.75128173828125,9FD6,-0.36194652371618,-11860,-0.3619384765625,D1AC
5805,0.029025,-0.764679088015885,-25057,-0.764678955078125,9E1F,-0.362797575099877,-11888,-0.36279296875,D190
5806,0.02903,-0.750975172860064,-24608,-0.7509765625,9FE0,-0.3566846045069,-11688,-0.356689453125,D258
5807,0.029035,-0.755757814272139,-24765,-0.755767822265625,9F43,-0.358626010529339,-11751,-0.358612060546875,D219
5808,0.02904,-0.74451555385257,-24396,-0.7445068359375,A0B4,-0.355461676803631,-11648,-0.35546875,D280
5809,0.029045,-0.74080733551165,-24275,-0.740814208984375,A12D,-0.355813757005516,-11659,-0.355804443359375,D275
5810,0.02905,-0.749931508793883,-24574,-0.74993896484375,A002,-0.350325234426399,-11479,-0.350311279296875,D329
5811,0.029055,-0.736218320263,-24124,-0.7362060546875,A1C4,-0.353656941649318,-11589,-0.353668212890625,D2BB
5812,0.02906,-0.74135793106908,-24293,-0.741363525390625,A11B,-0.350765897114915,-11494,-0.35076904296875,D31A
5813,0.029065,-0.72651783974219,-23807,-0.726531982421875,A301,-0.355285694316917,-11642,-0.35528564453125,D286
5814,0.02907,-0.73997689800919,-24248,-0.739990234375,A148,-0.348838710373587,-11431,-0.348846435546875,D359
5815,0.029075,-0.735400403920716,-24098,-0.73541259765625,A1DE,-0.346444481092281,-11352,-0.346435546875,D3A8
5816,0.02908,-0.734526407724934,-24069,-0.734527587890625,A1FB,-0.349657281817269,-11458,-0.34967041015625,D33E
5817,0.029085,-0.732019239418775,-23987,-0.732025146484375,A24D,-0.340239109943812,-11149,-0.340240478515625,D473
5818,0.02909,-0.715580475095067,-23448,-0.715576171875,A468,-0.345122326496525,-11309,-0.345123291015625,D3D3
5819,0.029095,-0.726220231044341,-23797,-0.726226806640625,A30B,-0.337794175489134,-11069,-0.337799072265625,D4C3
5820,0.0291,-0.71255630183407,-23349,-0.712554931640625,A4CB,-0.348951127546031,-11434,-0.34893798828125,D356
5821,0.029105,-0.713859213235166,-23392,-0.7138671875,A4A0,-0.34153239228333,-11191,-0.341522216796875,D449
5822,0.02911,-0.71370355950892,-23387,-0.713714599609375,A4A5,-0.339178937628262,-11114,-0.33917236328125,D496
5823,0.029115,-0.70804952493034,-23201,-0.708038330078125,A55F,-0.347398168997447,-11384,-0.347412109375,D388
5824,0.02912,-0.709450371797371,-23247,-0.709442138671875,A531,-0.338918498483868,-11106,-0.33892822265625,D49E
5825,0.029125,-0.710849913153519,-23293,-0.710845947265625,A503,-0.342542813751844,-11224,-0.342529296875,D428
5826,0.02913,-0.704139597949088,-23073,-0.704132080078125,A5DF,-0.337593170925442,-11062,-0.33758544921875,D4CA
5827,0.029135,-0.698329185602024,-22883,-0.698333740234375,A69D,-0.330938928648211,-10844,-0.3309326171875,D5A4
5828,0.02914,-0.702031691362636,-23004,-0.7020263671875,A624,-0.331665055819405,-10868,-0.3316650390625,D58C
5829,0.029145,-0.702200473488546,-23010,-0.70220947265625,A61E,-0.333398880142213,-10925,-0.333404541015625,D553
5830,0.02915,-0.701225072514926,-22978,-0.70123291015625,A63E,-0.328349900637679,-10759,-0.328338623046875,D5F9
5831,0.029155,-0.704037964102016,-23070,-0.70404052734375,A5E2,-0.330625820324925,-10834,-0.33062744140625,D5AE
5832,0.02916,-0.694017894703404,-22742,-0.69403076171875,A72A,-0.334944388506559,-10975,-0.334930419921875,D521
5833,0.029165,-0.709896737983108,-23262,-0.70989990234375,A522,-0.322608960716432,-10571,-0.322601318359375,D6B5
5834,0.02917,-0.705774233308022,-23127,-0.705780029296875,A5A9,-0.31810965944798,-10424,-0.318115234375,D748
5835,0.029175,-0.6949447526612,-22772,-0.6949462890625,A70C,-0.3342395343311,-10952,-0.334228515625,D538
5836,0.02918,-0.687561367952495,-22530,-0.68756103515625,A7FE,-0.323072723843659,-10586,-0.32305908203125,D6A6
5837,0.029185,-0.698618405333421,-22892,-0.6986083984375,A694,-0.324726997822053,-10641,-0.324737548828125,D66F
5838,0.02919,-0.692322075049277,-22686,-0.69232177734375,A762,-0.320326854473974,-10496,-0.3203125,D700
5839,0.029195,-0.687511180630466,-22528,-0.6875,A800,-0.314766577794451,-10314,-0.31475830078125,D7B6
5840,0.0292,-0.698429026281326,-22886,-0.69842529296875,A69A,-0.313885217298014,-10285,-0.313873291015625,D7D3
5841,0.029205,-0.699714566763706,-22928,-0.69970703125,A670,-0.325097756710876,-10653,-0.325103759765625,D663
5842,0.02921,-0.689032697039516,-22578,-0.68902587890625,A7CE,-0.321808384396563,-10545,-0.321807861328125,D6CF
5843,0.029215,-0.693461754879098,-22723,-0.693450927734375,A73D,-0.315553953479982,-10340,-0.3155517578125,D79C
5844,0.02922,-0.701006568345069,-22971,-0.701019287109375,A645,-0.328695877641534,-10771,-0.328704833984375,D5ED
5845,0.029225,-0.688799352380443,-22571,-0.688812255859375,A7D5,-0.320150831049664,-10491,-0.320159912109375,D705
5846,0.02923,-0.699958124552286,-22936,-0.699951171875,A668,-0.323298050104853,-10594,-0.32330322265625,D69E
5847,0.029235,-0.697886211041652,-22868,-0.6978759765625,A6AC,-0.313576697678221,-10275,-0.313568115234375,D7DD
5848,0.02924,-0.690077929806992,-22612,-0.6900634765625,A7AC,-0.310215480758856,-10165,-0.310211181640625,D84B
5849,0.029245,-0.6926278187791,-22696,-0.692626953125,A758,-0.32212247147082,-10555,-0.322113037109375,D6C5
5850,0.02925,-0.698595485391452,-22892,-0.6986083984375,A694,-0.313683246235498,-10279,-0.313690185546875,D7D9
5851,0.029255,-0.701203542739249,-22977,-0.701202392578125,A63F,-0.316955976981741,-10386,-0.31695556640625,D76E
5852,0.02926,-0.700753239058903,-22962,-0.70074462890625,A64E,-0.312956687774501,-10255,-0.312957763671875,D7F1
5853,0.029265,-0.70920842194042,-23239,-0.709197998046875,A539,-0.302618027807816,-9916,-0.3026123046875,D944
5854,0.02927,-0.701269075773702,-22979,-0.701263427734375,A63D,-0.302958239161707,-9927,-0.302947998046875,D939
5855,0.029275,-0.691109704070518,-22646,-0.69110107421875,A78A,-0.307782840126588,-10085,-0.307769775390625,D89B
5856,0.02928,-0.705003171901995,-23102,-0.70501708984375,A5C2,-0.30152133817324,-9880,-0.301513671875,D968
5857,0.029285,-0.692709439898617,-22699,-0.692718505859375,A755,-0.309542399359377,-10143,-0.309539794921875,D861
5858,0.02929,-0.699345162757963,-22916,-0.6993408203125,A67C,-0.30514878519559,-9999,-0.305145263671875,D8F1
5859,0.029295,-0.701868429459931,-22999,-0.701873779296875,A629,-0.308191415198302,-10099,-0.308197021484375,D88D
5860,0.0293,-0.697062966100764,-22841,-0.697052001953125,A6C7,-0.305117137779796,-9998,-0.30511474609375,D8F2
5861,0.029305,-0.704687702672739,-23091,-0.704681396484375,A5CD,-0.307174067129455,-10065,-0.307159423828125,D8AF
5862,0.02931,-0.708892260496904,-23229,-0.708892822265625,A543,-0.310187017058833,-10164,-0.3101806640625,D84C
5863,0.029315,-0.701184361930438,-22976,-0.701171875,A640,-0.298901207421945,-9794,-0.29888916015625,D9BE
5864,0.02932,-0.710962838508752,-23297,-0.710968017578125,A4FF,-0.302217447272343,-9903,-0.302215576171875,D951
5865,0.029325,-0.709683463309635,-23255,-0.709686279296875,A529,-0.298805875940067,-9791,-0.298797607421875,D9C1
5866,0.02933,-0.704230289111843,-23076,-0.7042236328125,A5DC,-0.296193209811853,-9706,-0.29620361328125,DA16
5867,0.029335,-0.704504775632227,-23085,-0.704498291015625,A5D3,-0.299784695993837,-9823,-0.299774169921875,D9A1
5868,0.02934,-0.713945666021525,-23395,-0.713958740234375,A49D,-0.294212178733528,-9641,-0.294219970703125,DA57
5869,0.029345,-0.701662694180885,-22992,-0.70166015625,A630,-0.291091407560484,-9538,-0.29107666015625,DABE
5870,0.02935,-0.712548626230269,-23349,-0.712554931640625,A4CB,-0.296158973588838,-9705,-0.296173095703125,DA17
5871,0.029355,-0.708991248212224,-23232,-0.708984375,A540,-0.281922335051426,-9238,-0.28192138671875,DBEA
5872,0.02936,-0.706720891458402,-23158,-0.70672607421875,A58A,-0.287870252098986,-9433,-0.287872314453125,DB27
5873,0.029365,-0.709442230869976,-23247,-0.709442138671875,A531,-0.287839997836795,-9432,-0.287841796875,DB28
5874,0.02937,-0.699813502519067,-22931,-0.699798583984375,A66D,-0.293299267382889,-9611,-0.293304443359375,DA75
5875,0.029375,-0.70973351796431,-23257,-0.709747314453125,A527,-0.285407598454121,-9352,-0.285400390625,DB78
5876,0.02938,-0.708999692418552,-23233,-0.709014892578125,A53F,-0.282475121461421,-9256,-0.282470703125,DBD8
5877,0.029385,-0.706826089224876,-23161,-0.706817626953125,A587,-0.280143754074351,-9180,-0.2801513671875,DC24
5878,0.02939,-0.704791045852064,-23095,-0.704803466796875,A5C9,-0.283541716115182,-9291,-0.283538818359375,DBB5
5879,0.029395,-0.70459889486617,-23088,-0.70458984375,A5D0,-0.277750572489929,-9101,-0.277740478515625,DC73
5880,0.0294,-0.703011602652789,-23036,-0.7030029296875,A604,-0.274406687027645,-8992,-0.2744140625,DCE0
5881,0.029405,-0.696952668636391,-22838,-0.69696044921875,A6CA,-0.279546629100609,-9160,-0.279541015625,DC38
5882,0.02941,-0.701468783995318,-22986,-0.70147705078125,A636,-0.275564982148801,-9030,-0.27557373046875,DCBA
5883,0.029415,-0.70479307341641,-23095,-0.704803466796875,A5C9,-0.283944261382788,-9304,-0.283935546875,DBA8
5884,0.02942,-0.705350028528789,-23113,-0.705352783203125,A5B7,-0.265512742325383,-8700,-0.2655029296875,DE04
5885,0.029425,-0.695007787788724,-22774,-0.69500732421875,A70A,-0.264534112296498,-8668,-0.2645263671875,DE24
5886,0.02943,-0.700624732985284,-22958,-0.70062255859375,A652,-0.266211372054037,-8723,-0.266204833984375,DDED
5887,0.029435,-0.690941568628763,-22641,-0.690948486328125,A78F,-0.265317663609897,-8694,-0.26531982421875,DE0A
5888,0.02944,-0.691977645599961,-22675,-0.691986083984375,A76D,-0.26802828810578,-8783,-0.268035888671875,DDB1
5889,0.029445,-0.700512031694191,-22954,-0.70050048828125,A656,-0.270265510966409,-8856,-0.270263671875,DD68
5890,0.02945,-0.696426671734945,-22821,-0.696441650390625,A6DB,-0.262154749179452,-8590,-0.26214599609375,DE72
5891,0.029455,-0.690753768348043,-22635,-0.690765380859375,A795,-0.266109130119319,-8720,-0.26611328125,DDF0
5892,0.02946,-0.690858257372948,-22638,-0.69085693359375,A792,-0.263824833578778,-8645,-0.263824462890625,DE3B
5893,0.029465,-0.685519793876691,-22463,-0.685516357421875,A841,-0.263662791058699,-8640,-0.263671875,DE40
5894,0.02947,-0.684929096547833,-22444,-0.6849365234375,A854,-0.258378246499281,-8467,-0.258392333984375,DEED
5895,0.029475,-0.692096144464114,-22679,-0.692108154296875,A769,-0.251438050140427,-8239,-0.251434326171875,DFD1
5896,0.02948,-0.68241041817131,-22361,-0.682403564453125,A8A7,-0.25201240818651,-8258,-0.25201416015625,DFBE
5897,0.029485,-0.681292258258804,-22325,-0.681304931640625,A8CB,-0.257182861407888,-8427,-0.257171630859375,DF15
5898,0.02949,-0.682837801052522,-22375,-0.682830810546875,A899,-0.255081580409651,-8359,-0.255096435546875,DF59
5899,0.029495,-0.679807750132679,-22276,-0.6798095703125,A8FC,-0.250933596885442,-8223,-0.250946044921875,DFE1
5900,0.0295,-0.674668972703304,-22108,-0.6746826171875,A9A4,-0.250165999996059,-8197,-0.250152587890625,DFFB
5901,0.029505,-0.664323634335207,-21769,-0.664337158203125,AAF7,-0.242455161370997,-7945,-0.242462158203125,E0F7
5902,0.02951,-0.676525726802674,-22168,-0.676513671875,A968,-0.234640221018399,-7689,-0.234649658203125,E1F7
5903,0.029515,-0.669989359521566,-21954,-0.66998291015625,AA3E,-0.252508218851562,-8274,-0.25250244140625,DFAE
5904,0.02952,-0.679952176276206,-22281,-0.679962158203125,A8F7,-0.244211240682271,-8002,-0.24420166015625,E0BE
5905,0.029525,-0.681892762719491,-22344,-0.681884765625,A8B8,-0.245242890836181,-8036,-0.2452392578125,E09C
5906,0.02953,-0.666286796432588,-21833,-0.666290283203125,AAB7,-0.247945430586601,-8125,-0.247955322265625,E043
5907,0.029535,-0.66577552409603,-21816,-0.665771484375,AAC8,-0.239201433939157,-7838,-0.23919677734375,E162
5908,0.02954,-0.661592916362688,-21679,-0.661590576171875,AB51,-0.231214351528061,-7576,-0.231201171875,E268
5909,0.029545,-0.668534409383113,-21907,-0.668548583984375,AA6D,-0.236102862589318,-7737,-0.236114501953125,E1C7
5910,0.02955,-0.657176885808396,-21534,-0.65716552734375,ABE2,-0.23854243021599,-7817,-0.238555908203125,E177
5911,0.029555,-0.659689806357957,-21617,-0.659698486328125,AB8F,-0.235331632739853,-7711,-0.235321044921875,E1E1
5912,0.02956,-0.660040960373319,-21628,-0.6600341796875,AB84,-0.227376709633029,-7451,-0.227386474609375,E2E5
5913,0.029565,-0.656341217465203,-21507,-0.656341552734375,ABFD,-0.235997128115139,-7733,-0.235992431640625,E1CB
5914,0.02957,-0.658779943749703,-21587,-0.658782958984375,ABAD,-0.237795844818411,-7792,-0.23779296875,E190
5915,0.029575,-0.666254953642509,-21832,-0.666259765625,AAB8,-0.237373754528841,-7778,-0.23736572265625,E19E
5916,0.02958,-0.654898625608876,-21460,-0.6549072265625,AC2C,-0.240050220174188,-7866,-0.24005126953125,E146
5917,0.029585,-0.655815828977034,-21490,-0.65582275390625,AC0E,-0.225480945131757,-7389,-0.225494384765625,E323
5918,0.02959,-0.663958130641874,-21757,-0.663970947265625,AB03,-0.224323418177643,-7351,-0.224334716796875,E349
5919,0.029595,-0.654728711961563,-21454,-0.65472412109375,AC32,-0.220015019986931,-7209,-0.220001220703125,E3D7
5920,0.0296,-0.652226617793303,-21372,-0.6522216796875,AC84,-0.219140574985353,-7181,-0.219146728515625,E3F3
5921,0.029605,-0.652494856503461,-21381,-0.652496337890625,AC7B,-0.21335860067908,-6991,-0.213348388671875,E4B1
5922,0.02961,-0.649778077389792,-21292,-0.6497802734375,ACD4,-0.21444809578897,-7027,-0.214447021484375,E48D
5923,0.029615,-0.652011524378288,-21365,-0.652008056640625,AC8B,-0.211060102762508,-6916,-0.2110595703125,E4FC
5924,0.02962,-0.653995054032817,-21430,-0.65399169921875,AC4A,-0.222559980206681,-7293,-0.222564697265625,E383
5925,0.029625,-0.65224445683218,-21373,-0.652252197265625,AC83,-0.218126538049639,-7148,-0.2181396484375,E414
5926,0.02963,-0.643889801797743,-21099,-0.643890380859375,AD95,-0.211529314113588,-6931,-0.211517333984375,E4ED
5927,0.029635,-0.653867714493821,-21426,-0.65386962890625,AC4E,-0.214423091938406,-7026,-0.21441650390625,E48E
5928,0.02964,-0.648700118495051,-21257,-0.648712158203125,ACF7,-0.212478862455122,-6963,-0.212493896484375,E4CD
5929,0.029645,-0.646871787035422,-21197,-0.646881103515625,AD33,-0.211551452148881,-6932,-0.2115478515625,E4EC
5930,0.02965,-0.651622345891626,-21352,-0.651611328125,AC98,-0.208144073086002,-6820,-0.2081298828125,E55C
5931,0.029655,-0.648268662934439,-21242,-0.64825439453125,AD06,-0.215918407985329,-7075,-0.215911865234375,E45D
5932,0.02966,-0.642112050565286,-21041,-0.642120361328125,ADCF,-0.216708573599529,-7101,-0.216705322265625,E443
5933,0.029665,-0.655123731772085,-21467,-0.655120849609375,AC25,-0.206859487951293,-6778,-0.20684814453125,E586
5934,0.02967,-0.643884718390028,-21099,-0.643890380859375,AD95,-0.209892279809112,-6878,-0.20989990234375,E522
5935,0.029675,-0.64464985897592,-21124,-0.6446533203125,AD7C,-0.212679955858838,-6969,-0.212677001953125,E4C7
5936,0.02968,-0.649430708932736,-21281,-0.649444580078125,ACDF,-0.211214829579234,-6921,-0.211212158203125,E4F7
5937,0.029685,-0.654361818177491,-21442,-0.65435791015625,AC3E,-0.212992641473612,-6979,-0.212982177734375,E4BD
5938,0.02969,-0.63540634885745,-20821,-0.635406494140625,AEAB,-0.206034777326525,-6751,-0.206024169921875,E5A1
5939,0.029695,-0.644493375895902,-21119,-0.644500732421875,AD81,-0.203265723692255,-6661,-0.203277587890625,E5FB
5940,0.0297,-0.646188100664099,-21174,-0.64617919921875,AD4A,-0.213039726117684,-6981,-0.213043212890625,E4BB
5941,0.029705,-0.641329534712194,-21015,-0.641326904296875,ADE9,-0.203653217541146,-6673,-0.203643798828125,E5EF
5942,0.02971,-0.64962082819196,-21287,-0.649627685546875,ACD9,-0.202061949919601,-6621,-0.202056884765625,E623
5943,0.029715,-0.638940302988986,-20937,-0.638946533203125,AE37,-0.196707520446518,-6446,-0.19671630859375,E6D2
5944,0.02972,-0.639173686855184,-20944,-0.63916015625,AE30,-0.19120399151958,-6265,-0.191192626953125,E787
5945,0.029725,-0.638863310700693,-20934,-0.63885498046875,AE3A,-0.188559539409355,-6179,-0.188568115234375,E7DD
5946,0.02973,-0.644300459674532,-21112,-0.644287109375,AD88,-0.201943181876607,-6617,-0.201934814453125,E627
5947,0.029735,-0.645975314313083,-21167,-0.645965576171875,AD51,-0.196620366204834,-6443,-0.196624755859375,E6D5
5948,0.02974,-0.636967378225886,-20872,-0.636962890625,AE78,-0.19574285305731,-6414,-0.19573974609375,E6F2
5949,0.029745,-0.643054308691893,-21072,-0.64306640625,ADB0,-0.196222135922478,-6430,-0.19622802734375,E6E2
5950,0.02975,-0.641679982891691,-21027,-0.641693115234375,ADDD,-0.194874865808524,-6386,-0.19488525390625,E70E
5951,0.029755,-0.6471076088604,-21204,-0.6470947265625,AD2C,-0.198060051889957,-6490,-0.19805908203125,E6A6
5952,0.02976,-0.649948407810581,-21298,-0.64996337890625,ACCE,-0.192193399933144,-6298,-0.19219970703125,E766
5953,0.029765,-0.642346926870867,-21048,-0.642333984375,ADC8,-0.201701484374974,-6609,-0.201690673828125,E62F
5954,0.02977,-0.635208759980819,-20815,-0.635223388671875,AEB1,-0.190636008134356,-6247,-0.190643310546875,E799
5955,0.029775,-0.640167191411836,-20977,-0.640167236328125,AE0F,-0.186721436660767,-6118,-0.18670654296875,E81A
5956,0.02978,-0.642253406626842,-21045,-0.642242431640625,ADCB,-0.187672465617608,-6150,-0.18768310546875,E7FA
5957,0.029785,-0.635425079974324,-20822,-0.63543701171875,AEAA,-0.19008931172231,-6229,-0.190093994140625,E7AB
5958,0.02979,-0.644621056845898,-21123,-0.644622802734375,AD7D,-0.175805772127963,-5761,-0.175811767578125,E97F
5959,0.029795,-0.628651766607883,-20600,-0.628662109375,AF88,-0.189008663867136,-6193,-0.188995361328125,E7CF
5960,0.0298,-0.635799417038931,-20834,-0.63580322265625,AE9E,-0.184487630728882,-6045,-0.184478759765625,E863
5961,0.029805,-0.635770773053649,-20833,-0.635772705078125,AE9F,-0.171332791043841,-5614,-0.17132568359375,EA12
5962,0.02981,-0.631832087570905,-20704,-0.6318359375,AF20,-0.185611053826792,-6082,-0.18560791015625,E83E
5963,0.029815,-0.638973294513422,-20938,-0.63897705078125,AE36,-0.181279720787549,-5940,-0.1812744140625,E8CC
5964,0.02982,-0.627879689801057,-20574,-0.62786865234375,AFA2,-0.177977512311046,-5832,-0.177978515625,E938
5965,0.029825,-0.624237150046048,-20455,-0.624237060546875,B019,-0.174430484897646,-5716,-0.1744384765625,E9AC
5966,0.02983,-0.638394596429167,-20919,-0.638397216796875,AE49,-0.180175447522343,-5904,-0.18017578125,E8F0
5967,0.029835,-0.627247481820261,-20554,-0.62725830078125,AFB6,-0.179537593483595,-5883,-0.179534912109375,E905
5968,0.02984,-0.632222598155736,-20717,-0.632232666015625,AF13,-0.166213258409301,-5446,-0.16619873046875,EABA
5969,0.029845,-0.629869755893828,-20640,-0.6298828125,AF60,-0.172576155248753,-5655,-0.172576904296875,E9E9
5970,0.02985,-0.62129027016154,-20358,-0.62127685546875,B07A,-0.167726497420524,-5496,-0.167724609375,EA88
5971,0.029855,-0.624238245451844,-20455,-0.624237060546875,B019,-0.166945656255327,-5470,-0.16693115234375,EAA2
5972,0.02986,-0.619930101328862,-20314,-0.61993408203125,B0A6,-0.172071795779484,-5638,-0.17205810546875,E9FA
5973,0.029865,-0.625181020055362,-20486,-0.62518310546875,AFFA,-0.164189287188307,-5380,-0.1641845703125,EAFC
5974,0.02987,-0.623571801817122,-20433,-0.623565673828125,B02F,-0.16878707898001,-5531,-0.168792724609375,EA65
5975,0.029875,-0.612524561277606,-20071,-0.612518310546875,B199,-0.164108766526566,-5378,-0.16412353515625,EAFE
5976,0.02988,-0.613215195523185,-20094,-0.61322021484375,B182,-0.161389699645624,-5288,-0.161376953125,EB58
5977,0.029885,-0.61442129409559,-20133,-0.614410400390625,B15B,-0.16195486308878,-5307,-0.161956787109375,EB45
5978,0.02989,-0.614262718344074,-20128,-0.6142578125,B160,-0.167325307523278,-5483,-0.167327880859375,EA95
5979,0.029895,-0.603362302559143,-19771,-0.603363037109375,B2C5,-0.169362740802131,-5550,-0.16937255859375,EA52
5980,0.0299,-0.60531735215944,-19835,-0.605316162109375,B285,-0.155613714521078,-5099,-0.155609130859375,EC15
5981,0.029905,-0.607127869368625,-19894,-0.60711669921875,B24A,-0.158001928231893,-5177,-0.157989501953125,EBC7
5982,0.02991,-0.61501815679979,-20153,-0.615020751953125,B147,-0.156099628730971,-5115,-0.156097412109375,EC05
5983,0.029915,-0.610984821923816,-20021,-0.610992431640625,B1CB,-0.165657834906852,-5428,-0.1656494140625,EACC
5984,0.02992,-0.604035855153418,-19793,-0.604034423828125,B2AF,-0.143780269194313,-4711,-0.143768310546875,ED99
5985,0.029925,-0.608049173199672,-19925,-0.608062744140625,B22B,-0.155794653942941,-5105,-0.155792236328125,EC0F
5986,0.02993,-0.605221310684468,-19832,-0.605224609375,B288,-0.157060302868058,-5147,-0.157073974609375,EBE5
5987,0.029935,-0.599336936995499,-19639,-0.599334716796875,B349,-0.156380953324027,-5124,-0.1563720703125,EBFC
5988,0.02994,-0.583875306548796,-19132,-0.5838623046875,B544,-0.161478086682361,-5291,-0.161468505859375,EB55
5989,0.029945,-0.602220125288977,-19734,-0.60223388671875,B2EA,-0.149663538926528,-4904,-0.149658203125,ECD8
5990,0.02995,-0.598537502554624,-19613,-0.598541259765625,B363,-0.146573127198017,-4803,-0.146575927734375,ED3D
5991,0.029955,-0.597986869638454,-19595,-0.597991943359375,B375,-0.152187632952394,-4987,-0.152191162109375,EC85
5992,0.02996,-0.592079578268177,-19401,-0.592071533203125,B437,-0.137926013760928,-4520,-0.137939453125,EE58
5993,0.029965,-0.588586657537957,-19287,-0.588592529296875,B4A9,-0.148767229389003,-4875,-0.148773193359375,ECF5
5994,0.02997,-0.588115559998119,-19271,-0.588104248046875,B4B9,-0.147662295673459,-4839,-0.147674560546875,ED19
5995,0.029975,-0.591218323918965,-19373,-0.591217041015625,B453,-0.143883643138617,-4715,-0.143890380859375,ED95
5996,0.02998,-0.584635124904329,-19157,-0.584625244140625,B52B,-0.142928828516153,-4683,-0.142913818359375,EDB5
5997,0.029985,-0.578381963050097,-18952,-0.578369140625,B5F8,-0.13007312116383,-4262,-0.13006591796875,EF5A
5998,0.02999,-0.582683646513013,-19093,-0.582672119140625,B56B,-0.134553607373816,-4409,-0.134552001953125,EEC7
5999,0.029995,-0.578491905660242,-18956,-0.5784912109375,B5F4,-0.136302534629913,-4466,-0.13629150390625,EE8E
6000,0.03,-0.578496129672884,-18956,-0.5784912109375,B5F4,-0.136942976264499,-4487,-0.136932373046875,EE79
6001,0.030005,-0.585924410530071,-19200,-0.5859375,B500,-0.130070243071587,-4262,-0.13006591796875,EF5A
6002,0.03001,-0.572390367816007,-18756,-0.5723876953125,B6BC,-0.127386151035052,-4174,-0.12738037109375,EFB2
6003,0.030015,-0.568139212313991,-18617,-0.568145751953125,B747,-0.127683500307017,-4184,-0.127685546875,EFA8
6004,0.03002,-0.576420927787531,-18888,-0.576416015625,B638,-0.129365008769714,-4239,-0.129364013671875,EF71
6005,0.030025,-0.574322167785879,-18819,-0.574310302734375,B67D,-0.132200498617275,-4332,-0.1322021484375,EF14
6006,0.03003,-0.576722969094803,-18898,-0.57672119140625,B62E,-0.135844277520626,-4451,-0.135833740234375,EE9D
6007,0.030035,-0.568471849103308,-18628,-0.5684814453125,B73C,-0.134036558376754,-4392,-0.134033203125,EED8
6008,0.03004,-0.579051870901285,-18974,-0.57904052734375,B5E2,-0.128317347945434,-4205,-0.128326416015625,EF93
6009,0.030045,-0.570288342396635,-18687,-0.570281982421875,B701,-0.125807750446796,-4122,-0.12579345703125,EFE6
6010,0.03005,-0.576353890213109,-18886,-0.57635498046875,B63A,-0.130194658024799,-4266,-0.13018798828125,EF56
6011,0.030055,-0.561707795407019,-18406,-0.56170654296875,B81A,-0.127012543639498,-4162,-0.12701416015625,EFBE
6012,0.03006,-0.568048654184475,-18614,-0.56805419921875,B74A,-0.119444142646168,-3914,-0.11944580078125,F0B6
6013,0.030065,-0.561155146544562,-18388,-0.5611572265625,B82C,-0.114966897897596,-3767,-0.114959716796875,F149
6014,0.03007,-0.552876173337903,-18117,-0.552886962890625,B93B,-0.121317138614831,-3975,-0.121307373046875,F079
6015,0.030075,-0.56323108057254,-18456,-0.563232421875,B7E8,-0.116456786891686,-3816,-0.116455078125,F118
6016,0.03008,-0.567254068285786,-18588,-0.5672607421875,B764,-0.115058834264783,-3770,-0.11505126953125,F146
6017,0.030085,-0.563520819246682,-18465,-0.563507080078125,B7DF,-0.112426318651353,-3684,-0.1124267578125,F19C
6018,0.03009,-0.562001152451202,-18416,-0.56201171875,B810,-0.116844132747049,-3829,-0.116851806640625,F10B
6019,0.030095,-0.559827207985988,-18344,-0.559814453125,B858,-0.10846689427451,-3554,-0.10845947265625,F21E
6020,0.0301,-0.565065542511645,-18516,-0.5650634765625,B7AC,-0.121341861159101,-3976,-0.121337890625,F078
6021,0.030105,-0.559700170644292,-18340,-0.5596923828125,B85C,-0.118485688946268,-3883,-0.118499755859375,F0D5
6022,0.03011,-0.560484944526873,-18366,-0.56048583984375,B842,-0.109702574526254,-3595,-0.109710693359375,F1F5
6023,0.030115,-0.559297251624282,-18327,-0.559295654296875,B869,-0.109824055617357,-3599,-0.109832763671875,F1F1
6024,0.03012,-0.55864545292366,-18306,-0.55865478515625,B87E,-0.114848764604547,-3763,-0.114837646484375,F14D
6025,0.030125,-0.554011096781251,-18154,-0.55401611328125,B916,-0.106683007682058,-3496,-0.106689453125,F258
6026,0.03013,-0.550987754310017,-18055,-0.550994873046875,B979,-0.106461822779068,-3489,-0.106475830078125,F25F
6027,0.030135,-0.549405639321224,-18003,-0.549407958984375,B9AD,-0.102427820671322,-3356,-0.1024169921875,F2E4
6028,0.03014,-0.553664799977564,-18142,-0.55364990234375,B922,-0.100027048902585,-3278,-0.10003662109375,F332
6029,0.030145,-0.548333856843429,-17968,-0.54833984375,B9D0,-0.108609284332399,-3559,-0.108612060546875,F219
6030,0.03015,-0.545403767304582,-17872,-0.54541015625,BA30,-0.105137676274025,-3445,-0.105133056640625,F28B
6031,0.030155,-0.551721070131217,-18079,-0.551727294921875,B961,-0.102112303420038,-3346,-0.10211181640625,F2EE
6032,0.03016,-0.548003074979181,-17957,-0.548004150390625,B9DB,-0.0992148424405254,-3251,-0.099212646484375,F34D
6033,0.030165,-0.541354150907558,-17739,-0.541351318359375,BAB5,-0.104494523154267,-3424,-0.1044921875,F2A0
6034,0.03017,-0.555267129180247,-18195,-0.555267333984375,B8ED,-0.0980318759008101,-3212,-0.0980224609375,F374
6035,0.030175,-0.549899231722432,-18019,-0.549896240234375,B99D,-0.0999967392952213,-3277,-0.100006103515625,F333
6036,0.03018,-0.53065888845681,-17389,-0.530670166015625,BC13,-0.0987096508191996,-3235,-0.098724365234375,F35D
6037,0.030185,-0.54073486201213,-17719,-0.540740966796875,BAC9,-0.0834023510413808,-2733,-0.083404541015625,F553
6038,0.03019,-0.544431455583708,-17840,-0.54443359375,BA50,-0.0809693648752288,-2653,-0.080963134765625,F5A3
6039,0.030195,-0.531001784207642,-17400,-0.531005859375,BC08,-0.0847774460690398,-2778,-0.08477783203125,F526
6040,0.0302,-0.540891826184006,-17724,-0.5408935546875,BAC4,-0.0979561599231756,-3210,-0.09796142578125,F376
6041,0.030205,-0.531764895458654,-17425,-0.531768798828125,BBEF,-0.0928824989808242,-3044,-0.0928955078125,F41C
6042,0.03021,-0.54036121621705,-17707,-0.540374755859375,BAD5,-0.083652346051541,-2741,-0.083648681640625,F54B
6043,0.030215,-0.531372310877908,-17412,-0.5313720703125,BBFC,-0.0847114115490433,-2776,-0.084716796875,F528
6044,0.03022,-0.524658066728154,-17192,-0.524658203125,BCD8,-0.0828084194451116,-2713,-0.082794189453125,F567
6045,0.030225,-0.533866008246246,-17494,-0.53387451171875,BBAA,-0.0840640697619241,-2755,-0.084075927734375,F53D
6046,0.03023,-0.529557029318037,-17353,-0.529571533203125,BC37,-0.0846407886966856,-2774,-0.08465576171875,F52A
6047,0.030235,-0.528226693261224,-17309,-0.528228759765625,BC63,-0.078327880323622,-2567,-0.078338623046875,F5F9
6048,0.03024,-0.52298613648438,-17137,-0.522979736328125,BD0F,-0.0791019246592828,-2592,-0.0791015625,F5E0
6049,0.030245,-0.519612453167323,-17027,-0.519622802734375,BD7D,-0.0910642691959495,-2984,-0.091064453125,F458
6050,0.03025,-0.525495081073684,-17219,-0.525482177734375,BCBD,-0.0755310943880464,-2475,-0.075531005859375,F655
6051,0.030255,-0.525145685793689,-17208,-0.525146484375,BCC8,-0.0742481271368702,-2433,-0.074249267578125,F67F
6052,0.03026,-0.514040253317412,-16844,-0.5140380859375,BE34,-0.0725298211383391,-2377,-0.072540283203125,F6B7
6053,0.030265,-0.516966463425621,-16940,-0.5169677734375,BDD4,-0.0711348242875514,-2331,-0.071136474609375,F6E5
6054,0.03027,-0.510565991298575,-16730,-0.51055908203125,BEA6,-0.0740863498994338,-2428,-0.0740966796875,F684
6055,0.030275,-0.511071582648859,-16747,-0.511077880859375,BE95,-0.0692878976116334,-2270,-0.06927490234375,F722
6056,0.03028,-0.516070746704496,-16911,-0.516082763671875,BDF1,-0.0657985516743848,-2156,-0.0657958984375,F794
6057,0.030285,-0.507600136153271,-16633,-0.507598876953125,BF07,-0.0719922531892756,-2359,-0.071990966796875,F6C9
6058,0.03029,-0.504745427470764,-16539,-0.504730224609375,BF65,-0.0753030241098488,-2468,-0.0753173828125,F65C
6059,0.030295,-0.51203715144929,-16778,-0.51202392578125,BE76,-0.0715435927452537,-2344,-0.071533203125,F6D8
6060,0.0303,-0.495445994789244,-16235,-0.495452880859375,C095,-0.0655397580233097,-2148,-0.0655517578125,F79C
6061,0.030305,-0.505759683808041,-16573,-0.505767822265625,BF43,-0.0584814932473919,-1916,-0.0584716796875,F884
6062,0.03031,-0.501803989563901,-16443,-0.501800537109375,BFC5,-0.0699686363939175,-2293,-0.069976806640625,F70B
6063,0.030315,-0.501100466185933,-16420,-0.5010986328125,BFDC,-0.0503756558996754,-1651,-0.050384521484375,F98D
6064,0.03032,-0.499273951707698,-16360,-0.499267578125,C018,-0.073289299905751,-2402,-0.07330322265625,F69E
6065,0.030325,-0.488998600948435,-16024,-0.489013671875,C168,-0.0586925617046893,-1923,-0.058685302734375,F87D
6066,0.03033,-0.48874090627238,-16015,-0.488739013671875,C171,-0.0485192973288256,-1590,-0.04852294921875,F9CA
6067,0.030335,-0.485687950414711,-15915,-0.485687255859375,C1D5,-0.0467364045558168,-1531,-0.046722412109375,FA05
6068,0.03034,-0.48601768911731,-15926,-0.48602294921875,C1CA,-0.0556067492943058,-1822,-0.05560302734375,F8E2
6069,0.030345,-0.491412346285689,-16103,-0.491424560546875,C119,-0.053066359588164,-1739,-0.053070068359375,F935
6070,0.03035,-0.485897966097941,-15922,-0.48590087890625,C1CE,-0.0567490808763379,-1860,-0.0567626953125,F8BC
6071,0.030355,-0.490112608191581,-16060,-0.4901123046875,C144,-0.0500826998732497,-1641,-0.050079345703125,F997
6072,0.03036,-0.477321321134118,-15641,-0.477325439453125,C2E7,-0.0495392574312144,-1623,-0.049530029296875,F9A9
6073,0.030365,-0.486919821499411,-15955,-0.486907958984375,C1AD,-0.0470484180093823,-1542,-0.04705810546875,F9FA
6074,0.03037,-0.473758741977978,-15524,-0.4737548828125,C35C,-0.0458677695418657,-1503,-0.045867919921875,FA21
6075,0.030375,-0.481935290336946,-15792,-0.48193359375,C250,-0.0354974925497779,-1163,-0.035491943359375,FB75
6076,0.03038,-0.476075572928662,-15600,-0.47607421875,C310,-0.0459548714264609,-1506,-0.04595947265625,FA1E
6077,0.030385,-0.474718247236088,-15556,-0.4747314453125,C33C,-0.0367914447006825,-1206,-0.03680419921875,FB4A
6078,0.03039,-0.478447812624372,-15678,-0.47845458984375,C2C2,-0.0391677030427277,-1283,-0.039154052734375,FAFD
6079,0.030395,-0.476751942314271,-15622,-0.47674560546875,C2FA,-0.0395441892316939,-1296,-0.03955078125,FAF0
6080,0.0304,-0.474331341618279,-15543,-0.474334716796875,C349,-0.0309223240847849,-1013,-0.030914306640625,FC0B
6081,0.030405,-0.475916497297911,-15595,-0.475921630859375,C315,-0.0335995534540251,-1101,-0.033599853515625,FBB3
6082,0.03041,-0.470915440623295,-15431,-0.470916748046875,C3B9,-0.0422681687717349,-1385,-0.042266845703125,FA97
6083,0.030415,-0.466687995383788,-15292,-0.4666748046875,C444,-0.0284173587844153,-931,-0.028411865234375,FC5D
6084,0.03042,-0.476180567001309,-15603,-0.476165771484375,C30D,-0.0269677749116046,-884,-0.0269775390625,FC8C
6085,0.030425,-0.472036329037592,-15468,-0.4720458984375,C394,-0.0387588861842094,-1270,-0.03875732421875,FB0A
6086,0.03043,-0.464017864137222,-15205,-0.464019775390625,C49B,-0.0165584481073454,-543,-0.016571044921875,FDE1
6087,0.030435,-0.458842516369869,-15035,-0.458831787109375,C545,-0.0300418784686502,-984,-0.030029296875,FC28
6088,0.03044,-0.474491225944239,-15548,-0.4744873046875,C344,-0.0232484405172476,-762,-0.02325439453125,FD06
6089,0.030445,-0.463127137445049,-15176,-0.463134765625,C4B8,-0.0238760437223161,-782,-0.02386474609375,FCF2
6090,0.03045,-0.467973198934821,-15335,-0.467987060546875,C419,-0.0209666985918594,-687,-0.020965576171875,FD51
6091,0.030455,-0.469162200334986,-15374,-0.46917724609375,C3F2,-0.0204187552222892,-669,-0.020416259765625,FD63
6092,0.03046,-0.467644505952795,-15324,-0.4676513671875,C424,-0.00946342889206663,-310,-0.00946044921875,FECA
6093,0.030465,-0.470116592582249,-15405,-0.470123291015625,C3D3,-0.0215689989205818,-707,-0.021575927734375,FD3D
6094,0.03047,-0.466351438264089,-15281,-0.466339111328125,C44F,-0.0169491340866111,-555,-0.016937255859375,FDD5
6095,0.030475,-0.478224877650152,-15670,-0.47821044921875,C2CA,-0.0190565452931958,-624,-0.01904296875,FD90
6096,0.03048,-0.467725397857945,-15326,-0.46771240234375,C422,-0.0112283707248108,-368,-0.01123046875,FE90
6097,0.030485,-0.466499733634941,-15286,-0.46649169921875,C44A,-0.00632982620601852,-207,-0.006317138671875,FF31
6098,0.03049,-0.468977420917324,-15367,-0.468963623046875,C3F9,-0.0173695533545336,-569,-0.017364501953125,FDC7
6099,0.030495,-0.464792156800231,-15230,-0.46478271484375,C482,-0.01333459296364,-437,-0.013336181640625,FE4B
6100,0.0305,-0.473650579261272,-15521,-0.473663330078125,C35F,-0.00930156472136081,-305,-0.009307861328125,FECF
6101,0.030505,-0.468136562512352,-15340,-0.4681396484375,C414,-0.000903797749918563,-30,-0.00091552734375,FFE2
6102,0.03051,-0.461083704353224,-15109,-0.461090087890625,C4FB,-0.00807064744345137,-264,-0.008056640625,FEF8
6103,0.030515,-0.463376146873784,-15184,-0.46337890625,C4B0,-0.00473104823877703,-155,-0.004730224609375,FF65
6104,0.03052,-0.469923773242183,-15398,-0.46990966796875,C3DA,0.000732647238418922,24,0.000732421875,0018
6105,0.030525,-0.462447822050832,-15153,-0.462432861328125,C4CF,-0.00140362080691987,-46,-0.00140380859375,FFD2
6106,0.03053,-0.472948160201397,-15498,-0.47296142578125,C376,0.00951464467359076,312,0.009521484375,0138
6107,0.030535,-0.465315566980419,-15247,-0.465301513671875,C471,-0.00136843511274432,-45,-0.001373291015625,FFD3
6108,0.03054,-0.46936027147565,-15380,-0.4693603515625,C3EC,0.00822236919639194,269,0.008209228515625,010D
6109,0.030545,-0.464937209172658,-15235,-0.464935302734375,C47D,0.0134536338357124,441,0.013458251953125,01B9
6110,0.03055,-0.473796781058078,-15525,-0.473785400390625,C35B,0.00339602157574254,111,0.003387451171875,006F
6111,0.030555,-0.468394617756467,-15348,-0.4683837890625,C40C,0.018496138501605,606,0.01849365234375,025E
6112,0.03056,-0.465663925469218,-15259,-0.465667724609375,C465,0.00893387269578931,293,0.008941650390625,0125
6113,0.030565,-0.477222013110068,-15638,-0.47723388671875,C2EA,0.00782324812235933,256,0.0078125,0100
6114,0.03057,-0.463612581564638,-15192,-0.463623046875,C4A8,0.00715383945618524,234,0.00714111328125,00EA
6115,0.030575,-0.469694380807815,-15391,-0.469696044921875,C3E1,0.0255377634638416,837,0.025543212890625,0345
6116,0.03058,-0.46858382991193,-15355,-0.468597412109375,C405,0.0141615148422884,464,0.01416015625,01D0
6117,0.030585,-0.472536211296346,-15484,-0.4725341796875,C384,0.0166516703598509,546,0.01666259765625,0222
6118,0.03059,-0.470089540079521,-15404,-0.4700927734375,C3D4,0.0225347123114278,738,0.02252197265625,02E2
6119,0.030595,-0.470024656751641,-15402,-0.47003173828125,C3D6,0.0203185810470162,666,0.02032470703125,029A
6120,0.0306,-0.47389809392951,-15529,-0.473907470703125,C357,0.0220862820124468,724,0.0220947265625,02D4
6121,0.030605,-0.462378525402489,-15151,-0.462371826171875,C4D1,0.0266252314098188,872,0.026611328125,0368
6122,0.03061,-0.462738882480638,-15163,-0.462738037109375,C4C5,0.0241106921255564,790,0.02410888671875,0316
6123,0.030615,-0.462839349928135,-15166,-0.46282958984375,C4C2,0.0383400428884815,1256,0.038330078125,04E8
6124,0.03062,-0.460423109338767,-15087,-0.460418701171875,C511,0.0274913518294501,901,0.027496337890625,0385
6125,0.030625,-0.4599149233567,-15070,-0.45989990234375,C522,0.0296362385007588,971,0.029632568359375,03CB
6126,0.03063,-0.459552144389522,-15059,-0.459564208984375,C52D,0.0447952605154194,1468,0.0447998046875,05BC
6127,0.030635,-0.46296004437065,-15170,-0.46295166015625,C4BE,0.0302675649165831,992,0.0302734375,03E0
6128,0.03064,-0.467576907471483,-15322,-0.46759033203125,C426,0.0274024998427447,898,0.02740478515625,0382
6129,0.030645,-0.455232426969674,-14917,-0.455230712890625,C5BB,0.0411458437082243,1348,0.0411376953125,0544
6130,0.03065,-0.454563143672827,-14895,-0.454559326171875,C5D1,0.0282292075627385,925,0.028228759765625,039D
6131,0.030655,-0.454248942326274,-14885,-0.454254150390625,C5DB,0.0455985900337944,1494,0.04559326171875,05D6
6132,0.03066,-0.452705333555658,-14834,-0.45269775390625,C60E,0.0473311732684137,1551,0.047332763671875,060F
6133,0.030665,-0.453257689623565,-14852,-0.4532470703125,C5FC,0.0362122368185801,1187,0.036224365234375,04A3
6134,0.03067,-0.443975484146059,-14548,-0.4439697265625,C72C,0.0512122679241536,1678,0.05120849609375,068E
6135,0.030675,-0.457283460820383,-14984,-0.457275390625,C578,0.0553071567050826,1812,0.0552978515625,0714
6136,0.03068,-0.448562366231342,-14698,-0.44854736328125,C696,0.0522553570065253,1712,0.05224609375,06B0
6137,0.030685,-0.443926208339229,-14547,-0.443939208984375,C72D,0.0586130061529593,1921,0.058624267578125,0781
6138,0.03069,-0.451961477478874,-14810,-0.45196533203125,C626,0.055999262355803,1835,0.055999755859375,072B
6139,0.030695,-0.446524829793787,-14632,-0.446533203125,C6D8,0.0625492976544679,2050,0.06256103515625,0802
6140,0.0307,-0.442937027617679,-14514,-0.44293212890625,C74E,0.0592226065616814,1941,0.059234619140625,0795
6141,0.030705,-0.442762006175598,-14508,-0.4427490234375,C754,0.0520798584505078,1707,0.052093505859375,06AB
6142,0.03071,-0.439111946434466,-14389,-0.439117431640625,C7CB,0.0604690103918629,1981,0.060455322265625,07BD
6143,0.030715,-0.428419239474283,-14038,-0.42840576171875,C92A,0.0603252488453344,1977,0.060333251953125,07B9
6144,0.03072,-0.432457939947535,-14171,-0.432464599609375,C8A5,0.0602325525692247,1974,0.06024169921875,07B6
6145,0.030725,-0.432872430157766,-14184,-0.432861328125,C898,0.0695017783253355,2277,0.069488525390625,08E5
6146,0.03073,-0.433594149759101,-14208,-0.43359375,C880,0.0645044974547572,2114,0.06451416015625,0842
6147,0.030735,-0.432418894585571,-14170,-0.43243408203125,C8A6,0.0587397497607659,1925,0.058746337890625,0785
6148,0.03074,-0.431267408737978,-14132,-0.4312744140625,C8CC,0.0721249131961639,2363,0.072113037109375,093B
6149,0.030745,-0.429425734562764,-14071,-0.429412841796875,C909,0.0704855296148175,2310,0.07049560546875,0906
6150,0.03075,-0.438620463810629,-14373,-0.438629150390625,C7DB,0.0710607749817488,2329,0.071075439453125,0919
6151,0.030755,-0.428921995077829,-14055,-0.428924560546875,C919,0.068835919120323,2256,0.06884765625,08D0
6152,0.03076,-0.42711407757395,-13996,-0.4271240234375,C954,0.0823001772951187,2697,0.082305908203125,0A89
6153,0.030765,-0.429041284688909,-14059,-0.429046630859375,C915,0.0787537123554215,2581,0.078765869140625,0A15
6154,0.03077,-0.424647856633192,-13915,-0.424652099609375,C9A5,0.084433000663283,2767,0.084442138671875,0ACF
6155,0.030775,-0.418829050676132,-13724,-0.4188232421875,CA64,0.0802644347666704,2630,0.08026123046875,0A46
6156,0.03078,-0.420804389370702,-13789,-0.420806884765625,CA23,0.0741854351523101,2431,0.074188232421875,097F
6157,0.030785,-0.418630542497337,-13718,-0.41864013671875,CA6A,0.0818128526212255,2681,0.081817626953125,0A79
6158,0.03079,-0.415490388795765,-13615,-0.415496826171875,CAD1,0.079448141911397,2603,0.079437255859375,0A2B
6159,0.030795,-0.410341332310188,-13446,-0.41033935546875,CB7A,0.0818742185683072,2683,0.081878662109375,0A7B
6160,0.0308,-0.404171383736943,-13244,-0.4041748046875,CC44,0.0818892095670365,2683,0.081878662109375,0A7B
6161,0.030805,-0.407591006666368,-13356,-0.4075927734375,CBD4,0.0829289556254513,2717,0.082916259765625,0A9D
6162,0.03081,-0.40416847294881,-13244,-0.4041748046875,CC44,0.0899454537259513,2947,0.089935302734375,0B83
6163,0.030815,-0.403118940284683,-13209,-0.403106689453125,CC67,0.0847192119420225,2776,0.084716796875,0AD8
6164,0.03082,-0.403953711636517,-13237,-0.403961181640625,CC4B,0.085937615585292,2816,0.0859375,0B00
6165,0.030825,-0.404970137675739,-13270,-0.40496826171875,CC2A,0.0912257093856701,2989,0.091217041015625,0BAD
6166,0.03083,-0.401909034754653,-13170,-0.40191650390625,CC8E,0.0930683289973572,3050,0.09307861328125,0BEA
6167,0.030835,-0.398222262394383,-13049,-0.398223876953125,CD07,0.0863649969631841,2830,0.08636474609375,0B0E
6168,0.03084,-0.404351980965703,-13250,-0.40435791015625,CC3E,0.0999013646946392,3274,0.09991455078125,0CCA
6169,0.030845,-0.402446258646436,-13187,-0.402435302734375,CC7D,0.0956652224593748,3135,0.095672607421875,0C3F
6170,0.03085,-0.400919146808491,-13137,-0.400909423828125,CCAF,0.095232715206466,3121,0.095245361328125,0C31
6171,0.030855,-0.404371224932491,-13250,-0.40435791015625,CC3E,0.098180874949245,3217,0.098175048828125,0C91
6172,0.03086,-0.397632926431806,-13030,-0.39764404296875,CD1A,0.0960951874136267,3149,0.096099853515625,0C4D
6173,0.030865,-0.389412188540653,-12760,-0.389404296875,CE28,0.0974210418984442,3192,0.097412109375,0C78
6174,0.03087,-0.400371540985926,-13119,-0.400360107421875,CCC1,0.0994944474137596,3260,0.0994873046875,0CBC
6175,0.030875,-0.390251950261073,-12788,-0.3902587890625,CE0C,0.103738666858518,3399,0.103729248046875,0D47
6176,0.03088,-0.387109516533589,-12685,-0.387115478515625,CE73,0.0992280122125567,3252,0.0992431640625,0CB4
6177,0.030885,-0.395512026406011,-12960,-0.3955078125,CD60,0.110102787898166,3608,0.110107421875,0E18
6178,0.03089,-0.386553730414944,-12667,-0.386566162109375,CE85,0.0961628920215177,3151,0.096160888671875,0C4F
6179,0.030895,-0.386089542929389,-12651,-0.386077880859375,CE95,0.105984627830202,3473,0.105987548828125,0D91
6180,0.0309,-0.395678930465391,-12966,-0.39569091796875,CD5A,0.107647023446679,3527,0.107635498046875,0DC7
6181,0.030905,-0.390484551180041,-12795,-0.390472412109375,CE05,0.107600349000027,3526,0.10760498046875,0DC6
6182,0.03091,-0.386600188214808,-12668,-0.3865966796875,CE84,0.0984365813789627,3226,0.09844970703125,0C9A
6183,0.030915,-0.387692489523606,-12704,-0.3876953125,CE60,0.107126705105639,3510,0.10711669921875,0DB6
6184,0.03092,-0.390555114096486,-12798,-0.39056396484375,CE02,0.106905143525146,3503,0.106903076171875,0DAF
6185,0.030925,-0.400032062383142,-13108,-0.4000244140625,CCCC,0.105820976747526,3468,0.1058349609375,0D8C
6186,0.03093,-0.388747385878473,-12738,-0.38873291015625,CE3E,0.108735200866666,3563,0.108734130859375,0DEB
6187,0.030935,-0.380720175890466,-12475,-0.380706787109375,CF45,0.107621838001047,3527,0.107635498046875,0DC7
6188,0.03094,-0.383336408069475,-12561,-0.383331298828125,CEEF,0.11106048876539,3639,0.111053466796875,0E37
6189,0.030945,-0.381928747636091,-12515,-0.381927490234375,CF1D,0.121765943492416,3990,0.12176513671875,0F96
6190,0.03095,-0.380538967612876,-12470,-0.38055419921875,CF4A,0.116640726889092,3822,0.11663818359375,0EEE
6191,0.030955,-0.379890426858925,-12448,-0.3798828125,CF60,0.113178804467621,3709,0.113189697265625,0E7D
6192,0.03096,-0.38368414238352,-12573,-0.383697509765625,CEE3,0.116508494848313,3818,0.11651611328125,0EEA
6193,0.030965,-0.37541316253951,-12302,-0.37542724609375,CFF2,0.118354355173967,3878,0.11834716796875,0F26
6194,0.03097,-0.378907137734875,-12416,-0.37890625,CF80,0.134930486916416,4421,0.134918212890625,1145
6195,0.030975,-0.371952631529068,-12188,-0.3719482421875,D064,0.120181301448384,3938,0.12017822265625,0F62
6196,0.03098,-0.369492756145334,-12108,-0.3695068359375,D0B4,0.124282253213801,4072,0.124267578125,0FE8
6197,0.030985,-0.368288468050206,-12068,-0.3682861328125,D0DC,0.122675352184942,4020,0.1226806640625,0FB4
6198,0.03099,-0.380876167042795,-12481,-0.380889892578125,CF3F,0.125102365351552,4099,0.125091552734375,1003
6199,0.030995,-0.368028751778254,-12060,-0.3680419921875,D0E4,0.120372117371964,3944,0.120361328125,0F68
6200,0.031,-0.373496512056017,-12239,-0.373504638671875,D031,0.130395852246325,4273,0.130401611328125,10B1
6201,0.031005,-0.365362257725034,-11972,-0.3653564453125,D13C,0.130848373126069,4288,0.130859375,10C0
6202,0.03101,-0.359555023670542,-11782,-0.35955810546875,D1FA,0.131967341994815,4324,0.1319580078125,10E4
6203,0.031015,-0.374251639144513,-12263,-0.374237060546875,D019,0.119940227526997,3930,0.11993408203125,0F5A
6204,0.03102,-0.362496534253124,-11878,-0.36248779296875,D19A,0.132926376379891,4356,0.1329345703125,1104
6205,0.031025,-0.362370507846193,-11874,-0.36236572265625,D19E,0.140275035280211,4597,0.140289306640625,11F5
6206,0.03103,-0.3728046513074,-12216,-0.372802734375,D048,0.128989956653195,4227,0.128997802734375,1083
6207,0.031035,-0.359776444701228,-11789,-0.359771728515625,D1F3,0.134004845673007,4391,0.134002685546875,1127
6208,0.03104,-0.356418290427203,-11679,-0.356414794921875,D261,0.137789829084221,4515,0.137786865234375,11A3
6209,0.031045,-0.344780590859965,-11298,-0.34478759765625,D3DE,0.141440675723159,4635,0.141448974609375,121B
6210,0.03105,-0.350141694392469,-11473,-0.350128173828125,D32F,0.14335177171122,4697,0.143341064453125,1259
6211,0.031055,-0.340389172372982,-11154,-0.34039306640625,D46E,0.140617162785988,4608,0.140625,1200
6212,0.03106,-0.351284672689571,-11511,-0.351287841796875,D309,0.139725401207253,4579,0.139739990234375,11E3
6213,0.031065,-0.340684117935161,-11164,-0.3406982421875,D464,0.147572651383173,4836,0.1475830078125,12E4
6214,0.03107,-0.348728851199198,-11427,-0.348724365234375,D35D,0.146665023419936,4806,0.14666748046875,12C6
6215,0.031075,-0.347358649575657,-11382,-0.34735107421875,D38A,0.155392840405227,5092,0.1553955078125,13E4
6216,0.03108,-0.338292832893472,-11085,-0.338287353515625,D4B3,0.151828977283758,4975,0.151824951171875,136F
6217,0.031085,-0.344612863692453,-11292,-0.3446044921875,D3E4,0.149012589393235,4883,0.149017333984375,1313
6218,0.03109,-0.329292140963804,-10790,-0.32928466796875,D5DA,0.158487722610195,5193,0.158477783203125,1449
6219,0.031095,-0.337322826593294,-11053,-0.337310791015625,D4D3,0.162840608718917,5336,0.162841796875,14D8
6220,0.0311,-0.329256983403118,-10789,-0.329254150390625,D5DB,0.155025239323632,5080,0.155029296875,13D8
6221,0.031105,-0.323196518034166,-10591,-0.323211669921875,D6A1,0.167100925207548,5476,0.1671142578125,1564
6222,0.03111,-0.322121689109871,-10555,-0.322113037109375,D6C5,0.149530847245725,4900,0.1495361328125,1324
6223,0.031115,-0.317682639735764,-10410,-0.31768798828125,D756,0.156511462667119,5129,0.156524658203125,1409
6224,0.03112,-0.314268905319239,-10298,-0.31427001953125,D7C6,0.168767188099216,5530,0.16876220703125,159A
6225,0.031125,-0.311662989143405,-10213,-0.311676025390625,D81B,0.163754429997156,5366,0.16375732421875,14F6
6226,0.03113,-0.308985613882689,-10125,-0.308990478515625,D873,0.162541335474987,5326,0.16253662109375,14CE
6227,0.031135,-0.317690102091669,-10410,-0.31768798828125,D756,0.171693960491448,5626,0.17169189453125,15FA
6228,0.03114,-0.30550137324809,-10011,-0.305511474609375,D8E5,0.168651412735166,5526,0.16864013671875,1596
6229,0.031145,-0.312472793709464,-10239,-0.312469482421875,D801,0.171238760407393,5611,0.171234130859375,15EB
6230,0.03115,-0.301848406621523,-9891,-0.301849365234375,D95D,0.175700106809828,5757,0.175689697265625,167D
6231,0.031155,-0.301416799139357,-9877,-0.301422119140625,D96B,0.169292749428621,5547,0.169281005859375,15AB
6232,0.03116,-0.292532099483934,-9586,-0.29254150390625,DA8E,0.174661536306187,5723,0.174652099609375,165B
6233,0.031165,-0.288894590764267,-9466,-0.28887939453125,DB06,0.180631781963842,5919,0.180633544921875,171F
6234,0.03117,-0.285820874949385,-9366,-0.28582763671875,DB6A,0.184928531526432,6060,0.1849365234375,17AC
6235,0.031175,-0.29134931207594,-9547,-0.291351318359375,DAB5,0.177566797180902,5819,0.177581787109375,16BB
6236,0.03118,-0.285877142053972,-9368,-0.285888671875,DB68,0.192309207665566,6302,0.19232177734375,189E
6237,0.031185,-0.283933706585495,-9304,-0.283935546875,DBA8,0.190384432125641,6239,0.190399169921875,185F
6238,0.03119,-0.27776918990735,-9102,-0.27777099609375,DC72,0.189150295665792,6198,0.18914794921875,1836
6239,0.031195,-0.272764657900456,-8938,-0.27276611328125,DD16,0.187198632109089,6134,0.18719482421875,17F6
6240,0.0312,-0.276454024144794,-9059,-0.276458740234375,DC9D,0.190927314961248,6256,0.19091796875,1870
6241,0.031205,-0.277857323235229,-9105,-0.277862548828125,DC6F,0.19278378148904,6317,0.192779541015625,18AD
6242,0.03121,-0.27289490512451,-8942,-0.27288818359375,DD12,0.195183890059056,6396,0.1951904296875,18FC
6243,0.031215,-0.277631290524476,-9097,-0.277618408203125,DC77,0.196143141619855,6427,0.196136474609375,191B
6244,0.03122,-0.265483687404533,-8699,-0.265472412109375,DE05,0.19939284976151,6534,0.19940185546875,1986
6245,0.031225,-0.267146456386479,-8754,-0.26715087890625,DDCE,0.206897219278656,6780,0.2069091796875,1A7C
6246,0.03123,-0.259429227662588,-8501,-0.259429931640625,DECB,0.208122794169399,6820,0.2081298828125,1AA4
6247,0.031235,-0.256918522594346,-8419,-0.256927490234375,DF1D,0.202749895268179,6644,0.2027587890625,19F4
6248,0.03124,-0.25822462673499,-8462,-0.25823974609375,DEF2,0.206268938971981,6759,0.206268310546875,1A67
6249,0.031245,-0.252487253169614,-8274,-0.25250244140625,DFAE,0.204302515337355,6695,0.204315185546875,1A27
6250,0.03125,-0.254254676584924,-8331,-0.254241943359375,DF75,0.217946369762923,7142,0.21795654296875,1BE6
6251,0.031255,-0.243857122876534,-7991,-0.243865966796875,E0C9,0.215358124975835,7057,0.215362548828125,1B91
6252,0.03126,-0.241658431925826,-7919,-0.241668701171875,E111,0.213018244659545,6980,0.2130126953125,1B44
6253,0.031265,-0.251334240626489,-8236,-0.2513427734375,DFD4,0.214100385183248,7016,0.214111328125,1B68
6254,0.03127,-0.251639216798243,-8246,-0.25164794921875,DFCA,0.218341779698415,7155,0.218353271484375,1BF3
6255,0.031275,-0.246570346889812,-8080,-0.24658203125,E070,0.221972293107118,7274,0.22198486328125,1C6A
6256,0.03128,-0.240523922080883,-7881,-0.240509033203125,E137,0.216068784486234,7080,0.216064453125,1BA8
6257,0.031285,-0.231285224475894,-7579,-0.231292724609375,E265,0.219188601120732,7182,0.21917724609375,1C0E
6258,0.03129,-0.235033734573561,-7702,-0.23504638671875,E1EA,0.215786711625636,7071,0.215789794921875,1B9F
6259,0.031295,-0.234076904053895,-7670,-0.23406982421875,E20A,0.211470665758283,6929,0.211456298828125,1B11
6260,0.0313,-0.230472023444607,-7552,-0.23046875,E280,0.227865242902511,7467,0.227874755859375,1D2B
6261,0.031305,-0.243791808663168,-7989,-0.243804931640625,E0CB,0.226259584384597,7414,0.22625732421875,1CF6
6262,0.03131,-0.230376650557521,-7549,-0.230377197265625,E283,0.226738781072393,7430,0.22674560546875,1D06
6263,0.031315,-0.227442058271265,-7453,-0.227447509765625,E2E3,0.227069292349559,7441,0.227081298828125,1D11
6264,0.03132,-0.233387153725353,-7648,-0.2333984375,E220,0.225563138152392,7391,0.225555419921875,1CDF
6265,0.031325,-0.234254960634564,-7676,-0.2342529296875,E204,0.230316515669732,7547,0.230316162109375,1D7B
6266,0.03133,-0.233115213285445,-7639,-0.233123779296875,E229,0.226626484530759,7426,0.22662353515625,1D02
6267,0.031335,-0.227459698095496,-7453,-0.227447509765625,E2E3,0.234649072301097,7689,0.234649658203125,1E09
6268,0.03134,-0.230179053302644,-7543,-0.230194091796875,E289,0.235966360455197,7732,0.2359619140625,1E34
6269,0.031345,-0.216110550536513,-7082,-0.21612548828125,E456,0.233465897348944,7650,0.23345947265625,1DE2
6270,0.03135,-0.230834353252002,-7564,-0.2308349609375,E274,0.234852059840084,7696,0.23486328125,1E10
6271,0.031355,-0.22618122823412,-7412,-0.2261962890625,E30C,0.235664859010389,7722,0.23565673828125,1E2A
6272,0.03136,-0.234556906957809,-7686,-0.23455810546875,E1FA,0.240989993233055,7897,0.240997314453125,1ED9
6273,0.031365,-0.224011902283661,-7340,-0.2239990234375,E354,0.241741841364216,7921,0.241729736328125,1EF1
6274,0.03137,-0.215934301511975,-7076,-0.2159423828125,E45C,0.23427117857784,7677,0.234283447265625,1DFD
6275,0.031375,-0.225836265987506,-7400,-0.225830078125,E318,0.236250669969981,7741,0.236236572265625,1E3D
6276,0.03138,-0.237442313196527,-7781,-0.237457275390625,E19B,0.245073822265418,8031,0.245086669921875,1F5F
6277,0.031385,-0.226376591937041,-7418,-0.22637939453125,E306,0.242676006246569,7952,0.24267578125,1F10
6278,0.03139,-0.231007114894411,-7570,-0.23101806640625,E26E,0.236115358449208,7737,0.236114501953125,1E39
6279,0.031395,-0.224384510975405,-7353,-0.224395751953125,E347,0.244460036180479,8010,0.24444580078125,1F4A
6280,0.0314,-0.223349765870728,-7319,-0.223358154296875,E369,0.242570889976674,7949,0.242584228515625,1F0D
6281,0.031405,-0.222509026490101,-7291,-0.222503662109375,E385,0.249711982128951,8183,0.249725341796875,1FF7
6282,0.03141,-0.217429609229708,-7125,-0.217437744140625,E42B,0.249913105198201,8189,0.249908447265625,1FFD
6283,0.031415,-0.225103248899051,-7376,-0.22509765625,E330,0.243125017638832,7967,0.243133544921875,1F1F
6284,0.03142,-0.220954105229721,-7240,-0.220947265625,E3B8,0.241301904383656,7907,0.241302490234375,1EE3
6285,0.031425,-0.226379639256258,-7418,-0.22637939453125,E306,0.245673739134181,8050,0.24566650390625,1F72
6286,0.03143,-0.219303612978568,-7186,-0.21929931640625,E3EE,0.252198887575721,8264,0.252197265625,2048
6287,0.031435,-0.225768484404129,-7398,-0.22576904296875,E31A,0.254037482306749,8324,0.2540283203125,2084
6288,0.03144,-0.215789799381397,-7071,-0.215789794921875,E461,0.256547756242063,8407,0.256561279296875,20D7
6289,0.031445,-0.216621201304767,-7098,-0.21661376953125,E446,0.253842953055208,8318,0.25384521484375,207E
6290,0.03145,-0.225427515598718,-7387,-0.225433349609375,E325,0.264656611775439,8672,0.2646484375,21E0
6291,0.031455,-0.201098618130263,-6590,-0.20111083984375,E642,0.259862184558201,8515,0.259857177734375,2143
6292,0.03146,-0.222833929952398,-7302,-0.22283935546875,E37A,0.252218688103942,8265,0.252227783203125,2049
6293,0.031465,-0.219835263958544,-7204,-0.2198486328125,E3DC,0.257746859167236,8446,0.25775146484375,20FE
6294,0.03147,-0.21012466177773,-6885,-0.210113525390625,E51B,0.26229724596444,8595,0.262298583984375,2193
6295,0.031475,-0.210038457206976,-6883,-0.210052490234375,E51D,0.264057288113061,8653,0.264068603515625,21CD
6296,0.03148,-0.202662134520768,-6641,-0.202667236328125,E60F,0.260380458911715,8532,0.2603759765625,2154
6297,0.031485,-0.210428055779421,-6895,-0.210418701171875,E511,0.266706918972208,8739,0.266693115234375,2223
6298,0.03149,-0.21044270331794,-6896,-0.21044921875,E510,0.263770809460612,8643,0.263763427734375,21C3
6299,0.031495,-0.207719123614092,-6807,-0.207733154296875,E569,0.27010165361214,8851,0.270111083984375,2293
6300,0.0315,-0.209110536433757,-6852,-0.2091064453125,E53C,0.268984383136049,8814,0.26898193359375,226E
6301,0.031505,-0.213889816297192,-7009,-0.213897705078125,E49F,0.262946446963467,8616,0.262939453125,21A8
6302,0.03151,-0.20499765650721,-6717,-0.204986572265625,E5C3,0.277021074090456,9077,0.277008056640625,2375
6303,0.031515,-0.210954107510016,-6913,-0.210968017578125,E4FF,0.271354003046361,8892,0.2713623046875,22BC
6304,0.03152,-0.200237454085221,-6561,-0.200225830078125,E65F,0.269000690560982,8815,0.269012451171875,226F
6305,0.031525,-0.201819137607903,-6613,-0.201812744140625,E62B,0.268293178964794,8791,0.268280029296875,2257
6306,0.03153,-0.204055621332795,-6686,-0.20404052734375,E5E2,0.266361940041799,8728,0.266357421875,2218
6307,0.031535,-0.203447381118789,-6667,-0.203460693359375,E5F5,0.277672755453019,9099,0.277679443359375,238B
6308,0.03154,-0.198575145270696,-6507,-0.198577880859375,E695,0.281637217555383,9229,0.281646728515625,240D
6309,0.031545,-0.198903714032081,-6518,-0.19891357421875,E68A,0.270903093353293,8877,0.270904541015625,22AD
6310,0.03155,-0.192712890375935,-6315,-0.192718505859375,E755,0.27690848736683,9074,0.27691650390625,2372
6311,0.031555,-0.202205188755063,-6626,-0.20220947265625,E61E,0.276083168302472,9047,0.276092529296875,2357
6312,0.03156,-0.193420060721589,-6338,-0.19342041015625,E73E,0.277352737005824,9088,0.27734375,2380
6313,0.031565,-0.200102539783938,-6557,-0.200103759765625,E663,0.275814476072182,9038,0.27581787109375,234E
6314,0.03157,-0.190463320271706,-6241,-0.190460205078125,E79F,0.281398085973133,9221,0.281402587890625,2405
6315,0.031575,-0.188686956585247,-6183,-0.188690185546875,E7D9,0.282342115082047,9252,0.2823486328125,2424
6316,0.03158,-0.197261937852983,-6464,-0.197265625,E6C0,0.292062546617016,9570,0.29205322265625,2562
6317,0.031585,-0.196142506348986,-6427,-0.196136474609375,E6E5,0.28378836385891,9299,0.283782958984375,2453
6318,0.03159,-0.191585095010378,-6278,-0.19158935546875,E77A,0.287846242138785,9432,0.287841796875,24D8
6319,0.031595,-0.18628676631037,-6104,-0.186279296875,E828,0.281659240633589,9229,0.281646728515625,240D
6320,0.0316,-0.187223415887344,-6135,-0.187225341796875,E809,0.278990378950072,9142,0.27899169921875,23B6
6321,0.031605,-0.176142953410223,-5772,-0.1761474609375,E974,0.293993890894164,9634,0.29400634765625,25A2
6322,0.03161,-0.181385173926635,-5944,-0.181396484375,E8C8,0.291831567508052,9563,0.291839599609375,255B
6323,0.031615,-0.190389676385933,-6239,-0.190399169921875,E7A1,0.295496787856292,9683,0.295501708984375,25D3
6324,0.03162,-0.17801932242762,-5833,-0.178009033203125,E937,0.285914772570511,9369,0.285919189453125,2499
6325,0.031625,-0.185933328538426,-6093,-0.185943603515625,E833,0.295653407043509,9688,0.295654296875,25D8
6326,0.03163,-0.175101672593792,-5738,-0.17510986328125,E996,0.305967670230285,10026,0.30596923828125,272A
6327,0.031635,-0.181350484554636,-5942,-0.18133544921875,E8CA,0.277220971659282,9084,0.2772216796875,237C
6328,0.03164,-0.166236917529728,-5447,-0.166229248046875,EAB9,0.304122543393234,9965,0.304107666015625,26ED
6329,0.031645,-0.176089724537792,-5770,-0.17608642578125,E976,0.303428683850263,9943,0.303436279296875,26D7
6330,0.03165,-0.169952877036518,-5569,-0.169952392578125,EA3F,0.296322143470209,9710,0.29632568359375,25EE
6331,0.031655,-0.177244953567219,-5808,-0.17724609375,E950,0.305715241663777,10018,0.30572509765625,2722
6332,0.03166,-0.170827647322053,-5598,-0.17083740234375,EA22,0.292930681264839,9599,0.292938232421875,257F
6333,0.031665,-0.166408714366522,-5453,-0.166412353515625,EAB3,0.303010219096176,9929,0.303009033203125,26C9
6334,0.03167,-0.163204238545344,-5348,-0.1632080078125,EB1C,0.307691573368224,10082,0.30767822265625,2762
6335,0.031675,-0.166402721584498,-5453,-0.166412353515625,EAB3,0.308056340934148,10094,0.30804443359375,276E
6336,0.03168,-0.161193794439905,-5282,-0.16119384765625,EB5E,0.312920133228138,10254,0.31292724609375,280E
6337,0.031685,-0.166962610341191,-5471,-0.166961669921875,EAA1,0.307261943163418,10068,0.3072509765625,2754
6338,0.03169,-0.161603195763967,-5295,-0.161590576171875,EB51,0.313403649832146,10270,0.31341552734375,281E
6339,0.031695,-0.161731129142089,-5300,-0.1617431640625,EB4C,0.319056704704726,10455,0.319061279296875,28D7
6340,0.0317,-0.154448617539015,-5061,-0.154449462890625,EC3B,0.313966795638795,10288,0.31396484375,2830
6341,0.031705,-0.148323204608706,-4860,-0.1483154296875,ED04,0.314937279004696,10320,0.31494140625,2850
6342,0.03171,-0.154083159145875,-5049,-0.154083251953125,EC47,0.309762091714671,10150,0.30975341796875,27A6
6343,0.031715,-0.147366993287655,-4829,-0.147369384765625,ED23,0.310454704928547,10173,0.310455322265625,27BD
6344,0.03172,-0.153531178317674,-5031,-0.153533935546875,EC59,0.323363175093955,10596,0.3233642578125,2964
6345,0.031725,-0.142719555928537,-4677,-0.142730712890625,EDBB,0.315073435703797,10324,0.3150634765625,2854
6346,0.03173,-0.141474439361079,-4636,-0.1414794921875,EDE4,0.315559197630189,10340,0.3155517578125,2864
6347,0.031735,-0.152094381132312,-4984,-0.152099609375,EC88,0.313455211465814,10271,0.313446044921875,281F
6348,0.03174,-0.128738343688215,-4218,-0.12872314453125,EF86,0.313244305572047,10264,0.313232421875,2818
6349,0.031745,-0.141714948677381,-4644,-0.1417236328125,EDDC,0.31879140758732,10446,0.31878662109375,28CE
6350,0.03175,-0.145057661672512,-4753,-0.145050048828125,ED6F,0.321555771700321,10537,0.321563720703125,2929
6351,0.031755,-0.138239117071353,-4530,-0.13824462890625,EE4E,0.325092247275896,10653,0.325103759765625,299D
6352,0.03176,-0.144617342410892,-4739,-0.144622802734375,ED7D,0.321468363326157,10534,0.32147216796875,2926
6353,0.031765,-0.13333091945203,-4369,-0.133331298828125,EEEF,0.325499525326976,10666,0.32550048828125,29AA
6354,0.03177,-0.137813159394714,-4516,-0.1378173828125,EE5C,0.327764759080904,10740,0.3277587890625,29F4
6355,0.031775,-0.134681643992834,-4413,-0.134674072265625,EEC3,0.326342733924572,10694,0.32635498046875,29C6
6356,0.03178,-0.12816591657077,-4200,-0.128173828125,EF98,0.324055577616498,10619,0.324066162109375,297B
6357,0.031785,-0.134739830073731,-4415,-0.134735107421875,EEC1,0.321173603139579,10524,0.3211669921875,291C
6358,0.03179,-0.124412286271752,-4077,-0.124420166015625,F013,0.327581792439659,10734,0.32757568359375,29EE
6359,0.031795,-0.128022856163921,-4195,-0.128021240234375,EF9D,0.330085310360125,10816,0.330078125,2A40
6360,0.0318,-0.126040950203641,-4130,-0.12603759765625,EFDE,0.335296216793909,10987,0.335296630859375,2AEB
6361,0.031805,-0.128915880403581,-4224,-0.12890625,EF80,0.324168342958403,10622,0.32415771484375,297E
6362,0.03181,-0.124134813242187,-4068,-0.1241455078125,F01C,0.336095983965703,11013,0.336090087890625,2B05
6363,0.031815,-0.136733884195914,-4480,-0.13671875,EE80,0.334928794327329,10975,0.334930419921875,2ADF
6364,0.03182,-0.124843562831552,-4091,-0.124847412109375,F005,0.335789070664378,11003,0.335784912109375,2AFB
6365,0.031825,-0.117574412826382,-3853,-0.117584228515625,F0F3,0.337009056997718,11043,0.337005615234375,2B23
6366,0.03183,-0.119437385470892,-3914,-0.11944580078125,F0B6,0.340926389445074,11171,0.340911865234375,2BA3
6367,0.031835,-0.115797980756972,-3794,-0.11578369140625,F12E,0.33813803522586,11080,0.338134765625,2B48
6368,0.03184,-0.122975723499434,-4030,-0.12298583984375,F042,0.341422373897796,11188,0.3414306640625,2BB4
6369,0.031845,-0.114525739953947,-3753,-0.114532470703125,F157,0.340331978553187,11152,0.34033203125,2B90
6370,0.03185,-0.110924139909928,-3635,-0.110931396484375,F1CD,0.341051196035445,11176,0.341064453125,2BA8
6371,0.031855,-0.10878224998112,-3565,-0.108795166015625,F213,0.344642131578711,11293,0.344635009765625,2C1D
6372,0.03186,-0.100652209399438,-3298,-0.10064697265625,F31E,0.338327684880716,11086,0.33831787109375,2B4E
6373,0.031865,-0.110212520218613,-3611,-0.110198974609375,F1E5,0.343914745117583,11269,0.343902587890625,2C05
6374,0.03187,-0.109277347686253,-3581,-0.109283447265625,F203,0.35516217903798,11638,0.35516357421875,2D76
6375,0.031875,-0.102728391776912,-3366,-0.10272216796875,F2DA,0.350487946532496,11485,0.350494384765625,2CDD
6376,0.03188,-0.107123346765647,-3510,-0.10711669921875,F24A,0.350579118248016,11488,0.3505859375,2CE0
6377,0.031885,-0.107740969948235,-3530,-0.10772705078125,F236,0.332983653090685,10911,0.332977294921875,2A9F
6378,0.03189,-0.101104195493459,-3313,-0.101104736328125,F30F,0.346285630047531,11347,0.346282958984375,2C53
6379,0.031895,-0.112821333435035,-3697,-0.112823486328125,F18F,0.349227375012108,11443,0.349212646484375,2CB3
6380,0.0319,-0.0884334704049322,-2898,-0.08843994140625,F4AE,0.34990359837304,11466,0.34991455078125,2CCA
6381,0.031905,-0.0906078149378696,-2969,-0.090606689453125,F467,0.356581456806229,11684,0.3565673828125,2DA4
6382,0.03191,-0.0991636041726078,-3249,-0.099151611328125,F34F,0.354979475374285,11632,0.35498046875,2D70
6383,0.031915,-0.0845205347300139,-2770,-0.08453369140625,F52E,0.352554405050526,11553,0.352569580078125,2D21
6384,0.03192,-0.0884518641307683,-2898,-0.08843994140625,F4AE,0.359555110138157,11782,0.35955810546875,2E06
6385,0.031925,-0.088120257624083,-2888,-0.088134765625,F4B8,0.35107635195836,11504,0.35107421875,2CF0
6386,0.03193,-0.0877403344201684,-2875,-0.087738037109375,F4C5,0.360289962370663,11806,0.36029052734375,2E1E
6387,0.031935,-0.0843715305067706,-2765,-0.084381103515625,F533,0.365427112432143,11974,0.36541748046875,2EC6
6388,0.03194,-0.0765263241315949,-2508,-0.0765380859375,F634,0.356000039558394,11665,0.355987548828125,2D91
6389,0.031945,-0.0856584310859747,-2807,-0.085662841796875,F509,0.355545468008483,11651,0.355560302734375,2D83
6390,0.03195,-0.0785037820331343,-2572,-0.0784912109375,F5F4,0.368336481105937,12070,0.36834716796875,2F26
6391,0.031955,-0.0783067236617385,-2566,-0.07830810546875,F5FA,0.360517503548522,11813,0.360504150390625,2E25
6392,0.03196,-0.0804667467340765,-2637,-0.080474853515625,F5B3,0.36071431624428,11820,0.3607177734375,2E2C
6393,0.031965,-0.0742067954462991,-2432,-0.07421875,F680,0.359379026065072,11776,0.359375,2E00
6394,0.03197,-0.0636918727024369,-2087,-0.063690185546875,F7D9,0.361775684001015,11855,0.361785888671875,2E4F
6395,0.031975,-0.0674144240707372,-2209,-0.067413330078125,F75F,0.369586851399204,12111,0.369598388671875,2F4F
6396,0.03198,-0.0618903594525907,-2028,-0.0618896484375,F814,0.371439422248271,12171,0.371429443359375,2F8B
6397,0.031985,-0.0563570057645212,-1847,-0.056365966796875,F8C9,0.368015508068344,12059,0.368011474609375,2F1B
6398,0.03199,-0.0497677768124227,-1631,-0.049774169921875,F9A1,0.375205464289169,12295,0.375213623046875,3007
6399,0.031995,-0.0612145941164842,-2006,-0.06121826171875,F82A,0.36919411079114,12098,0.36920166015625,2F42
6400,0.032,-0.0620174685685106,-2032,-0.06201171875,F810,0.371868901084931,12185,0.371856689453125,2F99
6401,0.032005,-0.0580414839342025,-1902,-0.05804443359375,F892,0.36972568795359,12115,0.369720458984375,2F53
6402,0.03201,-0.0570218837064206,-1868,-0.0570068359375,F8B4,0.369946954380079,12122,0.36993408203125,2F5A
6403,0.032015,-0.0412101424371284,-1350,-0.04119873046875,FABA,0.379659494604974,12441,0.379669189453125,3099
6404,0.03202,-0.0463436175536694,-1519,-0.046356201171875,FA11,0.37327197538009,12231,0.373260498046875,2FC7
6405,0.032025,-0.0487962322493288,-1599,-0.048797607421875,F9C1,0.368745548565807,12083,0.368743896484375,2F33
6406,0.03203,-0.0317272625574682,-1040,-0.03173828125,FBF0,0.373968100540492,12254,0.37396240234375,2FDE
6407,0.032035,-0.0387195459581203,-1269,-0.038726806640625,FB0B,0.385825561519016,12643,0.385833740234375,3163
6408,0.03204,-0.0333493531239353,-1093,-0.033355712890625,FBBB,0.363772373233335,11920,0.36376953125,2E90
6409,0.032045,-0.0457773831492632,-1500,-0.0457763671875,FA24,0.379896300099527,12448,0.3798828125,30A0
6410,0.03205,-0.0419565798643759,-1375,-0.041961669921875,FAA1,0.372028261864325,12191,0.372039794921875,2F9F
6411,0.032055,-0.0300700532074006,-985,-0.030059814453125,FC27,0.376539811913152,12338,0.37652587890625,3032
6412,0.03206,-0.0329701346251444,-1080,-0.032958984375,FBC8,0.379277806017519,12428,0.3792724609375,308C
6413,0.032065,-0.0273727596612716,-897,-0.027374267578125,FC7F,0.372698245148492,12213,0.372711181640625,2FB5
6414,0.03207,-0.0276210216012804,-905,-0.027618408203125,FC77,0.381265684221452,12493,0.381256103515625,30CD
6415,0.032075,-0.03030891590606,-993,-0.030303955078125,FC1F,0.389987927055276,12779,0.389984130859375,31EB
6416,0.03208,-0.0187766125462189,-615,-0.018768310546875,FD99,0.388253403936091,12722,0.38824462890625,31B2
6417,0.032085,-0.0172048673739292,-564,-0.0172119140625,FDCC,0.390525995616169,12797,0.390533447265625,31FD
6418,0.03209,-0.0212322499089227,-696,-0.021240234375,FD48,0.393214528148866,12885,0.393218994140625,3255
6419,0.032095,-0.0179734994278811,-589,-0.017974853515625,FDB3,0.386198137436855,12655,0.386199951171875,316F
6420,0.0321,-0.0132097746655778,-433,-0.013214111328125,FE4F,0.391250350659623,12820,0.3912353515625,3214
6421,0.032105,-0.0143519755323344,-470,-0.01434326171875,FE2A,0.388183454080685,12720,0.38818359375,31B0
6422,0.03211,-0.0137270768590585,-450,-0.01373291015625,FE3E,0.39247390819449,12861,0.392486572265625,323D
6423,0.032115,-0.00738007387546284,-242,-0.00738525390625,FF0E,0.398454785147513,13057,0.398468017578125,3301
6424,0.03212,-0.0123365915530195,-404,-0.0123291015625,FE6C,0.393133965984343,12882,0.39312744140625,3252
6425,0.032125,-0.00239386719714162,-78,-0.00238037109375,FFB2,0.39135426211913,12824,0.391357421875,3218
6426,0.03213,-0.00158655801786649,-52,-0.0015869140625,FFCC,0.40578927884001,13297,0.405792236328125,33F1
6427,0.032135,0.0011047527820398,36,0.0010986328125,0024,0.395093094535281,12946,0.39508056640625,3292
6428,0.03214,-0.0035161652605416,-115,-0.003509521484375,FF8D,0.404904729737374,13268,0.4049072265625,33D4
6429,0.032145,-0.00417571816928511,-137,-0.004180908203125,FF77,0.40416568039584,13244,0.4041748046875,33BC
6430,0.03215,-0.00318113624156494,-104,-0.003173828125,FF98,0.404270353924669,13247,0.404266357421875,33BF
6431,0.032155,0.00277481324460319,91,0.002777099609375,005B,0.404692283413796,13261,0.404693603515625,33CD
6432,0.03216,0.00572496513683633,188,0.0057373046875,00BC,0.396478764035091,12992,0.396484375,32C0
6433,0.032165,0.00982371696010597,322,0.00982666015625,0142,0.405312630321711,13281,0.405303955078125,33E1
6434,0.03217,0.00860666920146845,282,0.00860595703125,011A,0.398698173338612,13065,0.398712158203125,3309
6435,0.032175,0.00199603082466274,65,0.001983642578125,0041,0.40668535244036,13326,0.40667724609375,340E
6436,0.03218,0.007591400449884,249,0.007598876953125,00F9,0.408488373501209,13385,0.408477783203125,3449
6437,0.032185,0.0119816783728115,393,0.011993408203125,0189,0.400076250736001,13110,0.40008544921875,3336
6438,0.03219,0.0194692093471058,638,0.01947021484375,027E,0.394703547083739,12934,0.39471435546875,3286
6439,0.032195,0.0132177896283331,433,0.013214111328125,01B1,0.410790232729261,13461,0.410797119140625,3495
6440,0.0322,0.0266397534641467,873,0.026641845703125,0369,0.410126065477082,13439,0.410125732421875,347F
6441,0.032205,0.0327622334311755,1074,0.03277587890625,0432,0.413360252064862,13545,0.413360595703125,34E9
6442,0.03221,0.011244469393466,368,0.01123046875,0170,0.405013987055523,13271,0.404998779296875,33D7
6443,0.032215,0.023333760258335,765,0.023345947265625,02FD,0.40476422521606,13263,0.404754638671875,33CF
6444,0.03222,0.0289904390076979,950,0.02899169921875,03B6,0.408501776996835,13386,0.40850830078125,344A
6445,0.032225,0.0380843974848271,1248,0.0380859375,04E0,0.414045814290247,13567,0.414031982421875,34FF
6446,0.03223,0.0361844902600887,1186,0.03619384765625,04A2,0.41837152068057,13709,0.418365478515625,358D
6447,0.032235,0.0295151192377046,967,0.029510498046875,03C7,0.409458014722172,13417,0.409454345703125,3469
6448,0.03224,0.0370836704463588,1215,0.037078857421875,04BF,0.415424372983806,13613,0.415435791015625,352D
6449,0.032245,0.0455659845845511,1493,0.045562744140625,05D5,0.40853995202742,13387,0.408538818359375,344B
6450,0.03225,0.032656657786258,1070,0.03265380859375,042E,0.412169601141424,13506,0.41217041015625,34C2
6451,0.032255,0.0421486772636138,1381,0.042144775390625,0565,0.410512275210436,13452,0.4105224609375,348C
6452,0.03226,0.0488668214954735,1601,0.048858642578125,0641,0.410318243847126,13445,0.410308837890625,3485
6453,0.032265,0.0488478786981637,1601,0.048858642578125,0641,0.416589356522785,13651,0.416595458984375,3553
6454,0.03227,0.0510918217147133,1674,0.05108642578125,068A,0.419817320440324,13757,0.419830322265625,35BD
6455,0.032275,0.0479776282926022,1572,0.0479736328125,0624,0.41768959290946,13687,0.417694091796875,3577
6456,0.03228,0.053573713256047,1756,0.0535888671875,06DC,0.417150951386973,13669,0.417144775390625,3565
6457,0.032285,0.0560914005450208,1838,0.05609130859375,072E,0.428506589958504,14041,0.428497314453125,36D9
6458,0.03229,0.0517617110096269,1696,0.0517578125,06A0,0.416459426476557,13647,0.416473388671875,354F
6459,0.032295,0.0665974478555009,2182,0.06658935546875,0886,0.431452000158691,14138,0.43145751953125,373A
6460,0.0323,0.0556675396230316,1824,0.0556640625,0720,0.421375156974788,13808,0.42138671875,35F0
6461,0.032305,0.0648335544163024,2124,0.0648193359375,084C,0.422887954075726,13857,0.422882080078125,3621
6462,0.03231,0.0640612834356221,2099,0.064056396484375,0833,0.421655110989227,13817,0.421661376953125,35F9
6463,0.032315,0.0701196553598153,2298,0.07012939453125,08FA,0.415919124112707,13629,0.415924072265625,353D
6464,0.03232,0.0768089550231853,2517,0.076812744140625,09D5,0.423700561357916,13884,0.4237060546875,363C
6465,0.032325,0.0739099791764318,2422,0.07391357421875,0976,0.433687411840458,14211,0.433685302734375,3783
6466,0.03233,0.0749562757992262,2456,0.074951171875,0998,0.425715839801736,13950,0.42572021484375,367E
6467,0.032335,0.080691303402591,2644,0.0806884765625,0A54,0.423983908338801,13893,0.423980712890625,3645
6468,0.03234,0.0756318701727681,2478,0.07562255859375,09AE,0.427770389795048,14017,0.427764892578125,36C1
6469,0.032345,0.0881126327439838,2887,0.088104248046875,0B47,0.436425093574162,14301,0.436431884765625,37DD
6470,0.03235,0.0799550218855194,2620,0.0799560546875,0A3C,0.43476788275491,14246,0.43475341796875,37A6
6471,0.032355,0.0852257341839384,2793,0.085235595703125,0AE9,0.434118937952173,14225,0.434112548828125,3791
6472,0.03236,0.0901154844837092,2953,0.090118408203125,0B89,0.43417614995027,14227,0.434173583984375,3793
6473,0.032365,0.0968497930349706,3174,0.09686279296875,0C66,0.421235747299477,13803,0.421234130859375,35EB
6474,0.03237,0.095567378115506,3132,0.0955810546875,0C3C,0.424127853709962,13898,0.42413330078125,364A
6475,0.032375,0.099085108673786,3247,0.099090576171875,0CAF,0.437312247395633,14330,0.43731689453125,37FA
6476,0.03238,0.104546220691488,3426,0.10455322265625,0D62,0.431495503302789,14139,0.431488037109375,373B
6477,0.032385,0.105219704097968,3448,0.105224609375,0D78,0.433473661063948,14204,0.4334716796875,377C
6478,0.03239,0.102908643507156,3372,0.1029052734375,0D2C,0.440699433566723,14441,0.440704345703125,3869
6479,0.032395,0.105281941642217,3450,0.10528564453125,0D7A,0.439463654555333,14400,0.439453125,3840
6480,0.0324,0.113320243264717,3713,0.113311767578125,0E81,0.433696127317713,14211,0.433685302734375,3783
6481,0.032405,0.106727156951508,3497,0.106719970703125,0DA9,0.433939013294306,14219,0.433929443359375,378B
6482,0.03241,0.106281356889992,3483,0.106292724609375,0D9B,0.434061663514856,14223,0.434051513671875,378F
6483,0.032415,0.115709007536218,3792,0.11572265625,0ED0,0.451375801241679,14791,0.451385498046875,39C7
6484,0.03242,0.118276146653798,3876,0.1182861328125,0F24,0.433085955653068,14191,0.433074951171875,376F
6485,0.032425,0.11945061992769,3914,0.11944580078125,0F4A,0.452424514436291,14825,0.452423095703125,39E9
6486,0.03243,0.124470472378692,4079,0.124481201171875,0FEF,0.453344764324055,14855,0.453338623046875,3A07
6487,0.032435,0.123209102345034,4037,0.123199462890625,0FC5,0.443971409001396,14548,0.4439697265625,38D4
6488,0.03244,0.133824261241417,4385,0.133819580078125,1121,0.44964611529095,14734,0.44964599609375,398E
6489,0.032445,0.120134664986419,3937,0.120147705078125,0F61,0.446746921814033,14639,0.446746826171875,392F
6490,0.03245,0.12301097196208,4031,0.123016357421875,0FBF,0.446096869933468,14618,0.44610595703125,391A
6491,0.032455,0.139176548710402,4561,0.139190673828125,11D1,0.45118389264909,14784,0.451171875,39C0
6492,0.03246,0.114792146641015,3762,0.11480712890625,0EB2,0.448473822897187,14696,0.448486328125,3968
6493,0.032465,0.124636091027522,4084,0.1246337890625,0FF4,0.453083073765828,14847,0.453094482421875,39FF
6494,0.03247,0.124960614821415,4095,0.124969482421875,0FFF,0.450123322526515,14750,0.45013427734375,399E
6495,0.032475,0.130468029598301,4275,0.130462646484375,10B3,0.457840380622934,15003,0.457855224609375,3A9B
6496,0.03248,0.142176911255969,4659,0.142181396484375,1233,0.4615947787115,15126,0.46160888671875,3B16
6497,0.032485,0.145745532916974,4776,0.145751953125,12A8,0.461122411503032,15110,0.46112060546875,3B06
6498,0.03249,0.142661710278962,4675,0.142669677734375,1243,0.459548444172548,15058,0.45953369140625,3AD2
6499,0.032495,0.137423341004308,4503,0.137420654296875,1197,0.455101241748842,14913,0.455108642578125,3A41
6500,0.0325,0.143346785593632,4697,0.143341064453125,1259,0.451907663857487,14808,0.451904296875,39D8
6501,0.032505,0.147381525544824,4829,0.147369384765625,12DD,0.470978464302164,15433,0.470977783203125,3C49
6502,0.03251,0.140836960571884,4615,0.140838623046875,1207,0.457961143194025,15006,0.45794677734375,3A9E
6503,0.032515,0.137776267244782,4515,0.137786865234375,11A3,0.477029242151567,15631,0.477020263671875,3D0F
6504,0.03252,0.142524172661783,4670,0.14251708984375,123E,0.462111479015831,15142,0.46209716796875,3B26
6505,0.032525,0.145825352009812,4778,0.14581298828125,12AA,0.461619055231511,15126,0.46160888671875,3B16
6506,0.03253,0.143457641064489,4701,0.143463134765625,125D,0.46847138394331,15351,0.468475341796875,3BF7
6507,0.032535,0.143171778330427,4691,0.143157958984375,1253,0.464541907527771,15222,0.46453857421875,3B76
6508,0.03254,0.143328232869911,4697,0.143341064453125,1259,0.465733266411418,15261,0.465728759765625,3B9D
6509,0.032545,0.140561467650652,4606,0.14056396484375,11FE,0.474716606940637,15556,0.4747314453125,3CC4
6510,0.03255,0.135793892398032,4450,0.13580322265625,1162,0.476228054780549,15605,0.476226806640625,3CF5
6511,0.032555,0.141012575678346,4621,0.141021728515625,120D,0.479846200372911,15724,0.4798583984375,3D6C
6512,0.03256,0.141467085547898,4636,0.1414794921875,121C,0.479186357619894,15702,0.47918701171875,3D56
6513,0.032565,0.149272016535016,4891,0.149261474609375,131B,0.469338412077631,15379,0.469329833984375,3C13
6514,0.03257,0.145803492315686,4778,0.14581298828125,12AA,0.470166063997242,15406,0.47015380859375,3C2E
6515,0.032575,0.135154239264156,4429,0.135162353515625,114D,0.476349246288211,15609,0.476348876953125,3CF9
6516,0.03258,0.149723991436373,4906,0.14971923828125,132A,0.481662665806205,15783,0.481658935546875,3DA7
6517,0.032585,0.147183394886036,4823,0.147186279296875,12D7,0.481147528072917,15766,0.48114013671875,3D96
6518,0.03259,0.155423637472233,5093,0.155426025390625,13E5,0.477813402630186,15657,0.477813720703125,3D29
6519,0.032595,0.137733665809122,4513,0.137725830078125,11A1,0.482185376377371,15800,0.482177734375,3DB8
6520,0.0326,0.143185949789427,4692,0.1431884765625,1254,0.481929682724366,15792,0.48193359375,3DB0
6521,0.032605,0.14400027641339,4719,0.144012451171875,126F,0.485743577745471,15917,0.485748291015625,3E2D
6522,0.03261,0.142769094965239,4678,0.14276123046875,1246,0.480557159890124,15747,0.480560302734375,3D83
6523,0.032615,0.144672258746688,4741,0.144683837890625,1285,0.486886796285339,15954,0.48687744140625,3E52
6524,0.03262,0.144814428618333,4745,0.144805908203125,1289,0.493410395500591,16168,0.493408203125,3F28
6525,0.032625,0.138203334174728,4529,0.138214111328125,11B1,0.489869244492737,16052,0.4898681640625,3EB4
6526,0.03263,0.136254536881177,4465,0.136260986328125,1171,0.486000926778189,15925,0.485992431640625,3E35
6527,0.032635,0.154775171637325,5072,0.15478515625,13D0,0.496809662555555,16279,0.496795654296875,3F97
6528,0.03264,0.147971168052649,4849,0.147979736328125,12F1,0.485811644356963,15919,0.485809326171875,3E2F
6529,0.032645,0.143655549944493,4707,0.143646240234375,1263,0.490802176515551,16083,0.490814208984375,3ED3
6530,0.03265,0.154014621236257,5047,0.154022216796875,13B7,0.489265509692074,16032,0.4892578125,3EA0
6531,0.032655,0.151996837798837,4981,0.152008056640625,1375,0.486322581087984,15936,0.486328125,3E40
6532,0.03266,0.143122551703338,4690,0.14312744140625,1252,0.498125564843533,16323,0.498138427734375,3FC3
6533,0.032665,0.156395854347548,5125,0.156402587890625,1405,0.486382827878543,15938,0.48638916015625,3E42
6534,0.03267,0.164616879117289,5394,0.16461181640625,1512,0.501925506571297,16447,0.501922607421875,403F
6535,0.032675,0.155086053065811,5082,0.15509033203125,13DA,0.498512455442122,16335,0.498504638671875,3FCF
6536,0.03268,0.158162356536564,5183,0.158172607421875,143F,0.49960563423698,16371,0.499603271484375,3FF3
6537,0.032685,0.157044023151397,5146,0.15704345703125,141A,0.494578614968759,16206,0.49456787109375,3F4E
6538,0.03269,0.152563589744113,4999,0.152557373046875,1387,0.498539913014303,16336,0.49853515625,3FD0
6539,0.032695,0.162992177995447,5341,0.162994384765625,14DD,0.502935168736314,16480,0.5029296875,4060
6540,0.0327,0.161065177320267,5278,0.16107177734375,149E,0.496140452667063,16258,0.49615478515625,3F82
6541,0.032705,0.161207003268849,5282,0.16119384765625,14A2,0.503264906521336,16491,0.503265380859375,406B
6542,0.03271,0.170894328784602,5600,0.1708984375,15E0,0.500746615876505,16408,0.500732421875,4018
6543,0.032715,0.164850219555529,5402,0.16485595703125,151A,0.506905353583306,16610,0.50689697265625,40E2
6544,0.03272,0.160330764926564,5254,0.16033935546875,1486,0.503462758268572,16497,0.503448486328125,4071
6545,0.032725,0.179206267152113,5872,0.17919921875,16F0,0.496432006221708,16267,0.496429443359375,3F8B
6546,0.03273,0.17044525152745,5585,0.170440673828125,15D1,0.508390717692581,16659,0.508392333984375,4113
6547,0.032735,0.177754091926664,5825,0.177764892578125,16C1,0.505720743325715,16571,0.505706787109375,40BB
6548,0.03274,0.168828728629578,5532,0.1688232421875,159C,0.506126820591506,16585,0.506134033203125,40C9
6549,0.032745,0.179227354434539,5873,0.179229736328125,16F1,0.503427516158289,16496,0.50341796875,4070
6550,0.03275,0.187387683189998,6140,0.1873779296875,17FC,0.506869067101419,16609,0.506866455078125,40E1
6551,0.032755,0.182840643695162,5991,0.182830810546875,1767,0.508174272486787,16652,0.5081787109375,410C
6552,0.03276,0.182720445375997,5987,0.182708740234375,1763,0.513039416892508,16811,0.513031005859375,41AB
6553,0.032765,0.181262854043461,5940,0.1812744140625,1734,0.513845605598812,16838,0.51385498046875,41C6
6554,0.03277,0.194600786172366,6377,0.194610595703125,18E9,0.50718832508935,16620,0.5072021484375,40EC
6555,0.032775,0.196512971034814,6439,0.196502685546875,1927,0.505257358348439,16556,0.5052490234375,40AC
6556,0.03278,0.193649861806941,6346,0.19366455078125,18CA,0.512495423370985,16793,0.512481689453125,4199
6557,0.032785,0.197419206928333,6469,0.197418212890625,1945,0.508141340703841,16651,0.508148193359375,410B
6558,0.03279,0.20155415648153,6605,0.201568603515625,19CD,0.520632380612148,17060,0.5206298828125,42A4
6559,0.032795,0.207865491422615,6811,0.207855224609375,1A9B,0.513563848833048,16828,0.5135498046875,41BC
6560,0.0328,0.208042896162302,6817,0.208038330078125,1AA1,0.511938616865048,16775,0.511932373046875,4187
6561,0.032805,0.208497872198426,6832,0.20849609375,1AB0,0.517706906157136,16964,0.5177001953125,4244
6562,0.03281,0.210678160943013,6904,0.210693359375,1AF8,0.512295596958647,16787,0.512298583984375,4193
6563,0.032815,0.218624423240432,7164,0.2186279296875,1BFC,0.501678668152686,16439,0.501678466796875,4037
6564,0.03282,0.22426227576615,7349,0.224273681640625,1CB5,0.518207944474257,16981,0.518218994140625,4255
6565,0.032825,0.22360101938944,7327,0.223602294921875,1C9F,0.524947901767489,17201,0.524932861328125,4331
6566,0.03283,0.2176941635043,7133,0.217681884765625,1BDD,0.517905797880357,16971,0.517913818359375,424B
6567,0.032835,0.237564342055531,7785,0.237579345703125,1E69,0.532034125772441,17434,0.53204345703125,441A
6568,0.03284,0.223052031083876,7309,0.223052978515625,1C8D,0.52461465435198,17191,0.524627685546875,4327
6569,0.032845,0.228369946830557,7483,0.228363037109375,1D3B,0.526074117295015,17238,0.52606201171875,4356
6570,0.03285,0.234752471641135,7692,0.2347412109375,1E0C,0.520003516103004,17039,0.519989013671875,428F
6571,0.032855,0.235982273949317,7733,0.235992431640625,1E35,0.524575523489504,17189,0.524566650390625,4325
6572,0.03286,0.23990706566051,7861,0.239898681640625,1EB5,0.517823724207058,16968,0.517822265625,4248
6573,0.032865,0.239987659697302,7864,0.239990234375,1EB8,0.530746111283879,17391,0.530731201171875,43EF
6574,0.03287,0.247084673459804,8096,0.2470703125,1FA0,0.53023734741279,17375,0.530242919921875,43DF
6575,0.032875,0.262647653822131,8606,0.26263427734375,219E,0.532166892959163,17438,0.53216552734375,441E
6576,0.03288,0.260476251024051,8535,0.260467529296875,2157,0.5392333769934,17670,0.53924560546875,4506
6577,0.032885,0.25625331581207,8397,0.256256103515625,20CD,0.533323468726568,17476,0.5333251953125,4444
6578,0.03289,0.260740232396144,8544,0.2607421875,2160,0.532318375710324,17443,0.532318115234375,4423
6579,0.032895,0.258471529728967,8470,0.25848388671875,2116,0.538856007244005,17657,0.538848876953125,44F9
6580,0.0329,0.263979787308755,8650,0.26397705078125,21CA,0.530559391842324,17385,0.530548095703125,43E9
6581,0.032905,0.259861896211873,8515,0.259857177734375,2143,0.547913629867741,17954,0.54791259765625,4622
6582,0.03291,0.268244724546094,8790,0.26824951171875,2256,0.537828480827555,17624,0.537841796875,44D8
6583,0.032915,0.273697076821118,8969,0.273712158203125,2309,0.537105498977243,17600,0.537109375,44C0
6584,0.03292,0.272414621252492,8926,0.27239990234375,22DE,0.542706351209682,17783,0.542694091796875,4577
6585,0.032925,0.271822884485794,8907,0.271820068359375,22CB,0.538151815568115,17634,0.53814697265625,44E2
6586,0.03293,0.278671975613054,9132,0.2786865234375,23AC,0.543904233935127,17823,0.543914794921875,459F
6587,0.032935,0.278705938671795,9133,0.278717041015625,23AD,0.54250114272277,17777,0.542510986328125,4571
6588,0.03294,0.277212684193937,9084,0.2772216796875,237C,0.541729207820445,17751,0.541717529296875,4557
6589,0.032945,0.285368892983567,9351,0.285369873046875,2487,0.544865094889795,17854,0.54486083984375,45BE
6590,0.03295,0.288548000002394,9455,0.288543701171875,24EF,0.549792039509656,18016,0.5498046875,4660
6591,0.032955,0.282470686695441,9256,0.282470703125,2428,0.545284522973556,17868,0.5452880859375,45CC
6592,0.03296,0.291948464948347,9567,0.291961669921875,255F,0.546463327684788,17907,0.546478271484375,45F3
6593,0.032965,0.295084215766637,9669,0.295074462890625,25C5,0.55582879338576,18213,0.555816650390625,4725
6594,0.03297,0.296008500421027,9700,0.2960205078125,25E4,0.549209661933408,17997,0.549224853515625,464D
6595,0.032975,0.298919597795837,9795,0.298919677734375,2643,0.540517438333779,17712,0.54052734375,4530
6596,0.03298,0.288433452524834,9451,0.288421630859375,24EB,0.549090917487189,17993,0.549102783203125,4649
6597,0.032985,0.29950193355869,9814,0.29949951171875,2656,0.545511289768448,17875,0.545501708984375,45D3
6598,0.03299,0.301496896592538,9879,0.301483154296875,2697,0.562254866635878,18424,0.562255859375,47F8
6599,0.032995,0.295143966030239,9671,0.295135498046875,25C7,0.555435876249502,18201,0.555450439453125,4719
6600,0.033,0.287653597909656,9426,0.28765869140625,24D2,0.549328140656404,18000,0.54931640625,4650
6601,0.033005,0.288081942451347,9440,0.2880859375,24E0,0.551932296342989,18086,0.55194091796875,46A6
6602,0.03301,0.294540303427417,9651,0.294525146484375,25B3,0.554441869384287,18168,0.554443359375,46F8
6603,0.033015,0.29922816735491,9805,0.299224853515625,264D,0.549896727614708,18019,0.549896240234375,4663
6604,0.03302,0.294391693695339,9647,0.294403076171875,25AF,0.5582460980056,18293,0.558258056640625,4775
6605,0.033025,0.300450764560025,9845,0.300445556640625,2675,0.559472005648527,18333,0.559478759765625,479D
6606,0.03303,0.296931351997185,9730,0.29693603515625,2602,0.555370789486269,18198,0.55535888671875,4716
6607,0.033035,0.295580535523692,9686,0.29559326171875,25D6,0.562250721135773,18424,0.562255859375,47F8
6608,0.03304,0.293284365923709,9610,0.29327392578125,258A,0.570448449036531,18692,0.5704345703125,4904
6609,0.033045,0.301086695978717,9866,0.30108642578125,268A,0.561103748414967,18386,0.56109619140625,47D2
6610,0.03305,0.299243640257752,9806,0.29925537109375,264E,0.560548353219298,18368,0.560546875,47C0
6611,0.033055,0.299475537662177,9813,0.299468994140625,2655,0.574218516298908,18816,0.57421875,4980
6612,0.03306,0.305757440076218,10019,0.305755615234375,2723,0.569473588551078,18661,0.569488525390625,48E5
6613,0.033065,0.303479517809815,9944,0.303466796875,26D8,0.576445234574817,18889,0.576446533203125,49C9
6614,0.03307,0.299817873538455,9824,0.2998046875,2660,0.569714451568747,18668,0.5697021484375,48EC
6615,0.033075,0.298964077979399,9796,0.2989501953125,2644,0.565479498217156,18530,0.56549072265625,4862
6616,0.03308,0.300955409497465,9862,0.30096435546875,2686,0.574555067750699,18827,0.574554443359375,498B
6617,0.033085,0.301596305577933,9883,0.301605224609375,269B,0.573046497565183,18778,0.57305908203125,495A
6618,0.03309,0.312634075981363,10244,0.3126220703125,2804,0.568183651075203,18618,0.56817626953125,48BA
6619,0.033095,0.309910830963573,10155,0.309906005859375,27AB,0.578820272986868,18967,0.578826904296875,4A17
6620,0.0331,0.304703389004159,9985,0.304718017578125,2701,0.567425775157116,18593,0.567413330078125,48A1
6621,0.033105,0.30975536491422,10150,0.30975341796875,27A6,0.573573196495657,18795,0.573577880859375,496B
6622,0.03311,0.298134083272495,9769,0.298126220703125,2629,0.575783875377233,18867,0.575775146484375,49B3
6623,0.033115,0.298707766396344,9788,0.2987060546875,263C,0.587930876731444,19265,0.587921142578125,4B41
6624,0.03312,0.293155414817562,9606,0.29315185546875,2586,0.573368295627983,18788,0.5733642578125,4964
6625,0.033125,0.311238442829429,10199,0.311248779296875,27D7,0.580456048171192,19020,0.5804443359375,4A4C
6626,0.03313,0.303656151657396,9950,0.30364990234375,26DE,0.578434275241487,18954,0.57843017578125,4A0A
6627,0.033135,0.304141739426307,9966,0.30413818359375,26EE,0.572797805679095,18769,0.572784423828125,4951
6628,0.03314,0.309861839667256,10154,0.30987548828125,27AA,0.587633051666024,19256,0.587646484375,4B38
6629,0.033145,0.301671063691014,9885,0.301666259765625,269D,0.590467746164259,19348,0.5904541015625,4B94
6630,0.03315,0.316815521795455,10381,0.316802978515625,288D,0.574383488400135,18821,0.574371337890625,4985
6631,0.033155,0.30407650531555,9964,0.3040771484375,26EC,0.588397861798313,19281,0.588409423828125,4B51
6632,0.03316,0.31412807333025,10293,0.314117431640625,2835,0.590796511226245,19359,0.590789794921875,4B9F
6633,0.033165,0.315084549224087,10325,0.315093994140625,2855,0.578851665419279,18968,0.578857421875,4A18
6634,0.03317,0.311421154199929,10205,0.311431884765625,27DD,0.582676207111581,19093,0.582672119140625,4A95
6635,0.033175,0.31975938644865,10478,0.31976318359375,28EE,0.593537664362195,19449,0.593536376953125,4BF9
6636,0.03318,0.311141545795502,10195,0.311126708984375,27D3,0.585891457722776,19198,0.58587646484375,4AFE
6637,0.033185,0.31618671070054,10361,0.316192626953125,2879,0.590706653877115,19356,0.5906982421875,4B9C
6638,0.03319,0.313138379689863,10261,0.313140869140625,2815,0.588178071317252,19273,0.588165283203125,4B49
6639,0.033195,0.311347166240067,10202,0.31134033203125,27DA,0.601438478800607,19708,0.6014404296875,4CFC
6640,0.0332,0.322938338511826,10582,0.32293701171875,2956,0.589653280647528,19322,0.58966064453125,4B7A
6641,0.033205,0.317852785482315,10415,0.317840576171875,28AF,0.590393897719339,19346,0.59039306640625,4B92
6642,0.03321,0.32188732563725,10548,0.3218994140625,2934,0.596006430425885,19530,0.59600830078125,4C4A
6643,0.033215,0.318288500591314,10430,0.31829833984375,28BE,0.598020842172711,19596,0.5980224609375,4C8C
6644,0.03322,0.327765167103855,10740,0.3277587890625,29F4,0.59539590164004,19510,0.59539794921875,4C36
6645,0.033225,0.324537099469735,10634,0.32452392578125,298A,0.590672780707489,19355,0.590667724609375,4B9B
6646,0.03323,0.335104081284414,10981,0.335113525390625,2AE5,0.600546687609665,19679,0.600555419921875,4CDF
6647,0.033235,0.328141115381516,10753,0.328155517578125,2A01,0.600698859291557,19684,0.6007080078125,4CE4
6648,0.03324,0.333576179919276,10931,0.333587646484375,2AB3,0.602020607990005,19727,0.602020263671875,4D0F
6649,0.033245,0.335371689398338,10989,0.335357666015625,2AED,0.600349661287722,19672,0.600341796875,4CD8
6650,0.03325,0.331994977652174,10879,0.332000732421875,2A7F,0.591883090169189,19395,0.591888427734375,4BC3
6651,0.033255,0.336145878125935,11015,0.336151123046875,2B07,0.60159763015136,19713,0.601593017578125,4D01
6652,0.03326,0.340650631490087,11162,0.34063720703125,2B9A,0.604889755303798,19821,0.604888916015625,4D6D
6653,0.033265,0.344385241333931,11285,0.344390869140625,2C15,0.608197873009818,19929,0.608184814453125,4DD9
6654,0.03327,0.35194771770693,11533,0.351959228515625,2D0D,0.607569223420375,19909,0.607574462890625,4DC5
6655,0.033275,0.347191178457314,11377,0.347198486328125,2C71,0.599843408589848,19656,0.599853515625,4CC8
6656,0.03328,0.335627232764664,10998,0.33563232421875,2AF6,0.608773041966929,19948,0.6087646484375,4DEC
6657,0.033285,0.34989838108892,11465,0.349884033203125,2CC9,0.60325751736572,19768,0.603271484375,4D38
6658,0.03329,0.350793156028907,11495,0.350799560546875,2CE7,0.611250325470278,20029,0.611236572265625,4E3D
6659,0.033295,0.350542519102801,11487,0.350555419921875,2CDF,0.616390953775986,20198,0.61639404296875,4EE6
6660,0.0333,0.345255186764934,11313,0.345245361328125,2C31,0.619598288002529,20303,0.619598388671875,4F4F
6661,0.033305,0.344138313277594,11277,0.344146728515625,2C0D,0.613729650336796,20111,0.613739013671875,4E8F
6662,0.03331,0.352387718311668,11547,0.352386474609375,2D1B,0.601036338555529,19695,0.601043701171875,4CEF
6663,0.033315,0.346275587069337,11347,0.346282958984375,2C53,0.61143186568818,20035,0.611419677734375,4E43
6664,0.03332,0.349644210792779,11457,0.349639892578125,2CC1,0.611582541984538,20040,0.611572265625,4E48
6665,0.033325,0.355715861549297,11656,0.355712890625,2D88,0.606847928889437,19885,0.606842041015625,4DAD
6666,0.03333,0.355100388922384,11636,0.3551025390625,2D74,0.620802143704787,20342,0.62078857421875,4F76
6667,0.033335,0.358048750836654,11733,0.358062744140625,2DD5,0.602513294041227,19743,0.602508544921875,4D1F
6668,0.03334,0.348417009263244,11417,0.348419189453125,2C99,0.619421704512333,20297,0.619415283203125,4F49
6669,0.033345,0.362148641732195,11867,0.362152099609375,2E5B,0.619033371475509,20284,0.6190185546875,4F3C
6670,0.03335,0.368238718176271,12066,0.36822509765625,2F22,0.622749284287261,20406,0.62274169921875,4FB6
6671,0.033355,0.362063644189083,11864,0.362060546875,2E58,0.615645924892527,20173,0.615631103515625,4ECD
6672,0.03336,0.362264333335914,11871,0.362274169921875,2E5F,0.61914641874061,20288,0.619140625,4F40
6673,0.033365,0.363287486612232,11904,0.36328125,2E80,0.613540664010811,20105,0.613555908203125,4E89
6674,0.03337,0.365399672844112,11973,0.365386962890625,2EC5,0.616427607677294,20199,0.616424560546875,4EE7
6675,0.033375,0.367408969540562,12039,0.367401123046875,2F07,0.623719675634756,20438,0.62371826171875,4FD6
6676,0.03338,0.36623782139081,12001,0.366241455078125,2EE1,0.612316747709801,20064,0.6123046875,4E60
6677,0.033385,0.369395119050801,12104,0.369384765625,2F48,0.616584878117177,20204,0.6165771484375,4EEC
6678,0.03339,0.380401675258946,12465,0.380401611328125,30B1,0.61965035403694,20305,0.619659423828125,4F51
6679,0.033395,0.375762002395931,12313,0.375762939453125,3019,0.62449397568763,20463,0.624481201171875,4FEF
6680,0.0334,0.36560408369837,11980,0.3656005859375,2ECC,0.617029681010641,20219,0.617034912109375,4EFB
6681,0.033405,0.384354578876905,12595,0.384368896484375,3133,0.620414434451412,20330,0.62042236328125,4F6A
6682,0.03341,0.381032209497088,12486,0.38104248046875,30C6,0.624343076982566,20458,0.62432861328125,4FEA
6683,0.033415,0.374520093379642,12272,0.37451171875,2FF0,0.619785863283781,20309,0.619781494140625,4F55
6684,0.03342,0.381257408689956,12493,0.381256103515625,30CD,0.619561750031601,20302,0.61956787109375,4F4E
6685,0.033425,0.376286105759678,12330,0.37628173828125,302A,0.624633517152862,20468,0.6246337890625,4FF4
6686,0.03343,0.374807374163546,12282,0.37481689453125,2FFA,0.625234475593007,20488,0.625244140625,5008
6687,0.033435,0.379224824569739,12426,0.37921142578125,308A,0.627645319335412,20567,0.627655029296875,5057
6688,0.03344,0.371752273641153,12182,0.37176513671875,2F96,0.626562441928548,20531,0.626556396484375,5033
6689,0.033445,0.378977997441066,12418,0.37896728515625,3082,0.619371956652414,20296,0.619384765625,4F48
6690,0.03345,0.389700719140492,12770,0.38970947265625,31E2,0.631304772331971,20687,0.631317138671875,50CF
6691,0.033455,0.372775090020467,12215,0.372772216796875,2FB7,0.633030881490562,20743,0.633026123046875,5107
6692,0.03346,0.394983461728427,12943,0.394989013671875,328F,0.623602017960379,20434,0.62359619140625,4FD2
6693,0.033465,0.369203751080422,12098,0.36920166015625,2F42,0.628502090593717,20595,0.628509521484375,5073
6694,0.03347,0.384559848065247,12601,0.384552001953125,3139,0.626863466382547,20541,0.626861572265625,503D
6695,0.033475,0.377757019403259,12378,0.37774658203125,305A,0.62211287229399,20385,0.622100830078125,4FA1
6696,0.03348,0.382506043228551,12534,0.38250732421875,30F6,0.626597991929622,20532,0.6265869140625,5034
6697,0.033485,0.38447266734491,12598,0.38446044921875,3136,0.618308188983897,20261,0.618316650390625,4F25
6698,0.03349,0.384571146557773,12602,0.38458251953125,313A,0.621142488434058,20354,0.62115478515625,4F82
6699,0.033495,0.384100594084539,12586,0.38409423828125,312A,0.626773110370935,20538,0.62677001953125,503A
6700,0.0335,0.388278289425716,12723,0.388275146484375,31B3,0.633270855254203,20751,0.633270263671875,510F
6701,0.033505,0.389587651009274,12766,0.38958740234375,31DE,0.630378486708103,20656,0.63037109375,50B0
6702,0.03351,0.373017964901262,12223,0.373016357421875,2FBF,0.627540936587772,20563,0.627532958984375,5053
6703,0.033515,0.393285684259985,12887,0.393280029296875,3257,0.632988305557815,20742,0.63299560546875,5106
6704,0.03352,0.389621674219821,12767,0.389617919921875,31DF,0.635260666499662,20816,0.63525390625,5150
6705,0.033525,0.385353635677288,12627,0.385345458984375,3153,0.627823992047304,20573,0.627838134765625,505D
6706,0.03353,0.383659731322626,12572,0.3836669921875,311C,0.634119714531027,20779,0.634124755859375,512B
6707,0.033535,0.390757790742916,12804,0.3907470703125,3204,0.641503710471018,21021,0.641510009765625,521D
6708,0.03354,0.387678935200778,12703,0.387664794921875,319F,0.625423869234991,20494,0.62542724609375,500E
6709,0.033545,0.383640401956666,12571,0.383636474609375,311B,0.628390262603748,20591,0.628387451171875,506F
6710,0.03355,0.396817199343441,13003,0.396820068359375,32CB,0.629165449922159,20616,0.629150390625,5088
6711,0.033555,0.393776326845051,12903,0.393768310546875,3267,0.625113215769814,20484,0.6251220703125,5004
6712,0.03356,0.399990323420799,13107,0.399993896484375,3333,0.641920133425723,21034,0.64190673828125,522A
6713,0.033565,0.391649535810274,12834,0.39166259765625,3222,0.642771740697911,21062,0.64276123046875,5246
6714,0.03357,0.392786020033939,12871,0.392791748046875,3247,0.63159897950069,20696,0.631591796875,50D8
6715,0.033575,0.390325061164666,12790,0.39031982421875,31F6,0.642944405822206,21068,0.6429443359375,524C
6716,0.03358,0.391661456494945,12834,0.39166259765625,3222,0.643122778821711,21074,0.64312744140625,5252
6717,0.033585,0.404681714757226,13261,0.404693603515625,33CD,0.643441087946608,21084,0.6434326171875,525C
6718,0.03359,0.391123765989249,12816,0.39111328125,3210,0.64506487019748,21137,0.645050048828125,5291
6719,0.033595,0.404131629229047,13243,0.404144287109375,33BB,0.64600382252293,21168,0.64599609375,52B0
6720,0.0336,0.398296064656224,13051,0.398284912109375,32FB,0.641641187135541,21025,0.641632080078125,5221
6721,0.033605,0.397552031960916,13027,0.397552490234375,32E3,0.649403748374699,21280,0.6494140625,5320
6722,0.03361,0.397642813985631,13030,0.39764404296875,32E6,0.637332921764333,20884,0.6373291015625,5194
6723,0.033615,0.398506272128723,13058,0.39849853515625,3302,0.645075138862634,21138,0.64508056640625,5292
6724,0.03362,0.406372843131886,13316,0.4063720703125,3404,0.640953144650712,21003,0.640960693359375,520B
6725,0.033625,0.40483495558399,13266,0.40484619140625,33D2,0.63754220826402,20891,0.637542724609375,519B
6726,0.03363,0.413771827689666,13558,0.41375732421875,34F6,0.648218981621259,21241,0.648223876953125,52F9
6727,0.033635,0.40535632901629,13283,0.405364990234375,33E3,0.64528263395952,21145,0.645294189453125,5299
6728,0.03364,0.406787770997194,13330,0.40679931640625,3412,0.647703522447928,21224,0.647705078125,52E8
6729,0.033645,0.407857432409714,13365,0.407867431640625,3435,0.648687354730274,21256,0.648681640625,5308
6730,0.03365,0.411008044772385,13468,0.4110107421875,349C,0.650869504263739,21328,0.65087890625,5350
6731,0.033655,0.415181418986554,13605,0.415191650390625,3525,0.65749293058984,21545,0.657501220703125,5429
6732,0.03366,0.405125602986671,13275,0.405120849609375,33DB,0.659015822365868,21595,0.659027099609375,545B
6733,0.033665,0.407456509851744,13352,0.407470703125,3428,0.668525128818777,21906,0.66851806640625,5592
6734,0.03367,0.413316582780692,13544,0.413330078125,34E8,0.649051612421107,21268,0.6490478515625,5314
6735,0.033675,0.412996836309274,13533,0.412994384765625,34DD,0.664588107903291,21777,0.664581298828125,5511
6736,0.03368,0.413704569499073,13556,0.4136962890625,34F4,0.66014319973007,21632,0.66015625,5480
6737,0.033685,0.423385245390153,13873,0.423370361328125,3631,0.659586865452902,21613,0.659576416015625,546D
6738,0.03369,0.422505970848769,13845,0.422515869140625,3615,0.659249455046999,21602,0.65924072265625,5462
6739,0.033695,0.423627217073072,13881,0.423614501953125,3639,0.65545486124149,21478,0.65545654296875,53E6
6740,0.0337,0.426591737138742,13979,0.426605224609375,369B,0.656106050600189,21499,0.656097412109375,53FB
6741,0.033705,0.43104424116232,14124,0.4310302734375,372C,0.659040320882491,21595,0.659027099609375,545B
6742,0.03371,0.436162207366525,14292,0.4361572265625,37D4,0.659691436138424,21617,0.659698486328125,5471
6743,0.033715,0.432274033061925,14165,0.432281494140625,3755,0.662898962339062,21722,0.66290283203125,54DA
6744,0.03372,0.42381319476006,13888,0.423828125,3640,0.667588323421119,21876,0.6676025390625,5574
6745,0.033725,0.430937760858485,14121,0.430938720703125,3729,0.662510421252651,21709,0.662506103515625,54CD
6746,0.03373,0.44172745316301,14475,0.441741943359375,388B,0.666745370942663,21848,0.666748046875,5558
6747,0.033735,0.438609889191744,14372,0.4385986328125,3824,0.668978304563829,21921,0.668975830078125,55A1
6748,0.03374,0.431481644969539,14139,0.431488037109375,373B,0.664461228443539,21773,0.664459228515625,550D
6749,0.033745,0.43272489810198,14180,0.4327392578125,3764,0.665313971594355,21801,0.665313720703125,5529
6750,0.03375,0.436223462767335,14294,0.43621826171875,37D6,0.671547489904029,22005,0.671539306640625,55F5
6751,0.033755,0.43765717088499,14341,0.437652587890625,3805,0.667956812638741,21888,0.66796875,5580
6752,0.03376,0.440085660090961,14421,0.440093994140625,3855,0.668446819931089,21904,0.66845703125,5590
6753,0.033765,0.440391296443453,14431,0.440399169921875,385F,0.670062422289451,21957,0.670074462890625,55C5
6754,0.03377,0.442886313693661,14512,0.44287109375,38B0,0.667922670410011,21886,0.66790771484375,557E
6755,0.033775,0.441815536886929,14477,0.441802978515625,388D,0.672314971969144,22030,0.67230224609375,560E
6756,0.03378,0.444403863935315,14562,0.44439697265625,38E2,0.67257926617427,22039,0.672576904296875,5617
6757,0.033785,0.442751798821579,14508,0.4427490234375,38AC,0.671646472715994,22009,0.671661376953125,55F9
6758,0.03379,0.441694722243962,14473,0.441680908203125,3889,0.683144835190335,22385,0.683135986328125,5771
6759,0.033795,0.447128040124929,14651,0.447113037109375,393B,0.675122994267753,22122,0.67510986328125,566A
6760,0.0338,0.446930787030174,14645,0.446929931640625,3935,0.681924525684269,22345,0.681915283203125,5749
6761,0.033805,0.440568227460814,14437,0.440582275390625,3865,0.682541099713578,22366,0.68255615234375,575E
6762,0.03381,0.446149651390482,14619,0.446136474609375,391B,0.682936993462207,22378,0.68292236328125,576A
6763,0.033815,0.444524263658511,14566,0.44451904296875,38E6,0.6808227458236,22309,0.680816650390625,5725
6764,0.03382,0.459195554786355,15047,0.459197998046875,3AC7,0.675787980474339,22144,0.67578125,5680
6765,0.033825,0.453875389511751,14873,0.453887939453125,3A19,0.680766378608861,22307,0.680755615234375,5723
6766,0.03383,0.452170633117241,14817,0.452178955078125,39E1,0.692487126797075,22691,0.692474365234375,58A3
6767,0.033835,0.451663281500316,14800,0.45166015625,39D0,0.683570143684208,22399,0.683563232421875,577F
6768,0.03384,0.455809766096443,14936,0.455810546875,3A58,0.691037279979714,22644,0.6910400390625,5874
6769,0.033845,0.456328929217469,14953,0.456329345703125,3A69,0.684921287895317,22444,0.6849365234375,57AC
6770,0.03385,0.46291650740168,15169,0.462921142578125,3B41,0.683947818153802,22412,0.6839599609375,578C
6771,0.033855,0.446557716209103,14633,0.446563720703125,3929,0.682696310667248,22371,0.682708740234375,5763
6772,0.03386,0.451464140513878,14794,0.45147705078125,39CA,0.678421102932751,22231,0.678436279296875,56D7
6773,0.033865,0.447623093366404,14668,0.4476318359375,394C,0.690802220534815,22636,0.6907958984375,586C
6774,0.03387,0.444698065447878,14572,0.4447021484375,38EC,0.684959849204055,22445,0.684967041015625,57AD
6775,0.033875,0.448664201234928,14702,0.44866943359375,396E,0.692110783109729,22679,0.692108154296875,5897
6776,0.03388,0.448674092526925,14702,0.44866943359375,396E,0.684278263782535,22422,0.68426513671875,5796
6777,0.033885,0.449882064058661,14742,0.44989013671875,3996,0.685026603411649,22447,0.685028076171875,57AF
6778,0.03389,0.451284780192728,14788,0.4512939453125,39C4,0.691306878000934,22653,0.691314697265625,587D
6779,0.033895,0.452658239405093,14833,0.452667236328125,39F1,0.692395111651875,22688,0.6923828125,58A0
6780,0.0339,0.457437902765779,14989,0.457427978515625,3A8D,0.700612716094197,22958,0.70062255859375,59AE
6781,0.033905,0.466075748767975,15272,0.466064453125,3BA8,0.683692607833756,22403,0.683685302734375,5783
6782,0.03391,0.440482457971625,14434,0.44049072265625,3862,0.692135612459825,22680,0.692138671875,5898
6783,0.033915,0.448054361485723,14682,0.44805908203125,395A,0.704202207354305,23075,0.704193115234375,5A23
6784,0.03392,0.457443060242126,14989,0.457427978515625,3A8D,0.685347155175809,22457,0.685333251953125,57B9
6785,0.033925,0.442984612094441,14516,0.4429931640625,38B4,0.701206474276506,22977,0.701202392578125,59C1
6786,0.03393,0.448967582921491,14712,0.448974609375,3978,0.692368011735443,22688,0.6923828125,58A0
6787,0.033935,0.45826544025623,15016,0.458251953125,3AA8,0.687468374563003,22527,0.687469482421875,57FF
6788,0.03394,0.439758529935448,14410,0.43975830078125,384A,0.699796777426484,22931,0.699798583984375,5993
6789,0.033945,0.45042725795785,14760,0.450439453125,39A8,0.695809843209985,22800,0.69580078125,5910
6790,0.03395,0.456913054969938,14972,0.4569091796875,3A7C,0.687571115580989,22530,0.68756103515625,5802
6791,0.033955,0.455936744656014,14940,0.4559326171875,3A5C,0.694087893920708,22744,0.694091796875,58D8
6792,0.03396,0.452075424771186,14814,0.45208740234375,39DE,0.692581307688524,22695,0.692596435546875,58A7
6793,0.033965,0.46113259790692,15110,0.46112060546875,3B06,0.698456613459927,22887,0.698455810546875,5967
6794,0.03397,0.450108443056263,14749,0.450103759765625,399D,0.691010297559619,22643,0.691009521484375,5873
6795,0.033975,0.457667722217171,14997,0.457672119140625,3A95,0.70726012720282,23175,0.707244873046875,5A87
6796,0.03398,0.45041106390663,14759,0.450408935546875,39A7,0.689674524772453,22599,0.689666748046875,5847
6797,0.033985,0.457331120674834,14986,0.45733642578125,3A8A,0.703077239006059,23038,0.70306396484375,59FE
6798,0.03399,0.456545643345372,14960,0.45654296875,3A70,0.696648064880051,22828,0.6966552734375,592C
6799,0.033995,0.463675234056631,15194,0.46368408203125,3B5A,0.70645195456948,23149,0.706451416015625,5A6D
6800,0.034,0.455731686148798,14933,0.455718994140625,3A55,0.701422497551913,22984,0.701416015625,59C8
6801,0.034005,0.45824022621632,15016,0.458251953125,3AA8,0.700513356594378,22954,0.70050048828125,59AA
6802,0.03401,0.463158733619586,15177,0.463165283203125,3B49,0.695739792536913,22798,0.69573974609375,590E
6803,0.034015,0.454098533222166,14880,0.4541015625,3A20,0.700143193903796,22942,0.70013427734375,599E
6804,0.03402,0.458106463639644,15011,0.458099365234375,3AA3,0.707357718424537,23179,0.707366943359375,5A8B
6805,0.034025,0.45168695029524,14801,0.451690673828125,39D1,0.701455471317315,22985,0.701446533203125,59C9
6806,0.03403,0.458669263180771,15030,0.45867919921875,3AB6,0.702038918254811,23004,0.7020263671875,59DC
6807,0.034035,0.461268474236299,15115,0.461273193359375,3B0B,0.69768556686946,22862,0.69769287109375,594E
6808,0.03404,0.459663928234062,15062,0.45965576171875,3AD6,0.692303805767093,22685,0.692291259765625,589D
6809,0.034045,0.467558379586803,15321,0.467559814453125,3BD9,0.714499203846643,23413,0.714508056640625,5B75
6810,0.03405,0.456301421799423,14952,0.456298828125,3A68,0.692011643430735,22676,0.6920166015625,5894
6811,0.034055,0.459511570151299,15057,0.459503173828125,3AD1,0.701927005144452,23001,0.701934814453125,59D9
6812,0.03406,0.465451396772311,15252,0.4654541015625,3B94,0.703648986533417,23057,0.703643798828125,5A11
6813,0.034065,0.464965715511708,15236,0.4649658203125,3B84,0.698515053526481,22889,0.698516845703125,5969
6814,0.03407,0.46261579806126,15159,0.462615966796875,3B37,0.702602820093234,23023,0.702606201171875,59EF
6815,0.034075,0.466381882555252,15282,0.46636962890625,3BB2,0.697418963181689,22853,0.697418212890625,5945
6816,0.03408,0.475942374032087,15596,0.4759521484375,3CEC,0.701677395957859,22993,0.701690673828125,59D1
6817,0.034085,0.466231975083402,15277,0.466217041015625,3BAD,0.708227000196915,23207,0.708221435546875,5AA7
6818,0.03409,0.462065860245407,15141,0.462066650390625,3B25,0.705578000703347,23120,0.70556640625,5A50
6819,0.034095,0.475637278108278,15586,0.47564697265625,3CE2,0.700414950282192,22951,0.700408935546875,59A7
6820,0.0341,0.473854277870147,15527,0.473846435546875,3CA7,0.708441743085005,23214,0.70843505859375,5AAE
6821,0.034105,0.479189067639239,15702,0.47918701171875,3D56,0.708129432847263,23204,0.7081298828125,5AA4
6822,0.03411,0.479861651112676,15724,0.4798583984375,3D6C,0.700889960606981,22967,0.700897216796875,59B7
6823,0.034115,0.474816122391621,15559,0.474822998046875,3CC7,0.711555009400842,23316,0.7115478515625,5B14
6824,0.03412,0.480362190412069,15741,0.480377197265625,3D7D,0.710526685594141,23283,0.710540771484375,5AF3
6825,0.034125,0.47008879934867,15404,0.4700927734375,3C2C,0.713169078531684,23369,0.713165283203125,5B49
6826,0.03413,0.489828398568828,16051,0.489837646484375,3EB3,0.706287574885797,23144,0.706298828125,5A68
6827,0.034135,0.480505522163425,15745,0.480499267578125,3D81,0.701703029260787,22993,0.701690673828125,59D1
6828,0.03414,0.482307849276597,15804,0.4822998046875,3DBC,0.710966840529302,23297,0.710968017578125,5B01
6829,0.034145,0.485152268919764,15897,0.485137939453125,3E19,0.715945593284075,23460,0.7159423828125,5BA4
6830,0.03415,0.481730032628639,15785,0.481719970703125,3DA9,0.719995053385086,23593,0.720001220703125,5C29
6831,0.034155,0.493046641866605,16156,0.4930419921875,3F1C,0.71256316256392,23349,0.712554931640625,5B35
6832,0.03416,0.490763196214708,16081,0.490753173828125,3ED1,0.7104338749577,23279,0.710418701171875,5AEF
6833,0.034165,0.490671882385576,16078,0.49066162109375,3ECE,0.706796715054545,23160,0.706787109375,5A78
6834,0.03417,0.490436646449259,16071,0.490447998046875,3EC7,0.710237290727351,23273,0.710235595703125,5AE9
6835,0.034175,0.487443440419735,15973,0.487457275390625,3E65,0.716657422842935,23483,0.716644287109375,5BBB
6836,0.03418,0.500020639220377,16385,0.500030517578125,4001,0.711127400044743,23302,0.71112060546875,5B06
6837,0.034185,0.487866063816128,15986,0.48785400390625,3E72,0.70419855876436,23075,0.704193115234375,5A23
6838,0.03419,0.490710229086353,16080,0.49072265625,3ED0,0.704488102783879,23085,0.704498291015625,5A2D
6839,0.034195,0.497273855937337,16295,0.497283935546875,3FA7,0.702888627494629,23032,0.702880859375,59F8
6840,0.0342,0.497946152650773,16317,0.497955322265625,3FBD,0.706423155245702,23148,0.7064208984375,5A6C
6841,0.034205,0.506976547157893,16613,0.506988525390625,40E5,0.715719614039542,23453,0.715728759765625,5B9D
6842,0.03421,0.507815578317356,16640,0.5078125,4100,0.708503583538014,23216,0.70849609375,5AB0
6843,0.034215,0.496361596722379,16265,0.496368408203125,3F89,0.705014199746175,23102,0.70501708984375,5A3E
6844,0.03422,0.497965731671435,16317,0.497955322265625,3FBD,0.720422235316616,23607,0.720428466796875,5C37
6845,0.034225,0.510360827833201,16724,0.5103759765625,4154,0.712155455750428,23336,0.712158203125,5B28
6846,0.03423,0.507436905655134,16628,0.5074462890625,40F4,0.714919245396885,23426,0.71490478515625,5B82
6847,0.034235,0.504633994603075,16536,0.504638671875,4098,0.709480297743517,23248,0.70947265625,5AD0
6848,0.03424,0.497606253836765,16306,0.49761962890625,3FB2,0.713753403967228,23388,0.7137451171875,5B5C
6849,0.034245,0.50899795329228,16679,0.509002685546875,4127,0.717430767073528,23509,0.717437744140625,5BD5
6850,0.03425,0.506905006138373,16610,0.50689697265625,40E2,0.718714796774795,23551,0.718719482421875,5BFF
6851,0.034255,0.505734256625586,16572,0.5057373046875,40BC,0.715448821900203,23444,0.7154541015625,5B94
6852,0.03426,0.510514441708982,16729,0.510528564453125,4159,0.716759581786474,23487,0.716766357421875,5BBF
6853,0.034265,0.508631121631463,16667,0.508636474609375,411B,0.708504913675125,23216,0.70849609375,5AB0
6854,0.03427,0.518664175256841,16996,0.5186767578125,4264,0.719570968899188,23579,0.719573974609375,5C1B
6855,0.034275,0.502034449984742,16451,0.502044677734375,4043,0.716593384246901,23481,0.716583251953125,5BB9
6856,0.03428,0.513415779899747,16824,0.513427734375,41B8,0.719660956916501,23582,0.71966552734375,5C1E
6857,0.034285,0.518450206644023,16989,0.518463134765625,425D,0.712229312248149,23338,0.71221923828125,5B2A
6858,0.03429,0.516102618088016,16912,0.51611328125,4210,0.722155549910407,23664,0.72216796875,5C70
6859,0.034295,0.520218867436681,17047,0.520233154296875,4297,0.708721715820763,23223,0.708709716796875,5AB7
6860,0.0343,0.508620724984262,16666,0.50860595703125,411A,0.720962837605327,23625,0.720977783203125,5C49
6861,0.034305,0.515475410872045,16891,0.515472412109375,41FB,0.72001378321939,23593,0.720001220703125,5C29
6862,0.03431,0.519168172676923,17012,0.5191650390625,4274,0.720342267908802,23604,0.7203369140625,5C34
6863,0.034315,0.518409688165726,16987,0.518402099609375,425B,0.724577540434474,23743,0.724578857421875,5CBF
6864,0.03432,0.51747547907201,16957,0.517486572265625,423D,0.715358193991694,23441,0.715362548828125,5B91
6865,0.034325,0.521463107140222,17087,0.521453857421875,42BF,0.707473208676531,23182,0.70745849609375,5A8E
6866,0.03433,0.523090290478685,17141,0.523101806640625,42F5,0.721100085773693,23629,0.721099853515625,5C4D
6867,0.034335,0.525754575730984,17228,0.5257568359375,434C,0.723998667933159,23724,0.7239990234375,5CAC
6868,0.03434,0.532812141775375,17459,0.532806396484375,4433,0.717376624569227,23507,0.717376708984375,5BD3
6869,0.034345,0.526212263103003,17243,0.526214599609375,435B,0.722329468295342,23669,0.722320556640625,5C75
6870,0.03435,0.525985654739044,17235,0.525970458984375,4353,0.713333017002676,23374,0.71331787109375,5B4E
6871,0.034355,0.530581878878109,17386,0.53057861328125,43EA,0.724719052414345,23748,0.7247314453125,5CC4
6872,0.03436,0.531543118153098,17418,0.53155517578125,440A,0.712526903174291,23348,0.7125244140625,5B34
6873,0.034365,0.544576677378338,17845,0.544586181640625,45B5,0.713486266669783,23380,0.7135009765625,5B54
6874,0.03437,0.526462272691741,17251,0.526458740234375,4363,0.717699492072719,23518,0.71771240234375,5BDE
6875,0.034375,0.521517503187533,17089,0.521514892578125,42C1,0.717061974117307,23497,0.717071533203125,5BC9
6876,0.03438,0.535906225497806,17561,0.535919189453125,4499,0.734269266794915,24061,0.734283447265625,5DFD
6877,0.034385,0.536447568137685,17578,0.53643798828125,44AA,0.720447258308818,23608,0.720458984375,5C38
6878,0.03439,0.534988364510394,17530,0.53497314453125,447A,0.716621206872519,23482,0.71661376953125,5BBA
6879,0.034395,0.531530907458407,17417,0.531524658203125,4409,0.72091853898619,23623,0.720916748046875,5C47
6880,0.0344,0.533149938265517,17470,0.53314208984375,443E,0.715123638288223,23433,0.715118408203125,5B89
6881,0.034405,0.528132019085399,17306,0.52813720703125,439A,0.718662889796436,23549,0.718658447265625,5BFD
6882,0.03441,0.545680913146237,17881,0.545684814453125,45D9,0.723081721230482,23694,0.72308349609375,5C8E
6883,0.034415,0.540691059948964,17717,0.540679931640625,4535,0.723255966115479,23700,0.7232666015625,5C94
6884,0.03442,0.535303381288317,17541,0.535308837890625,4485,0.722338575531874,23670,0.72235107421875,5C76
6885,0.034425,0.548628934274655,17977,0.548614501953125,4639,0.73170158220362,23976,0.731689453125,5DA8
6886,0.03443,0.543727720494683,17817,0.543731689453125,4599,0.717325761367576,23505,0.717315673828125,5BD1
6887,0.034435,0.535818131393621,17558,0.53582763671875,4496,0.718169014747584,23533,0.718170166015625,5BED
6888,0.03444,0.534803583934406,17524,0.5347900390625,4474,0.722191554918073,23665,0.722198486328125,5C71
6889,0.034445,0.54241474250454,17774,0.54241943359375,456E,0.718887508198312,23557,0.718902587890625,5C05
6890,0.03445,0.544507068809249,17842,0.54449462890625,45B2,0.729687988461177,23910,0.72967529296875,5D66
6891,0.034455,0.546532454852153,17909,0.546539306640625,45F5,0.725854671582074,23785,0.725860595703125,5CE9
6892,0.03446,0.546116718847099,17895,0.546112060546875,45E7,0.72996761221916,23920,0.72998046875,5D70
6893,0.034465,0.546701343076164,17914,0.54669189453125,45FA,0.732067065636932,23988,0.7320556640625,5DB4
6894,0.03447,0.539973962899581,17694,0.53997802734375,451E,0.728807685432246,23882,0.72882080078125,5D4A
6895,0.034475,0.542665288809569,17782,0.54266357421875,4576,0.735293958853955,24094,0.73529052734375,5E1E
6896,0.03448,0.552760713160033,18113,0.552764892578125,46C1,0.728403166816735,23868,0.7283935546875,5D3C
6897,0.034485,0.554199296662035,18160,0.55419921875,46F0,0.73443632407573,24066,0.73443603515625,5E02
6898,0.03449,0.557313179982435,18262,0.55731201171875,4756,0.730701220325211,23944,0.730712890625,5D88
6899,0.034495,0.553830460097306,18148,0.5538330078125,46E4,0.73215312991007,23991,0.732147216796875,5DB7
6900,0.0345,0.560470463894211,18365,0.560455322265625,47BD,0.734597226539948,24071,0.734588623046875,5E07
6901,0.034505,0.556798021628192,18245,0.556793212890625,4745,0.729951903723934,23919,0.729949951171875,5D6F
6902,0.03451,0.561144216124355,18388,0.5611572265625,47D4,0.7274837995775,23838,0.72747802734375,5D1E
6903,0.034515,0.552707031802303,18111,0.552703857421875,46BF,0.726569493975759,23808,0.7265625,5D00
6904,0.03452,0.558046195846006,18286,0.55804443359375,476E,0.729007099833306,23888,0.72900390625,5D50
6905,0.034525,0.564433509741424,18495,0.564422607421875,483F,0.73511352048838,24088,0.735107421875,5E18
6906,0.03453,0.559565713873129,18336,0.5595703125,47A0,0.74064810501487,24270,0.74066162109375,5ECE
6907,0.034535,0.557408566077423,18265,0.557403564453125,4759,0.737438556941377,24164,0.7374267578125,5E64
6908,0.03454,0.564888968452226,18510,0.56488037109375,484E,0.736623836834227,24138,0.73663330078125,5E4A
6909,0.034545,0.559384031215907,18330,0.55938720703125,479A,0.745091830915566,24415,0.745086669921875,5F5F
6910,0.03455,0.570164817674745,18683,0.570159912109375,48FB,0.751702813389625,24632,0.751708984375,6038
6911,0.034555,0.569252695495767,18653,0.569244384765625,48DD,0.73480259256646,24078,0.73480224609375,5E0E
6912,0.03456,0.571447676905359,18725,0.571441650390625,4925,0.743924057113892,24377,0.743927001953125,5F39
6913,0.034565,0.563324885282511,18459,0.563323974609375,481B,0.735893263945085,24114,0.73590087890625,5E32
6914,0.03457,0.572834883821176,18771,0.572845458984375,4953,0.743221396052893,24354,0.74322509765625,5F22
6915,0.034575,0.557341558053853,18263,0.557342529296875,4757,0.749654061690056,24565,0.749664306640625,5FF5
6916,0.03458,0.565713579238728,18537,0.565704345703125,4869,0.741697113689272,24304,0.74169921875,5EF0
6917,0.034585,0.571899890918741,18740,0.5718994140625,4934,0.753048280252828,24676,0.7530517578125,6064
6918,0.03459,0.574901687111645,18838,0.57489013671875,4996,0.743475829598062,24362,0.74346923828125,5F2A
6919,0.034595,0.572478255223888,18759,0.572479248046875,4947,0.754559830082516,24725,0.754547119140625,6095
6920,0.0346,0.578016725237973,18940,0.5780029296875,49FC,0.743901085478691,24376,0.743896484375,5F38
6921,0.034605,0.576021397618019,18875,0.576019287109375,49BB,0.748497652716983,24527,0.748504638671875,5FCF
6922,0.03461,0.577585088564268,18926,0.57757568359375,49EE,0.753586863311951,24694,0.75360107421875,6076
6923,0.034615,0.573789897091505,18802,0.57379150390625,4972,0.747991082423958,24510,0.74798583984375,5FBE
6924,0.03462,0.588138494646412,19272,0.588134765625,4B48,0.75441130711442,24721,0.754425048828125,6091
6925,0.034625,0.578148095668822,18945,0.578155517578125,4A01,0.7510223573795,24610,0.75103759765625,6022
6926,0.03463,0.576214299155296,18881,0.576202392578125,49C1,0.756468244692174,24788,0.7564697265625,60D4
6927,0.034635,0.586508663897875,19219,0.586517333984375,4B13,0.759019703705529,24872,0.759033203125,6128
6928,0.03464,0.582558818223605,19089,0.582550048828125,4A91,0.752744138460411,24666,0.75274658203125,605A
6929,0.034645,0.5771611485945,18912,0.5771484375,49E0,0.752742684349416,24666,0.75274658203125,605A
6930,0.03465,0.576575358479092,18893,0.576568603515625,49CD,0.762756660709444,24994,0.76275634765625,61A2
6931,0.034655,0.580231139038195,19013,0.580230712890625,4A45,0.754664675996995,24729,0.754669189453125,6099
6932,0.03466,0.585827010206345,19196,0.5858154296875,4AFC,0.76085622378565,24932,0.7608642578125,6164
6933,0.034665,0.588821365302451,19294,0.58880615234375,4B5E,0.75840469095618,24851,0.758392333984375,6113
6934,0.03467,0.599185416890815,19634,0.59918212890625,4CB2,0.760591541100545,24923,0.760589599609375,615B
6935,0.034675,0.578126343945064,18944,0.578125,4A00,0.761687667899019,24959,0.761688232421875,617F
6936,0.03468,0.593178007265771,19437,0.593170166015625,4BED,0.755951410913045,24771,0.755950927734375,60C3
6937,0.034685,0.590184021367316,19339,0.590179443359375,4B8B,0.750199681951124,24583,0.750213623046875,6007
6938,0.03469,0.588296132674813,19277,0.588287353515625,4B4D,0.762506136527676,24986,0.76251220703125,619A
6939,0.034695,0.592983384144215,19431,0.592987060546875,4BE7,0.764029773954642,25036,0.7640380859375,61CC
6940,0.0347,0.576703051444628,18897,0.576690673828125,49D1,0.770241658191042,25239,0.770233154296875,6297
6941,0.034705,0.591524553264485,19383,0.591522216796875,4BB7,0.7669702337211,25132,0.7669677734375,622C
6942,0.03471,0.587109638098802,19238,0.58709716796875,4B26,0.771308502905574,25274,0.77130126953125,62BA
6943,0.034715,0.591370161163135,19378,0.59136962890625,4BB2,0.761504646305195,24953,0.761505126953125,6179
6944,0.03472,0.594681512371218,19487,0.594696044921875,4C1F,0.768441019322003,25180,0.7684326171875,625C
6945,0.034725,0.590669919943264,19355,0.590667724609375,4B9B,0.768178598510123,25172,0.7681884765625,6254
6946,0.03473,0.587801103118037,19261,0.587799072265625,4B3D,0.760925325888859,24934,0.76092529296875,6166
6947,0.034735,0.595093851156487,19500,0.5950927734375,4C2C,0.770770945286519,25257,0.770782470703125,62A9
6948,0.03474,0.589787576872681,19326,0.58978271484375,4B7E,0.767877909027942,25162,0.76788330078125,624A
6949,0.034745,0.589006439219428,19301,0.589019775390625,4B65,0.772042701270094,25298,0.77203369140625,62D2
6950,0.03475,0.593377581372016,19444,0.5933837890625,4BF4,0.775995833047527,25428,0.7760009765625,6354
6951,0.034755,0.607500531521428,19907,0.607513427734375,4DC3,0.767682096410104,25155,0.767669677734375,6243
6952,0.03476,0.612614444001725,20074,0.61260986328125,4E6A,0.768496477677028,25182,0.76849365234375,625E
6953,0.034765,0.598743479085568,19620,0.5987548828125,4CA4,0.772467022066755,25312,0.7724609375,62E0
6954,0.03477,0.597020757782268,19563,0.597015380859375,4C6B,0.774366394979105,25374,0.77435302734375,631E
6955,0.034775,0.600963031395767,19692,0.6009521484375,4CEC,0.770898170787079,25261,0.770904541015625,62AD
6956,0.03478,0.591926176432302,19396,0.5919189453125,4BC4,0.772994233633618,25329,0.772979736328125,62F1
6957,0.034785,0.599500693741473,19644,0.5994873046875,4CBC,0.768955810859811,25197,0.768951416015625,626D
6958,0.03479,0.608711813422297,19946,0.60870361328125,4DEA,0.766012636300812,25101,0.766021728515625,620D
6959,0.034795,0.609116461591485,19960,0.609130859375,4DF8,0.770408620313578,25245,0.770416259765625,629D
6960,0.0348,0.601299042498188,19703,0.601287841796875,4CF7,0.766532995224077,25118,0.76654052734375,621E
6961,0.034805,0.61171628816841,20045,0.611724853515625,4E4D,0.774487238480143,25378,0.77447509765625,6322
6962,0.03481,0.611264518991837,20030,0.61126708984375,4E3E,0.770123622329152,25235,0.770111083984375,6293
6963,0.034815,0.61161183161589,20041,0.611602783203125,4E49,0.76229787410517,24979,0.762298583984375,6193
6964,0.03482,0.618352844432478,20262,0.61834716796875,4F26,0.772977346719619,25329,0.772979736328125,62F1
6965,0.034825,0.606312499654341,19868,0.6063232421875,4D9C,0.772782741525147,25323,0.772796630859375,62EB
6966,0.03483,0.616005385662843,20185,0.615997314453125,4ED9,0.784095833769401,25693,0.784088134765625,645D
6967,0.034835,0.616849280306866,20213,0.616851806640625,4EF5,0.782609507004171,25645,0.782623291015625,642D
6968,0.03484,0.608965643277263,19955,0.608978271484375,4DF3,0.765661782741679,25089,0.765655517578125,6201
6969,0.034845,0.607125491664198,19894,0.60711669921875,4DB6,0.772374558965178,25309,0.772369384765625,62DD
6970,0.03485,0.619774371400344,20309,0.619781494140625,4F55,0.76979135465965,25225,0.769805908203125,6289
6971,0.034855,0.612252758412058,20062,0.61224365234375,4E5E,0.765325660935748,25078,0.76531982421875,61F6
6972,0.03486,0.625824717664435,20507,0.625823974609375,501B,0.766178422801608,25106,0.76617431640625,6212
6973,0.034865,0.622089974714112,20385,0.622100830078125,4FA1,0.770235424374249,25239,0.770233154296875,6297
6974,0.03487,0.618955260145962,20282,0.61895751953125,4F3A,0.774070732658199,25365,0.774078369140625,6315
6975,0.034875,0.616159009703468,20190,0.61614990234375,4EDE,0.760109680374888,24907,0.760101318359375,614B
6976,0.03488,0.623400185593725,20428,0.6234130859375,4FCC,0.771005153904501,25264,0.77099609375,62B0
6977,0.034885,0.618137497302106,20255,0.618133544921875,4F1F,0.771163928912002,25269,0.771148681640625,62B5
6978,0.03489,0.623603741257547,20434,0.62359619140625,4FD2,0.769018926449272,25199,0.769012451171875,626F
6979,0.034895,0.619075748278963,20286,0.61907958984375,4F3E,0.768261363147638,25174,0.76824951171875,6256
6980,0.0349,0.625664760571226,20502,0.62567138671875,5016,0.77271860272956,25320,0.772705078125,62E8
6981,0.034905,0.635541376270147,20825,0.635528564453125,5159,0.762910826407869,24999,0.762908935546875,61A7
6982,0.03491,0.626765151017196,20538,0.62677001953125,503A,0.768000059445771,25166,0.76800537109375,624E
6983,0.034915,0.639632487733433,20959,0.639617919921875,51DF,0.762153859116565,24974,0.76214599609375,618E
6984,0.03492,0.628509796840151,20595,0.628509521484375,5073,0.772544775101463,25315,0.772552490234375,62E3
6985,0.034925,0.631306921025752,20687,0.631317138671875,50CF,0.766227871826272,25108,0.7662353515625,6214
6986,0.03493,0.630521110858671,20661,0.630523681640625,50B5,0.768662113156454,25188,0.7686767578125,6264
6987,0.034935,0.638141177111659,20911,0.638153076171875,51AF,0.77663573610683,25449,0.776641845703125,6369
6988,0.03494,0.637426278091549,20887,0.637420654296875,5197,0.773293493431345,25339,0.773284912109375,62FB
6989,0.034945,0.638542813445873,20924,0.6385498046875,51BC,0.761758947981312,24961,0.761749267578125,6181
6990,0.03495,0.640080641943114,20974,0.64007568359375,51EE,0.758996766116398,24871,0.759002685546875,6127
6991,0.034955,0.650679104012537,21321,0.650665283203125,5349,0.770895017842273,25261,0.770904541015625,62AD
6992,0.03496,0.646264979449618,21177,0.646270751953125,52B9,0.770858580524075,25259,0.770843505859375,62AB
6993,0.034965,0.63751309145918,20890,0.63751220703125,519A,0.766892730667156,25130,0.76690673828125,622A
6994,0.03497,0.648401135623563,21247,0.648406982421875,52FF,0.771251156615939,25272,0.771240234375,62B8
6995,0.034975,0.645926070152309,21166,0.64593505859375,52AE,0.762449924002559,24984,0.762451171875,6198
6996,0.03498,0.64463924949263,21124,0.6446533203125,5284,0.765096675037874,25071,0.765106201171875,61EF
6997,0.034985,0.652487570068088,21381,0.652496337890625,5385,0.764649135907911,25056,0.7646484375,61E0
6998,0.03499,0.647653328135722,21222,0.64764404296875,52E6,0.770310562853037,25242,0.77032470703125,629A
6999,0.034995,0.647888412795029,21230,0.64788818359375,52EE,0.7659844863678,25100,0.7659912109375,620C
7000,0.035,0.643627828595078,21090,0.64361572265625,5262,0.775982737433509,25427,0.775970458984375,6353
7001,0.035005,0.659330880461351,21605,0.659332275390625,5465,0.767400939918616,25146,0.76739501953125,623A
7002,0.03501,0.647698025295676,21224,0.647705078125,52E8,0.759585524083199,24890,0.75958251953125,613A
7003,0.035015,0.647289001092505,21210,0.64727783203125,52DA,0.766706576514762,25123,0.766693115234375,6223
7004,0.03502,0.647957977966776,21232,0.64794921875,52F0,0.761983099744082,24969,0.761993408203125,6189
7005,0.035025,0.649634876550068,21287,0.649627685546875,5327,0.769997362041332,25231,0.769989013671875,628F
7006,0.03503,0.647124046873017,21205,0.647125244140625,52D5,0.753933480231065,24705,0.753936767578125,6081
7007,0.035035,0.647953038257139,21232,0.64794921875,52F0,0.768456480439148,25181,0.768463134765625,625D
7008,0.03504,0.653270996363261,21406,0.65325927734375,539E,0.77105110771579,25266,0.77105712890625,62B2
7009,0.035045,0.6532421583327,21405,0.653228759765625,539D,0.767368562945973,25145,0.767364501953125,6239
7010,0.03505,0.658880510711319,21590,0.65887451171875,5456,0.763030900237723,25003,0.763031005859375,61AB
7011,0.035055,0.659939031579903,21625,0.659942626953125,5479,0.758915632094062,24868,0.7589111328125,6124
7012,0.03506,0.655399925395121,21476,0.6553955078125,53E4,0.761577630683917,24955,0.761566162109375,617B
7013,0.035065,0.657527847727905,21546,0.65753173828125,542A,0.763602232212004,25022,0.76361083984375,61BE
7014,0.03507,0.647902507259008,21230,0.64788818359375,52EE,0.760492762234706,24920,0.760498046875,6158
7015,0.035075,0.644924617965245,21133,0.644927978515625,528D,0.762532614431249,24987,0.762542724609375,619B
7016,0.03508,0.650237816329948,21307,0.650238037109375,533B,0.767688795983867,25156,0.7677001953125,6244
7017,0.035085,0.651186914028238,21338,0.65118408203125,535A,0.755702768457586,24763,0.755706787109375,60BB
7018,0.03509,0.655136541474088,21468,0.6551513671875,53DC,0.759648975977954,24892,0.7596435546875,613C
7019,0.035095,0.659477994089377,21610,0.65948486328125,546A,0.762592596864887,24989,0.762603759765625,619D
7020,0.0351,0.650385131697115,21312,0.650390625,5340,0.762177323972115,24975,0.762176513671875,618F
7021,0.035105,0.657968332663386,21560,0.657958984375,5438,0.763192313213277,25008,0.76318359375,61B0
7022,0.03511,0.652185622774472,21371,0.652191162109375,537B,0.760739114424373,24928,0.7607421875,6160
7023,0.035115,0.638819878662747,20933,0.638824462890625,51C5,0.763272547755148,25011,0.763275146484375,61B3
7024,0.03512,0.647498222651472,21217,0.647491455078125,52E1,0.766345412028766,25112,0.766357421875,6218
7025,0.035125,0.658728761034706,21585,0.658721923828125,5451,0.772002063378021,25297,0.772003173828125,62D1
7026,0.03513,0.645565373167882,21154,0.64556884765625,52A2,0.764599064636469,25054,0.76458740234375,61DE
7027,0.035135,0.647583225992253,21220,0.6475830078125,52E4,0.754106675792776,24711,0.754119873046875,6087
7028,0.03514,0.651776719519796,21357,0.651763916015625,536D,0.758314529444958,24848,0.75830078125,6110
7029,0.035145,0.646204552278565,21175,0.646209716796875,52B7,0.766664352087459,25122,0.76666259765625,6222
7030,0.03515,0.640781062213421,20997,0.640777587890625,5205,0.761184714012526,24943,0.761199951171875,616F
7031,0.035155,0.642995972997899,21070,0.64300537109375,524E,0.764173256795617,25040,0.76416015625,61D0
7032,0.03516,0.641924562213428,21035,0.641937255859375,522B,0.76406131513733,25037,0.764068603515625,61CD
7033,0.035165,0.649471319147966,21282,0.64947509765625,5322,0.760267485781316,24912,0.76025390625,6150
7034,0.03517,0.638423059566332,20920,0.638427734375,51B8,0.763950512897237,25033,0.763946533203125,61C9
7035,0.035175,0.646249574261987,21176,0.646240234375,52B8,0.757759186157498,24830,0.75775146484375,60FE
7036,0.03518,0.651410885813603,21345,0.651397705078125,5361,0.765572721966345,25086,0.76556396484375,61FE
7037,0.035185,0.647101179533243,21204,0.6470947265625,52D4,0.764649851835472,25056,0.7646484375,61E0
7038,0.03519,0.64015171850751,20976,0.64013671875,51F0,0.766251313381959,25109,0.766265869140625,6215
7039,0.035195,0.651629029891469,21353,0.651641845703125,5369,0.755800575587814,24766,0.75579833984375,60BE
7040,0.0352,0.640458089092422,20987,0.640472412109375,51FB,0.75489175509297,24736,0.7548828125,60A0
7041,0.035205,0.639557547032335,20957,0.639556884765625,51DD,0.771871163255781,25293,0.771881103515625,62CD
7042,0.03521,0.643961146013108,21101,0.643951416015625,526D,0.760335938401081,24915,0.760345458984375,6153
7043,0.035215,0.65299781810983,21397,0.652984619140625,5395,0.756777230470976,24798,0.75677490234375,60DE
7044,0.03522,0.632419745698924,20723,0.632415771484375,50F3,0.759967242196007,24903,0.759979248046875,6147
7045,0.035225,0.648389820460236,21246,0.64837646484375,52FE,0.758904014120489,24868,0.7589111328125,6124
7046,0.03523,0.647809187975882,21227,0.647796630859375,52EB,0.762293002455233,24979,0.762298583984375,6193
7047,0.035235,0.654517930792104,21447,0.654510498046875,53C7,0.75731440388349,24816,0.75732421875,60F0
7048,0.03524,0.637508176240604,20890,0.63751220703125,519A,0.76076191263887,24929,0.760772705078125,6161
7049,0.035245,0.646599685888734,21188,0.6466064453125,52C4,0.767282397327372,25142,0.76727294921875,6236
7050,0.03525,0.643061452315381,21072,0.64306640625,5250,0.758520878926873,24855,0.758514404296875,6117
7051,0.035255,0.646397842531452,21181,0.646392822265625,52BD,0.761293912796205,24946,0.76129150390625,6172
7052,0.03526,0.641917345755694,21034,0.64190673828125,522A,0.763003633616529,25002,0.76300048828125,61AA
7053,0.035265,0.654155176019918,21435,0.654144287109375,53BB,0.757563727700925,24824,0.757568359375,60F8
7054,0.03527,0.658588245731329,21581,0.658599853515625,544D,0.758581421045502,24857,0.758575439453125,6119
7055,0.035275,0.64164194718999,21025,0.641632080078125,5221,0.756338011262608,24784,0.75634765625,60D0
7056,0.03528,0.646362109752287,21180,0.6463623046875,52BC,0.763340124251628,25013,0.763336181640625,61B5
7057,0.035285,0.653931259361562,21428,0.6539306640625,53B4,0.758534139864045,24856,0.758544921875,6118
7058,0.03529,0.651149778557768,21337,0.651153564453125,5359,0.757662953051719,24827,0.757659912109375,60FB
7059,0.035295,0.653717906274819,21421,0.653717041015625,53AD,0.768549962878117,25184,0.7685546875,6260
7060,0.0353,0.65910689824892,21598,0.65911865234375,545E,0.756923950954177,24803,0.756927490234375,60E3
7061,0.035305,0.655024837005767,21464,0.655029296875,53D8,0.765954518265098,25099,0.765960693359375,620B
7062,0.03531,0.654833784857057,21458,0.65484619140625,53D2,0.763953102515647,25033,0.763946533203125,61C9
7063,0.035315,0.657964252232041,21560,0.657958984375,5438,0.761514782278276,24953,0.761505126953125,6179
7064,0.03532,0.664037347591607,21759,0.664031982421875,54FF,0.760516979017384,24921,0.760528564453125,6159
7065,0.035325,0.660978144373884,21659,0.660980224609375,549B,0.757475635014114,24821,0.757476806640625,60F5
7066,0.03533,0.661275508050053,21669,0.661285400390625,54A5,0.758839200583887,24866,0.75885009765625,6122
7067,0.035335,0.664176246082537,21764,0.6641845703125,5504,0.753500196519456,24691,0.753509521484375,6073
7068,0.03534,0.659322629183928,21605,0.659332275390625,5465,0.760539085707158,24921,0.760528564453125,6159
7069,0.035345,0.675486218399977,22134,0.67547607421875,5676,0.756053842076048,24774,0.75604248046875,60C6
7070,0.03535,0.670580421104344,21974,0.67059326171875,55D6,0.761115765302315,24940,0.7611083984375,616C
7071,0.035355,0.666495148737794,21840,0.66650390625,5550,0.757292265129497,24815,0.757293701171875,60EF
7072,0.03536,0.675639098546125,22139,0.675628662109375,567B,0.748860701097991,24539,0.748870849609375,5FDB
7073,0.035365,0.672623820833588,22041,0.672637939453125,5619,0.76873066864629,25190,0.76873779296875,6266
7074,0.03537,0.674339846970854,22097,0.674346923828125,5651,0.750752946895595,24601,0.750762939453125,6019
7075,0.035375,0.67042155267673,21968,0.67041015625,55D0,0.759081484086866,24874,0.75909423828125,612A
7076,0.03538,0.670753133780723,21979,0.670745849609375,55DB,0.752982749386729,24674,0.75299072265625,6062
7077,0.035385,0.674298128437737,22095,0.674285888671875,564F,0.753404561380802,24688,0.75341796875,6070
7078,0.03539,0.674951221846787,22117,0.674957275390625,5665,0.763751705416763,25027,0.763763427734375,61C3
7079,0.035395,0.683570843272,22399,0.683563232421875,577F,0.752916172138887,24672,0.7529296875,6060
7080,0.0354,0.668560125261469,21907,0.668548583984375,5593,0.75213032217926,24646,0.75213623046875,6046
7081,0.035405,0.692925226448427,22706,0.69293212890625,58B2,0.762759355424898,24994,0.76275634765625,61A2
7082,0.03541,0.688420570652214,22558,0.68841552734375,581E,0.757646213521858,24827,0.757659912109375,60FB
7083,0.035415,0.683823114787868,22408,0.683837890625,5788,0.760837521577469,24931,0.760833740234375,6163
7084,0.03542,0.683209768748512,22387,0.683197021484375,5773,0.764275643246266,25044,0.7642822265625,61D4
7085,0.035425,0.695066229384498,22776,0.695068359375,58F8,0.756578295650148,24792,0.756591796875,60D8
7086,0.03543,0.684533800762105,22431,0.684539794921875,579F,0.772318455872592,25307,0.772308349609375,62DB
7087,0.035435,0.7039947238268,23068,0.7039794921875,5A1C,0.766197131022576,25107,0.766204833984375,6213
7088,0.03544,0.690548292563373,22628,0.6905517578125,5864,0.754681790305565,24729,0.754669189453125,6099
7089,0.035445,0.700867609759386,22966,0.70086669921875,59B6,0.756674290231002,24795,0.756683349609375,60DB
7090,0.03545,0.699255977824022,22913,0.699249267578125,5981,0.759042664492534,24872,0.759033203125,6128
7091,0.035455,0.690458984425491,22625,0.690460205078125,5861,0.753306872030999,24684,0.7532958984375,606C
7092,0.03546,0.69376594064385,22733,0.693756103515625,58CD,0.748783367040275,24536,0.748779296875,5FD8
7093,0.035465,0.699491295611853,22921,0.699493408203125,5989,0.755319161221468,24750,0.75531005859375,60AE
7094,0.03547,0.698678305053253,22894,0.69866943359375,596E,0.754999829956435,24740,0.7550048828125,60A4
7095,0.035475,0.703901552646556,23065,0.703887939453125,5A19,0.75707816033178,24808,0.757080078125,60E8
7096,0.03548,0.710721824730128,23289,0.710723876953125,5AF9,0.756603553623608,24792,0.756591796875,60D8
7097,0.035485,0.698235004464423,22880,0.6982421875,5960,0.759442984452843,24885,0.759429931640625,6135
7098,0.03549,0.698632617015761,22893,0.698638916015625,596D,0.753217775348986,24681,0.753204345703125,6069
7099,0.035495,0.715031551938154,23430,0.71502685546875,5B86,0.760486225314456,24920,0.760498046875,6158
7100,0.0355,0.715231876796599,23437,0.715240478515625,5B8D,0.75507348299448,24742,0.75506591796875,60A6
7101,0.035505,0.717740335992313,23519,0.717742919921875,5BDF,0.765367025136156,25080,0.765380859375,61F8
7102,0.03551,0.71302837978636,23365,0.713043212890625,5B45,0.762592010935873,24989,0.762603759765625,619D
7103,0.035515,0.71144205957431,23313,0.711456298828125,5B11,0.7546447636858,24728,0.754638671875,6098
7104,0.03552,0.720627781050641,23614,0.72064208984375,5C3E,0.756944301526753,24804,0.7569580078125,60E4
7105,0.035525,0.715372516333607,23441,0.715362548828125,5B91,0.751065150494657,24611,0.751068115234375,6023
7106,0.03553,0.713828620870975,23391,0.713836669921875,5B5F,0.756387900756838,24785,0.756378173828125,60D1
7107,0.035535,0.725087114013173,23760,0.72509765625,5CD0,0.751061706125114,24611,0.751068115234375,6023
7108,0.03554,0.721744821469042,23650,0.72174072265625,5C62,0.755181317415591,24746,0.75518798828125,60AA
7109,0.035545,0.719944677827665,23591,0.719940185546875,5C27,0.750606652634169,24596,0.7506103515625,6014
7110,0.03555,0.726026512373097,23790,0.72601318359375,5CEE,0.751564512978434,24627,0.751556396484375,6033
7111,0.035555,0.728509161674594,23872,0.728515625,5D40,0.757211381772605,24812,0.7572021484375,60EC
7112,0.03556,0.724722452464072,23748,0.7247314453125,5CC4,0.758667087367519,24860,0.7586669921875,611C
7113,0.035565,0.733403017920783,24032,0.7333984375,5DE0,0.747834824573613,24505,0.747833251953125,5FB9
7114,0.03557,0.726924031848155,23820,0.7269287109375,5D0C,0.760967327370704,24935,0.760955810546875,6167
7115,0.035575,0.734069761219501,24054,0.73406982421875,5DF6,0.751993207129862,24641,0.751983642578125,6041
7116,0.03558,0.736340527687839,24128,0.736328125,5E40,0.748070588860897,24513,0.748077392578125,5FC1
7117,0.035585,0.716704248622872,23485,0.716705322265625,5BBD,0.748925512339076,24541,0.748931884765625,5FDD
7118,0.03559,0.732865245275551,24015,0.732879638671875,5DCF,0.752223896197809,24649,0.752227783203125,6049
7119,0.035595,0.732782901260547,24012,0.7327880859375,5DCC,0.758980093074202,24870,0.75897216796875,6126
7120,0.0356,0.727719669364847,23846,0.72772216796875,5D26,0.755315941947145,24750,0.75531005859375,60AE
7121,0.035605,0.719476378060972,23576,0.719482421875,5C18,0.750603189527531,24596,0.7506103515625,6014
7122,0.03561,0.733281518334262,24028,0.7332763671875,5DDC,0.757584218390022,24825,0.757598876953125,60F9
7123,0.035615,0.734790313390095,24078,0.73480224609375,5E0E,0.753591700181955,24694,0.75360107421875,6076
7124,0.03562,0.737963910144767,24182,0.73797607421875,5E76,0.740008537032334,24249,0.740020751953125,5EB9
7125,0.035625,0.730172049448559,23926,0.73016357421875,5D76,0.749849902403657,24571,0.749847412109375,5FFB
7126,0.03563,0.738232404126603,24190,0.73822021484375,5E7E,0.748544347186841,24528,0.74853515625,5FD0
7127,0.035635,0.736262863219246,24126,0.73626708984375,5E3E,0.765313393160152,25078,0.76531982421875,61F6
7128,0.03564,0.730125480441596,23925,0.730133056640625,5D75,0.745856025838313,24440,0.745849609375,5F78
7129,0.035645,0.736764277160654,24142,0.73675537109375,5E4E,0.751505728848777,24625,0.751495361328125,6031
7130,0.03565,0.738355273778635,24194,0.73834228515625,5E82,0.755533400074419,24757,0.755523681640625,60B5
7131,0.035655,0.740177311386222,24254,0.74017333984375,5EBE,0.75384951039343,24702,0.75384521484375,607E
7132,0.03566,0.739323716285841,24226,0.73931884765625,5EA2,0.745979846936036,24444,0.7459716796875,5F7C
7133,0.035665,0.742497999332532,24330,0.74249267578125,5F0A,0.750094833117475,24579,0.750091552734375,6003
7134,0.03567,0.743838370244464,24374,0.74383544921875,5F36,0.741999301400165,24314,0.74200439453125,5EFA
7135,0.035675,0.735702152051783,24107,0.735687255859375,5E2B,0.752793618279228,24668,0.7528076171875,605C
7136,0.03568,0.735966766949298,24116,0.7359619140625,5E34,0.746408329445623,24458,0.74639892578125,5F8A
7137,0.035685,0.746225056025474,24452,0.7462158203125,5F84,0.742748808141792,24338,0.74273681640625,5F12
7138,0.03569,0.740322753262104,24259,0.740325927734375,5EC3,0.747660830629475,24499,0.747650146484375,5FB3
7139,0.035695,0.752474273899888,24657,0.752471923828125,6051,0.741890853693482,24310,0.74188232421875,5EF6
7140,0.0357,0.740370810242951,24260,0.7403564453125,5EC4,0.744759605345668,24404,0.7447509765625,5F54
7141,0.035705,0.744752586549906,24404,0.7447509765625,5F54,0.74442097182607,24393,0.744415283203125,5F49
7142,0.03571,0.741742187514487,24305,0.741729736328125,5EF1,0.75441606047862,24721,0.754425048828125,6091
7143,0.035715,0.744640195191981,24400,0.74462890625,5F50,0.759283287458503,24880,0.75927734375,6130
7144,0.03572,0.746195841191024,24451,0.746185302734375,5F83,0.745805025035317,24439,0.745819091796875,5F77
7145,0.035725,0.74209254258431,24317,0.742095947265625,5EFD,0.754962695269787,24739,0.754974365234375,60A3
7146,0.03573,0.746986983069311,24477,0.746978759765625,5F9D,0.741159683017216,24286,0.74114990234375,5EDE
7147,0.035735,0.74049292967003,24264,0.740478515625,5EC8,0.748081143907899,24513,0.748077392578125,5FC1
7148,0.03574,0.746802176808638,24471,0.746795654296875,5F97,0.748264812377417,24519,0.748260498046875,5FC7
7149,0.035745,0.748080374076637,24513,0.748077392578125,5FC1,0.75011967663241,24580,0.7501220703125,6004
7150,0.03575,0.7460874479982,24448,0.74609375,5F80,0.737381867293486,24163,0.737396240234375,5E63
7151,0.035755,0.746593661214555,24464,0.74658203125,5F90,0.736247147302453,24125,0.736236572265625,5E3D
7152,0.03576,0.741877604644464,24310,0.74188232421875,5EF6,0.741056900644944,24283,0.741058349609375,5EDB
7153,0.035765,0.74883167815405,24538,0.74884033203125,5FDA,0.74123562164394,24289,0.741241455078125,5EE1
7154,0.03577,0.750792743761536,24602,0.75079345703125,601A,0.747338283029767,24489,0.747344970703125,5FA9
7155,0.035775,0.7464975342998,24461,0.746490478515625,5F8D,0.745150882546988,24417,0.745147705078125,5F61
7156,0.03578,0.743753424472779,24371,0.743743896484375,5F33,0.75008341995834,24579,0.750091552734375,6003
7157,0.035785,0.753187030793115,24680,0.753173828125,6068,0.74789348191041,24507,0.747894287109375,5FBB
7158,0.03579,0.748466395245495,24526,0.74847412109375,5FCE,0.740532034397084,24266,0.74053955078125,5ECA
7159,0.035795,0.748597778682673,24530,0.74859619140625,5FD2,0.741092717642338,24284,0.7410888671875,5EDC
7160,0.0358,0.747402375864821,24491,0.747406005859375,5FAB,0.741001624529345,24281,0.740997314453125,5ED9
7161,0.035805,0.749548104290995,24561,0.749542236328125,5FF1,0.748430594960749,24525,0.748443603515625,5FCD
7162,0.03581,0.75287287938994,24670,0.75286865234375,605E,0.747938020524964,24508,0.7479248046875,5FBC
7163,0.035815,0.750674350052325,24598,0.75067138671875,6016,0.739972509389757,24247,0.739959716796875,5EB7
7164,0.03582,0.748226304985077,24518,0.74822998046875,5FC6,0.745724409040827,24436,0.7457275390625,5F74
7165,0.035825,0.751824825303961,24636,0.7518310546875,603C,0.742231953985908,24321,0.742218017578125,5F01
7166,0.03583,0.751849418768904,24637,0.751861572265625,603D,0.739481809345851,24231,0.739471435546875,5EA7
7167,0.035835,0.746153016350708,24450,0.74615478515625,5F82,0.736457567846512,24132,0.7364501953125,5E44
7168,0.03584,0.741293144665305,24291,0.741302490234375,5EE3,0.741961188693904,24313,0.741973876953125,5EF9
7169,0.035845,0.748806259208818,24537,0.748809814453125,5FD9,0.735670354163613,24106,0.73565673828125,5E2A
7170,0.03585,0.75547644673341,24755,0.755462646484375,60B3,0.738396367833151,24196,0.7384033203125,5E84
7171,0.035855,0.746902959647966,24475,0.746917724609375,5F9B,0.73911864573299,24219,0.739105224609375,5E9B
7172,0.03586,0.751841514086961,24636,0.7518310546875,603C,0.733497294271798,24035,0.733489990234375,5DE3
7173,0.035865,0.749199375946457,24550,0.74920654296875,5FE6,0.733673110683835,24041,0.733673095703125,5DE9
7174,0.03587,0.757909808442063,24835,0.757904052734375,6103,0.727069781325297,23825,0.727081298828125,5D11
7175,0.035875,0.743653351766332,24368,0.74365234375,5F30,0.738740011380185,24207,0.738739013671875,5E8F
7176,0.03588,0.752095606170304,24645,0.752105712890625,6045,0.733534260353177,24036,0.7335205078125,5DE4
7177,0.035885,0.746849767888865,24473,0.746856689453125,5F99,0.727103828139829,23826,0.72711181640625,5D12
7178,0.03589,0.759116238343663,24875,0.759124755859375,612B,0.743911164843819,24376,0.743896484375,5F38
7179,0.035895,0.742568042333155,24332,0.7425537109375,5F0C,0.731371567607034,23966,0.73138427734375,5D9E
7180,0.0359,0.750355247633839,24588,0.7503662109375,600C,0.72910827754533,23891,0.729095458984375,5D53
7181,0.035905,0.751618336087634,24629,0.751617431640625,6035,0.725041652530019,23758,0.72503662109375,5CCE
7182,0.03591,0.750430562062663,24590,0.75042724609375,600E,0.733030984562531,24020,0.7330322265625,5DD4
7183,0.035915,0.752921402825058,24672,0.7529296875,6060,0.72582120413808,23784,0.725830078125,5CE8
7184,0.03592,0.746032634258114,24446,0.74603271484375,5F7E,0.725332646343436,23768,0.725341796875,5CD8
7185,0.035925,0.75575521576908,24765,0.755767822265625,60BD,0.723022211675756,23692,0.7230224609375,5C8C
7186,0.03593,0.761759698820123,24961,0.761749267578125,6181,0.726002694596306,23790,0.72601318359375,5CEE
7187,0.035935,0.751913514796764,24639,0.751922607421875,603F,0.729803650087575,23914,0.72979736328125,5D6A
7188,0.03594,0.759503961307826,24887,0.759490966796875,6137,0.725159648412638,23762,0.72515869140625,5CD2
7189,0.035945,0.762571884342229,24988,0.7625732421875,619C,0.724006535691124,23724,0.7239990234375,5CAC
7190,0.03595,0.748250878903971,24519,0.748260498046875,5FC7,0.722689595568815,23681,0.722686767578125,5C81
7191,0.035955,0.754852818701586,24735,0.754852294921875,609F,0.730843494617575,23948,0.7308349609375,5D8C
7192,0.03596,0.760548045808177,24922,0.76055908203125,615A,0.710934707906064,23296,0.7109375,5B00
7193,0.035965,0.760814130947415,24930,0.76080322265625,6162,0.721644232667581,23647,0.721649169921875,5C5F
7194,0.03597,0.753300336365024,24684,0.7532958984375,606C,0.728440253562525,23870,0.72845458984375,5D3E
7195,0.035975,0.764993757681153,25067,0.764984130859375,61EB,0.731258735080896,23962,0.73126220703125,5D9A
7196,0.03598,0.765004933388078,25068,0.7650146484375,61EC,0.724270372212845,23733,0.724273681640625,5CB5
7197,0.035985,0.754171077971313,24713,0.754180908203125,6089,0.727465075705988,23838,0.72747802734375,5D1E
7198,0.03599,0.762241856587109,24977,0.762237548828125,6191,0.720626197708482,23613,0.720611572265625,5C3D
7199,0.035995,0.75826377350193,24847,0.758270263671875,610F,0.7147477573054,23421,0.714752197265625,5B7D
7200,0.036,0.765113706984407,25071,0.765106201171875,61EF,0.725521375312266,23774,0.72552490234375,5CDE
7201,0.036005,0.75234193765744,24653,0.752349853515625,604D,0.72080971488339,23619,0.720794677734375,5C43
7202,0.03601,0.760122692436039,24908,0.7601318359375,614C,0.720466607969596,23608,0.720458984375,5C38
7203,0.036015,0.759780081369388,24896,0.759765625,6140,0.726742215958599,23814,0.72674560546875,5D06
7204,0.03602,0.761129400843478,24941,0.761138916015625,616D,0.72588008752969,23786,0.72589111328125,5CEA
7205,0.036025,0.772899772916985,25326,0.77288818359375,62EE,0.72444338865464,23739,0.724456787109375,5CBB
7206,0.03603,0.765930201202194,25098,0.76593017578125,620A,0.722444719427208,23673,0.722442626953125,5C79
7207,0.036035,0.760506961251697,24920,0.760498046875,6158,0.72531122305838,23767,0.725311279296875,5CD7
7208,0.03604,0.767077498509522,25136,0.76708984375,6230,0.710304566462239,23275,0.710296630859375,5AEB
7209,0.036045,0.767369081355195,25145,0.767364501953125,6239,0.714281340806468,23406,0.71429443359375,5B6E
7210,0.03605,0.760169944069898,24909,0.760162353515625,614D,0.72465882313217,23746,0.72467041015625,5CC2
7211,0.036055,0.765031667546382,25069,0.765045166015625,61ED,0.710062775156692,23267,0.710052490234375,5AE3
7212,0.03606,0.768568148861457,25184,0.7685546875,6260,0.716272340488624,23471,0.716278076171875,5BAF
7213,0.036065,0.765351328190497,25079,0.765350341796875,61F7,0.726871119764036,23818,0.72686767578125,5D0A
7214,0.03607,0.772857375690403,25325,0.772857666015625,62ED,0.711427884660394,23312,0.71142578125,5B10
7215,0.036075,0.765048179959813,25069,0.765045166015625,61ED,0.719137623082207,23565,0.719146728515625,5C0D
7216,0.03608,0.779969407769338,25558,0.77996826171875,63D6,0.706742608592726,23159,0.706756591796875,5A77
7217,0.036085,0.774909255533207,25392,0.77490234375,6330,0.712153717545613,23336,0.712158203125,5B28
7218,0.03609,0.786202566418787,25762,0.78619384765625,64A2,0.718602754931904,23547,0.718597412109375,5BFB
7219,0.036095,0.787280473193587,25798,0.78729248046875,64C6,0.722597916341262,23678,0.72259521484375,5C7E
7220,0.0361,0.778274836034892,25503,0.778289794921875,639F,0.720252842245045,23601,0.720245361328125,5C31
7221,0.036105,0.776867731170872,25456,0.77685546875,6370,0.72047574958169,23609,0.720489501953125,5C39
7222,0.03611,0.77952675218759,25544,0.779541015625,63C8,0.714845909992717,23424,0.71484375,5B80
7223,0.036115,0.778507945031392,25510,0.77850341796875,63A6,0.715360273517122,23441,0.715362548828125,5B91
7224,0.03612,0.784678040467043,25712,0.78466796875,6470,0.714591427351566,23416,0.714599609375,5B78
7225,0.036125,0.777978814087734,25493,0.777984619140625,6395,0.716482717438048,23478,0.71649169921875,5BB6
7226,0.03613,0.778724391058893,25517,0.778717041015625,63AD,0.713285566796709,23373,0.713287353515625,5B4D
7227,0.036135,0.795694534008773,26073,0.795684814453125,65D9,0.723737073168506,23715,0.723724365234375,5CA3
7228,0.03614,0.787960641379972,25820,0.7879638671875,64DC,0.714607597203718,23416,0.714599609375,5B78
7229,0.036145,0.791876215331811,25948,0.7918701171875,655C,0.717801896746437,23521,0.717803955078125,5BE1
7230,0.03615,0.790433632998386,25901,0.790435791015625,652D,0.712318395661465,23341,0.712310791015625,5B2D
7231,0.036155,0.789928875086242,25884,0.7899169921875,651C,0.707353718136368,23179,0.707366943359375,5A8B
7232,0.03616,0.792562642372018,25971,0.792572021484375,6573,0.714174348874518,23402,0.71417236328125,5B6A
7233,0.036165,0.786560667909401,25774,0.78656005859375,64AE,0.705997940403165,23134,0.70599365234375,5A5E
7234,0.03617,0.792041014311373,25954,0.79205322265625,6562,0.705745280784412,23126,0.70574951171875,5A56
7235,0.036175,0.795991384747862,26083,0.795989990234375,65E3,0.717646476663002,23516,0.7176513671875,5BDC
7236,0.03618,0.803051737355227,26314,0.80303955078125,66CA,0.716422871467074,23476,0.7164306640625,5BB4
7237,0.036185,0.799713272088528,26205,0.799713134765625,665D,0.714958092109314,23428,0.7149658203125,5B84
7238,0.03619,0.7983551164521,26161,0.798370361328125,6631,0.714372069087612,23409,0.714385986328125,5B71
7239,0.036195,0.804957529902438,26377,0.804962158203125,6709,0.709529257151559,23250,0.70953369140625,5AD2
7240,0.0362,0.799872753224988,26210,0.79986572265625,6662,0.709948778765623,23264,0.7099609375,5AE0
7241,0.036205,0.792579824991516,25971,0.792572021484375,6573,0.706946467931663,23165,0.706939697265625,5A7D
7242,0.03621,0.80529373707192,26388,0.8052978515625,6714,0.716633873970786,23483,0.716644287109375,5BBB
7243,0.036215,0.797137056489665,26121,0.797149658203125,6609,0.712074232726395,23333,0.712066650390625,5B25
7244,0.03622,0.803432677346561,26327,0.803436279296875,66D7,0.71261195708029,23351,0.712615966796875,5B37
7245,0.036225,0.809914706160951,26539,0.809906005859375,67AB,0.696841078614186,22834,0.69683837890625,5932
7246,0.03623,0.807250237512558,26452,0.8072509765625,6754,0.707190303231066,23173,0.707183837890625,5A85
7247,0.036235,0.80169924634769,26270,0.80169677734375,669E,0.698040126367143,22873,0.698028564453125,5959
7248,0.03624,0.813868767472144,26669,0.813873291015625,682D,0.705060244635278,23103,0.705047607421875,5A3F
7249,0.036245,0.810160235781651,26547,0.810150146484375,67B3,0.70618369557392,23140,0.7061767578125,5A64
7250,0.03625,0.817246237365641,26780,0.8172607421875,689C,0.704317656340331,23079,0.704315185546875,5A27
7251,0.036255,0.811122574995312,26579,0.811126708984375,67D3,0.70134228798881,22982,0.70135498046875,59C6
7252,0.03626,0.805070456413138,26381,0.805084228515625,670D,0.704111915805826,23072,0.7041015625,5A20
7253,0.036265,0.806531469712825,26428,0.8065185546875,673C,0.699654534212379,22926,0.69964599609375,598E
7254,0.03627,0.814817721905176,26700,0.8148193359375,684C,0.70080672563763,22964,0.7008056640625,59B4
7255,0.036275,0.811670704353824,26597,0.811676025390625,67E5,0.696213549535376,22814,0.69622802734375,591E
7256,0.03628,0.817771017047924,26797,0.817779541015625,68AD,0.694763139672819,22766,0.69476318359375,58EE
7257,0.036285,0.813660706446304,26662,0.81365966796875,6826,0.698037916783965,22873,0.698028564453125,5959
7258,0.03629,0.816431963329729,26753,0.816436767578125,6881,0.687507078796169,22528,0.6875,5800
7259,0.036295,0.826950533616617,27098,0.82696533203125,69DA,0.690890671037416,22639,0.690887451171875,586F
7260,0.0363,0.810528030159807,26559,0.810516357421875,67BF,0.696170844166637,22812,0.6961669921875,591C
7261,0.036305,0.817610509074536,26791,0.817596435546875,68A7,0.702307706843225,23013,0.702301025390625,59E5
7262,0.03631,0.820250084439753,26878,0.82025146484375,68FE,0.69562157731977,22794,0.69561767578125,590A
7263,0.036315,0.805937248886649,26409,0.805938720703125,6729,0.698558022268308,22890,0.69854736328125,596A
7264,0.03632,0.822737643789605,26959,0.822723388671875,694F,0.688813589029949,22571,0.688812255859375,582B
7265,0.036325,0.817055982654974,26773,0.817047119140625,6895,0.69569767199241,22797,0.695709228515625,590D
7266,0.03633,0.823341955886947,26979,0.823333740234375,6963,0.684567800349822,22432,0.6845703125,57A0
7267,0.036335,0.818837758290619,26832,0.81884765625,68D0,0.691332711119793,22654,0.69134521484375,587E
7268,0.03634,0.816184972839093,26745,0.816192626953125,6879,0.697674863008985,22861,0.697662353515625,594D
7269,0.036345,0.820060132544292,26872,0.820068359375,68F8,0.689026022546468,22578,0.68902587890625,5832
7270,0.03635,0.81299765976417,26640,0.81298828125,6810,0.687348355527092,22523,0.687347412109375,57FB
7271,0.036355,0.812354127541967,26619,0.812347412109375,67FB,0.683791149904783,22406,0.68377685546875,5786
7272,0.03636,0.826894554612337,27096,0.826904296875,69D8,0.678494524243882,22233,0.678497314453125,56D9
7273,0.036365,0.820093513515689,26873,0.820098876953125,68F9,0.68576666649222,22471,0.685760498046875,57C7
7274,0.03637,0.807468029364864,26459,0.807464599609375,675B,0.682969625542666,22380,0.6829833984375,576C
7275,0.036375,0.822117717665172,26939,0.822113037109375,693B,0.682497119656397,22364,0.6824951171875,575C
7276,0.03638,0.818214937292746,26811,0.818206787109375,68BB,0.677064120843012,22186,0.67706298828125,56AA
7277,0.036385,0.817853834698535,26799,0.817840576171875,68AF,0.680089432017703,22285,0.680084228515625,570D
7278,0.03639,0.828426219139147,27146,0.82843017578125,6A0A,0.676515333763998,22168,0.676513671875,5698
7279,0.036395,0.821744562027023,26927,0.821746826171875,692F,0.680833164653537,22310,0.68084716796875,5726
7280,0.0364,0.814737687053786,26697,0.814727783203125,6849,0.672780259231989,22046,0.67279052734375,561E
7281,0.036405,0.817938607214764,26802,0.81793212890625,68B2,0.667971630930463,21888,0.66796875,5580
7282,0.03641,0.811846778807291,26603,0.811859130859375,67EB,0.67600191971777,22151,0.675994873046875,5687
7283,0.036415,0.814963584840242,26705,0.814971923828125,6851,0.67888121111422,22246,0.67889404296875,56E6
7284,0.03642,0.809903351303677,26539,0.809906005859375,67AB,0.673075928875387,22055,0.673065185546875,5627
7285,0.036425,0.815903813579083,26736,0.81591796875,6870,0.667202503853197,21863,0.667205810546875,5567
7286,0.03643,0.81499170620522,26706,0.81500244140625,6852,0.677791442890529,22210,0.67779541015625,56C2
7287,0.036435,0.809462330561711,26524,0.8094482421875,679C,0.658121589740913,21565,0.658111572265625,543D
7288,0.03644,0.818385430626924,26817,0.818389892578125,68C1,0.669932199118355,21952,0.669921875,55C0
7289,0.036445,0.812105383184174,26611,0.812103271484375,67F3,0.670089172708647,21957,0.670074462890625,55C5
7290,0.03645,0.808867971226733,26505,0.808868408203125,6789,0.665007423591138,21791,0.665008544921875,551F
7291,0.036455,0.804178434365928,26351,0.804168701171875,66EF,0.665061901937288,21793,0.665069580078125,5521
7292,0.03646,0.804620865029656,26366,0.80462646484375,66FE,0.664555503313221,21776,0.66455078125,5510
7293,0.036465,0.821366146039087,26915,0.821380615234375,6923,0.661187989949837,21666,0.66119384765625,54A2
7294,0.03647,0.800581620174353,26233,0.800567626953125,6679,0.658834939935447,21589,0.658843994140625,5455
7295,0.036475,0.801335440941396,26258,0.80133056640625,6692,0.666923261586555,21854,0.66693115234375,555E
7296,0.03648,0.815587549063692,26725,0.815582275390625,6865,0.660339964088182,21638,0.66033935546875,5486
7297,0.036485,0.810762456903375,26567,0.810760498046875,67C7,0.669102035512979,21925,0.669097900390625,55A5
7298,0.03649,0.807427644497703,26458,0.80743408203125,675A,0.670561363877381,21973,0.670562744140625,55D5
7299,0.036495,0.810575454848954,26561,0.810577392578125,67C1,0.658491160421037,21577,0.658477783203125,5449
7300,0.0365,0.805436360289693,26393,0.805450439453125,6719,0.661163422443335,21665,0.661163330078125,54A1
7301,0.036505,0.809280034906184,26518,0.80926513671875,6796,0.660201026806351,21633,0.660186767578125,5481
7302,0.03651,0.800937780179031,26245,0.800933837890625,6685,0.658438020710048,21576,0.658447265625,5448
7303,0.036515,0.802382603770931,26292,0.8023681640625,66B4,0.658473768327766,21577,0.658477783203125,5449
7304,0.03652,0.811737380653241,26599,0.811737060546875,67E7,0.666134017035853,21828,0.6661376953125,5544
7305,0.036525,0.813581871408567,26659,0.813568115234375,6823,0.661475531738266,21675,0.661468505859375,54AB
7306,0.03653,0.799232652712023,26189,0.799224853515625,664D,0.664607154985479,21778,0.66461181640625,5512
7307,0.036535,0.809437667655665,26524,0.8094482421875,679C,0.660644074180031,21648,0.66064453125,5490
7308,0.03654,0.803608310140958,26333,0.803619384765625,66DD,0.657348437733035,21540,0.6573486328125,5424
7309,0.036545,0.811307328763436,26585,0.811309814453125,67D9,0.66708862151302,21859,0.667083740234375,5563
7310,0.03655,0.801900583846774,26277,0.801910400390625,66A5,0.659401720722744,21607,0.659393310546875,5467
7311,0.036555,0.807581976070511,26463,0.807586669921875,675F,0.654473568441738,21446,0.65447998046875,53C6
7312,0.03656,0.804528484536269,26363,0.804534912109375,66FB,0.662643425934929,21713,0.662628173828125,54D1
7313,0.036565,0.800818282046854,26241,0.800811767578125,6681,0.659291087428632,21604,0.6593017578125,5464
7314,0.03657,0.793357218282544,25997,0.793365478515625,658D,0.656691974165365,21518,0.65667724609375,540E
7315,0.036575,0.803608405243309,26333,0.803619384765625,66DD,0.658141872540743,21566,0.65814208984375,543E
7316,0.03658,0.804004520203021,26346,0.80401611328125,66EA,0.65801894951267,21562,0.65802001953125,543A
7317,0.036585,0.801456515123706,26262,0.80145263671875,6696,0.658990670835419,21594,0.65899658203125,545A
7318,0.03659,0.798144636579329,26154,0.79815673828125,662A,0.651114827909028,21336,0.651123046875,5358
7319,0.036595,0.798712418654456,26172,0.7987060546875,663C,0.654919369547442,21460,0.6549072265625,53D4
7320,0.0366,0.806011837792511,26411,0.805999755859375,672B,0.655510482280042,21480,0.655517578125,53E8
7321,0.036605,0.798300643268771,26159,0.798309326171875,662F,0.655893013984277,21492,0.6558837890625,53F4
7322,0.03661,0.796299091556073,26093,0.796295166015625,65ED,0.654186063749115,21436,0.6541748046875,53BC
7323,0.036615,0.797030773807459,26117,0.797027587890625,6605,0.665805081075588,21817,0.665802001953125,5539
7324,0.03662,0.796006568772231,26084,0.7960205078125,65E4,0.650906681858656,21329,0.650909423828125,5351
7325,0.036625,0.795552959189615,26069,0.795562744140625,65D5,0.651615022791279,21352,0.651611328125,5368
7326,0.03663,0.798528906789705,26166,0.79852294921875,6636,0.657707169093567,21552,0.65771484375,5430
7327,0.036635,0.793174337486203,25991,0.793182373046875,6587,0.655093491136282,21466,0.65509033203125,53DA
7328,0.03664,0.788519405236632,25838,0.78851318359375,64EE,0.653249663710346,21406,0.65325927734375,539E
7329,0.036645,0.790797395228938,25913,0.790802001953125,6539,0.657980231487911,21561,0.657989501953125,5439
7330,0.03665,0.791308592793092,25930,0.79132080078125,654A,0.665485639412518,21807,0.665496826171875,552F
7331,0.036655,0.788371324331263,25833,0.788360595703125,64E9,0.659928131723337,21625,0.659942626953125,5479
7332,0.03666,0.783971405572718,25689,0.783966064453125,6459,0.654978112516034,21462,0.65496826171875,53D6
7333,0.036665,0.782575569206242,25643,0.782562255859375,642B,0.664108968625469,21762,0.66412353515625,5502
7334,0.03667,0.77567429092889,25417,0.775665283203125,6349,0.664602516838122,21778,0.66461181640625,5512
7335,0.036675,0.780444696737056,25574,0.78045654296875,63E6,0.64901602193314,21267,0.649017333984375,5313
7336,0.03668,0.780708283884672,25582,0.78070068359375,63EE,0.652238321380768,21373,0.652252197265625,537D
7337,0.036685,0.78961654933305,25874,0.78961181640625,6512,0.658183176019275,21567,0.658172607421875,543F
7338,0.03669,0.780774749086532,25584,0.78076171875,63F0,0.653650882333946,21419,0.653656005859375,53AB
7339,0.036695,0.773805076906729,25356,0.7738037109375,630C,0.65432548092145,21441,0.654327392578125,53C1
7340,0.0367,0.779188569011598,25532,0.7791748046875,63BC,0.649528522415692,21284,0.6495361328125,5324
7341,0.036705,0.776528059250634,25445,0.776519775390625,6365,0.653342625248003,21409,0.653350830078125,53A1
7342,0.03671,0.772888474960607,25326,0.77288818359375,62EE,0.652009913977742,21365,0.652008056640625,5375
7343,0.036715,0.772326277949875,25308,0.7723388671875,62DC,0.648999592295324,21266,0.64898681640625,5312
7344,0.03672,0.773774459107064,25355,0.773773193359375,630B,0.652409021176604,21378,0.65240478515625,5382
7345,0.036725,0.773726614609291,25353,0.773712158203125,6309,0.648066000646817,21236,0.6480712890625,52F4
7346,0.03673,0.780277960181345,25568,0.7802734375,63E0,0.65138666053097,21345,0.651397705078125,5361
7347,0.036735,0.775084392505263,25398,0.77508544921875,6336,0.649209038838438,21273,0.649200439453125,5319
7348,0.03674,0.763759572549886,25027,0.763763427734375,61C3,0.648707048893262,21257,0.648712158203125,5309
7349,0.036745,0.766719078916053,25124,0.7667236328125,6224,0.652536861017173,21382,0.65252685546875,5386
7350,0.03675,0.766889445006835,25129,0.766876220703125,6229,0.652672597825428,21387,0.652679443359375,538B
7351,0.036755,0.766268254458065,25109,0.766265869140625,6215,0.648286795661061,21243,0.648284912109375,52FB
7352,0.03676,0.766308198521225,25110,0.76629638671875,6216,0.65248454724418,21381,0.652496337890625,5385
7353,0.036765,0.76724212770122,25141,0.767242431640625,6235,0.647562344172891,21219,0.647552490234375,52E3
7354,0.03677,0.755779054603078,24765,0.755767822265625,60BD,0.64957704821864,21285,0.649566650390625,5325
7355,0.036775,0.762118969100543,24973,0.762115478515625,618D,0.637526589984748,20890,0.63751220703125,519A
7356,0.03678,0.769572402489516,25217,0.769561767578125,6281,0.644646217122217,21124,0.6446533203125,5284
7357,0.036785,0.758405460635471,24851,0.758392333984375,6113,0.644023392851111,21103,0.644012451171875,526F
7358,0.03679,0.75804711357957,24840,0.758056640625,6108,0.65298159592318,21397,0.652984619140625,5395
7359,0.036795,0.75534402157246,24751,0.755340576171875,60AF,0.646492004309499,21184,0.646484375,52C0
7360,0.0368,0.751534708746446,24626,0.75152587890625,6032,0.641071765519801,21007,0.641082763671875,520F
7361,0.036805,0.748275205697688,24519,0.748260498046875,5FC7,0.638627105196053,20927,0.638641357421875,51BF
7362,0.03681,0.751241271763234,24617,0.751251220703125,6029,0.647563924158953,21219,0.647552490234375,52E3
7363,0.036815,0.754130093478473,24711,0.754119873046875,6087,0.647200086933294,21207,0.647186279296875,52D7
7364,0.03682,0.749802114133662,24570,0.74981689453125,5FFA,0.647119914150751,21205,0.647125244140625,52D5
7365,0.036825,0.752380195434774,24654,0.75238037109375,604E,0.631211714719654,20684,0.6312255859375,50CC
7366,0.03683,0.756990087151692,24805,0.756988525390625,60E5,0.634485076745146,20791,0.634490966796875,5137
7367,0.036835,0.756298426397797,24782,0.75628662109375,60CE,0.651745569391372,21356,0.6517333984375,536C
7368,0.03684,0.745732163864776,24436,0.7457275390625,5F74,0.632508717988643,20726,0.63250732421875,50F6
7369,0.036845,0.758202759092106,24845,0.758209228515625,610D,0.635016079737413,20808,0.635009765625,5148
7370,0.03685,0.74971509866429,24567,0.749725341796875,5FF7,0.636821945238649,20867,0.636810302734375,5183
7371,0.036855,0.751923985594027,24639,0.751922607421875,603F,0.638253244003448,20914,0.63824462890625,51B2
7372,0.03686,0.747560648451748,24496,0.74755859375,5FB0,0.636091879160038,20843,0.636077880859375,516B
7373,0.036865,0.757181101973521,24811,0.757171630859375,60EB,0.63516573450917,20813,0.635162353515625,514D
7374,0.03687,0.744794127858065,24405,0.744781494140625,5F55,0.629003422858638,20611,0.628997802734375,5083
7375,0.036875,0.746956954210739,24476,0.7469482421875,5F9C,0.628101192070153,20582,0.62811279296875,5066
7376,0.03688,0.75341298992705,24688,0.75341796875,6070,0.62530835622914,20490,0.62530517578125,500A
7377,0.036885,0.759486386293798,24887,0.759490966796875,6137,0.622765680703734,20407,0.622772216796875,4FB7
7378,0.03689,0.762044999175541,24971,0.762054443359375,618B,0.629813509521504,20638,0.62982177734375,509E
7379,0.036895,0.749829070549346,24570,0.74981689453125,5FFA,0.624935500364239,20478,0.62493896484375,4FFE
7380,0.0369,0.752109509211378,24645,0.752105712890625,6045,0.622020434327193,20382,0.62200927734375,4F9E
7381,0.036905,0.754136560414196,24712,0.754150390625,6088,0.628869480575675,20607,0.628875732421875,507F
7382,0.03691,0.744151372802126,24384,0.744140625,5F40,0.617589884900532,20237,0.617584228515625,4F0D
7383,0.036915,0.757853944547792,24833,0.757843017578125,6101,0.635775766682678,20833,0.635772705078125,5161
7384,0.03692,0.746220493033743,24452,0.7462158203125,5F84,0.610624980654893,20009,0.610626220703125,4E29
7385,0.036925,0.762531859959824,24987,0.762542724609375,619B,0.628516286120666,20595,0.628509521484375,5073
7386,0.03693,0.755082320638729,24743,0.755096435546875,60A7,0.618783420944218,20276,0.6187744140625,4F34
7387,0.036935,0.749186815967534,24549,0.749176025390625,5FE5,0.624729039655799,20471,0.624725341796875,4FF7
7388,0.03694,0.75533653420153,24751,0.755340576171875,60AF,0.624931650046982,20478,0.62493896484375,4FFE
7389,0.036945,0.755735232861885,24764,0.7557373046875,60BC,0.618097210719883,20254,0.61810302734375,4F1E
7390,0.03695,0.756401830982654,24786,0.75640869140625,60D2,0.624613348593644,20467,0.624603271484375,4FF3
7391,0.036955,0.743843229955958,24374,0.74383544921875,5F36,0.610755286379142,20013,0.610748291015625,4E2D
7392,0.03696,0.750255983888655,24584,0.750244140625,6008,0.614285166636307,20129,0.614288330078125,4EA1
7393,0.036965,0.760093918479825,24907,0.760101318359375,614B,0.616806867241039,20212,0.6168212890625,4EF4
7394,0.03697,0.764488097695374,25051,0.764495849609375,61DB,0.617305762446539,20228,0.6173095703125,4F04
7395,0.036975,0.750775297181658,24601,0.750762939453125,6019,0.615170711503243,20158,0.61517333984375,4EBE
7396,0.03698,0.749539928869119,24561,0.749542236328125,5FF1,0.613211653091179,20094,0.61322021484375,4E7E
7397,0.036985,0.752363052252721,24653,0.752349853515625,604D,0.613804464803345,20113,0.613800048828125,4E91
7398,0.03699,0.75587980739557,24769,0.755889892578125,60C1,0.612674249370359,20076,0.6126708984375,4E6C
7399,0.036995,0.763174967911885,25008,0.76318359375,61B0,0.620682765442944,20339,0.620697021484375,4F73
7400,0.037,0.764018786553167,25035,0.764007568359375,61CB,0.619190886470475,20290,0.61920166015625,4F42
7401,0.037005,0.756641483209912,24794,0.75665283203125,60DA,0.609527980186849,19973,0.609527587890625,4E05
7402,0.03701,0.757758616392362,24830,0.75775146484375,60FE,0.618371981478499,20263,0.618377685546875,4F27
7403,0.037015,0.758407001881265,24851,0.758392333984375,6113,0.620972537283379,20348,0.6209716796875,4F7C
7404,0.03702,0.753604494051662,24694,0.75360107421875,6076,0.616905119909383,20215,0.616912841796875,4EF7
7405,0.037025,0.761203107905,24943,0.761199951171875,616F,0.623583938390146,20434,0.62359619140625,4FD2
7406,0.03703,0.763126163175754,25006,0.76312255859375,61AE,0.614868115288595,20148,0.6148681640625,4EB4
7407,0.037035,0.75792403434539,24836,0.7579345703125,6104,0.616497463247279,20201,0.616485595703125,4EE9
7408,0.03704,0.762777236843179,24995,0.762786865234375,61A3,0.607198536497818,19897,0.607208251953125,4DB9
7409,0.037045,0.751544021578333,24627,0.751556396484375,6033,0.616162676597571,20190,0.61614990234375,4EDE
7410,0.03705,0.764266694746056,25043,0.764251708984375,61D3,0.602623171922622,19747,0.602630615234375,4D23
7411,0.037055,0.763422685054213,25016,0.763427734375,61B8,0.610881850295078,20017,0.610870361328125,4E31
7412,0.03706,0.756862759346956,24801,0.756866455078125,60E1,0.616747727866986,20210,0.61676025390625,4EF2
7413,0.037065,0.772418845084375,25311,0.772430419921875,62DF,0.617594155106433,20237,0.617584228515625,4F0D
7414,0.03707,0.764702871165048,25058,0.76470947265625,61E2,0.61858726552688,20270,0.61859130859375,4F2E
7415,0.037075,0.76045304988587,24919,0.760467529296875,6157,0.610587673237428,20008,0.610595703125,4E28
7416,0.03708,0.756704964275203,24796,0.7567138671875,60DC,0.615536962738882,20170,0.61553955078125,4ECA
7417,0.037085,0.761834393479503,24964,0.7618408203125,6184,0.61261279796442,20074,0.61260986328125,4E6A
7418,0.03709,0.769971893825788,25230,0.76995849609375,628E,0.612581104418644,20073,0.612579345703125,4E69
7419,0.037095,0.765107960777878,25071,0.765106201171875,61EF,0.607298640833911,19900,0.6072998046875,4DBC
7420,0.0371,0.76259600567587,24989,0.762603759765625,619D,0.608725758350652,19947,0.608734130859375,4DEB
7421,0.037105,0.756559611107334,24791,0.756561279296875,60D7,0.614905173435936,20149,0.614898681640625,4EB5
7422,0.03711,0.764629861335216,25055,0.764617919921875,61DF,0.601845535430265,19721,0.601837158203125,4D09
7423,0.037115,0.760684309982974,24926,0.76068115234375,615E,0.61353693950008,20104,0.613525390625,4E88
7424,0.03712,0.756101637531262,24776,0.756103515625,60C8,0.606734986090031,19881,0.606719970703125,4DA9
7425,0.037125,0.756266600026422,24781,0.756256103515625,60CD,0.61211368573824,20058,0.61212158203125,4E5A
7426,0.03713,0.759323022218724,24881,0.759307861328125,6131,0.612436009090509,20068,0.6124267578125,4E64
7427,0.037135,0.76021367384535,24911,0.760223388671875,614F,0.620950611451764,20347,0.620941162109375,4F7B
7428,0.03714,0.757961732626815,24837,0.757965087890625,6105,0.61807280150837,20253,0.618072509765625,4F1D
7429,0.037145,0.752910369429708,24671,0.752899169921875,605F,0.609308622279562,19966,0.60931396484375,4DFE
7430,0.03715,0.755723516110396,24764,0.7557373046875,60BC,0.616346698467584,20196,0.6163330078125,4EE4
7431,0.037155,0.750190468701036,24582,0.75018310546875,6006,0.618058178115386,20253,0.618072509765625,4F1D
7432,0.03716,0.753787382196989,24700,0.7537841796875,607C,0.605155394832029,19830,0.60516357421875,4D76
7433,0.037165,0.7396480507866,24237,0.739654541015625,5EAD,0.617566990384696,20236,0.6175537109375,4F0C
7434,0.03717,0.753617510104169,24695,0.753631591796875,6077,0.603741970228901,19783,0.603729248046875,4D47
7435,0.037175,0.74994755317989,24574,0.74993896484375,5FFE,0.604225150967768,19799,0.604217529296875,4D57
7436,0.03718,0.747356948356225,24489,0.747344970703125,5FA9,0.618805084772557,20277,0.618804931640625,4F35
7437,0.037185,0.762886162373664,24998,0.76287841796875,61A6,0.614226872753657,20127,0.614227294921875,4E9F
7438,0.03719,0.751529810061498,24626,0.75152587890625,6032,0.610403351858383,20002,0.61041259765625,4E22
7439,0.037195,0.747457179988932,24493,0.747467041015625,5FAD,0.615099677404323,20156,0.6151123046875,4EBC
7440,0.0372,0.747771346657683,24503,0.747772216796875,5FB7,0.614989202552471,20152,0.614990234375,4EB8
7441,0.037205,0.745418049427626,24426,0.74542236328125,5F6A,0.612126298822082,20058,0.61212158203125,4E5A
7442,0.03721,0.750303331635923,24586,0.75030517578125,600A,0.601855079392175,19722,0.60186767578125,4D0A
7443,0.037215,0.75227924596597,24651,0.752288818359375,604B,0.605895596848441,19854,0.60589599609375,4D8E
7444,0.03722,0.741243563779282,24289,0.741241455078125,5EE1,0.610877255973144,20017,0.610870361328125,4E31
7445,0.037225,0.738787346549495,24209,0.738800048828125,5E91,0.609246737547062,19964,0.6092529296875,4DFC
7446,0.03723,0.742825965866781,24341,0.742828369140625,5F15,0.608730381866765,19947,0.608734130859375,4DEB
7447,0.037235,0.74868587979077,24533,0.748687744140625,5FD5,0.611438478362877,20036,0.6114501953125,4E44
7448,0.03724,0.750735167826494,24600,0.750732421875,6018,0.609103297581281,19959,0.609100341796875,4DF7
7449,0.037245,0.740324264036427,24259,0.740325927734375,5EC3,0.606293696714528,19867,0.606292724609375,4D9B
7450,0.03725,0.74476196764718,24404,0.7447509765625,5F54,0.598502435575868,19612,0.5985107421875,4C9C
7451,0.037255,0.74363322171724,24367,0.743621826171875,5F2F,0.604920483909113,19822,0.60491943359375,4D6E
7452,0.03726,0.743831779384758,24374,0.74383544921875,5F36,0.607123820726775,19894,0.60711669921875,4DB6
7453,0.037265,0.742505948635632,24330,0.74249267578125,5F0A,0.60647021123381,19873,0.606475830078125,4DA1
7454,0.03727,0.735336601714807,24096,0.7353515625,5E20,0.59912664481133,19632,0.59912109375,4CB0
7455,0.037275,0.744266476875077,24388,0.7442626953125,5F44,0.595942646386656,19528,0.595947265625,4C48
7456,0.03728,0.746444672312064,24459,0.746429443359375,5F8B,0.603951891827234,19790,0.60394287109375,4D4E
7457,0.037285,0.741233587249883,24289,0.741241455078125,5EE1,0.602700314979307,19749,0.602691650390625,4D25
7458,0.03729,0.737289801925964,24160,0.7373046875,5E60,0.602267851900331,19735,0.602264404296875,4D17
7459,0.037295,0.740241560953227,24256,0.740234375,5EC0,0.595056518078214,19499,0.595062255859375,4C2B
7460,0.0373,0.737713577857303,24173,0.737701416015625,5E6D,0.597067025070979,19565,0.597076416015625,4C6D
7461,0.037305,0.740790814697768,24274,0.74078369140625,5ED2,0.596602241893715,19549,0.596588134765625,4C5D
7462,0.03731,0.753463803856389,24690,0.75347900390625,6072,0.599860548950734,19656,0.599853515625,4CC8
7463,0.037315,0.744491185005607,24395,0.744476318359375,5F4B,0.595560202940907,19515,0.595550537109375,4C3B
7464,0.03732,0.739528583163463,24233,0.739532470703125,5EA9,0.598163678936777,19601,0.598175048828125,4C91
7465,0.037325,0.747584403691181,24497,0.747589111328125,5FB1,0.602267289221634,19735,0.602264404296875,4D17
7466,0.03733,0.733884343577136,24048,0.73388671875,5DF0,0.588476284512891,19283,0.588470458984375,4B53
7467,0.037335,0.736252457310084,24126,0.73626708984375,5E3E,0.597630284438052,19583,0.597625732421875,4C7F
7468,0.03734,0.736693090562873,24140,0.7366943359375,5E4C,0.585596123165166,19189,0.585601806640625,4AF5
7469,0.037345,0.745682816774143,24435,0.745697021484375,5F73,0.598972294041058,19627,0.598968505859375,4CAB
7470,0.03735,0.742446823009991,24328,0.742431640625,5F08,0.588373568036734,19280,0.58837890625,4B50
7471,0.037355,0.738191469193071,24189,0.738189697265625,5E7D,0.5924537276354,19414,0.59246826171875,4BD6
7472,0.03736,0.732946583208866,24017,0.732940673828125,5DD1,0.593916260562672,19461,0.593902587890625,4C05
7473,0.037365,0.734217291245012,24059,0.734222412109375,5DFB,0.589458844460001,19315,0.589447021484375,4B73
7474,0.03737,0.74012788749949,24253,0.740142822265625,5EBD,0.584183157301799,19143,0.584197998046875,4AC7
7475,0.037375,0.745101035758735,24415,0.745086669921875,5F5F,0.596452248482209,19545,0.596466064453125,4C59
7476,0.03738,0.741130775245936,24285,0.741119384765625,5EDD,0.589949873416571,19331,0.589935302734375,4B83
7477,0.037385,0.730456382726096,23936,0.73046875,5D80,0.589192800552167,19307,0.589202880859375,4B6B
7478,0.03739,0.735415581501533,24098,0.73541259765625,5E22,0.582007742118674,19071,0.582000732421875,4A7F
7479,0.037395,0.732917989009781,24016,0.73291015625,5DD0,0.585661490919119,19191,0.585662841796875,4AF7
7480,0.0374,0.742023275138288,24315,0.742034912109375,5EFB,0.591945840479735,19397,0.591949462890625,4BC5
7481,0.037405,0.735605865494739,24104,0.735595703125,5E28,0.590723874663296,19357,0.590728759765625,4B9D
7482,0.03741,0.730795846448446,23947,0.730804443359375,5D8B,0.597519504202544,19580,0.5975341796875,4C7C
7483,0.037415,0.740753052707434,24273,0.740753173828125,5ED1,0.581922629253171,19068,0.5819091796875,4A7C
7484,0.03742,0.737233092378668,24158,0.73724365234375,5E5E,0.588470390110867,19283,0.588470458984375,4B53
7485,0.037425,0.73369354202986,24042,0.73370361328125,5DEA,0.583592339338716,19123,0.583587646484375,4AB3
7486,0.03743,0.73171012965386,23977,0.731719970703125,5DA9,0.583021140161954,19104,0.5830078125,4AA0
7487,0.037435,0.741674771249702,24303,0.741668701171875,5EEF,0.579187220617869,18979,0.579193115234375,4A23
7488,0.03744,0.733631477749391,24040,0.733642578125,5DE8,0.576669307059656,18896,0.57666015625,49D0
7489,0.037445,0.735315154169729,24095,0.735321044921875,5E1F,0.582452268456345,19086,0.58245849609375,4A8E
7490,0.03745,0.733475840502165,24035,0.733489990234375,5DE3,0.576335816990165,18885,0.576324462890625,49C5
7491,0.037455,0.740325913904315,24259,0.740325927734375,5EC3,0.57481374615667,18835,0.574798583984375,4993
7492,0.03746,0.728534678702748,23873,0.728546142578125,5D41,0.573362992027268,18788,0.5733642578125,4964
7493,0.037465,0.728495038400999,23871,0.728485107421875,5D3F,0.580362873095082,19017,0.580352783203125,4A49
7494,0.03747,0.726687117322648,23812,0.7266845703125,5D04,0.570717455368341,18701,0.570709228515625,490D
7495,0.037475,0.734129434708694,24056,0.734130859375,5DF8,0.585181646832731,19175,0.585174560546875,4AE7
7496,0.03748,0.723031464549226,23692,0.7230224609375,5C8C,0.573269599536482,18785,0.573272705078125,4961
7497,0.037485,0.739176520581421,24221,0.739166259765625,5E9D,0.58047095350268,19021,0.580474853515625,4A4D
7498,0.03749,0.723087918981496,23694,0.72308349609375,5C8E,0.575268230011603,18850,0.57525634765625,49A2
7499,0.037495,0.730535996996072,23938,0.73052978515625,5D82,0.57106365760346,18713,0.571075439453125,4919
7500,0.0375,0.719741155060182,23584,0.7197265625,5C20,0.570708205327538,18701,0.570709228515625,490D
7501,0.037505,0.724050685406573,23726,0.72406005859375,5CAE,0.572611348669559,18763,0.572601318359375,494B
7502,0.03751,0.715818267429423,23456,0.7158203125,5BA0,0.579738159113251,18997,0.579742431640625,4A35
7503,0.037515,0.718671895613547,23549,0.718658447265625,5BFD,0.573277222751453,18785,0.573272705078125,4961
7504,0.03752,0.709174800428877,23238,0.70916748046875,5AC6,0.575200305945024,18848,0.5751953125,49A0
7505,0.037525,0.725499284557078,23773,0.725494384765625,5CDD,0.560288216259101,18360,0.560302734375,47B8
7506,0.03753,0.712937790849106,23362,0.71295166015625,5B42,0.578879135237511,18969,0.578887939453125,4A19
7507,0.037535,0.707396499680637,23180,0.7073974609375,5A8C,0.563503379627112,18465,0.563507080078125,4821
7508,0.03754,0.704380666875409,23081,0.704376220703125,5A29,0.559567477536339,18336,0.5595703125,47A0
7509,0.037545,0.707857590846061,23195,0.707855224609375,5A9B,0.562089112720097,18419,0.562103271484375,47F3
7510,0.03755,0.704960533638392,23100,0.7049560546875,5A3C,0.567603052778669,18599,0.567596435546875,48A7
7511,0.037555,0.70288571604806,23032,0.702880859375,59F8,0.572937456505193,18774,0.57293701171875,4956
7512,0.03756,0.709362244356786,23244,0.7093505859375,5ACC,0.562652967271129,18437,0.562652587890625,4805
7513,0.037565,0.70508389329331,23104,0.705078125,5A40,0.568255482323771,18621,0.568267822265625,48BD
7514,0.03757,0.70342740925665,23050,0.70343017578125,5A0A,0.562081097419072,18418,0.56207275390625,47F2
7515,0.037575,0.698550644700859,22890,0.69854736328125,596A,0.563750006609366,18473,0.563751220703125,4829
7516,0.03758,0.702065620438285,23005,0.702056884765625,59DD,0.567564508999248,18598,0.56756591796875,48A6
7517,0.037585,0.695756702000726,22799,0.695770263671875,590F,0.56452228262281,18498,0.56451416015625,4842
7518,0.03759,0.695316435992855,22784,0.6953125,5900,0.565006181234505,18514,0.56500244140625,4852
7519,0.037595,0.693664338281287,22730,0.69366455078125,58CA,0.562875179216646,18444,0.5628662109375,480C
7520,0.0376,0.694647766942859,22762,0.69464111328125,58EA,0.557681881541023,18274,0.55767822265625,4762
7521,0.037605,0.685787323615372,22472,0.685791015625,57C8,0.569266102045459,18654,0.56927490234375,48DE
7522,0.03761,0.681271804017756,22324,0.6812744140625,5734,0.563045537869036,18450,0.56304931640625,4812
7523,0.037615,0.682296079577803,22357,0.682281494140625,5755,0.563995729395958,18481,0.563995361328125,4831
7524,0.03762,0.682776403046922,22373,0.682769775390625,5765,0.557581449857271,18271,0.557586669921875,475F
7525,0.037625,0.690406041610549,22623,0.690399169921875,585F,0.553925732185895,18151,0.553924560546875,46E7
7526,0.03763,0.677371032951417,22196,0.6773681640625,56B4,0.566808594445159,18573,0.566802978515625,488D
7527,0.037635,0.682828683826266,22375,0.682830810546875,5767,0.556899478781037,18248,0.556884765625,4748
7528,0.03764,0.676924252567162,22181,0.676910400390625,56A5,0.559277682916178,18326,0.55926513671875,4796
7529,0.037645,0.68568290488968,22468,0.6856689453125,57C4,0.557839798766291,18279,0.557830810546875,4767
7530,0.03765,0.673195836793791,22059,0.673187255859375,562B,0.552260702923923,18096,0.55224609375,46B0
7531,0.037655,0.680247385309298,22290,0.68023681640625,5712,0.558945093778877,18316,0.5589599609375,478C
7532,0.03766,0.679420708474282,22263,0.679412841796875,56F7,0.554712517323129,18177,0.554718017578125,4701
7533,0.037665,0.672775951494878,22046,0.67279052734375,561E,0.554756358618212,18178,0.55474853515625,4702
7534,0.03767,0.673864239409106,22081,0.673858642578125,5641,0.559970691320755,18349,0.559967041015625,47AD
7535,0.037675,0.672917479837826,22050,0.67291259765625,5622,0.55032692504812,18033,0.550323486328125,4671
7536,0.03768,0.666896233158994,21853,0.666900634765625,555D,0.556140340523782,18224,0.55615234375,4730
7537,0.037685,0.670874149271141,21983,0.670867919921875,55DF,0.554157478077674,18159,0.554168701171875,46EF
7538,0.03769,0.66454576903226,21776,0.66455078125,5510,0.551873018064454,18084,0.5518798828125,46A4
7539,0.037695,0.663282483778438,21734,0.66326904296875,54E6,0.564610053588352,18501,0.564605712890625,4845
7540,0.0377,0.666797824618846,21850,0.66680908203125,555A,0.55326220526843,18129,0.553253173828125,46D1
7541,0.037705,0.664991593617767,21790,0.66497802734375,551E,0.548222135421482,17964,0.5482177734375,462C
7542,0.03771,0.6570007535344,21529,0.657012939453125,5419,0.552150891907144,18093,0.552154541015625,46AD
7543,0.037715,0.655023375281208,21464,0.655029296875,53D8,0.549055342678958,17991,0.549041748046875,4647
7544,0.03772,0.657155777931607,21534,0.65716552734375,541E,0.551782165574488,18081,0.551788330078125,46A1
7545,0.037725,0.665874316112511,21819,0.665863037109375,553B,0.557900296265514,18281,0.557891845703125,4769
7546,0.03773,0.662594236835959,21712,0.66259765625,54D0,0.555320066976337,18197,0.555328369140625,4715
7547,0.037735,0.652824688199889,21392,0.65283203125,5390,0.541060103897151,17729,0.541046142578125,4541
7548,0.03774,0.659847687542756,21622,0.65985107421875,5476,0.547062399569996,17926,0.54705810546875,4606
7549,0.037745,0.669543800394187,21940,0.6695556640625,55B4,0.557839346604319,18279,0.557830810546875,4767
7550,0.03775,0.667048149660069,21858,0.66705322265625,5562,0.55547773270968,18202,0.55548095703125,471A
7551,0.037755,0.656423611488393,21510,0.65643310546875,5406,0.556074497497483,18221,0.556060791015625,472D
7552,0.03776,0.660394812702094,21640,0.660400390625,5488,0.548906062791179,17987,0.548919677734375,4643
7553,0.037765,0.652905631300596,21394,0.65289306640625,5392,0.54369468120665,17816,0.543701171875,4598
7554,0.03777,0.669456482216647,21937,0.669464111328125,55B1,0.543002336166374,17793,0.542999267578125,4581
7555,0.037775,0.65259856713953,21384,0.652587890625,5388,0.555886562158892,18215,0.555877685546875,4727
7556,0.03778,0.669179775418675,21928,0.669189453125,55A8,0.548619965037926,17977,0.548614501953125,4639
7557,0.037785,0.668787747021319,21915,0.668792724609375,559B,0.553368708072437,18133,0.553375244140625,46D5
7558,0.03779,0.660725745404874,21651,0.660736083984375,5493,0.548475961780267,17972,0.5484619140625,4634
7559,0.037795,0.660883143470064,21656,0.660888671875,5498,0.542696693427436,17783,0.542694091796875,4577
7560,0.0378,0.662037344120223,21694,0.66204833984375,54BE,0.5459626861793,17890,0.54595947265625,45E2
7561,0.037805,0.661886891277417,21689,0.661895751953125,54B9,0.547285570243894,17933,0.547271728515625,460D
7562,0.03781,0.663677159625479,21747,0.663665771484375,54F3,0.543891426831849,17822,0.54388427734375,459E
7563,0.037815,0.669179982689392,21928,0.669189453125,55A8,0.550076047880062,18025,0.550079345703125,4669
7564,0.03782,0.665088486057919,21794,0.66510009765625,5522,0.539894864583443,17691,0.539886474609375,451B
7565,0.037825,0.67213037408507,22024,0.672119140625,5608,0.550393346705331,18035,0.550384521484375,4673
7566,0.03783,0.6715003893677,22004,0.6715087890625,55F4,0.544558900025182,17844,0.5445556640625,45B4
7567,0.037835,0.669998945637285,21955,0.670013427734375,55C3,0.548638468314873,17978,0.54864501953125,463A
7568,0.03784,0.665572328344233,21809,0.665557861328125,5531,0.544345434395303,17837,0.544342041015625,45AD
7569,0.037845,0.661602227191675,21679,0.661590576171875,54AF,0.541358552728494,17739,0.541351318359375,454B
7570,0.03785,0.668802194135806,21915,0.668792724609375,559B,0.551176996346196,18061,0.551177978515625,468D
7571,0.037855,0.667826789179702,21883,0.667816162109375,557B,0.540305264391278,17705,0.540313720703125,4529
7572,0.03786,0.663812853339764,21752,0.663818359375,54F8,0.544532215823124,17843,0.544525146484375,45B3
7573,0.037865,0.660868588074886,21655,0.660858154296875,5497,0.548570119266241,17976,0.548583984375,4638
7574,0.03787,0.670250589686772,21963,0.670257568359375,55CB,0.542701441535955,17783,0.542694091796875,4577
7575,0.037875,0.664388972008886,21771,0.664398193359375,550B,0.543332749409856,17804,0.5433349609375,458C
7576,0.03788,0.66760706506888,21876,0.6676025390625,5574,0.543540211627167,17811,0.543548583984375,4593
7577,0.037885,0.67156029453045,22006,0.67156982421875,55F6,0.536218878330246,17571,0.536224365234375,44A3
7578,0.03789,0.65724172457177,21536,0.6572265625,5420,0.537950825556637,17628,0.5379638671875,44DC
7579,0.037895,0.668601857259334,21909,0.668609619140625,5595,0.528507694015601,17318,0.52850341796875,43A6
7580,0.0379,0.666148058021019,21828,0.6661376953125,5544,0.542881026265204,17789,0.542877197265625,457D
7581,0.037905,0.669246697275106,21930,0.66925048828125,55AA,0.533096806844875,17469,0.533111572265625,443D
7582,0.03791,0.671640617331504,22008,0.671630859375,55F8,0.546582742256325,17910,0.54656982421875,45F6
7583,0.037915,0.659410862735914,21608,0.659423828125,5468,0.538590491409326,17649,0.538604736328125,44F1
7584,0.03792,0.672484808601472,22036,0.6724853515625,5614,0.539769081429065,17687,0.539764404296875,4517
7585,0.037925,0.671474380400565,22003,0.671478271484375,55F3,0.536973770969314,17596,0.5369873046875,44BC
7586,0.03793,0.66194039219258,21690,0.66192626953125,54BA,0.533530099376571,17483,0.533538818359375,444B
7587,0.037935,0.662796117135625,21719,0.662811279296875,54D7,0.538036875824805,17630,0.53802490234375,44DE
7588,0.03794,0.656502691841779,21512,0.656494140625,5408,0.539034053467594,17663,0.539031982421875,44FF
7589,0.037945,0.663785710991099,21751,0.663787841796875,54F7,0.536168354244273,17569,0.536163330078125,44A1
7590,0.03795,0.665672651710994,21813,0.665679931640625,5535,0.531422375364765,17414,0.53143310546875,4406
7591,0.037955,0.666004494442639,21824,0.666015625,5540,0.533147536788535,17470,0.53314208984375,443E
7592,0.03796,0.65734498297621,21540,0.6573486328125,5424,0.528294331982,17311,0.528289794921875,439F
7593,0.037965,0.653726361039875,21421,0.653717041015625,53AD,0.545269160390458,17867,0.545257568359375,45CB
7594,0.03797,0.664336589325756,21769,0.664337158203125,5509,0.540640345746131,17716,0.5406494140625,4534
7595,0.037975,0.655303379611406,21473,0.655303955078125,53E1,0.539255588809019,17670,0.53924560546875,4506
7596,0.03798,0.649355581824126,21278,0.64935302734375,531E,0.539744206697027,17686,0.53973388671875,4516
7597,0.037985,0.658821348115916,21588,0.6588134765625,5454,0.527398794757042,17282,0.52740478515625,4382
7598,0.03799,0.651856992735102,21360,0.65185546875,5370,0.536249976945087,17572,0.5362548828125,44A4
7599,0.037995,0.646685064506926,21191,0.646697998046875,52C7,0.532700305748646,17456,0.53271484375,4430
7600,0.038,0.653081161671658,21400,0.653076171875,5398,0.530941368971518,17398,0.53094482421875,43F6
7601,0.038005,0.655191347705878,21469,0.655181884765625,53DD,0.533727494535016,17489,0.533721923828125,4451
7602,0.03801,0.648726483637698,21257,0.648712158203125,5309,0.530707700793239,17390,0.53070068359375,43EE
7603,0.038015,0.642683895887462,21059,0.642669677734375,5243,0.536679250394419,17586,0.53668212890625,44B2
7604,0.03802,0.638072712860778,20908,0.6380615234375,51AC,0.541502750775609,17744,0.54150390625,4550
7605,0.038025,0.634414027307591,20788,0.6343994140625,5134,0.527976218015109,17301,0.527984619140625,4395
7606,0.03803,0.638526507873034,20923,0.638519287109375,51BB,0.530263446522894,17376,0.5302734375,43E0
7607,0.038035,0.643988962150666,21102,0.64398193359375,526E,0.530055680279311,17369,0.530059814453125,43D9
7608,0.03804,0.636229719464589,20848,0.63623046875,5170,0.531879902678376,17429,0.531890869140625,4415
7609,0.038045,0.628016407837876,20579,0.628021240234375,5063,0.540048475769695,17696,0.5400390625,4520
7610,0.03805,0.624637521275008,20468,0.6246337890625,4FF4,0.525892897251044,17232,0.52587890625,4350
7611,0.038055,0.620985016760995,20348,0.6209716796875,4F7C,0.526626403605466,17256,0.526611328125,4368
7612,0.03806,0.629052578723186,20613,0.629058837890625,5085,0.518812554223024,17000,0.518798828125,4268
7613,0.038065,0.616524679210012,20202,0.61651611328125,4EEA,0.528814404383326,17328,0.52880859375,43B0
7614,0.03807,0.61715426572042,20223,0.617156982421875,4EFF,0.533283566403035,17475,0.533294677734375,4443
7615,0.038075,0.613150969290686,20092,0.6131591796875,4E7C,0.527368737083628,17281,0.527374267578125,4381
7616,0.03808,0.620740620199532,20340,0.6207275390625,4F74,0.525372326115735,17215,0.525360107421875,433F
7617,0.038085,0.614863849594354,20148,0.6148681640625,4EB4,0.529725562061877,17358,0.52972412109375,43CE
7618,0.03809,0.614940825145804,20150,0.61492919921875,4EB6,0.523660661767859,17159,0.523651123046875,4307
7619,0.038095,0.608141425386407,19928,0.608154296875,4DD8,0.524576784662877,17189,0.524566650390625,4325
7620,0.0381,0.59854651337494,19613,0.598541259765625,4C9D,0.530128323602644,17371,0.530120849609375,43DB
7621,0.038105,0.611769169348963,20046,0.61175537109375,4E4E,0.528255793388535,17310,0.52825927734375,439E
7622,0.03811,0.613877883004297,20116,0.6138916015625,4E94,0.518251011080606,16982,0.51824951171875,4256
7623,0.038115,0.595516998527751,19514,0.59552001953125,4C3A,0.524060369964416,17172,0.5240478515625,4314
7624,0.03812,0.598383713542953,19608,0.598388671875,4C98,0.524866105448647,17199,0.524871826171875,432F
7625,0.038125,0.601017460983805,19694,0.60101318359375,4CEE,0.524009937753686,17171,0.524017333984375,4313
7626,0.03813,0.598386388381092,19608,0.598388671875,4C98,0.516553654866055,16926,0.51654052734375,421E
7627,0.038135,0.594797995166393,19490,0.59478759765625,4C22,0.518735791929709,16998,0.51873779296875,4266
7628,0.03814,0.588749109421121,19292,0.5887451171875,4B5C,0.524992895385828,17203,0.524993896484375,4333
7629,0.038145,0.591474626980098,19381,0.591461181640625,4BB5,0.516700884002275,16931,0.516693115234375,4223
7630,0.03815,0.591298046271913,19376,0.59130859375,4BB0,0.519794338928459,17033,0.519805908203125,4289
7631,0.038155,0.587498845103145,19251,0.587493896484375,4B33,0.51935977877507,17018,0.51934814453125,427A
7632,0.03816,0.587292919251547,19244,0.5872802734375,4B2C,0.524669039522959,17192,0.524658203125,4328
7633,0.038165,0.580871395060925,19034,0.58087158203125,4A5A,0.518747239584743,16998,0.51873779296875,4266
7634,0.03817,0.585898524379939,19199,0.585906982421875,4AFF,0.52132673366677,17083,0.521331787109375,42BB
7635,0.038175,0.583805217230213,19130,0.58380126953125,4ABA,0.511792762693194,16770,0.51177978515625,4182
7636,0.03818,0.590975484967067,19365,0.590972900390625,4BA5,0.519162113543833,17012,0.5191650390625,4274
7637,0.038185,0.584424231621061,19150,0.58441162109375,4ACE,0.514509288870176,16859,0.514495849609375,41DB
7638,0.03819,0.588775797549507,19293,0.588775634765625,4B5D,0.509829234499874,16706,0.50982666015625,4142
7639,0.038195,0.588208864985721,19274,0.58819580078125,4B4A,0.513305871471608,16820,0.5133056640625,41B4
7640,0.0382,0.581390661112023,19051,0.581390380859375,4A6B,0.503243000670861,16490,0.50323486328125,406A
7641,0.038205,0.587943810138538,19266,0.58795166015625,4B42,0.510314930496926,16722,0.51031494140625,4152
7642,0.03821,0.585231710667337,19177,0.585235595703125,4AE9,0.505579511878081,16567,0.505584716796875,40B7
7643,0.038215,0.58258447187826,19090,0.58258056640625,4A92,0.514400583186472,16856,0.514404296875,41D8
7644,0.03822,0.578357507522732,18952,0.578369140625,4A08,0.496940317124459,16284,0.4969482421875,3F9C
7645,0.038225,0.58741048921099,19248,0.58740234375,4B30,0.5105381810581,16729,0.510528564453125,4159
7646,0.03823,0.572828945571692,18770,0.57281494140625,4952,0.49859801511625,16338,0.49859619140625,3FD2
7647,0.038235,0.582349639444445,19082,0.58233642578125,4A8A,0.508295768502294,16656,0.50830078125,4110
7648,0.03824,0.586167362971434,19208,0.586181640625,4B08,0.500998809402239,16417,0.501007080078125,4021
7649,0.038245,0.578326091674662,18951,0.578338623046875,4A07,0.505208562534616,16555,0.505218505859375,40AB
7650,0.03825,0.58398879299764,19136,0.583984375,4AC0,0.503754239781261,16507,0.503753662109375,407B
7651,0.038255,0.591916656419695,19396,0.5919189453125,4BC4,0.50733222206389,16624,0.50732421875,40F0
7652,0.03826,0.583119334231506,19108,0.5831298828125,4AA4,0.506173495838359,16586,0.50616455078125,40CA
7653,0.038265,0.58088592851568,19034,0.58087158203125,4A5A,0.493109711128597,16158,0.49310302734375,3F1E
7654,0.03827,0.585701037657293,19192,0.585693359375,4AF8,0.49629628524528,16263,0.496307373046875,3F87
7655,0.038275,0.584814370923426,19163,0.584808349609375,4ADB,0.501956256346106,16448,0.501953125,4040
7656,0.03828,0.594291173345049,19474,0.59429931640625,4C12,0.506367334245443,16593,0.506378173828125,40D1
7657,0.038285,0.584537074760884,19154,0.58453369140625,4AD2,0.500047980332637,16386,0.50006103515625,4002
7658,0.03829,0.588695255522744,19290,0.58868408203125,4B5A,0.498608900582681,16338,0.49859619140625,3FD2
7659,0.038295,0.586526986044917,19219,0.586517333984375,4B13,0.492584538843725,16141,0.492584228515625,3F0D
7660,0.0383,0.590083769805268,19336,0.590087890625,4B88,0.490366589100784,16068,0.4903564453125,3EC4
7661,0.038305,0.597896381980812,19592,0.597900390625,4C88,0.49498503428459,16220,0.4949951171875,3F5C
7662,0.03831,0.590593148920393,19353,0.590606689453125,4B99,0.490732892424575,16080,0.49072265625,3ED0
7663,0.038315,0.589620331934213,19321,0.589630126953125,4B79,0.489327270300854,16034,0.48931884765625,3EA2
7664,0.03832,0.590788864358926,19359,0.590789794921875,4B9F,0.489365357188798,16036,0.4893798828125,3EA4
7665,0.038325,0.596084787565511,19533,0.596099853515625,4C4D,0.492786655816514,16148,0.4927978515625,3F14
7666,0.03833,0.594952926105473,19495,0.594940185546875,4C27,0.480076074772016,15731,0.480072021484375,3D73
7667,0.038335,0.586152345319197,19207,0.586151123046875,4B07,0.49683510305563,16280,0.496826171875,3F98
7668,0.03834,0.584894533772481,19166,0.58489990234375,4ADE,0.485514499692407,15909,0.485504150390625,3E25
7669,0.038345,0.587472895944622,19250,0.58746337890625,4B32,0.484980450711053,15892,0.4849853515625,3E14
7670,0.03835,0.590649252055002,19354,0.59063720703125,4B9A,0.485281255087591,15902,0.48529052734375,3E1E
7671,0.038355,0.59036583187487,19345,0.590362548828125,4B91,0.483827687336453,15854,0.48382568359375,3DEE
7672,0.03836,0.59139330121817,19379,0.591400146484375,4BB3,0.483229829989912,15834,0.48321533203125,3DDA
7673,0.038365,0.591314391366463,19376,0.59130859375,4BB0,0.477343604508906,15642,0.47735595703125,3D1A
7674,0.03837,0.583940424597576,19135,0.583953857421875,4ABF,0.490021251324585,16057,0.490020751953125,3EB9
7675,0.038375,0.587345933144398,19246,0.58734130859375,4B2E,0.490911475196397,16086,0.49090576171875,3ED6
7676,0.03838,0.597599935998235,19582,0.59759521484375,4C7E,0.475310627808798,15575,0.475311279296875,3CD7
7677,0.038385,0.587816033057884,19262,0.58782958984375,4B3E,0.482904000672403,15824,0.48291015625,3DD0
7678,0.03839,0.590952185134839,19364,0.5909423828125,4BA4,0.486304597158492,15935,0.486297607421875,3E3F
7679,0.038395,0.589045255169279,19302,0.58905029296875,4B66,0.478312143723024,15673,0.478302001953125,3D39
7680,0.0384,0.598286369742327,19605,0.598297119140625,4C95,0.483700285389632,15850,0.48370361328125,3DEA
7681,0.038405,0.592108942530194,19402,0.59210205078125,4BCA,0.475495185879919,15581,0.475494384765625,3CDD
7682,0.03841,0.594685065509685,19487,0.594696044921875,4C1F,0.47914931608228,15701,0.479156494140625,3D55
7683,0.038415,0.592999990545488,19431,0.592987060546875,4BE7,0.479131470350606,15700,0.4791259765625,3D54
7684,0.03842,0.590294362817013,19343,0.590301513671875,4B8F,0.478285351198669,15672,0.478271484375,3D38
7685,0.038425,0.58914361958472,19305,0.589141845703125,4B69,0.472881311595927,15495,0.472869873046875,3C87
7686,0.03843,0.594775150154593,19490,0.59478759765625,4C22,0.478414601342569,15677,0.478424072265625,3D3D
7687,0.038435,0.588529886842377,19285,0.588531494140625,4B55,0.469042919510318,15370,0.46905517578125,3C0A
7688,0.03844,0.583702640312679,19127,0.583709716796875,4AB7,0.462727492697602,15163,0.462738037109375,3B3B
7689,0.038445,0.596829325327396,19557,0.596832275390625,4C65,0.473991003876129,15532,0.4739990234375,3CAC
7690,0.03845,0.580716452469516,19029,0.580718994140625,4A55,0.469613322582404,15388,0.4696044921875,3C1C
7691,0.038455,0.577386531719682,18920,0.577392578125,49E8,0.460806940663055,15100,0.4608154296875,3AFC
7692,0.03846,0.579818462393817,18999,0.579803466796875,4A37,0.465210105142302,15244,0.4652099609375,3B8C
7693,0.038465,0.580182691417276,19011,0.580169677734375,4A43,0.461724138070394,15130,0.46173095703125,3B1A
7694,0.03847,0.579764684412016,18998,0.57977294921875,4A36,0.464986074741355,15237,0.464996337890625,3B85
7695,0.038475,0.57399737561879,18809,0.574005126953125,4979,0.462185770370555,15145,0.462188720703125,3B29
7696,0.03848,0.576947487473408,18905,0.576934814453125,49D9,0.467920667583247,15333,0.467926025390625,3BE5
7697,0.038485,0.592307694038148,19409,0.592315673828125,4BD1,0.46047006100023,15089,0.460479736328125,3AF1
7698,0.03849,0.57156411371539,18729,0.571563720703125,4929,0.459463076680366,15056,0.45947265625,3AD0
7699,0.038495,0.57962106176501,18993,0.579620361328125,4A31,0.461407913956807,15119,0.461395263671875,3B0F
7700,0.0385,0.571244733617081,18719,0.571258544921875,491F,0.462416867015363,15152,0.46240234375,3B30
7701,0.038505,0.58005757507996,19007,0.580047607421875,4A3F,0.461083257599675,15109,0.461090087890625,3B05
7702,0.03851,0.568579336456658,18631,0.568572998046875,48C7,0.456234367254506,14950,0.45623779296875,3A66
7703,0.038515,0.576082123119482,18877,0.576080322265625,49BD,0.458658286265528,15029,0.458648681640625,3AB5
7704,0.03852,0.571372614758002,18723,0.571380615234375,4923,0.45171849461762,14802,0.45172119140625,39D2
7705,0.038525,0.57130168946853,18720,0.5712890625,4920,0.45298797987187,14844,0.4530029296875,39FC
7706,0.03853,0.571231922685604,18718,0.57122802734375,491E,0.447189269346529,14653,0.447174072265625,393D
7707,0.038535,0.570961987629902,18709,0.570953369140625,4915,0.454039480186409,14878,0.45404052734375,3A1E
7708,0.03854,0.566081244558642,18549,0.566070556640625,4875,0.453661647772652,14866,0.45367431640625,3A12
7709,0.038545,0.567131942672326,18584,0.567138671875,4898,0.455717354426249,14933,0.455718994140625,3A55
7710,0.03855,0.566487768914859,18563,0.566497802734375,4883,0.457946253891001,15006,0.45794677734375,3A9E
7711,0.038555,0.56668004828418,18569,0.566680908203125,4889,0.442733256175916,14507,0.442718505859375,38AB
7712,0.03856,0.559834211874294,18345,0.559844970703125,47A9,0.451904597225594,14808,0.451904296875,39D8
7713,0.038565,0.560822454209285,18377,0.560821533203125,47C9,0.446217977467923,14622,0.44622802734375,391E
7714,0.03857,0.560693404302987,18373,0.560699462890625,47C5,0.448434523349902,14694,0.44842529296875,3966
7715,0.038575,0.562362117729003,18427,0.562347412109375,47FB,0.436740876139972,14311,0.436737060546875,37E7
7716,0.03858,0.555849957216925,18214,0.55584716796875,4726,0.456880991827672,14971,0.456878662109375,3A7B
7717,0.038585,0.556702242256941,18242,0.55670166015625,4742,0.437502265377362,14336,0.4375,3800
7718,0.03859,0.565048180025982,18515,0.565032958984375,4853,0.434092441249344,14224,0.43408203125,3790
7719,0.038595,0.565486655812916,18530,0.56549072265625,4862,0.43074122845964,14115,0.430755615234375,3723
7720,0.0386,0.565239261689283,18522,0.56524658203125,485A,0.439891633708796,14414,0.43988037109375,384E
7721,0.038605,0.559871006829383,18346,0.55987548828125,47AA,0.431335576627443,14134,0.43133544921875,3736
7722,0.03861,0.565204227999092,18521,0.565216064453125,4859,0.439067966148907,14387,0.439056396484375,3833
7723,0.038615,0.56388879114448,18478,0.56390380859375,482E,0.431944858643898,14154,0.43194580078125,374A
7724,0.03862,0.552095899226162,18091,0.552093505859375,46AB,0.432920792834952,14186,0.43292236328125,376A
7725,0.038625,0.561038040914928,18384,0.56103515625,47D0,0.437809287454596,14346,0.43780517578125,380A
7726,0.03863,0.555873913518302,18215,0.555877685546875,4727,0.429108278695595,14061,0.429107666015625,36ED
7727,0.038635,0.564907824820765,18511,0.564910888671875,484F,0.424979488605454,13926,0.42498779296875,3666
7728,0.03864,0.556317634419759,18229,0.556304931640625,4735,0.430479064793683,14106,0.43048095703125,371A
7729,0.038645,0.555827598076021,18213,0.555816650390625,4725,0.434095571640693,14224,0.43408203125,3790
7730,0.03865,0.557859521888312,18280,0.557861328125,4768,0.426881195232568,13988,0.4268798828125,36A4
7731,0.038655,0.55858541757584,18304,0.55859375,4780,0.424705620056053,13917,0.424713134765625,365D
7732,0.03866,0.559759441593802,18342,0.55975341796875,47A6,0.424328152233465,13904,0.42431640625,3650
7733,0.038665,0.562271571309253,18425,0.562286376953125,47F9,0.419900994007599,13759,0.419891357421875,35BF
7734,0.03867,0.553356827595963,18132,0.5533447265625,46D4,0.421454909746954,13810,0.42144775390625,35F2
7735,0.038675,0.562153368394903,18421,0.562164306640625,47F5,0.415679910468402,13621,0.415679931640625,3535
7736,0.03868,0.558400763148381,18298,0.55841064453125,477A,0.418707000922961,13720,0.418701171875,3598
7737,0.038685,0.568846888150968,18640,0.56884765625,48D0,0.417657745347562,13686,0.41766357421875,3576
7738,0.03869,0.557794742147903,18278,0.55780029296875,4766,0.417641517955944,13685,0.417633056640625,3575
7739,0.038695,0.561728799698165,18407,0.561737060546875,47E7,0.411933265991067,13498,0.41192626953125,34BA
7740,0.0387,0.56456298116285,18500,0.5645751953125,4844,0.411493655849737,13484,0.4114990234375,34AC
7741,0.038705,0.561521647459039,18400,0.5615234375,47E0,0.405400739521471,13284,0.4053955078125,33E4
7742,0.03871,0.56695529822879,18578,0.56695556640625,4892,0.407753604272558,13361,0.407745361328125,3431
7743,0.038715,0.565904515031651,18544,0.56591796875,4870,0.410465808488048,13450,0.41046142578125,348A
7744,0.03872,0.574193898986982,18815,0.574188232421875,497F,0.406127978271581,13308,0.4061279296875,33FC
7745,0.038725,0.565562088471365,18532,0.5655517578125,4864,0.397662902743355,13031,0.397674560546875,32E7
7746,0.03873,0.567060068527861,18581,0.567047119140625,4895,0.403782601236969,13231,0.403778076171875,33AF
7747,0.038735,0.564778391124854,18507,0.564788818359375,484B,0.400385794006069,13120,0.400390625,3340
7748,0.03874,0.564762362924452,18506,0.56475830078125,484A,0.400210619746864,13114,0.40020751953125,333A
7749,0.038745,0.566806138966424,18573,0.566802978515625,488D,0.399573604340391,13093,0.399566650390625,3325
7750,0.03875,0.567503799803692,18596,0.5675048828125,48A4,0.389770728067756,12772,0.3897705078125,31E4
7751,0.038755,0.570926511919205,18708,0.5709228515625,4914,0.404430901279177,13252,0.4044189453125,33C4
7752,0.03876,0.577544845688221,18925,0.577545166015625,49ED,0.405465173173336,13286,0.40545654296875,33E6
7753,0.038765,0.576127073270548,18879,0.576141357421875,49BF,0.390513455853826,12796,0.3905029296875,31FC
7754,0.03877,0.583934633983156,19134,0.58392333984375,4ABE,0.398834425889748,13069,0.398834228515625,330D
7755,0.038775,0.579079952316201,18975,0.579071044921875,4A1F,0.395956209736809,12975,0.395965576171875,32AF
7756,0.03878,0.584968238441769,19168,0.5849609375,4AE0,0.389355970521165,12758,0.38934326171875,31D6
7757,0.038785,0.589570177533295,19319,0.589569091796875,4B77,0.395118639753155,12947,0.395111083984375,3293
7758,0.03879,0.571795476266021,18737,0.571807861328125,4931,0.382922655973459,12548,0.3829345703125,3104
7759,0.038795,0.571772270770106,18736,0.57177734375,4930,0.385375398268022,12628,0.3853759765625,3154
7760,0.0388,0.577819623836014,18934,0.57781982421875,49F6,0.393252407519693,12886,0.39324951171875,3256
7761,0.038805,0.582196924086846,19077,0.582183837890625,4A85,0.392624641974071,12866,0.39263916015625,3242
7762,0.03881,0.574741182088333,18833,0.574737548828125,4991,0.380267413734147,12461,0.380279541015625,30AD
7763,0.038815,0.575927067855945,18872,0.575927734375,49B8,0.39276813960392,12870,0.39276123046875,3246
7764,0.03882,0.589858480438434,19328,0.58984375,4B80,0.38279430104898,12543,0.382781982421875,30FF
7765,0.038825,0.585889839261516,19198,0.58587646484375,4AFE,0.38250315670424,12534,0.38250732421875,30F6
7766,0.03883,0.580214978095547,19012,0.5802001953125,4A44,0.383342921059382,12561,0.383331298828125,3111
7767,0.038835,0.582858909890856,19099,0.582855224609375,4A9B,0.378254928200432,12395,0.378265380859375,306B
7768,0.03884,0.579382387705125,18985,0.579376220703125,4A29,0.378159869079985,12392,0.378173828125,3068
7769,0.038845,0.580850635549966,19033,0.580841064453125,4A59,0.386499161445946,12665,0.386505126953125,3179
7770,0.03885,0.5788949238009,18969,0.578887939453125,4A19,0.379853271474311,12447,0.379852294921875,309F
7771,0.038855,0.590047882931073,19335,0.590057373046875,4B87,0.374242853716738,12263,0.374237060546875,2FE7
7772,0.03886,0.585771462607598,19195,0.585784912109375,4AFB,0.381167773179222,12490,0.38116455078125,30CA
7773,0.038865,0.590296640239113,19343,0.590301513671875,4B8F,0.37917960919541,12425,0.379180908203125,3089
7774,0.03887,0.588136612023068,19272,0.588134765625,4B48,0.363809931961748,11921,0.363800048828125,2E91
7775,0.038875,0.582599953122705,19091,0.582611083984375,4A93,0.377866898923932,12382,0.37786865234375,305E
7776,0.03888,0.579629665738034,18993,0.579620361328125,4A31,0.369441741961687,12106,0.36944580078125,2F4A
7777,0.038885,0.584553130858932,19155,0.584564208984375,4AD3,0.363142214808448,11899,0.363128662109375,2E7B
7778,0.03889,0.573568707507827,18795,0.573577880859375,496B,0.375068875756507,12290,0.37506103515625,3002
7779,0.038895,0.579327807426316,18983,0.579315185546875,4A27,0.37119965027283,12163,0.371185302734375,2F83
7780,0.0389,0.580222714390435,19013,0.580230712890625,4A45,0.372010911890295,12190,0.37200927734375,2F9E
7781,0.038905,0.581617174965557,19058,0.58160400390625,4A72,0.360845814040205,11824,0.36083984375,2E30
7782,0.03891,0.570452628289131,18693,0.570465087890625,4905,0.353601936509366,11587,0.353607177734375,2D43
7783,0.038915,0.577752099277229,18932,0.5777587890625,49F4,0.376364866809397,12333,0.376373291015625,302D
7784,0.03892,0.586498851098313,19218,0.58648681640625,4B12,0.372251224747053,12198,0.37225341796875,2FA6
7785,0.038925,0.586626141347317,19223,0.586639404296875,4B17,0.365317292991964,11971,0.365325927734375,2EC3
7786,0.03893,0.576737094427113,18899,0.576751708984375,49D3,0.362792102245345,11888,0.36279296875,2E70
7787,0.038935,0.576932019816325,18905,0.576934814453125,49D9,0.357565767754712,11717,0.357574462890625,2DC5
7788,0.03894,0.577175254694109,18913,0.577178955078125,49E1,0.372141861938074,12194,0.37213134765625,2FA2
7789,0.038945,0.586155121374788,19207,0.586151123046875,4B07,0.358987352648258,11763,0.358978271484375,2DF3
7790,0.03895,0.570099931518144,18681,0.570098876953125,48F9,0.358061212321104,11733,0.358062744140625,2DD5
7791,0.038955,0.586696573634654,19225,0.586700439453125,4B19,0.37177996859637,12182,0.37176513671875,2F96
7792,0.03896,0.58339027925715,19117,0.583404541015625,4AAD,0.363932195176709,11925,0.363922119140625,2E95
7793,0.038965,0.58074969773121,19030,0.58074951171875,4A56,0.356230349865069,11673,0.356231689453125,2D99
7794,0.03897,0.574984115911459,18841,0.574981689453125,4999,0.367423614636708,12040,0.367431640625,2F08
7795,0.038975,0.578630150835915,18961,0.578643798828125,4A11,0.345060675583649,11307,0.345062255859375,2C2B
7796,0.03898,0.577359359612778,18919,0.577362060546875,49E7,0.351176395530132,11507,0.351165771484375,2CF3
7797,0.038985,0.566975425031412,18579,0.566986083984375,4893,0.35245121464123,11549,0.352447509765625,2D1D
7798,0.03899,0.563837000032473,18476,0.5638427734375,482C,0.356264405481071,11674,0.35626220703125,2D9A
7799,0.038995,0.566475902161228,18562,0.56646728515625,4882,0.343118355029753,11243,0.343109130859375,2BEB
7800,0.039,0.567797023351007,18606,0.56781005859375,48AE,0.353202783550444,11574,0.35321044921875,2D36
7801,0.039005,0.56203631232252,18417,0.562042236328125,47F1,0.359841824922567,11791,0.359832763671875,2E0F
7802,0.03901,0.569013099477263,18645,0.569000244140625,48D5,0.348906603792639,11433,0.348907470703125,2CA9
7803,0.039015,0.56722897836135,18587,0.567230224609375,489B,0.34425370701097,11281,0.344268798828125,2C11
7804,0.03902,0.557594369444342,18271,0.557586669921875,475F,0.354513955595177,11617,0.354522705078125,2D61
7805,0.039025,0.564807263785133,18508,0.5648193359375,484C,0.347402690603793,11384,0.347412109375,2C78
7806,0.03903,0.54894856662075,17988,0.5489501953125,4644,0.35192183109226,11532,0.3519287109375,2D0C
7807,0.039035,0.562101750021431,18419,0.562103271484375,47F3,0.348335099980977,11414,0.34832763671875,2C96
7808,0.03904,0.5561363949144,18223,0.556121826171875,472F,0.342138550061704,11211,0.342132568359375,2BCB
7809,0.039045,0.549548777242668,18008,0.549560546875,4658,0.345243040492035,11313,0.345245361328125,2C31
7810,0.03905,0.555312589826354,18196,0.5552978515625,4714,0.342780212781421,11232,0.3427734375,2BE0
7811,0.039055,0.555430900045503,18200,0.555419921875,4718,0.335086655902293,10980,0.3350830078125,2AE4
7812,0.03906,0.552745810566152,18112,0.552734375,46C0,0.337843451714592,11070,0.33782958984375,2B3E
7813,0.039065,0.548007839876609,17957,0.548004150390625,4625,0.341260707251723,11182,0.34124755859375,2BAE
7814,0.03907,0.546887909708961,17920,0.546875,4600,0.337911501620795,11073,0.337921142578125,2B41
7815,0.039075,0.55303702512505,18122,0.55303955078125,46CA,0.336749797444931,11035,0.336761474609375,2B1B
7816,0.03908,0.548428944318469,17971,0.548431396484375,4633,0.335800427393033,11004,0.3358154296875,2AFC
7817,0.039085,0.545449721146232,17873,0.545440673828125,45D1,0.329438172092068,10795,0.329437255859375,2A2B
7818,0.03909,0.542910595413574,17790,0.54290771484375,457E,0.328545303458968,10766,0.32855224609375,2A0E
7819,0.039095,0.535912016381409,17561,0.535919189453125,4499,0.333187601282231,10918,0.33319091796875,2AA6
7820,0.0391,0.531861751558964,17428,0.5318603515625,4414,0.328315567981186,10758,0.32830810546875,2A06
7821,0.039105,0.538194508416144,17636,0.5382080078125,44E4,0.325476406410179,10665,0.325469970703125,29A9
7822,0.03911,0.53897660556654,17661,0.538970947265625,44FD,0.323757971703489,10609,0.323760986328125,2971
7823,0.039115,0.524327618405788,17181,0.524322509765625,431D,0.320296851297249,10495,0.320281982421875,28FF
7824,0.03912,0.532805538820454,17459,0.532806396484375,4433,0.325555302970944,10668,0.3255615234375,29AC
7825,0.039125,0.540171827174696,17700,0.5401611328125,4524,0.328216013786585,10755,0.328216552734375,2A03
7826,0.03913,0.534894562602004,17527,0.534881591796875,4477,0.321472542703362,10534,0.32147216796875,2926
7827,0.039135,0.526858173338966,17264,0.52685546875,4370,0.322391699319774,10564,0.3223876953125,2944
7828,0.03914,0.529935916196623,17365,0.529937744140625,43D5,0.316209659364405,10362,0.31622314453125,287A
7829,0.039145,0.527081552379189,17271,0.527069091796875,4377,0.315653929369848,10343,0.315643310546875,2867
7830,0.03915,0.526409691014021,17249,0.526397705078125,4361,0.305241900942662,10002,0.30523681640625,2712
7831,0.039155,0.530718579140328,17391,0.530731201171875,43EF,0.313671307773224,10278,0.31365966796875,2826
7832,0.03916,0.527677060801674,17291,0.527679443359375,438B,0.301435704738461,9877,0.301422119140625,2695
7833,0.039165,0.526951520267065,17267,0.526947021484375,4373,0.295114192328275,9670,0.29510498046875,25C6
7834,0.03917,0.52413673627588,17175,0.524139404296875,4317,0.307780797737511,10085,0.307769775390625,2765
7835,0.039175,0.514212496174393,16850,0.51422119140625,41D2,0.304089384974068,9964,0.3040771484375,26EC
7836,0.03918,0.524621023676338,17191,0.524627685546875,4327,0.295221319919899,9674,0.29522705078125,25CA
7837,0.039185,0.520411662629771,17053,0.520416259765625,429D,0.299844594565231,9825,0.299835205078125,2661
7838,0.03919,0.512117136298372,16781,0.512115478515625,418D,0.295197039140631,9673,0.295196533203125,25C9
7839,0.039195,0.526848361430412,17264,0.52685546875,4370,0.303109469626241,9932,0.3031005859375,26CC
7840,0.0392,0.52450612697856,17187,0.524505615234375,4323,0.295729608437486,9690,0.29571533203125,25DA
7841,0.039205,0.524297885887879,17180,0.5242919921875,431C,0.28767605589302,9427,0.287689208984375,24D3
7842,0.03921,0.515852444900978,16903,0.515838623046875,4207,0.286962270959495,9403,0.286956787109375,24BB
7843,0.039215,0.522056399679699,17107,0.522064208984375,42D3,0.291537294288047,9553,0.291534423828125,2551
7844,0.03922,0.525996744807692,17236,0.5260009765625,4354,0.286845174769051,9399,0.286834716796875,24B7
7845,0.039225,0.521072262810511,17074,0.52105712890625,42B2,0.276994956116282,9077,0.277008056640625,2375
7846,0.03923,0.510931982323802,16742,0.51092529296875,4166,0.282257282425461,9249,0.282257080078125,2421
7847,0.039235,0.506707548789449,16604,0.5067138671875,40DC,0.286503473116175,9388,0.2864990234375,24AC
7848,0.03924,0.519256590805274,17015,0.519256591796875,4277,0.276441818137196,9058,0.27642822265625,2362
7849,0.039245,0.517929001590537,16971,0.517913818359375,424B,0.275936504904796,9042,0.27593994140625,2352
7850,0.03925,0.510229385289197,16719,0.510223388671875,414F,0.269699152009297,8838,0.26971435546875,2286
7851,0.039255,0.513906542540592,16840,0.513916015625,41C8,0.283194868113829,9280,0.283203125,2440
7852,0.03926,0.51117032998852,16750,0.51116943359375,416E,0.271486604868002,8896,0.271484375,22C0
7853,0.039265,0.516943413463544,16939,0.516937255859375,422B,0.272763107663186,8938,0.27276611328125,22EA
7854,0.03927,0.509525580789293,16696,0.509521484375,4138,0.267710215223778,8772,0.2677001953125,2244
7855,0.039275,0.50704274204282,16615,0.507049560546875,40E7,0.268300063375653,8792,0.268310546875,2258
7856,0.03928,0.512411441907004,16791,0.512420654296875,4197,0.264547883358052,8669,0.264556884765625,21DD
7857,0.039285,0.506879464699665,16609,0.506866455078125,40E1,0.267105413218646,8753,0.267120361328125,2231
7858,0.03929,0.517109999543412,16945,0.517120361328125,4231,0.270992531304811,8880,0.27099609375,22B0
7859,0.039295,0.515594737521311,16895,0.515594482421875,41FF,0.261103718462871,8556,0.2611083984375,216C
7860,0.0393,0.514955675377413,16874,0.51495361328125,41EA,0.260046369602052,8521,0.260040283203125,2149
7861,0.039305,0.514878369752677,16872,0.514892578125,41E8,0.256554920363109,8407,0.256561279296875,20D7
7862,0.03931,0.506483833626181,16596,0.5064697265625,40D4,0.254687767503362,8346,0.25469970703125,209A
7863,0.039315,0.505858181635609,16576,0.505859375,40C0,0.252816946378084,8284,0.2528076171875,205C
7864,0.03932,0.510185288527001,16718,0.51019287109375,414E,0.26391205477026,8648,0.263916015625,21C8
7865,0.039325,0.51408190153856,16845,0.514068603515625,41CD,0.262019233842114,8586,0.26202392578125,218A
7866,0.03933,0.508909651930691,16676,0.5089111328125,4124,0.252016143619997,8258,0.25201416015625,2042
7867,0.039335,0.513350510238598,16821,0.513336181640625,41B5,0.239626502477954,7852,0.2396240234375,1EAC
7868,0.03934,0.526393996234121,17249,0.526397705078125,4361,0.24131567641486,7907,0.241302490234375,1EE3
7869,0.039345,0.514278947896427,16852,0.5142822265625,41D4,0.24953086750463,8177,0.249542236328125,1FF1
7870,0.03935,0.509623164334165,16699,0.509613037109375,413B,0.23930972924462,7842,0.23931884765625,1EA2
7871,0.039355,0.519448362776388,17021,0.519439697265625,427D,0.244034476256719,7997,0.244049072265625,1F3D
7872,0.03936,0.518749014905154,16998,0.51873779296875,4266,0.236153246340269,7738,0.23614501953125,1E3A
7873,0.039365,0.515821337600735,16902,0.51580810546875,4206,0.24297344068549,7962,0.24298095703125,1F1A
7874,0.03937,0.521166230715397,17078,0.52117919921875,42B6,0.23930368480282,7842,0.23931884765625,1EA2
7875,0.039375,0.519158354290341,17012,0.5191650390625,4274,0.246003254236306,8061,0.246002197265625,1F7D
7876,0.03938,0.515572152535277,16894,0.51556396484375,41FE,0.240973609730846,7896,0.240966796875,1ED8
7877,0.039385,0.514797617367113,16869,0.514801025390625,41E5,0.229657992996267,7525,0.229644775390625,1D65
7878,0.03939,0.523914935052559,17168,0.52392578125,4310,0.238759828998329,7824,0.23876953125,1E90
7879,0.039395,0.511712935982437,16768,0.51171875,4180,0.237087118570978,7769,0.237091064453125,1E59
7880,0.0394,0.524906327099005,17200,0.52490234375,4330,0.234798064690218,7694,0.23480224609375,1E0E
7881,0.039405,0.525115061548881,17207,0.525115966796875,4337,0.230618577453492,7557,0.230621337890625,1D85
7882,0.03941,0.526107565202318,17239,0.526092529296875,4357,0.232751661294335,7627,0.232757568359375,1DCB
7883,0.039415,0.512410097373102,16791,0.512420654296875,4197,0.229750921017908,7528,0.229736328125,1D68
7884,0.03942,0.528032016166314,17303,0.528045654296875,4397,0.233006848307034,7635,0.233001708984375,1DD3
7885,0.039425,0.52145858843643,17087,0.521453857421875,42BF,0.217322262083101,7121,0.217315673828125,1BD1
7886,0.03943,0.524630894055231,17191,0.524627685546875,4327,0.236370411408071,7745,0.236358642578125,1E41
7887,0.039435,0.526294681113279,17246,0.52630615234375,435E,0.227357838851991,7450,0.22735595703125,1D1A
7888,0.03944,0.512801939372582,16803,0.512786865234375,41A3,0.226441426343492,7420,0.2264404296875,1CFC
7889,0.039445,0.52049451896716,17056,0.5205078125,42A0,0.22638888966748,7418,0.22637939453125,1CFA
7890,0.03945,0.530064743919916,17369,0.530059814453125,43D9,0.222539795744476,7292,0.2225341796875,1C7C
7891,0.039455,0.520452746681193,17054,0.52044677734375,429E,0.21805467823611,7145,0.218048095703125,1BE9
7892,0.03946,0.528298520229079,17311,0.528289794921875,439F,0.221946833604678,7273,0.221954345703125,1C69
7893,0.039465,0.525059550481161,17205,0.525054931640625,4335,0.218697060193544,7166,0.21868896484375,1BFE
7894,0.03947,0.528520467700139,17319,0.528533935546875,43A7,0.221321497809755,7252,0.2213134765625,1C54
7895,0.039475,0.525330515642829,17214,0.52532958984375,433E,0.214259339323793,7021,0.214263916015625,1B6D
7896,0.03948,0.535695963207087,17554,0.53570556640625,4492,0.222937375211091,7305,0.222930908203125,1C89
7897,0.039485,0.520871413677004,17068,0.5208740234375,42AC,0.213496836024317,6996,0.2135009765625,1B54
7898,0.03949,0.534901283085349,17528,0.534912109375,4478,0.217052866726211,7112,0.217041015625,1BC8
7899,0.039495,0.529045602790182,17336,0.529052734375,43B8,0.217991925611599,7143,0.217987060546875,1BE7
7900,0.0395,0.526111002204661,17240,0.526123046875,4358,0.211687668319706,6937,0.211700439453125,1B19
7901,0.039505,0.531398138665755,17413,0.531402587890625,4405,0.213037263401002,6981,0.213043212890625,1B45
7902,0.03951,0.532897111332605,17462,0.53289794921875,4436,0.205172630902928,6723,0.205169677734375,1A43
7903,0.039515,0.533160960620095,17471,0.533172607421875,443F,0.213668135405013,7001,0.213653564453125,1B59
7904,0.03952,0.53193497208963,17430,0.53192138671875,4416,0.200317983851098,6564,0.2003173828125,19A4
7905,0.039525,0.536779564566461,17589,0.536773681640625,44B5,0.20223894584438,6627,0.202239990234375,19E3
7906,0.03953,0.527153402996855,17274,0.52716064453125,437A,0.198093866298161,6491,0.198089599609375,195B
7907,0.039535,0.531191511820409,17406,0.53118896484375,43FE,0.21253336784795,6964,0.2125244140625,1B34
7908,0.03954,0.541525325382056,17745,0.541534423828125,4551,0.194912432225751,6387,0.194915771484375,18F3
7909,0.039545,0.53658992890319,17583,0.536590576171875,44AF,0.199399640349276,6534,0.19940185546875,1986
7910,0.03955,0.545513701164838,17875,0.545501708984375,45D3,0.201134415900586,6591,0.201141357421875,19BF
7911,0.039555,0.531860332331355,17428,0.5318603515625,4414,0.192224104114388,6299,0.192230224609375,189B
7912,0.03956,0.54096283460619,17726,0.54095458984375,453E,0.203560749762373,6670,0.20355224609375,1A0E
7913,0.039565,0.540616921873345,17715,0.540618896484375,4533,0.205525709174801,6735,0.205535888671875,1A4F
7914,0.03957,0.536722682974961,17587,0.536712646484375,44B3,0.195002477101226,6390,0.19500732421875,18F6
7915,0.039575,0.543716164492623,17816,0.543701171875,4598,0.191531186210569,6276,0.1915283203125,1884
7916,0.03958,0.539680627590273,17684,0.5396728515625,4514,0.193773109819866,6350,0.19378662109375,18CE
7917,0.039585,0.535109569810179,17534,0.53509521484375,447E,0.194348718122719,6368,0.1943359375,18E0
7918,0.03959,0.542674386094023,17782,0.54266357421875,4576,0.204199097602281,6691,0.204193115234375,1A23
7919,0.039595,0.542415348091046,17774,0.54241943359375,456E,0.190652109527616,6247,0.190643310546875,1867
7920,0.0396,0.55011773253548,18026,0.55010986328125,466A,0.18702598448822,6128,0.18701171875,17F0
7921,0.039605,0.547423006321665,17938,0.54742431640625,4612,0.191020114751709,6259,0.191009521484375,1873
7922,0.03961,0.550000772074183,18022,0.54998779296875,4666,0.185923135643183,6092,0.1859130859375,17CC
7923,0.039615,0.542517658075794,17777,0.542510986328125,4571,0.184405474935655,6043,0.184417724609375,179B
7924,0.03962,0.545528833961002,17876,0.5455322265625,45D4,0.189117337111459,6197,0.189117431640625,1835
7925,0.039625,0.547955495676117,17955,0.547943115234375,4623,0.180525475060898,5915,0.180511474609375,171B
7926,0.03963,0.5481328324209,17961,0.548126220703125,4629,0.188193647125508,6167,0.188201904296875,1817
7927,0.039635,0.55506339453867,18188,0.5550537109375,470C,0.177667690575721,5822,0.17767333984375,16BE
7928,0.03964,0.549413717706946,18003,0.549407958984375,4653,0.179257848759944,5874,0.17926025390625,16F2
7929,0.039645,0.547523114433698,17941,0.547515869140625,4615,0.17662596182786,5788,0.1766357421875,169C
7930,0.03965,0.554358161617207,18165,0.554351806640625,46F5,0.175573941460958,5753,0.175567626953125,1679
7931,0.039655,0.558165405078645,18290,0.55816650390625,4772,0.174222264102389,5709,0.174224853515625,164D
7932,0.03966,0.566396058056237,18560,0.56640625,4880,0.177589948485307,5819,0.177581787109375,16BB
7933,0.039665,0.551992287060971,18088,0.552001953125,46A8,0.178999086114835,5865,0.178985595703125,16E9
7934,0.03967,0.551070951699185,18057,0.551055908203125,4689,0.167979697594043,5504,0.16796875,1580
7935,0.039675,0.567387257784834,18592,0.5673828125,48A0,0.172187302091549,5642,0.17218017578125,160A
7936,0.03968,0.553043930253249,18122,0.55303955078125,46CA,0.162267667702397,5317,0.162261962890625,14C5
7937,0.039685,0.55747196345261,18267,0.557464599609375,475B,0.163029231989223,5342,0.16302490234375,14DE
7938,0.03969,0.553560477786647,18139,0.553558349609375,46DB,0.169178955217218,5544,0.169189453125,15A8
7939,0.039695,0.55901357851782,18318,0.55902099609375,478E,0.16357518236752,5360,0.16357421875,14F0
7940,0.0397,0.557182031072319,18258,0.55718994140625,4752,0.164627796783632,5395,0.164642333984375,1513
7941,0.039705,0.560053448298234,18352,0.56005859375,47B0,0.1601047721273,5246,0.16009521484375,147E
7942,0.03971,0.552402717749209,18101,0.552398681640625,46B5,0.164299823003258,5384,0.164306640625,1508
7943,0.039715,0.558346142039481,18296,0.558349609375,4778,0.152414320872256,4994,0.15240478515625,1382
7944,0.03972,0.562105473111486,18419,0.562103271484375,47F3,0.161922106114081,5306,0.16192626953125,14BA
7945,0.039725,0.566878130592336,18575,0.566864013671875,488F,0.153055245264123,5015,0.153045654296875,1397
7946,0.03973,0.556470491329113,18234,0.55645751953125,473A,0.15366445362758,5035,0.153656005859375,13AB
7947,0.039735,0.557627956280739,18272,0.5576171875,4760,0.159211232798954,5217,0.159210205078125,1461
7948,0.03974,0.565164526527512,18519,0.565155029296875,4857,0.148949747149434,4881,0.148956298828125,1311
7949,0.039745,0.552279264083355,18097,0.552276611328125,46B1,0.159821713763365,5237,0.159820556640625,1475
7950,0.03975,0.567572214133896,18598,0.56756591796875,48A6,0.158388528063987,5190,0.15838623046875,1446
7951,0.039755,0.560381733396499,18363,0.560394287109375,47BB,0.15064277044812,4936,0.150634765625,1348
7952,0.03976,0.559459458108113,18332,0.5594482421875,479C,0.150180743815897,4921,0.150177001953125,1339
7953,0.039765,0.563898574963954,18478,0.56390380859375,482E,0.154696106142505,5069,0.154693603515625,13CD
7954,0.03977,0.558926860391565,18315,0.558929443359375,478B,0.150347388834006,4927,0.150360107421875,133F
7955,0.039775,0.562431250147819,18430,0.56243896484375,47FE,0.163036483331769,5342,0.16302490234375,14DE
7956,0.03978,0.563233202792501,18456,0.563232421875,4818,0.144888760863512,4748,0.1448974609375,128C
7957,0.039785,0.559127036896767,18321,0.559112548828125,4791,0.148857277827293,4878,0.14886474609375,130E
7958,0.03979,0.570600182788079,18697,0.570587158203125,4909,0.140783072421337,4613,0.140777587890625,1205
7959,0.039795,0.561584419407981,18402,0.56158447265625,47E2,0.144037311998769,4720,0.14404296875,1270
7960,0.0398,0.565689367515619,18537,0.565704345703125,4869,0.141576312458246,4639,0.141571044921875,121F
7961,0.039805,0.563444330137659,18463,0.563446044921875,481F,0.153542171960673,5031,0.153533935546875,13A7
7962,0.03981,0.561085353958107,18386,0.56109619140625,47D2,0.145285510613097,4761,0.145294189453125,1299
7963,0.039815,0.564959912477036,18513,0.564971923828125,4851,0.147471435858672,4832,0.1474609375,12E0
7964,0.03982,0.571080121509861,18713,0.571075439453125,4919,0.13472666529882,4415,0.134735107421875,113F
7965,0.039825,0.557804915146425,18278,0.55780029296875,4766,0.140686646372823,4610,0.14068603515625,1202
7966,0.03983,0.557448778246782,18266,0.55743408203125,475A,0.142957022163258,4684,0.1429443359375,124C
7967,0.039835,0.555624489685822,18207,0.555633544921875,471F,0.147245188330946,4825,0.147247314453125,12D9
7968,0.03984,0.555985051185859,18219,0.555999755859375,472B,0.140079562536233,4590,0.14007568359375,11EE
7969,0.039845,0.554324193502059,18164,0.5543212890625,46F4,0.135479444884324,4439,0.135467529296875,1157
7970,0.03985,0.554145435974557,18158,0.55413818359375,46EE,0.14136564460922,4632,0.141357421875,1218
7971,0.039855,0.563433759285332,18463,0.563446044921875,481F,0.130338974549106,4271,0.130340576171875,10AF
7972,0.03986,0.569934111278929,18676,0.5699462890625,48F4,0.129035096575057,4228,0.1290283203125,1084
7973,0.039865,0.565240263601265,18522,0.56524658203125,485A,0.131571603054668,4311,0.131561279296875,10D7
7974,0.03987,0.556588111309033,18238,0.55657958984375,473E,0.135162041183441,4429,0.135162353515625,114D
7975,0.039875,0.556528527291637,18236,0.5565185546875,473C,0.137416696036515,4503,0.137420654296875,1197
7976,0.03988,0.558210895852464,18291,0.558197021484375,4773,0.128821436680764,4221,0.128814697265625,107D
7977,0.039885,0.559087644153701,18320,0.55908203125,4790,0.130727491156474,4284,0.1307373046875,10BC
7978,0.03989,0.559191850136415,18324,0.5592041015625,4794,0.123177578409824,4036,0.1231689453125,0FC4
7979,0.039895,0.554606921924138,18173,0.554595947265625,46FD,0.130509143436933,4277,0.130523681640625,10B5
7980,0.0399,0.546447613244114,17906,0.54644775390625,45F2,0.117420072045373,3848,0.117431640625,0F08
7981,0.039905,0.541057963828563,17729,0.541046142578125,4541,0.119259367191461,3908,0.1192626953125,0F44
7982,0.03991,0.557103646150918,18255,0.557098388671875,474F,0.126233749040571,4136,0.126220703125,1028
7983,0.039915,0.549922211276973,18020,0.5499267578125,4664,0.120834578943647,3960,0.120849609375,0F78
7984,0.03992,0.544925204651279,17856,0.544921875,45C0,0.120103980004559,3936,0.1201171875,0F60
7985,0.039925,0.552721973587281,18112,0.552734375,46C0,0.124004122570174,4063,0.123992919921875,0FDF
7986,0.03993,0.550113833459275,18026,0.55010986328125,466A,0.113106240089733,3706,0.11309814453125,0E7A
7987,0.039935,0.544455880904769,17841,0.544464111328125,45B1,0.113187766745409,3709,0.113189697265625,0E7D
7988,0.03994,0.542473506293413,17776,0.54248046875,4570,0.118487368829104,3883,0.118499755859375,0F2B
7989,0.039945,0.558314223892301,18295,0.558319091796875,4777,0.10997894855497,3604,0.1099853515625,0E14
7990,0.03995,0.55479522370117,18180,0.5548095703125,4704,0.118808690681743,3893,0.118804931640625,0F35
7991,0.039955,0.544376228911531,17838,0.54437255859375,45AE,0.117424674287625,3848,0.117431640625,0F08
7992,0.03996,0.549607263988374,18010,0.54962158203125,465A,0.111638147528742,3658,0.11163330078125,0E4A
7993,0.039965,0.549288262870798,17999,0.549285888671875,464F,0.111145309094898,3642,0.11114501953125,0E3A
7994,0.03997,0.545505981082735,17875,0.545501708984375,45D3,0.114757394019586,3760,0.11474609375,0EB0
7995,0.039975,0.543262708751448,17802,0.54327392578125,458A,0.117730263778447,3858,0.11773681640625,0F12
7996,0.03998,0.539328931436914,17673,0.539337158203125,4509,0.108903249309054,3569,0.108917236328125,0DF1
7997,0.039985,0.547148478687977,17929,0.547149658203125,4609,0.0964504954646538,3160,0.096435546875,0C58
7998,0.03999,0.534218777359526,17505,0.534210205078125,4461,0.0988591165967549,3239,0.098846435546875,0CA7
7999,0.039995,0.544055988046432,17828,0.5440673828125,45A4,0.100221572164964,3284,0.1002197265625,0CD4
8000,0.04,0.541324517335061,17738,0.54132080078125,454A,0.100681811555577,3299,0.100677490234375,0CE3
8001,0.040005,0.535545013111671,17549,0.535552978515625,448D,0.0963803510221182,3158,0.09637451171875,0C56
8002,0.04001,0.546487268434997,17907,0.546478271484375,45F3,0.097407400435463,3192,0.097412109375,0C78
8003,0.040015,0.531398299967549,17413,0.531402587890625,4405,0.0988867344150534,3240,0.098876953125,0CA8
8004,0.04002,0.539334144834106,17673,0.539337158203125,4509,0.0921345086885201,3019,0.092132568359375,0BCB
8005,0.040025,0.529687441544097,17357,0.529693603515625,43CD,0.0981817009424684,3217,0.098175048828125,0C91
8006,0.04003,0.533835764183833,17493,0.533843994140625,4455,0.101008924406923,3310,0.10101318359375,0CEE
8007,0.040035,0.536934595555406,17594,0.53692626953125,44BA,0.0909024855071606,2979,0.090911865234375,0BA3
8008,0.04004,0.531655184692497,17421,0.531646728515625,440D,0.0941666950106354,3086,0.09417724609375,0C0E
8009,0.040045,0.531111669898827,17403,0.531097412109375,43FB,0.083842440754432,2747,0.083831787109375,0ABB
8010,0.04005,0.53543831489335,17545,0.535430908203125,4489,0.0812641086665079,2663,0.081268310546875,0A67
8011,0.040055,0.529674651305261,17356,0.5296630859375,43CC,0.0881185348712703,2887,0.088104248046875,0B47
8012,0.04006,0.529539139107566,17352,0.529541015625,43C8,0.0858566170047566,2813,0.085845947265625,0AFD
8013,0.040065,0.527172508080385,17274,0.52716064453125,437A,0.0855354264583702,2803,0.085540771484375,0AF3
8014,0.04007,0.534534512897777,17516,0.5345458984375,446C,0.0792608637807516,2597,0.079254150390625,0A25
8015,0.040075,0.53303728613746,17467,0.533050537109375,443B,0.0804087407451684,2635,0.080413818359375,0A4B
8016,0.04008,0.528346439698596,17313,0.528350830078125,43A1,0.0795769664989959,2608,0.07958984375,0A30
8017,0.040085,0.528564458981831,17320,0.528564453125,43A8,0.0852996732908089,2795,0.085296630859375,0AEB
8018,0.04009,0.533973941730551,17497,0.533966064453125,4459,0.0843670433259713,2765,0.084381103515625,0ACD
8019,0.040095,0.530859297180872,17395,0.530853271484375,43F3,0.0742068172335615,2432,0.07421875,0980
8020,0.0401,0.521865407342978,17100,0.5218505859375,42CC,0.0765465876644865,2508,0.0765380859375,09CC
8021,0.040105,0.529120519639534,17338,0.52911376953125,43BA,0.0790795236041204,2591,0.079071044921875,0A1F
8022,0.04011,0.52075789434046,17064,0.520751953125,42A8,0.0794492533957369,2603,0.079437255859375,0A2B
8023,0.040115,0.520693148093485,17062,0.52069091796875,42A6,0.0636985642372065,2087,0.063690185546875,0827
8024,0.04012,0.523843751441016,17165,0.523834228515625,430D,0.0679917338988589,2228,0.0679931640625,08B4
8025,0.040125,0.515489502576253,16892,0.5155029296875,41FC,0.0675482761483737,2213,0.067535400390625,08A5
8026,0.04013,0.529875749290455,17363,0.529876708984375,43D3,0.0724709232951968,2375,0.072479248046875,0947
8027,0.040135,0.518699327095481,16997,0.518707275390625,4265,0.0674336751168228,2210,0.06744384765625,08A2
8028,0.04014,0.513539611889964,16828,0.5135498046875,41BC,0.0679060703364831,2225,0.067901611328125,08B1
8029,0.040145,0.528438791235147,17316,0.5284423828125,43A4,0.0653217128307058,2140,0.0653076171875,085C
8030,0.04015,0.515373759379543,16888,0.515380859375,41F8,0.058681637279679,1923,0.058685302734375,0783
8031,0.040155,0.517985039455849,16973,0.517974853515625,424D,0.0682824357882859,2237,0.068267822265625,08BD
8032,0.04016,0.518628792561559,16994,0.51861572265625,4262,0.0542099199526243,1776,0.05419921875,06F0
8033,0.040165,0.512462083638687,16792,0.512451171875,4198,0.0579194394183661,1898,0.05792236328125,076A
8034,0.04017,0.511679745784577,16767,0.511688232421875,417F,0.0634064702738446,2078,0.06341552734375,081E
8035,0.040175,0.513212753874706,16817,0.513214111328125,41B1,0.0551808761806569,1808,0.05517578125,0710
8036,0.04018,0.512870571165619,16806,0.51287841796875,41A6,0.0580995715005214,1904,0.05810546875,0770
8037,0.040185,0.503142559239702,16487,0.503143310546875,4067,0.0647048401736907,2120,0.064697265625,0848
8038,0.04019,0.507256233827255,16622,0.50726318359375,40EE,0.0583659844477159,1913,0.058380126953125,0779
8039,0.040195,0.498255196681984,16327,0.498260498046875,3FC7,0.0585730343436312,1919,0.058563232421875,077F
8040,0.0402,0.491391284150245,16102,0.49139404296875,3EE6,0.0434348199344853,1423,0.043426513671875,058F
8041,0.040205,0.504642158304644,16536,0.504638671875,4098,0.0521864469374862,1710,0.05218505859375,06AE
8042,0.04021,0.490596429617298,16076,0.4906005859375,3ECC,0.0538767789583181,1765,0.053863525390625,06E5
8043,0.040215,0.498800068537212,16345,0.498809814453125,3FD9,0.0546040238528031,1789,0.054595947265625,06FD
8044,0.04022,0.49942738825646,16365,0.499420166015625,3FED,0.0440128070001891,1442,0.04400634765625,05A2
8045,0.040225,0.504294835656543,16525,0.504302978515625,408D,0.0426840303108729,1399,0.042694091796875,0577
8046,0.04023,0.494478323703593,16203,0.494476318359375,3F4B,0.0466266362777607,1528,0.046630859375,05F8
8047,0.040235,0.486225434610369,15933,0.486236572265625,3E3D,0.0462725219336251,1516,0.0462646484375,05EC
8048,0.04024,0.485184506805603,15899,0.485198974609375,3E1B,0.0451177838142459,1478,0.04510498046875,05C6
8049,0.040245,0.486802670016655,15952,0.48681640625,3E50,0.0515190580598562,1688,0.051513671875,0698
8050,0.04025,0.479880448348495,15725,0.479888916015625,3D6D,0.0424537513508624,1391,0.042449951171875,056F
8051,0.040255,0.487714338550325,15981,0.487701416015625,3E6D,0.044943495965837,1473,0.044952392578125,05C1
8052,0.04026,0.477827631569042,15657,0.477813720703125,3D29,0.0306614095769542,1005,0.030670166015625,03ED
8053,0.040265,0.479299919172026,15706,0.47930908203125,3D5A,0.0337361139285504,1105,0.033721923828125,0451
8054,0.04027,0.470858622625036,15429,0.470855712890625,3C45,0.0311085503149246,1019,0.031097412109375,03FB
8055,0.040275,0.460516712920692,15090,0.46051025390625,3AF2,0.0312526608489795,1024,0.03125,0400
8056,0.04028,0.472607229291046,15486,0.47259521484375,3C7E,0.0337052915047345,1104,0.03369140625,0450
8057,0.040285,0.467998526056166,15335,0.467987060546875,3BE7,0.0305336741935065,1001,0.030548095703125,03E9
8058,0.04029,0.469272195312743,15377,0.469268798828125,3C11,0.0302433461700886,991,0.030242919921875,03DF
8059,0.040295,0.460650243089424,15095,0.460662841796875,3AF7,0.0258804455445756,848,0.02587890625,0350
8060,0.0403,0.448085654410537,14683,0.448089599609375,395B,0.0350146566995703,1147,0.035003662109375,047B
8061,0.040305,0.458389413719817,15021,0.458404541015625,3AAD,0.0290739956309792,953,0.029083251953125,03B9
8062,0.04031,0.448314130862907,14690,0.44830322265625,3962,0.0258345083535585,847,0.025848388671875,034F
8063,0.040315,0.442832351903511,14511,0.442840576171875,38AF,0.026044953858805,853,0.026031494140625,0355
8064,0.04032,0.446960440520253,14646,0.44696044921875,3936,0.0320802496763294,1051,0.032073974609375,041B
8065,0.040325,0.442698772584928,14506,0.44268798828125,38AA,0.0207900976582414,681,0.020782470703125,02A9
8066,0.04033,0.439669652751757,14407,0.439666748046875,3847,0.0303272539235074,994,0.03033447265625,03E2
8067,0.040335,0.432113950846727,14160,0.43212890625,3750,0.0253134144336189,829,0.025299072265625,033D
8068,0.04034,0.440347455300702,14429,0.440338134765625,385D,0.0199234196915255,653,0.019927978515625,028D
8069,0.040345,0.433730637658382,14212,0.4337158203125,3784,0.0279950415790637,917,0.027984619140625,0395
8070,0.04035,0.441685429585511,14473,0.441680908203125,3889,0.015469027722698,507,0.015472412109375,01FB
8071,0.040355,0.425689445020194,13949,0.425689697265625,367D,0.0160650112279163,526,0.01605224609375,020E
8072,0.04036,0.419273790852455,13739,0.419281005859375,35AB,0.00277870651302872,91,0.002777099609375,005B
8073,0.040365,0.418719586337691,13721,0.418731689453125,3599,0.0165671411720985,543,0.016571044921875,021F
8074,0.04037,0.412967420813831,13532,0.4129638671875,34DC,0.0124154379621911,407,0.012420654296875,0197
8075,0.040375,0.406151741089804,13309,0.406158447265625,33FD,0.00933130901063407,306,0.00933837890625,0132
8076,0.04038,0.415756781199869,13624,0.415771484375,3538,0.015386782420022,504,0.015380859375,01F8
8077,0.040385,0.402667160432412,13195,0.402679443359375,338B,0.00401160774997966,131,0.003997802734375,0083
8078,0.04039,0.402948163116531,13204,0.4029541015625,3394,0.0067375547120779,221,0.006744384765625,00DD
8079,0.040395,0.396129794873871,12980,0.3961181640625,32B4,0.0107520347742642,352,0.0107421875,0160
8080,0.0404,0.397749753618711,13033,0.397735595703125,32E9,0.00928993939161681,304,0.00927734375,0130
8081,0.040405,0.391637513384468,12833,0.391632080078125,3221,0.000467795779734082,15,0.000457763671875,000F
8082,0.04041,0.3859310500612,12646,0.38592529296875,3166,0.00620966218138573,203,0.006195068359375,00CB
8083,0.040415,0.389831281934372,12774,0.38983154296875,31E6,0.00341498747676015,112,0.00341796875,0070
8084,0.04042,0.398051778970352,13043,0.398040771484375,32F3,-0.00228139494759433,-75,-0.002288818359375,FFB5
8085,0.040425,0.396230269430246,12984,0.396240234375,32B8,0.0015000574220865,49,0.001495361328125,0031
8086,0.04043,0.389884598559424,12776,0.389892578125,31E8,0.00480196419233253,157,0.004791259765625,009D
8087,0.040435,0.378931413806052,12417,0.378936767578125,3081,-0.00344137796312883,-113,-0.003448486328125,FF8F
8088,0.04044,0.389242362639985,12755,0.389251708984375,31D3,-0.0025598802973188,-84,-0.0025634765625,FFAC
8089,0.040445,0.384022446701565,12584,0.384033203125,3128,-0.0002404627032761,-8,-0.000244140625,FFF8
8090,0.04045,0.380632020696699,12473,0.380645751953125,30B9,0.00198970032609445,65,0.001983642578125,0041
8091,0.040455,0.381200677589396,12491,0.381195068359375,30CB,-0.00912521041640061,-299,-0.009124755859375,FED5
8092,0.04046,0.377311481389278,12364,0.3773193359375,304C,-0.00743539154455391,-244,-0.0074462890625,FF0C
8093,0.040465,0.371270494471689,12166,0.37127685546875,2F86,-0.00925515503407548,-303,-0.009246826171875,FED1
8094,0.04047,0.380642435119892,12473,0.380645751953125,30B9,-0.0138026070060436,-452,-0.0137939453125,FE3C
8095,0.040475,0.375340052903332,12299,0.375335693359375,300B,-0.0170744387917203,-559,-0.017059326171875,FDD1
8096,0.04048,0.376552752706388,12339,0.376556396484375,3033,-0.0147007377598855,-482,-0.01470947265625,FE1E
8097,0.040485,0.370103050853288,12128,0.3701171875,2F60,-0.0186521852622952,-611,-0.018646240234375,FD9D
8098,0.04049,0.380476896387096,12467,0.380462646484375,30B3,-0.0162100008558013,-531,-0.016204833984375,FDED
8099,0.040495,0.371220339976166,12164,0.3712158203125,2F84,-0.0301494483604901,-988,-0.0301513671875,FC24
8100,0.0405,0.368645066854437,12080,0.36865234375,2F30,-0.0192333579862966,-630,-0.01922607421875,FD8A
8101,0.040505,0.36619892976907,12000,0.3662109375,2EE0,-0.0227051350608702,-744,-0.022705078125,FD18
8102,0.04051,0.375671957280456,12310,0.37567138671875,3016,-0.0214709964150216,-704,-0.021484375,FD40
8103,0.040515,0.372860182066105,12218,0.37286376953125,2FBA,-0.0162336727087295,-532,-0.0162353515625,FDEC
8104,0.04052,0.373527248548732,12240,0.37353515625,2FD0,-0.0273028579257184,-895,-0.027313232421875,FC81
8105,0.040525,0.370450327634106,12139,0.370452880859375,2F6B,-0.0221173997765546,-725,-0.022125244140625,FD2B
8106,0.04053,0.375794780800853,12314,0.37579345703125,301A,-0.0242369373187462,-794,-0.02423095703125,FCE6
8107,0.040535,0.373648643152447,12244,0.3736572265625,2FD4,-0.0210167427627479,-689,-0.021026611328125,FD4F
8108,0.04054,0.36836356818274,12071,0.368377685546875,2F27,-0.0220101987268456,-721,-0.022003173828125,FD2F
8109,0.040545,0.375580330620542,12307,0.375579833984375,3013,-0.0237353823160489,-778,-0.02374267578125,FCF6
8110,0.04055,0.37901400732195,12420,0.3790283203125,3084,-0.0285952200860903,-937,-0.028594970703125,FC57
8111,0.040555,0.366440850654647,12008,0.366455078125,2EE8,-0.0286763065907845,-940,-0.0286865234375,FC54
8112,0.04056,0.371710563876762,12180,0.3717041015625,2F94,-0.0326725345690969,-1071,-0.032684326171875,FBD1
8113,0.040565,0.376848588880334,12349,0.376861572265625,303D,-0.034975339242547,-1146,-0.03497314453125,FB86
8114,0.04057,0.365154539079119,11965,0.365142822265625,2EBD,-0.0337629828385794,-1106,-0.03375244140625,FBAE
8115,0.040575,0.381185956948003,12491,0.381195068359375,30CB,-0.0357836552403321,-1173,-0.035797119140625,FB6B
8116,0.04058,0.379503961403864,12436,0.3795166015625,3094,-0.0265782246780383,-871,-0.026580810546875,FC99
8117,0.040585,0.377763691959856,12379,0.377777099609375,305B,-0.0234574849283651,-769,-0.023468017578125,FCFF
8118,0.04059,0.374519248783521,12272,0.37451171875,2FF0,-0.0423793333275749,-1389,-0.042388916015625,FA93
8119,0.040595,0.376332830807857,12332,0.3763427734375,302C,-0.0457934953901353,-1501,-0.045806884765625,FA23
8120,0.0406,0.372432621504419,12204,0.3724365234375,2FAC,-0.0414881833628932,-1359,-0.041473388671875,FAB1
8121,0.040605,0.381942566928929,12515,0.381927490234375,30E3,-0.0476490913631412,-1561,-0.047637939453125,F9E7
8122,0.04061,0.374550022443873,12273,0.374542236328125,2FF1,-0.042665408279435,-1398,-0.04266357421875,FA8A
8123,0.040615,0.384516928480425,12600,0.384521484375,3138,-0.0409794950518307,-1343,-0.040985107421875,FAC1
8124,0.04062,0.37571222741291,12311,0.375701904296875,3017,-0.045471535776955,-1490,-0.04547119140625,FA2E
8125,0.040625,0.380620824785439,12472,0.380615234375,30B8,-0.0549215684558457,-1800,-0.054931640625,F8F8
8126,0.04063,0.376226575662063,12328,0.376220703125,3028,-0.0524780518719119,-1720,-0.052490234375,F948
8127,0.040635,0.387635036468427,12702,0.38763427734375,319E,-0.0452106854392406,-1481,-0.045196533203125,FA37
8128,0.04064,0.388287224863911,12723,0.388275146484375,31B3,-0.0492262190833684,-1613,-0.049224853515625,F9B3
8129,0.040645,0.391654616487958,12834,0.39166259765625,3222,-0.0538936871593648,-1766,-0.05389404296875,F91A
8130,0.04065,0.39242376946385,12859,0.392425537109375,323B,-0.042392576429287,-1389,-0.042388916015625,FA93
8131,0.040655,0.386426010469161,12662,0.38641357421875,3176,-0.051630161073703,-1692,-0.0516357421875,F964
8132,0.04066,0.380894308600587,12481,0.380889892578125,30C1,-0.0527692667392055,-1729,-0.052764892578125,F93F
8133,0.040665,0.382482937586468,12533,0.382476806640625,30F5,-0.0552979236383077,-1812,-0.0552978515625,F8EC
8134,0.04067,0.384612770848379,12603,0.384613037109375,313B,-0.0632277850383755,-2072,-0.063232421875,F7E8
8135,0.040675,0.388520754440791,12731,0.388519287109375,31BB,-0.054802125816948,-1796,-0.0548095703125,F8FC
8136,0.04068,0.385414116020179,12629,0.385406494140625,3155,-0.0635637566181568,-2083,-0.063568115234375,F7DD
8137,0.040685,0.393653159131949,12899,0.393646240234375,3263,-0.0590811338054817,-1936,-0.05908203125,F870
8138,0.04069,0.389371830327466,12759,0.389373779296875,31D7,-0.059529509818123,-1951,-0.059539794921875,F861
8139,0.040695,0.385324654693787,12626,0.38531494140625,3152,-0.0587544458089152,-1925,-0.058746337890625,F87B
8140,0.0407,0.382986931045966,12550,0.38299560546875,3106,-0.0623635612599024,-2044,-0.0623779296875,F804
8141,0.040705,0.379878118097786,12448,0.3798828125,30A0,-0.0656668182930142,-2152,-0.065673828125,F798
8142,0.04071,0.375501848926635,12304,0.37548828125,3010,-0.0750493866966333,-2459,-0.075042724609375,F665
8143,0.040715,0.373893311277175,12252,0.3739013671875,2FDC,-0.0715205404440744,-2344,-0.071533203125,F6D8
8144,0.04072,0.378267678130314,12395,0.378265380859375,306B,-0.0734877417617299,-2408,-0.073486328125,F698
8145,0.040725,0.382290378968717,12527,0.382293701171875,30EF,-0.0763934367931133,-2503,-0.076385498046875,F639
8146,0.04073,0.384260964248722,12591,0.384246826171875,312F,-0.0718796761347617,-2355,-0.071868896484375,F6CD
8147,0.040735,0.372826557772138,12217,0.372833251953125,2FB9,-0.0779497072332109,-2554,-0.07794189453125,F606
8148,0.04074,0.385962683336453,12647,0.385955810546875,3167,-0.0757214807409043,-2481,-0.075714111328125,F64F
8149,0.040745,0.372167543588207,12195,0.372161865234375,2FA3,-0.0819622065374666,-2686,-0.08197021484375,F582
8150,0.04075,0.377671629863956,12376,0.377685546875,3058,-0.0901842787652845,-2955,-0.090179443359375,F475
8151,0.040755,0.373479141661227,12238,0.37347412109375,2FCE,-0.0762598219025419,-2499,-0.076263427734375,F63D
8152,0.04076,0.369497632155122,12108,0.3695068359375,2F4C,-0.0900412174409835,-2950,-0.09002685546875,F47A
8153,0.040765,0.367261774543067,12034,0.36724853515625,2F02,-0.078892220959272,-2585,-0.078887939453125,F5E7
8154,0.04077,0.362208908821437,11869,0.362213134765625,2E5D,-0.0828028073657444,-2713,-0.082794189453125,F567
8155,0.040775,0.363933479242649,11925,0.363922119140625,2E95,-0.092922424278589,-3045,-0.092926025390625,F41B
8156,0.04078,0.355319486291081,11643,0.355316162109375,2D7B,-0.0971575956346459,-3184,-0.09716796875,F390
8157,0.040785,0.353117377430461,11571,0.353118896484375,2D33,-0.103293880877342,-3385,-0.103302001953125,F2C7
8158,0.04079,0.344874236584571,11301,0.344879150390625,2C25,-0.0950747188092726,-3115,-0.095062255859375,F3D5
8159,0.040795,0.345012629845022,11305,0.345001220703125,2C29,-0.0960320787743282,-3147,-0.096038818359375,F3B5
8160,0.0408,0.350527406506795,11486,0.35052490234375,2CDE,-0.0984966867814892,-3228,-0.0985107421875,F364
8161,0.040805,0.345248070676957,11313,0.345245361328125,2C31,-0.101531551287308,-3327,-0.101531982421875,F301
8162,0.04081,0.342537022944729,11224,0.342529296875,2BD8,-0.100445094379579,-3291,-0.100433349609375,F325
8163,0.040815,0.334998507592198,10977,0.334991455078125,2AE1,-0.101826535721387,-3337,-0.101837158203125,F2F7
8164,0.04082,0.32921559326196,10788,0.3292236328125,2A24,-0.107540434123403,-3524,-0.1075439453125,F23C
8165,0.040825,0.327246293032223,10723,0.327239990234375,29E3,-0.101844624764487,-3337,-0.101837158203125,F2F7
8166,0.04083,0.329850635488374,10809,0.329864501953125,2A39,-0.105980223561,-3473,-0.105987548828125,F26F
8167,0.040835,0.316287817606451,10364,0.3162841796875,287C,-0.101540144644419,-3327,-0.101531982421875,F301
8168,0.04084,0.317632975874111,10408,0.317626953125,28A8,-0.113792372217642,-3729,-0.113800048828125,F16F
8169,0.040845,0.322803851521872,10578,0.32281494140625,2952,-0.105384624602436,-3453,-0.105377197265625,F283
8170,0.04085,0.316339484481571,10366,0.31634521484375,287E,-0.112447947562862,-3685,-0.112457275390625,F19B
8171,0.040855,0.302366470321076,9908,0.3023681640625,26B4,-0.119277505926154,-3908,-0.1192626953125,F0BC
8172,0.04086,0.308641070073717,10114,0.30865478515625,2782,-0.119507180234516,-3916,-0.1195068359375,F0B4
8173,0.040865,0.298667450733718,9787,0.298675537109375,263B,-0.120147385145652,-3937,-0.120147705078125,F09F
8174,0.04087,0.296576487877809,9718,0.29656982421875,25F6,-0.124222456090907,-4071,-0.124237060546875,F019
8175,0.040875,0.303808700988274,9955,0.303802490234375,26E3,-0.116296841128124,-3811,-0.116302490234375,F11D
8176,0.04088,0.291937156457972,9566,0.29193115234375,255E,-0.128609215790264,-4214,-0.12860107421875,EF8A
8177,0.040885,0.294842484600335,9661,0.294830322265625,25BD,-0.127303418943433,-4171,-0.127288818359375,EFB5
8178,0.04089,0.282121530461807,9245,0.282135009765625,241D,-0.124145602789904,-4068,-0.1241455078125,F01C
8179,0.040895,0.296708959966472,9723,0.296722412109375,25FB,-0.132487343509089,-4341,-0.132476806640625,EF0B
8180,0.0409,0.283825797531518,9300,0.2838134765625,2454,-0.131262839704653,-4301,-0.131256103515625,EF33
8181,0.040905,0.278020250381534,9110,0.27801513671875,2396,-0.141488517802856,-4636,-0.1414794921875,EDE4
8182,0.04091,0.271719399119576,8904,0.271728515625,22C8,-0.128301648134142,-4204,-0.1282958984375,EF94
8183,0.040915,0.260896649978324,8549,0.260894775390625,2165,-0.136102832082865,-4460,-0.1361083984375,EE94
8184,0.04092,0.267600235299173,8769,0.267608642578125,2241,-0.133759257276423,-4383,-0.133758544921875,EEE1
8185,0.040925,0.25697259912716,8420,0.2569580078125,20E4,-0.138748181306815,-4547,-0.138763427734375,EE3D
8186,0.04093,0.264840750341051,8678,0.26483154296875,21E6,-0.139157144110697,-4560,-0.13916015625,EE30
8187,0.040935,0.265793160370675,8710,0.26580810546875,2206,-0.140342605470974,-4599,-0.140350341796875,EE09
8188,0.04094,0.259170836267553,8493,0.259185791015625,212D,-0.138342616878912,-4533,-0.138336181640625,EE4B
8189,0.040945,0.252198640271461,8264,0.252197265625,2048,-0.139565371433078,-4573,-0.139556884765625,EE23
8190,0.04095,0.250224437406956,8199,0.250213623046875,2007,-0.14976439901018,-4907,-0.149749755859375,ECD5
8191,0.040955,0.244400778386479,8009,0.244415283203125,1F49,-0.146369094700664,-4796,-0.1463623046875,ED44
