Copyright 1986-2022 Xilinx, Inc. All Rights Reserved.
--------------------------------------------------------------------------------------------------
| Tool Version : Vivado v.2022.2 (win64) Build 3671981 Fri Oct 14 05:00:03 MDT 2022
| Date         : Sun Sep 27 20:20:34 2026
| Host         : DESKTOP-6DUCG5H running 64-bit major release  (build 9200)
| Command      : report_drc -file C:/Users/zhangtao/Desktop/PQM2/vivado/reports/post_impl_drc.rpt
| Design       : pqm2_top
| Device       : xc7z020clg400-2
| Speed File   : -2
| Design State : Fully Routed
--------------------------------------------------------------------------------------------------

Report DRC

Table of Contents
-----------------
1. REPORT SUMMARY
2. REPORT DETAILS

1. REPORT SUMMARY
-----------------
            Netlist: netlist
          Floorplan: impl_1
      Design limits: <entire design considered>
           Ruledeck: default
             Max violations: <unlimited>
             Violations found: 390
+-----------+----------+----------------------------+------------+
| Rule      | Severity | Description                | Violations |
+-----------+----------+----------------------------+------------+
| CHECK-3   | Warning  | Report rule limit reached  | 1          |
| DPIP-1    | Warning  | Input pipelining           | 154        |
| DPOP-1    | Warning  | PREG Output pipelining     | 82         |
| DPOP-2    | Warning  | MREG Output pipelining     | 86         |
| DPOR-1    | Warning  | Asynchronous load check    | 34         |
| PDCN-1569 | Warning  | LUT equation term check    | 4          |
| REQP-1839 | Warning  | RAMB36 async control check | 20         |
| REQP-1840 | Warning  | RAMB18 async control check | 4          |
| RTSTAT-10 | Warning  | No routable loads          | 1          |
| REQP-165  | Advisory | writefirst                 | 2          |
| REQP-181  | Advisory | writefirst                 | 2          |
+-----------+----------+----------------------------+------------+

2. REPORT DETAILS
-----------------
CHECK-3#1 Warning
Report rule limit reached  
REQP-1839 rule limit reached: 20 violations have been found.
Related violations: <none>

DPIP-1#1 Warning
Input pipelining  
DSP u_pqm_pl_top/u_measurement_core/u_freq_analysis/u_frontend/u_rfg_i/u_bin_engine/u_multiplier_scheduler/g_lane[0].u_mul/dsp_product input u_pqm_pl_top/u_measurement_core/u_freq_analysis/u_frontend/u_rfg_i/u_bin_engine/u_multiplier_scheduler/g_lane[0].u_mul/dsp_product/A[29:0] is not pipelined. Pipelining DSP48 input will improve performance.
Related violations: <none>

DPIP-1#2 Warning
Input pipelining  
DSP u_pqm_pl_top/u_measurement_core/u_freq_analysis/u_frontend/u_rfg_i/u_bin_engine/u_multiplier_scheduler/g_lane[0].u_mul/dsp_product input u_pqm_pl_top/u_measurement_core/u_freq_analysis/u_frontend/u_rfg_i/u_bin_engine/u_multiplier_scheduler/g_lane[0].u_mul/dsp_product/B[17:0] is not pipelined. Pipelining DSP48 input will improve performance.
Related violations: <none>

DPIP-1#3 Warning
Input pipelining  
DSP u_pqm_pl_top/u_measurement_core/u_freq_analysis/u_frontend/u_rfg_u/u_bin_engine/u_multiplier_scheduler/g_lane[0].u_mul/dsp_product input u_pqm_pl_top/u_measurement_core/u_freq_analysis/u_frontend/u_rfg_u/u_bin_engine/u_multiplier_scheduler/g_lane[0].u_mul/dsp_product/A[29:0] is not pipelined. Pipelining DSP48 input will improve performance.
Related violations: <none>

DPIP-1#4 Warning
Input pipelining  
DSP u_pqm_pl_top/u_measurement_core/u_freq_analysis/u_frontend/u_rfg_u/u_bin_engine/u_multiplier_scheduler/g_lane[0].u_mul/dsp_product input u_pqm_pl_top/u_measurement_core/u_freq_analysis/u_frontend/u_rfg_u/u_bin_engine/u_multiplier_scheduler/g_lane[0].u_mul/dsp_product/B[17:0] is not pipelined. Pipelining DSP48 input will improve performance.
Related violations: <none>

DPIP-1#5 Warning
Input pipelining  
DSP u_pqm_pl_top/u_measurement_core/u_freq_analysis/u_harmonic_stats/u_mul_i_percent/product input u_pqm_pl_top/u_measurement_core/u_freq_analysis/u_harmonic_stats/u_mul_i_percent/product/A[29:0] is not pipelined. Pipelining DSP48 input will improve performance.
Related violations: <none>

DPIP-1#6 Warning
Input pipelining  
DSP u_pqm_pl_top/u_measurement_core/u_freq_analysis/u_harmonic_stats/u_mul_u_percent/product input u_pqm_pl_top/u_measurement_core/u_freq_analysis/u_harmonic_stats/u_mul_u_percent/product/A[29:0] is not pipelined. Pipelining DSP48 input will improve performance.
Related violations: <none>

DPIP-1#7 Warning
Input pipelining  
DSP u_pqm_pl_top/u_measurement_core/u_freq_analysis/u_magnitude_calc/u_mul_i_imag_sq/product input u_pqm_pl_top/u_measurement_core/u_freq_analysis/u_magnitude_calc/u_mul_i_imag_sq/product/A[29:0] is not pipelined. Pipelining DSP48 input will improve performance.
Related violations: <none>

DPIP-1#8 Warning
Input pipelining  
DSP u_pqm_pl_top/u_measurement_core/u_freq_analysis/u_magnitude_calc/u_mul_i_imag_sq/product input u_pqm_pl_top/u_measurement_core/u_freq_analysis/u_magnitude_calc/u_mul_i_imag_sq/product/B[17:0] is not pipelined. Pipelining DSP48 input will improve performance.
Related violations: <none>

DPIP-1#9 Warning
Input pipelining  
DSP u_pqm_pl_top/u_measurement_core/u_freq_analysis/u_magnitude_calc/u_mul_i_real_sq/product input u_pqm_pl_top/u_measurement_core/u_freq_analysis/u_magnitude_calc/u_mul_i_real_sq/product/A[29:0] is not pipelined. Pipelining DSP48 input will improve performance.
Related violations: <none>

DPIP-1#10 Warning
Input pipelining  
DSP u_pqm_pl_top/u_measurement_core/u_freq_analysis/u_magnitude_calc/u_mul_i_real_sq/product input u_pqm_pl_top/u_measurement_core/u_freq_analysis/u_magnitude_calc/u_mul_i_real_sq/product/B[17:0] is not pipelined. Pipelining DSP48 input will improve performance.
Related violations: <none>

DPIP-1#11 Warning
Input pipelining  
DSP u_pqm_pl_top/u_measurement_core/u_freq_analysis/u_magnitude_calc/u_mul_u_imag_sq/product input u_pqm_pl_top/u_measurement_core/u_freq_analysis/u_magnitude_calc/u_mul_u_imag_sq/product/A[29:0] is not pipelined. Pipelining DSP48 input will improve performance.
Related violations: <none>

DPIP-1#12 Warning
Input pipelining  
DSP u_pqm_pl_top/u_measurement_core/u_freq_analysis/u_magnitude_calc/u_mul_u_imag_sq/product input u_pqm_pl_top/u_measurement_core/u_freq_analysis/u_magnitude_calc/u_mul_u_imag_sq/product/B[17:0] is not pipelined. Pipelining DSP48 input will improve performance.
Related violations: <none>

DPIP-1#13 Warning
Input pipelining  
DSP u_pqm_pl_top/u_measurement_core/u_freq_analysis/u_magnitude_calc/u_mul_u_real_sq/product input u_pqm_pl_top/u_measurement_core/u_freq_analysis/u_magnitude_calc/u_mul_u_real_sq/product/A[29:0] is not pipelined. Pipelining DSP48 input will improve performance.
Related violations: <none>

DPIP-1#14 Warning
Input pipelining  
DSP u_pqm_pl_top/u_measurement_core/u_freq_analysis/u_magnitude_calc/u_mul_u_real_sq/product input u_pqm_pl_top/u_measurement_core/u_freq_analysis/u_magnitude_calc/u_mul_u_real_sq/product/B[17:0] is not pipelined. Pipelining DSP48 input will improve performance.
Related violations: <none>

DPIP-1#15 Warning
Input pipelining  
DSP u_pqm_pl_top/u_measurement_core/u_freq_analysis/u_magnitude_calc/u_sqrt_i_mag/candidate_sq input u_pqm_pl_top/u_measurement_core/u_freq_analysis/u_magnitude_calc/u_sqrt_i_mag/candidate_sq/A[29:0] is not pipelined. Pipelining DSP48 input will improve performance.
Related violations: <none>

DPIP-1#16 Warning
Input pipelining  
DSP u_pqm_pl_top/u_measurement_core/u_freq_analysis/u_magnitude_calc/u_sqrt_i_mag/candidate_sq input u_pqm_pl_top/u_measurement_core/u_freq_analysis/u_magnitude_calc/u_sqrt_i_mag/candidate_sq/B[17:0] is not pipelined. Pipelining DSP48 input will improve performance.
Related violations: <none>

DPIP-1#17 Warning
Input pipelining  
DSP u_pqm_pl_top/u_measurement_core/u_freq_analysis/u_magnitude_calc/u_sqrt_u_mag/candidate_sq input u_pqm_pl_top/u_measurement_core/u_freq_analysis/u_magnitude_calc/u_sqrt_u_mag/candidate_sq/A[29:0] is not pipelined. Pipelining DSP48 input will improve performance.
Related violations: <none>

DPIP-1#18 Warning
Input pipelining  
DSP u_pqm_pl_top/u_measurement_core/u_freq_analysis/u_magnitude_calc/u_sqrt_u_mag/candidate_sq input u_pqm_pl_top/u_measurement_core/u_freq_analysis/u_magnitude_calc/u_sqrt_u_mag/candidate_sq/B[17:0] is not pipelined. Pipelining DSP48 input will improve performance.
Related violations: <none>

DPIP-1#19 Warning
Input pipelining  
DSP u_pqm_pl_top/u_measurement_core/u_freq_analysis/u_phase_vector_calc/phase_cross_next input u_pqm_pl_top/u_measurement_core/u_freq_analysis/u_phase_vector_calc/phase_cross_next/A[29:0] is not pipelined. Pipelining DSP48 input will improve performance.
Related violations: <none>

DPIP-1#20 Warning
Input pipelining  
DSP u_pqm_pl_top/u_measurement_core/u_freq_analysis/u_phase_vector_calc/phase_cross_next input u_pqm_pl_top/u_measurement_core/u_freq_analysis/u_phase_vector_calc/phase_cross_next/B[17:0] is not pipelined. Pipelining DSP48 input will improve performance.
Related violations: <none>

DPIP-1#21 Warning
Input pipelining  
DSP u_pqm_pl_top/u_measurement_core/u_freq_analysis/u_phase_vector_calc/phase_cross_next input u_pqm_pl_top/u_measurement_core/u_freq_analysis/u_phase_vector_calc/phase_cross_next/C[47:0] is not pipelined. Pipelining DSP48 input will improve performance.
Related violations: <none>

DPIP-1#22 Warning
Input pipelining  
DSP u_pqm_pl_top/u_measurement_core/u_freq_analysis/u_phase_vector_calc/phase_dot_next input u_pqm_pl_top/u_measurement_core/u_freq_analysis/u_phase_vector_calc/phase_dot_next/A[29:0] is not pipelined. Pipelining DSP48 input will improve performance.
Related violations: <none>

DPIP-1#23 Warning
Input pipelining  
DSP u_pqm_pl_top/u_measurement_core/u_freq_analysis/u_phase_vector_calc/phase_dot_next input u_pqm_pl_top/u_measurement_core/u_freq_analysis/u_phase_vector_calc/phase_dot_next/B[17:0] is not pipelined. Pipelining DSP48 input will improve performance.
Related violations: <none>

DPIP-1#24 Warning
Input pipelining  
DSP u_pqm_pl_top/u_measurement_core/u_freq_analysis/u_phase_vector_calc/phase_dot_next input u_pqm_pl_top/u_measurement_core/u_freq_analysis/u_phase_vector_calc/phase_dot_next/C[47:0] is not pipelined. Pipelining DSP48 input will improve performance.
Related violations: <none>

DPIP-1#25 Warning
Input pipelining  
DSP u_pqm_pl_top/u_measurement_core/u_freq_analysis/u_phase_vector_calc/u_mul_ur_ii/product input u_pqm_pl_top/u_measurement_core/u_freq_analysis/u_phase_vector_calc/u_mul_ur_ii/product/A[29:0] is not pipelined. Pipelining DSP48 input will improve performance.
Related violations: <none>

DPIP-1#26 Warning
Input pipelining  
DSP u_pqm_pl_top/u_measurement_core/u_freq_analysis/u_phase_vector_calc/u_mul_ur_ii/product input u_pqm_pl_top/u_measurement_core/u_freq_analysis/u_phase_vector_calc/u_mul_ur_ii/product/B[17:0] is not pipelined. Pipelining DSP48 input will improve performance.
Related violations: <none>

DPIP-1#27 Warning
Input pipelining  
DSP u_pqm_pl_top/u_measurement_core/u_freq_analysis/u_phase_vector_calc/u_mul_ur_ir/product input u_pqm_pl_top/u_measurement_core/u_freq_analysis/u_phase_vector_calc/u_mul_ur_ir/product/A[29:0] is not pipelined. Pipelining DSP48 input will improve performance.
Related violations: <none>

DPIP-1#28 Warning
Input pipelining  
DSP u_pqm_pl_top/u_measurement_core/u_freq_analysis/u_phase_vector_calc/u_mul_ur_ir/product input u_pqm_pl_top/u_measurement_core/u_freq_analysis/u_phase_vector_calc/u_mul_ur_ir/product/B[17:0] is not pipelined. Pipelining DSP48 input will improve performance.
Related violations: <none>

DPIP-1#29 Warning
Input pipelining  
DSP u_pqm_pl_top/u_measurement_core/u_freq_metrics_raw_calc/u_freq_thd_raw_calc/u_i_thd_scale_multiplier/product input u_pqm_pl_top/u_measurement_core/u_freq_metrics_raw_calc/u_freq_thd_raw_calc/u_i_thd_scale_multiplier/product/A[29:0] is not pipelined. Pipelining DSP48 input will improve performance.
Related violations: <none>

DPIP-1#30 Warning
Input pipelining  
DSP u_pqm_pl_top/u_measurement_core/u_freq_metrics_raw_calc/u_freq_thd_raw_calc/u_i_thd_sqrt/candidate_sq input u_pqm_pl_top/u_measurement_core/u_freq_metrics_raw_calc/u_freq_thd_raw_calc/u_i_thd_sqrt/candidate_sq/A[29:0] is not pipelined. Pipelining DSP48 input will improve performance.
Related violations: <none>

DPIP-1#31 Warning
Input pipelining  
DSP u_pqm_pl_top/u_measurement_core/u_freq_metrics_raw_calc/u_freq_thd_raw_calc/u_i_thd_sqrt/candidate_sq input u_pqm_pl_top/u_measurement_core/u_freq_metrics_raw_calc/u_freq_thd_raw_calc/u_i_thd_sqrt/candidate_sq/B[17:0] is not pipelined. Pipelining DSP48 input will improve performance.
Related violations: <none>

DPIP-1#32 Warning
Input pipelining  
DSP u_pqm_pl_top/u_measurement_core/u_freq_metrics_raw_calc/u_freq_thd_raw_calc/u_i_thd_sqrt/candidate_sq__0 input u_pqm_pl_top/u_measurement_core/u_freq_metrics_raw_calc/u_freq_thd_raw_calc/u_i_thd_sqrt/candidate_sq__0/A[29:0] is not pipelined. Pipelining DSP48 input will improve performance.
Related violations: <none>

DPIP-1#33 Warning
Input pipelining  
DSP u_pqm_pl_top/u_measurement_core/u_freq_metrics_raw_calc/u_freq_thd_raw_calc/u_i_thd_sqrt/candidate_sq__0 input u_pqm_pl_top/u_measurement_core/u_freq_metrics_raw_calc/u_freq_thd_raw_calc/u_i_thd_sqrt/candidate_sq__0/B[17:0] is not pipelined. Pipelining DSP48 input will improve performance.
Related violations: <none>

DPIP-1#34 Warning
Input pipelining  
DSP u_pqm_pl_top/u_measurement_core/u_freq_metrics_raw_calc/u_freq_thd_raw_calc/u_u_thd_scale_multiplier/product input u_pqm_pl_top/u_measurement_core/u_freq_metrics_raw_calc/u_freq_thd_raw_calc/u_u_thd_scale_multiplier/product/A[29:0] is not pipelined. Pipelining DSP48 input will improve performance.
Related violations: <none>

DPIP-1#35 Warning
Input pipelining  
DSP u_pqm_pl_top/u_measurement_core/u_freq_metrics_raw_calc/u_freq_thd_raw_calc/u_u_thd_sqrt/candidate_sq input u_pqm_pl_top/u_measurement_core/u_freq_metrics_raw_calc/u_freq_thd_raw_calc/u_u_thd_sqrt/candidate_sq/A[29:0] is not pipelined. Pipelining DSP48 input will improve performance.
Related violations: <none>

DPIP-1#36 Warning
Input pipelining  
DSP u_pqm_pl_top/u_measurement_core/u_freq_metrics_raw_calc/u_freq_thd_raw_calc/u_u_thd_sqrt/candidate_sq input u_pqm_pl_top/u_measurement_core/u_freq_metrics_raw_calc/u_freq_thd_raw_calc/u_u_thd_sqrt/candidate_sq/B[17:0] is not pipelined. Pipelining DSP48 input will improve performance.
Related violations: <none>

DPIP-1#37 Warning
Input pipelining  
DSP u_pqm_pl_top/u_measurement_core/u_freq_metrics_raw_calc/u_freq_thd_raw_calc/u_u_thd_sqrt/candidate_sq__0 input u_pqm_pl_top/u_measurement_core/u_freq_metrics_raw_calc/u_freq_thd_raw_calc/u_u_thd_sqrt/candidate_sq__0/A[29:0] is not pipelined. Pipelining DSP48 input will improve performance.
Related violations: <none>

DPIP-1#38 Warning
Input pipelining  
DSP u_pqm_pl_top/u_measurement_core/u_freq_metrics_raw_calc/u_freq_thd_raw_calc/u_u_thd_sqrt/candidate_sq__0 input u_pqm_pl_top/u_measurement_core/u_freq_metrics_raw_calc/u_freq_thd_raw_calc/u_u_thd_sqrt/candidate_sq__0/B[17:0] is not pipelined. Pipelining DSP48 input will improve performance.
Related violations: <none>

DPIP-1#39 Warning
Input pipelining  
DSP u_pqm_pl_top/u_measurement_core/u_freq_metrics_raw_calc/u_i_mag_square_multiplier/product input u_pqm_pl_top/u_measurement_core/u_freq_metrics_raw_calc/u_i_mag_square_multiplier/product/A[29:0] is not pipelined. Pipelining DSP48 input will improve performance.
Related violations: <none>

DPIP-1#40 Warning
Input pipelining  
DSP u_pqm_pl_top/u_measurement_core/u_freq_metrics_raw_calc/u_i_mag_square_multiplier/product input u_pqm_pl_top/u_measurement_core/u_freq_metrics_raw_calc/u_i_mag_square_multiplier/product/B[17:0] is not pipelined. Pipelining DSP48 input will improve performance.
Related violations: <none>

DPIP-1#41 Warning
Input pipelining  
DSP u_pqm_pl_top/u_measurement_core/u_freq_metrics_raw_calc/u_u_mag_square_multiplier/product input u_pqm_pl_top/u_measurement_core/u_freq_metrics_raw_calc/u_u_mag_square_multiplier/product/A[29:0] is not pipelined. Pipelining DSP48 input will improve performance.
Related violations: <none>

DPIP-1#42 Warning
Input pipelining  
DSP u_pqm_pl_top/u_measurement_core/u_freq_metrics_raw_calc/u_u_mag_square_multiplier/product input u_pqm_pl_top/u_measurement_core/u_freq_metrics_raw_calc/u_u_mag_square_multiplier/product/B[17:0] is not pipelined. Pipelining DSP48 input will improve performance.
Related violations: <none>

DPIP-1#43 Warning
Input pipelining  
DSP u_pqm_pl_top/u_measurement_core/u_time_parameters_initiator/u_power_metrics_calc/u_active_square_multiplier/product input u_pqm_pl_top/u_measurement_core/u_time_parameters_initiator/u_power_metrics_calc/u_active_square_multiplier/product/A[29:0] is not pipelined. Pipelining DSP48 input will improve performance.
Related violations: <none>

DPIP-1#44 Warning
Input pipelining  
DSP u_pqm_pl_top/u_measurement_core/u_time_parameters_initiator/u_power_metrics_calc/u_active_square_multiplier/product input u_pqm_pl_top/u_measurement_core/u_time_parameters_initiator/u_power_metrics_calc/u_active_square_multiplier/product/B[17:0] is not pipelined. Pipelining DSP48 input will improve performance.
Related violations: <none>

DPIP-1#45 Warning
Input pipelining  
DSP u_pqm_pl_top/u_measurement_core/u_time_parameters_initiator/u_power_metrics_calc/u_active_square_multiplier/product__0 input u_pqm_pl_top/u_measurement_core/u_time_parameters_initiator/u_power_metrics_calc/u_active_square_multiplier/product__0/A[29:0] is not pipelined. Pipelining DSP48 input will improve performance.
Related violations: <none>

DPIP-1#46 Warning
Input pipelining  
DSP u_pqm_pl_top/u_measurement_core/u_time_parameters_initiator/u_power_metrics_calc/u_active_square_multiplier/product__0 input u_pqm_pl_top/u_measurement_core/u_time_parameters_initiator/u_power_metrics_calc/u_active_square_multiplier/product__0/B[17:0] is not pipelined. Pipelining DSP48 input will improve performance.
Related violations: <none>

DPIP-1#47 Warning
Input pipelining  
DSP u_pqm_pl_top/u_measurement_core/u_time_parameters_initiator/u_power_metrics_calc/u_active_square_multiplier/product__1 input u_pqm_pl_top/u_measurement_core/u_time_parameters_initiator/u_power_metrics_calc/u_active_square_multiplier/product__1/A[29:0] is not pipelined. Pipelining DSP48 input will improve performance.
Related violations: <none>

DPIP-1#48 Warning
Input pipelining  
DSP u_pqm_pl_top/u_measurement_core/u_time_parameters_initiator/u_power_metrics_calc/u_active_square_multiplier/product__1 input u_pqm_pl_top/u_measurement_core/u_time_parameters_initiator/u_power_metrics_calc/u_active_square_multiplier/product__1/B[17:0] is not pipelined. Pipelining DSP48 input will improve performance.
Related violations: <none>

DPIP-1#49 Warning
Input pipelining  
DSP u_pqm_pl_top/u_measurement_core/u_time_parameters_initiator/u_power_metrics_calc/u_active_square_multiplier/product__2 input u_pqm_pl_top/u_measurement_core/u_time_parameters_initiator/u_power_metrics_calc/u_active_square_multiplier/product__2/A[29:0] is not pipelined. Pipelining DSP48 input will improve performance.
Related violations: <none>

DPIP-1#50 Warning
Input pipelining  
DSP u_pqm_pl_top/u_measurement_core/u_time_parameters_initiator/u_power_metrics_calc/u_active_square_multiplier/product__2 input u_pqm_pl_top/u_measurement_core/u_time_parameters_initiator/u_power_metrics_calc/u_active_square_multiplier/product__2/B[17:0] is not pipelined. Pipelining DSP48 input will improve performance.
Related violations: <none>

DPIP-1#51 Warning
Input pipelining  
DSP u_pqm_pl_top/u_measurement_core/u_time_parameters_initiator/u_power_metrics_calc/u_apparent_square_multiplier/product input u_pqm_pl_top/u_measurement_core/u_time_parameters_initiator/u_power_metrics_calc/u_apparent_square_multiplier/product/A[29:0] is not pipelined. Pipelining DSP48 input will improve performance.
Related violations: <none>

DPIP-1#52 Warning
Input pipelining  
DSP u_pqm_pl_top/u_measurement_core/u_time_parameters_initiator/u_power_metrics_calc/u_apparent_square_multiplier/product input u_pqm_pl_top/u_measurement_core/u_time_parameters_initiator/u_power_metrics_calc/u_apparent_square_multiplier/product/B[17:0] is not pipelined. Pipelining DSP48 input will improve performance.
Related violations: <none>

DPIP-1#53 Warning
Input pipelining  
DSP u_pqm_pl_top/u_measurement_core/u_time_parameters_initiator/u_power_metrics_calc/u_apparent_square_multiplier/product__0 input u_pqm_pl_top/u_measurement_core/u_time_parameters_initiator/u_power_metrics_calc/u_apparent_square_multiplier/product__0/A[29:0] is not pipelined. Pipelining DSP48 input will improve performance.
Related violations: <none>

DPIP-1#54 Warning
Input pipelining  
DSP u_pqm_pl_top/u_measurement_core/u_time_parameters_initiator/u_power_metrics_calc/u_apparent_square_multiplier/product__0 input u_pqm_pl_top/u_measurement_core/u_time_parameters_initiator/u_power_metrics_calc/u_apparent_square_multiplier/product__0/B[17:0] is not pipelined. Pipelining DSP48 input will improve performance.
Related violations: <none>

DPIP-1#55 Warning
Input pipelining  
DSP u_pqm_pl_top/u_measurement_core/u_time_parameters_initiator/u_power_metrics_calc/u_apparent_square_multiplier/product__1 input u_pqm_pl_top/u_measurement_core/u_time_parameters_initiator/u_power_metrics_calc/u_apparent_square_multiplier/product__1/A[29:0] is not pipelined. Pipelining DSP48 input will improve performance.
Related violations: <none>

DPIP-1#56 Warning
Input pipelining  
DSP u_pqm_pl_top/u_measurement_core/u_time_parameters_initiator/u_power_metrics_calc/u_apparent_square_multiplier/product__1 input u_pqm_pl_top/u_measurement_core/u_time_parameters_initiator/u_power_metrics_calc/u_apparent_square_multiplier/product__1/B[17:0] is not pipelined. Pipelining DSP48 input will improve performance.
Related violations: <none>

DPIP-1#57 Warning
Input pipelining  
DSP u_pqm_pl_top/u_measurement_core/u_time_parameters_initiator/u_power_metrics_calc/u_apparent_square_multiplier/product__2 input u_pqm_pl_top/u_measurement_core/u_time_parameters_initiator/u_power_metrics_calc/u_apparent_square_multiplier/product__2/A[29:0] is not pipelined. Pipelining DSP48 input will improve performance.
Related violations: <none>

DPIP-1#58 Warning
Input pipelining  
DSP u_pqm_pl_top/u_measurement_core/u_time_parameters_initiator/u_power_metrics_calc/u_apparent_square_multiplier/product__2 input u_pqm_pl_top/u_measurement_core/u_time_parameters_initiator/u_power_metrics_calc/u_apparent_square_multiplier/product__2/B[17:0] is not pipelined. Pipelining DSP48 input will improve performance.
Related violations: <none>

DPIP-1#59 Warning
Input pipelining  
DSP u_pqm_pl_top/u_measurement_core/u_time_parameters_initiator/u_power_metrics_calc/u_reactive_q_sqrt/candidate_sq input u_pqm_pl_top/u_measurement_core/u_time_parameters_initiator/u_power_metrics_calc/u_reactive_q_sqrt/candidate_sq/A[29:0] is not pipelined. Pipelining DSP48 input will improve performance.
Related violations: <none>

DPIP-1#60 Warning
Input pipelining  
DSP u_pqm_pl_top/u_measurement_core/u_time_parameters_initiator/u_power_metrics_calc/u_reactive_q_sqrt/candidate_sq input u_pqm_pl_top/u_measurement_core/u_time_parameters_initiator/u_power_metrics_calc/u_reactive_q_sqrt/candidate_sq/B[17:0] is not pipelined. Pipelining DSP48 input will improve performance.
Related violations: <none>

DPIP-1#61 Warning
Input pipelining  
DSP u_pqm_pl_top/u_measurement_core/u_time_parameters_initiator/u_power_metrics_calc/u_reactive_q_sqrt/candidate_sq__0 input u_pqm_pl_top/u_measurement_core/u_time_parameters_initiator/u_power_metrics_calc/u_reactive_q_sqrt/candidate_sq__0/A[29:0] is not pipelined. Pipelining DSP48 input will improve performance.
Related violations: <none>

DPIP-1#62 Warning
Input pipelining  
DSP u_pqm_pl_top/u_measurement_core/u_time_parameters_initiator/u_power_metrics_calc/u_reactive_q_sqrt/candidate_sq__0 input u_pqm_pl_top/u_measurement_core/u_time_parameters_initiator/u_power_metrics_calc/u_reactive_q_sqrt/candidate_sq__0/B[17:0] is not pipelined. Pipelining DSP48 input will improve performance.
Related violations: <none>

DPIP-1#63 Warning
Input pipelining  
DSP u_pqm_pl_top/u_measurement_core/u_time_parameters_initiator/u_power_metrics_calc/u_reactive_q_sqrt/candidate_sq__1 input u_pqm_pl_top/u_measurement_core/u_time_parameters_initiator/u_power_metrics_calc/u_reactive_q_sqrt/candidate_sq__1/A[29:0] is not pipelined. Pipelining DSP48 input will improve performance.
Related violations: <none>

DPIP-1#64 Warning
Input pipelining  
DSP u_pqm_pl_top/u_measurement_core/u_time_parameters_initiator/u_power_metrics_calc/u_reactive_q_sqrt/candidate_sq__1 input u_pqm_pl_top/u_measurement_core/u_time_parameters_initiator/u_power_metrics_calc/u_reactive_q_sqrt/candidate_sq__1/B[17:0] is not pipelined. Pipelining DSP48 input will improve performance.
Related violations: <none>

DPIP-1#65 Warning
Input pipelining  
DSP u_pqm_pl_top/u_measurement_core/u_time_parameters_initiator/u_power_metrics_calc/u_reactive_q_sqrt/candidate_sq__2 input u_pqm_pl_top/u_measurement_core/u_time_parameters_initiator/u_power_metrics_calc/u_reactive_q_sqrt/candidate_sq__2/A[29:0] is not pipelined. Pipelining DSP48 input will improve performance.
Related violations: <none>

DPIP-1#66 Warning
Input pipelining  
DSP u_pqm_pl_top/u_measurement_core/u_time_parameters_initiator/u_power_metrics_calc/u_reactive_q_sqrt/candidate_sq__2 input u_pqm_pl_top/u_measurement_core/u_time_parameters_initiator/u_power_metrics_calc/u_reactive_q_sqrt/candidate_sq__2/B[17:0] is not pipelined. Pipelining DSP48 input will improve performance.
Related violations: <none>

DPIP-1#67 Warning
Input pipelining  
DSP u_pqm_pl_top/u_measurement_core/u_time_parameters_initiator/u_power_metrics_calc/u_rms_code_multiplier/product input u_pqm_pl_top/u_measurement_core/u_time_parameters_initiator/u_power_metrics_calc/u_rms_code_multiplier/product/A[29:0] is not pipelined. Pipelining DSP48 input will improve performance.
Related violations: <none>

DPIP-1#68 Warning
Input pipelining  
DSP u_pqm_pl_top/u_measurement_core/u_time_parameters_initiator/u_power_metrics_calc/u_rms_code_multiplier/product input u_pqm_pl_top/u_measurement_core/u_time_parameters_initiator/u_power_metrics_calc/u_rms_code_multiplier/product/B[17:0] is not pipelined. Pipelining DSP48 input will improve performance.
Related violations: <none>

DPIP-1#69 Warning
Input pipelining  
DSP u_pqm_pl_top/u_measurement_core/u_time_parameters_initiator/u_ui_rms_measure/u_i_rms_sqrt/candidate_sq input u_pqm_pl_top/u_measurement_core/u_time_parameters_initiator/u_ui_rms_measure/u_i_rms_sqrt/candidate_sq/A[29:0] is not pipelined. Pipelining DSP48 input will improve performance.
Related violations: <none>

DPIP-1#70 Warning
Input pipelining  
DSP u_pqm_pl_top/u_measurement_core/u_time_parameters_initiator/u_ui_rms_measure/u_i_rms_sqrt/candidate_sq input u_pqm_pl_top/u_measurement_core/u_time_parameters_initiator/u_ui_rms_measure/u_i_rms_sqrt/candidate_sq/B[17:0] is not pipelined. Pipelining DSP48 input will improve performance.
Related violations: <none>

DPIP-1#71 Warning
Input pipelining  
DSP u_pqm_pl_top/u_measurement_core/u_time_parameters_initiator/u_ui_rms_measure/u_i_rms_sqrt/candidate_sq__0 input u_pqm_pl_top/u_measurement_core/u_time_parameters_initiator/u_ui_rms_measure/u_i_rms_sqrt/candidate_sq__0/A[29:0] is not pipelined. Pipelining DSP48 input will improve performance.
Related violations: <none>

DPIP-1#72 Warning
Input pipelining  
DSP u_pqm_pl_top/u_measurement_core/u_time_parameters_initiator/u_ui_rms_measure/u_i_rms_sqrt/candidate_sq__0 input u_pqm_pl_top/u_measurement_core/u_time_parameters_initiator/u_ui_rms_measure/u_i_rms_sqrt/candidate_sq__0/B[17:0] is not pipelined. Pipelining DSP48 input will improve performance.
Related violations: <none>

DPIP-1#73 Warning
Input pipelining  
DSP u_pqm_pl_top/u_measurement_core/u_time_parameters_initiator/u_ui_rms_measure/u_i_rms_sqrt/candidate_sq__1 input u_pqm_pl_top/u_measurement_core/u_time_parameters_initiator/u_ui_rms_measure/u_i_rms_sqrt/candidate_sq__1/A[29:0] is not pipelined. Pipelining DSP48 input will improve performance.
Related violations: <none>

DPIP-1#74 Warning
Input pipelining  
DSP u_pqm_pl_top/u_measurement_core/u_time_parameters_initiator/u_ui_rms_measure/u_i_rms_sqrt/candidate_sq__1 input u_pqm_pl_top/u_measurement_core/u_time_parameters_initiator/u_ui_rms_measure/u_i_rms_sqrt/candidate_sq__1/B[17:0] is not pipelined. Pipelining DSP48 input will improve performance.
Related violations: <none>

DPIP-1#75 Warning
Input pipelining  
DSP u_pqm_pl_top/u_measurement_core/u_time_parameters_initiator/u_ui_rms_measure/u_i_rms_sqrt/candidate_sq__2 input u_pqm_pl_top/u_measurement_core/u_time_parameters_initiator/u_ui_rms_measure/u_i_rms_sqrt/candidate_sq__2/A[29:0] is not pipelined. Pipelining DSP48 input will improve performance.
Related violations: <none>

DPIP-1#76 Warning
Input pipelining  
DSP u_pqm_pl_top/u_measurement_core/u_time_parameters_initiator/u_ui_rms_measure/u_i_rms_sqrt/candidate_sq__2 input u_pqm_pl_top/u_measurement_core/u_time_parameters_initiator/u_ui_rms_measure/u_i_rms_sqrt/candidate_sq__2/B[17:0] is not pipelined. Pipelining DSP48 input will improve performance.
Related violations: <none>

DPIP-1#77 Warning
Input pipelining  
DSP u_pqm_pl_top/u_measurement_core/u_time_parameters_initiator/u_ui_rms_measure/u_i_square_multiplier/product input u_pqm_pl_top/u_measurement_core/u_time_parameters_initiator/u_ui_rms_measure/u_i_square_multiplier/product/A[29:0] is not pipelined. Pipelining DSP48 input will improve performance.
Related violations: <none>

DPIP-1#78 Warning
Input pipelining  
DSP u_pqm_pl_top/u_measurement_core/u_time_parameters_initiator/u_ui_rms_measure/u_i_square_multiplier/product input u_pqm_pl_top/u_measurement_core/u_time_parameters_initiator/u_ui_rms_measure/u_i_square_multiplier/product/B[17:0] is not pipelined. Pipelining DSP48 input will improve performance.
Related violations: <none>

DPIP-1#79 Warning
Input pipelining  
DSP u_pqm_pl_top/u_measurement_core/u_time_parameters_initiator/u_ui_rms_measure/u_u_rms_sqrt/candidate_sq input u_pqm_pl_top/u_measurement_core/u_time_parameters_initiator/u_ui_rms_measure/u_u_rms_sqrt/candidate_sq/A[29:0] is not pipelined. Pipelining DSP48 input will improve performance.
Related violations: <none>

DPIP-1#80 Warning
Input pipelining  
DSP u_pqm_pl_top/u_measurement_core/u_time_parameters_initiator/u_ui_rms_measure/u_u_rms_sqrt/candidate_sq input u_pqm_pl_top/u_measurement_core/u_time_parameters_initiator/u_ui_rms_measure/u_u_rms_sqrt/candidate_sq/B[17:0] is not pipelined. Pipelining DSP48 input will improve performance.
Related violations: <none>

DPIP-1#81 Warning
Input pipelining  
DSP u_pqm_pl_top/u_measurement_core/u_time_parameters_initiator/u_ui_rms_measure/u_u_rms_sqrt/candidate_sq__0 input u_pqm_pl_top/u_measurement_core/u_time_parameters_initiator/u_ui_rms_measure/u_u_rms_sqrt/candidate_sq__0/A[29:0] is not pipelined. Pipelining DSP48 input will improve performance.
Related violations: <none>

DPIP-1#82 Warning
Input pipelining  
DSP u_pqm_pl_top/u_measurement_core/u_time_parameters_initiator/u_ui_rms_measure/u_u_rms_sqrt/candidate_sq__0 input u_pqm_pl_top/u_measurement_core/u_time_parameters_initiator/u_ui_rms_measure/u_u_rms_sqrt/candidate_sq__0/B[17:0] is not pipelined. Pipelining DSP48 input will improve performance.
Related violations: <none>

DPIP-1#83 Warning
Input pipelining  
DSP u_pqm_pl_top/u_measurement_core/u_time_parameters_initiator/u_ui_rms_measure/u_u_rms_sqrt/candidate_sq__1 input u_pqm_pl_top/u_measurement_core/u_time_parameters_initiator/u_ui_rms_measure/u_u_rms_sqrt/candidate_sq__1/A[29:0] is not pipelined. Pipelining DSP48 input will improve performance.
Related violations: <none>

DPIP-1#84 Warning
Input pipelining  
DSP u_pqm_pl_top/u_measurement_core/u_time_parameters_initiator/u_ui_rms_measure/u_u_rms_sqrt/candidate_sq__1 input u_pqm_pl_top/u_measurement_core/u_time_parameters_initiator/u_ui_rms_measure/u_u_rms_sqrt/candidate_sq__1/B[17:0] is not pipelined. Pipelining DSP48 input will improve performance.
Related violations: <none>

DPIP-1#85 Warning
Input pipelining  
DSP u_pqm_pl_top/u_measurement_core/u_time_parameters_initiator/u_ui_rms_measure/u_u_rms_sqrt/candidate_sq__2 input u_pqm_pl_top/u_measurement_core/u_time_parameters_initiator/u_ui_rms_measure/u_u_rms_sqrt/candidate_sq__2/A[29:0] is not pipelined. Pipelining DSP48 input will improve performance.
Related violations: <none>

DPIP-1#86 Warning
Input pipelining  
DSP u_pqm_pl_top/u_measurement_core/u_time_parameters_initiator/u_ui_rms_measure/u_u_rms_sqrt/candidate_sq__2 input u_pqm_pl_top/u_measurement_core/u_time_parameters_initiator/u_ui_rms_measure/u_u_rms_sqrt/candidate_sq__2/B[17:0] is not pipelined. Pipelining DSP48 input will improve performance.
Related violations: <none>

DPIP-1#87 Warning
Input pipelining  
DSP u_pqm_pl_top/u_measurement_core/u_time_parameters_initiator/u_ui_rms_measure/u_u_square_multiplier/product input u_pqm_pl_top/u_measurement_core/u_time_parameters_initiator/u_ui_rms_measure/u_u_square_multiplier/product/A[29:0] is not pipelined. Pipelining DSP48 input will improve performance.
Related violations: <none>

DPIP-1#88 Warning
Input pipelining  
DSP u_pqm_pl_top/u_measurement_core/u_time_parameters_initiator/u_ui_rms_measure/u_u_square_multiplier/product input u_pqm_pl_top/u_measurement_core/u_time_parameters_initiator/u_ui_rms_measure/u_u_square_multiplier/product/B[17:0] is not pipelined. Pipelining DSP48 input will improve performance.
Related violations: <none>

DPIP-1#89 Warning
Input pipelining  
DSP u_pqm_pl_top/u_measurement_core/u_time_parameters_initiator/u_ui_rms_measure/u_ui_product_multiplier/product input u_pqm_pl_top/u_measurement_core/u_time_parameters_initiator/u_ui_rms_measure/u_ui_product_multiplier/product/A[29:0] is not pipelined. Pipelining DSP48 input will improve performance.
Related violations: <none>

DPIP-1#90 Warning
Input pipelining  
DSP u_pqm_pl_top/u_measurement_core/u_time_parameters_initiator/u_ui_rms_measure/u_ui_product_multiplier/product input u_pqm_pl_top/u_measurement_core/u_time_parameters_initiator/u_ui_rms_measure/u_ui_product_multiplier/product/B[17:0] is not pipelined. Pipelining DSP48 input will improve performance.
Related violations: <none>

DPIP-1#91 Warning
Input pipelining  
DSP u_pqm_pl_top/u_measurement_core/u_time_x100_normalizer/u_active_p_scale_multiplier/product input u_pqm_pl_top/u_measurement_core/u_time_x100_normalizer/u_active_p_scale_multiplier/product/A[29:0] is not pipelined. Pipelining DSP48 input will improve performance.
Related violations: <none>

DPIP-1#92 Warning
Input pipelining  
DSP u_pqm_pl_top/u_measurement_core/u_time_x100_normalizer/u_active_p_scale_multiplier/product input u_pqm_pl_top/u_measurement_core/u_time_x100_normalizer/u_active_p_scale_multiplier/product/B[17:0] is not pipelined. Pipelining DSP48 input will improve performance.
Related violations: <none>

DPIP-1#93 Warning
Input pipelining  
DSP u_pqm_pl_top/u_measurement_core/u_time_x100_normalizer/u_active_p_scale_multiplier/product__0 input u_pqm_pl_top/u_measurement_core/u_time_x100_normalizer/u_active_p_scale_multiplier/product__0/A[29:0] is not pipelined. Pipelining DSP48 input will improve performance.
Related violations: <none>

DPIP-1#94 Warning
Input pipelining  
DSP u_pqm_pl_top/u_measurement_core/u_time_x100_normalizer/u_active_p_scale_multiplier/product__0 input u_pqm_pl_top/u_measurement_core/u_time_x100_normalizer/u_active_p_scale_multiplier/product__0/B[17:0] is not pipelined. Pipelining DSP48 input will improve performance.
Related violations: <none>

DPIP-1#95 Warning
Input pipelining  
DSP u_pqm_pl_top/u_measurement_core/u_time_x100_normalizer/u_active_p_scale_multiplier/product__1 input u_pqm_pl_top/u_measurement_core/u_time_x100_normalizer/u_active_p_scale_multiplier/product__1/A[29:0] is not pipelined. Pipelining DSP48 input will improve performance.
Related violations: <none>

DPIP-1#96 Warning
Input pipelining  
DSP u_pqm_pl_top/u_measurement_core/u_time_x100_normalizer/u_active_p_scale_multiplier/product__1 input u_pqm_pl_top/u_measurement_core/u_time_x100_normalizer/u_active_p_scale_multiplier/product__1/B[17:0] is not pipelined. Pipelining DSP48 input will improve performance.
Related violations: <none>

DPIP-1#97 Warning
Input pipelining  
DSP u_pqm_pl_top/u_measurement_core/u_time_x100_normalizer/u_active_p_scale_multiplier/product__2 input u_pqm_pl_top/u_measurement_core/u_time_x100_normalizer/u_active_p_scale_multiplier/product__2/A[29:0] is not pipelined. Pipelining DSP48 input will improve performance.
Related violations: <none>

DPIP-1#98 Warning
Input pipelining  
DSP u_pqm_pl_top/u_measurement_core/u_time_x100_normalizer/u_active_p_scale_multiplier/product__2 input u_pqm_pl_top/u_measurement_core/u_time_x100_normalizer/u_active_p_scale_multiplier/product__2/B[17:0] is not pipelined. Pipelining DSP48 input will improve performance.
Related violations: <none>

DPIP-1#99 Warning
Input pipelining  
DSP u_pqm_pl_top/u_measurement_core/u_time_x100_normalizer/u_active_p_scale_multiplier/product__3 input u_pqm_pl_top/u_measurement_core/u_time_x100_normalizer/u_active_p_scale_multiplier/product__3/A[29:0] is not pipelined. Pipelining DSP48 input will improve performance.
Related violations: <none>

DPIP-1#100 Warning
Input pipelining  
DSP u_pqm_pl_top/u_measurement_core/u_time_x100_normalizer/u_active_p_scale_multiplier/product__3 input u_pqm_pl_top/u_measurement_core/u_time_x100_normalizer/u_active_p_scale_multiplier/product__3/B[17:0] is not pipelined. Pipelining DSP48 input will improve performance.
Related violations: <none>

DPIP-1#101 Warning
Input pipelining  
DSP u_pqm_pl_top/u_measurement_core/u_time_x100_normalizer/u_active_p_scale_multiplier/product__4 input u_pqm_pl_top/u_measurement_core/u_time_x100_normalizer/u_active_p_scale_multiplier/product__4/A[29:0] is not pipelined. Pipelining DSP48 input will improve performance.
Related violations: <none>

DPIP-1#102 Warning
Input pipelining  
DSP u_pqm_pl_top/u_measurement_core/u_time_x100_normalizer/u_active_p_scale_multiplier/product__4 input u_pqm_pl_top/u_measurement_core/u_time_x100_normalizer/u_active_p_scale_multiplier/product__4/B[17:0] is not pipelined. Pipelining DSP48 input will improve performance.
Related violations: <none>

DPIP-1#103 Warning
Input pipelining  
DSP u_pqm_pl_top/u_measurement_core/u_time_x100_normalizer/u_active_p_scale_multiplier/product__5 input u_pqm_pl_top/u_measurement_core/u_time_x100_normalizer/u_active_p_scale_multiplier/product__5/A[29:0] is not pipelined. Pipelining DSP48 input will improve performance.
Related violations: <none>

DPIP-1#104 Warning
Input pipelining  
DSP u_pqm_pl_top/u_measurement_core/u_time_x100_normalizer/u_active_p_scale_multiplier/product__5 input u_pqm_pl_top/u_measurement_core/u_time_x100_normalizer/u_active_p_scale_multiplier/product__5/B[17:0] is not pipelined. Pipelining DSP48 input will improve performance.
Related violations: <none>

DPIP-1#105 Warning
Input pipelining  
DSP u_pqm_pl_top/u_measurement_core/u_time_x100_normalizer/u_active_p_scale_multiplier/product__6 input u_pqm_pl_top/u_measurement_core/u_time_x100_normalizer/u_active_p_scale_multiplier/product__6/A[29:0] is not pipelined. Pipelining DSP48 input will improve performance.
Related violations: <none>

DPIP-1#106 Warning
Input pipelining  
DSP u_pqm_pl_top/u_measurement_core/u_time_x100_normalizer/u_active_p_scale_multiplier/product__6 input u_pqm_pl_top/u_measurement_core/u_time_x100_normalizer/u_active_p_scale_multiplier/product__6/B[17:0] is not pipelined. Pipelining DSP48 input will improve performance.
Related violations: <none>

DPIP-1#107 Warning
Input pipelining  
DSP u_pqm_pl_top/u_measurement_core/u_time_x100_normalizer/u_apparent_s_scale_multiplier/product input u_pqm_pl_top/u_measurement_core/u_time_x100_normalizer/u_apparent_s_scale_multiplier/product/A[29:0] is not pipelined. Pipelining DSP48 input will improve performance.
Related violations: <none>

DPIP-1#108 Warning
Input pipelining  
DSP u_pqm_pl_top/u_measurement_core/u_time_x100_normalizer/u_apparent_s_scale_multiplier/product input u_pqm_pl_top/u_measurement_core/u_time_x100_normalizer/u_apparent_s_scale_multiplier/product/B[17:0] is not pipelined. Pipelining DSP48 input will improve performance.
Related violations: <none>

DPIP-1#109 Warning
Input pipelining  
DSP u_pqm_pl_top/u_measurement_core/u_time_x100_normalizer/u_apparent_s_scale_multiplier/product__0 input u_pqm_pl_top/u_measurement_core/u_time_x100_normalizer/u_apparent_s_scale_multiplier/product__0/A[29:0] is not pipelined. Pipelining DSP48 input will improve performance.
Related violations: <none>

DPIP-1#110 Warning
Input pipelining  
DSP u_pqm_pl_top/u_measurement_core/u_time_x100_normalizer/u_apparent_s_scale_multiplier/product__0 input u_pqm_pl_top/u_measurement_core/u_time_x100_normalizer/u_apparent_s_scale_multiplier/product__0/B[17:0] is not pipelined. Pipelining DSP48 input will improve performance.
Related violations: <none>

DPIP-1#111 Warning
Input pipelining  
DSP u_pqm_pl_top/u_measurement_core/u_time_x100_normalizer/u_apparent_s_scale_multiplier/product__1 input u_pqm_pl_top/u_measurement_core/u_time_x100_normalizer/u_apparent_s_scale_multiplier/product__1/A[29:0] is not pipelined. Pipelining DSP48 input will improve performance.
Related violations: <none>

DPIP-1#112 Warning
Input pipelining  
DSP u_pqm_pl_top/u_measurement_core/u_time_x100_normalizer/u_apparent_s_scale_multiplier/product__1 input u_pqm_pl_top/u_measurement_core/u_time_x100_normalizer/u_apparent_s_scale_multiplier/product__1/B[17:0] is not pipelined. Pipelining DSP48 input will improve performance.
Related violations: <none>

DPIP-1#113 Warning
Input pipelining  
DSP u_pqm_pl_top/u_measurement_core/u_time_x100_normalizer/u_apparent_s_scale_multiplier/product__2 input u_pqm_pl_top/u_measurement_core/u_time_x100_normalizer/u_apparent_s_scale_multiplier/product__2/A[29:0] is not pipelined. Pipelining DSP48 input will improve performance.
Related violations: <none>

DPIP-1#114 Warning
Input pipelining  
DSP u_pqm_pl_top/u_measurement_core/u_time_x100_normalizer/u_apparent_s_scale_multiplier/product__2 input u_pqm_pl_top/u_measurement_core/u_time_x100_normalizer/u_apparent_s_scale_multiplier/product__2/B[17:0] is not pipelined. Pipelining DSP48 input will improve performance.
Related violations: <none>

DPIP-1#115 Warning
Input pipelining  
DSP u_pqm_pl_top/u_measurement_core/u_time_x100_normalizer/u_apparent_s_scale_multiplier/product__3 input u_pqm_pl_top/u_measurement_core/u_time_x100_normalizer/u_apparent_s_scale_multiplier/product__3/A[29:0] is not pipelined. Pipelining DSP48 input will improve performance.
Related violations: <none>

DPIP-1#116 Warning
Input pipelining  
DSP u_pqm_pl_top/u_measurement_core/u_time_x100_normalizer/u_apparent_s_scale_multiplier/product__3 input u_pqm_pl_top/u_measurement_core/u_time_x100_normalizer/u_apparent_s_scale_multiplier/product__3/B[17:0] is not pipelined. Pipelining DSP48 input will improve performance.
Related violations: <none>

DPIP-1#117 Warning
Input pipelining  
DSP u_pqm_pl_top/u_measurement_core/u_time_x100_normalizer/u_apparent_s_scale_multiplier/product__4 input u_pqm_pl_top/u_measurement_core/u_time_x100_normalizer/u_apparent_s_scale_multiplier/product__4/A[29:0] is not pipelined. Pipelining DSP48 input will improve performance.
Related violations: <none>

DPIP-1#118 Warning
Input pipelining  
DSP u_pqm_pl_top/u_measurement_core/u_time_x100_normalizer/u_apparent_s_scale_multiplier/product__4 input u_pqm_pl_top/u_measurement_core/u_time_x100_normalizer/u_apparent_s_scale_multiplier/product__4/B[17:0] is not pipelined. Pipelining DSP48 input will improve performance.
Related violations: <none>

DPIP-1#119 Warning
Input pipelining  
DSP u_pqm_pl_top/u_measurement_core/u_time_x100_normalizer/u_apparent_s_scale_multiplier/product__5 input u_pqm_pl_top/u_measurement_core/u_time_x100_normalizer/u_apparent_s_scale_multiplier/product__5/A[29:0] is not pipelined. Pipelining DSP48 input will improve performance.
Related violations: <none>

DPIP-1#120 Warning
Input pipelining  
DSP u_pqm_pl_top/u_measurement_core/u_time_x100_normalizer/u_apparent_s_scale_multiplier/product__5 input u_pqm_pl_top/u_measurement_core/u_time_x100_normalizer/u_apparent_s_scale_multiplier/product__5/B[17:0] is not pipelined. Pipelining DSP48 input will improve performance.
Related violations: <none>

DPIP-1#121 Warning
Input pipelining  
DSP u_pqm_pl_top/u_measurement_core/u_time_x100_normalizer/u_apparent_s_scale_multiplier/product__6 input u_pqm_pl_top/u_measurement_core/u_time_x100_normalizer/u_apparent_s_scale_multiplier/product__6/A[29:0] is not pipelined. Pipelining DSP48 input will improve performance.
Related violations: <none>

DPIP-1#122 Warning
Input pipelining  
DSP u_pqm_pl_top/u_measurement_core/u_time_x100_normalizer/u_apparent_s_scale_multiplier/product__6 input u_pqm_pl_top/u_measurement_core/u_time_x100_normalizer/u_apparent_s_scale_multiplier/product__6/B[17:0] is not pipelined. Pipelining DSP48 input will improve performance.
Related violations: <none>

DPIP-1#123 Warning
Input pipelining  
DSP u_pqm_pl_top/u_measurement_core/u_time_x100_normalizer/u_full_scale_multiplier/product input u_pqm_pl_top/u_measurement_core/u_time_x100_normalizer/u_full_scale_multiplier/product/A[29:0] is not pipelined. Pipelining DSP48 input will improve performance.
Related violations: <none>

DPIP-1#124 Warning
Input pipelining  
DSP u_pqm_pl_top/u_measurement_core/u_time_x100_normalizer/u_full_scale_multiplier/product__1 input u_pqm_pl_top/u_measurement_core/u_time_x100_normalizer/u_full_scale_multiplier/product__1/A[29:0] is not pipelined. Pipelining DSP48 input will improve performance.
Related violations: <none>

DPIP-1#125 Warning
Input pipelining  
DSP u_pqm_pl_top/u_measurement_core/u_time_x100_normalizer/u_full_scale_multiplier/product__1 input u_pqm_pl_top/u_measurement_core/u_time_x100_normalizer/u_full_scale_multiplier/product__1/B[17:0] is not pipelined. Pipelining DSP48 input will improve performance.
Related violations: <none>

DPIP-1#126 Warning
Input pipelining  
DSP u_pqm_pl_top/u_measurement_core/u_time_x100_normalizer/u_full_scale_multiplier/product__2 input u_pqm_pl_top/u_measurement_core/u_time_x100_normalizer/u_full_scale_multiplier/product__2/A[29:0] is not pipelined. Pipelining DSP48 input will improve performance.
Related violations: <none>

DPIP-1#127 Warning
Input pipelining  
DSP u_pqm_pl_top/u_measurement_core/u_time_x100_normalizer/u_i_pp_scale_multiplier/product input u_pqm_pl_top/u_measurement_core/u_time_x100_normalizer/u_i_pp_scale_multiplier/product/A[29:0] is not pipelined. Pipelining DSP48 input will improve performance.
Related violations: <none>

DPIP-1#128 Warning
Input pipelining  
DSP u_pqm_pl_top/u_measurement_core/u_time_x100_normalizer/u_i_pp_scale_multiplier/product__1 input u_pqm_pl_top/u_measurement_core/u_time_x100_normalizer/u_i_pp_scale_multiplier/product__1/A[29:0] is not pipelined. Pipelining DSP48 input will improve performance.
Related violations: <none>

DPIP-1#129 Warning
Input pipelining  
DSP u_pqm_pl_top/u_measurement_core/u_time_x100_normalizer/u_i_pp_scale_multiplier/product__1 input u_pqm_pl_top/u_measurement_core/u_time_x100_normalizer/u_i_pp_scale_multiplier/product__1/B[17:0] is not pipelined. Pipelining DSP48 input will improve performance.
Related violations: <none>

DPIP-1#130 Warning
Input pipelining  
DSP u_pqm_pl_top/u_measurement_core/u_time_x100_normalizer/u_i_rms_raw_to_x100/u_scale_multiplier/product input u_pqm_pl_top/u_measurement_core/u_time_x100_normalizer/u_i_rms_raw_to_x100/u_scale_multiplier/product/A[29:0] is not pipelined. Pipelining DSP48 input will improve performance.
Related violations: <none>

DPIP-1#131 Warning
Input pipelining  
DSP u_pqm_pl_top/u_measurement_core/u_time_x100_normalizer/u_i_rms_raw_to_x100/u_scale_multiplier/product input u_pqm_pl_top/u_measurement_core/u_time_x100_normalizer/u_i_rms_raw_to_x100/u_scale_multiplier/product/B[17:0] is not pipelined. Pipelining DSP48 input will improve performance.
Related violations: <none>

DPIP-1#132 Warning
Input pipelining  
DSP u_pqm_pl_top/u_measurement_core/u_time_x100_normalizer/u_i_rms_raw_to_x100/u_scale_multiplier/product__0 input u_pqm_pl_top/u_measurement_core/u_time_x100_normalizer/u_i_rms_raw_to_x100/u_scale_multiplier/product__0/A[29:0] is not pipelined. Pipelining DSP48 input will improve performance.
Related violations: <none>

DPIP-1#133 Warning
Input pipelining  
DSP u_pqm_pl_top/u_measurement_core/u_time_x100_normalizer/u_reactive_q_scale_multiplier/product input u_pqm_pl_top/u_measurement_core/u_time_x100_normalizer/u_reactive_q_scale_multiplier/product/A[29:0] is not pipelined. Pipelining DSP48 input will improve performance.
Related violations: <none>

DPIP-1#134 Warning
Input pipelining  
DSP u_pqm_pl_top/u_measurement_core/u_time_x100_normalizer/u_reactive_q_scale_multiplier/product input u_pqm_pl_top/u_measurement_core/u_time_x100_normalizer/u_reactive_q_scale_multiplier/product/B[17:0] is not pipelined. Pipelining DSP48 input will improve performance.
Related violations: <none>

DPIP-1#135 Warning
Input pipelining  
DSP u_pqm_pl_top/u_measurement_core/u_time_x100_normalizer/u_reactive_q_scale_multiplier/product__0 input u_pqm_pl_top/u_measurement_core/u_time_x100_normalizer/u_reactive_q_scale_multiplier/product__0/A[29:0] is not pipelined. Pipelining DSP48 input will improve performance.
Related violations: <none>

DPIP-1#136 Warning
Input pipelining  
DSP u_pqm_pl_top/u_measurement_core/u_time_x100_normalizer/u_reactive_q_scale_multiplier/product__0 input u_pqm_pl_top/u_measurement_core/u_time_x100_normalizer/u_reactive_q_scale_multiplier/product__0/B[17:0] is not pipelined. Pipelining DSP48 input will improve performance.
Related violations: <none>

DPIP-1#137 Warning
Input pipelining  
DSP u_pqm_pl_top/u_measurement_core/u_time_x100_normalizer/u_reactive_q_scale_multiplier/product__1 input u_pqm_pl_top/u_measurement_core/u_time_x100_normalizer/u_reactive_q_scale_multiplier/product__1/A[29:0] is not pipelined. Pipelining DSP48 input will improve performance.
Related violations: <none>

DPIP-1#138 Warning
Input pipelining  
DSP u_pqm_pl_top/u_measurement_core/u_time_x100_normalizer/u_reactive_q_scale_multiplier/product__1 input u_pqm_pl_top/u_measurement_core/u_time_x100_normalizer/u_reactive_q_scale_multiplier/product__1/B[17:0] is not pipelined. Pipelining DSP48 input will improve performance.
Related violations: <none>

DPIP-1#139 Warning
Input pipelining  
DSP u_pqm_pl_top/u_measurement_core/u_time_x100_normalizer/u_reactive_q_scale_multiplier/product__2 input u_pqm_pl_top/u_measurement_core/u_time_x100_normalizer/u_reactive_q_scale_multiplier/product__2/A[29:0] is not pipelined. Pipelining DSP48 input will improve performance.
Related violations: <none>

DPIP-1#140 Warning
Input pipelining  
DSP u_pqm_pl_top/u_measurement_core/u_time_x100_normalizer/u_reactive_q_scale_multiplier/product__2 input u_pqm_pl_top/u_measurement_core/u_time_x100_normalizer/u_reactive_q_scale_multiplier/product__2/B[17:0] is not pipelined. Pipelining DSP48 input will improve performance.
Related violations: <none>

DPIP-1#141 Warning
Input pipelining  
DSP u_pqm_pl_top/u_measurement_core/u_time_x100_normalizer/u_reactive_q_scale_multiplier/product__3 input u_pqm_pl_top/u_measurement_core/u_time_x100_normalizer/u_reactive_q_scale_multiplier/product__3/A[29:0] is not pipelined. Pipelining DSP48 input will improve performance.
Related violations: <none>

DPIP-1#142 Warning
Input pipelining  
DSP u_pqm_pl_top/u_measurement_core/u_time_x100_normalizer/u_reactive_q_scale_multiplier/product__3 input u_pqm_pl_top/u_measurement_core/u_time_x100_normalizer/u_reactive_q_scale_multiplier/product__3/B[17:0] is not pipelined. Pipelining DSP48 input will improve performance.
Related violations: <none>

DPIP-1#143 Warning
Input pipelining  
DSP u_pqm_pl_top/u_measurement_core/u_time_x100_normalizer/u_reactive_q_scale_multiplier/product__4 input u_pqm_pl_top/u_measurement_core/u_time_x100_normalizer/u_reactive_q_scale_multiplier/product__4/A[29:0] is not pipelined. Pipelining DSP48 input will improve performance.
Related violations: <none>

DPIP-1#144 Warning
Input pipelining  
DSP u_pqm_pl_top/u_measurement_core/u_time_x100_normalizer/u_reactive_q_scale_multiplier/product__4 input u_pqm_pl_top/u_measurement_core/u_time_x100_normalizer/u_reactive_q_scale_multiplier/product__4/B[17:0] is not pipelined. Pipelining DSP48 input will improve performance.
Related violations: <none>

DPIP-1#145 Warning
Input pipelining  
DSP u_pqm_pl_top/u_measurement_core/u_time_x100_normalizer/u_reactive_q_scale_multiplier/product__5 input u_pqm_pl_top/u_measurement_core/u_time_x100_normalizer/u_reactive_q_scale_multiplier/product__5/A[29:0] is not pipelined. Pipelining DSP48 input will improve performance.
Related violations: <none>

DPIP-1#146 Warning
Input pipelining  
DSP u_pqm_pl_top/u_measurement_core/u_time_x100_normalizer/u_reactive_q_scale_multiplier/product__5 input u_pqm_pl_top/u_measurement_core/u_time_x100_normalizer/u_reactive_q_scale_multiplier/product__5/B[17:0] is not pipelined. Pipelining DSP48 input will improve performance.
Related violations: <none>

DPIP-1#147 Warning
Input pipelining  
DSP u_pqm_pl_top/u_measurement_core/u_time_x100_normalizer/u_reactive_q_scale_multiplier/product__6 input u_pqm_pl_top/u_measurement_core/u_time_x100_normalizer/u_reactive_q_scale_multiplier/product__6/A[29:0] is not pipelined. Pipelining DSP48 input will improve performance.
Related violations: <none>

DPIP-1#148 Warning
Input pipelining  
DSP u_pqm_pl_top/u_measurement_core/u_time_x100_normalizer/u_reactive_q_scale_multiplier/product__6 input u_pqm_pl_top/u_measurement_core/u_time_x100_normalizer/u_reactive_q_scale_multiplier/product__6/B[17:0] is not pipelined. Pipelining DSP48 input will improve performance.
Related violations: <none>

DPIP-1#149 Warning
Input pipelining  
DSP u_pqm_pl_top/u_measurement_core/u_time_x100_normalizer/u_u_pp_scale_multiplier/product input u_pqm_pl_top/u_measurement_core/u_time_x100_normalizer/u_u_pp_scale_multiplier/product/A[29:0] is not pipelined. Pipelining DSP48 input will improve performance.
Related violations: <none>

DPIP-1#150 Warning
Input pipelining  
DSP u_pqm_pl_top/u_measurement_core/u_time_x100_normalizer/u_u_pp_scale_multiplier/product__1 input u_pqm_pl_top/u_measurement_core/u_time_x100_normalizer/u_u_pp_scale_multiplier/product__1/A[29:0] is not pipelined. Pipelining DSP48 input will improve performance.
Related violations: <none>

DPIP-1#151 Warning
Input pipelining  
DSP u_pqm_pl_top/u_measurement_core/u_time_x100_normalizer/u_u_pp_scale_multiplier/product__1 input u_pqm_pl_top/u_measurement_core/u_time_x100_normalizer/u_u_pp_scale_multiplier/product__1/B[17:0] is not pipelined. Pipelining DSP48 input will improve performance.
Related violations: <none>

DPIP-1#152 Warning
Input pipelining  
DSP u_pqm_pl_top/u_measurement_core/u_time_x100_normalizer/u_u_rms_raw_to_x100/u_scale_multiplier/product input u_pqm_pl_top/u_measurement_core/u_time_x100_normalizer/u_u_rms_raw_to_x100/u_scale_multiplier/product/A[29:0] is not pipelined. Pipelining DSP48 input will improve performance.
Related violations: <none>

DPIP-1#153 Warning
Input pipelining  
DSP u_pqm_pl_top/u_measurement_core/u_time_x100_normalizer/u_u_rms_raw_to_x100/u_scale_multiplier/product input u_pqm_pl_top/u_measurement_core/u_time_x100_normalizer/u_u_rms_raw_to_x100/u_scale_multiplier/product/B[17:0] is not pipelined. Pipelining DSP48 input will improve performance.
Related violations: <none>

DPIP-1#154 Warning
Input pipelining  
DSP u_pqm_pl_top/u_measurement_core/u_time_x100_normalizer/u_u_rms_raw_to_x100/u_scale_multiplier/product__0 input u_pqm_pl_top/u_measurement_core/u_time_x100_normalizer/u_u_rms_raw_to_x100/u_scale_multiplier/product__0/A[29:0] is not pipelined. Pipelining DSP48 input will improve performance.
Related violations: <none>

DPOP-1#1 Warning
PREG Output pipelining  
DSP u_pqm_pl_top/u_measurement_core/u_freq_analysis/u_frontend/u_rfg_i/u_bin_engine/u_multiplier_scheduler/g_lane[0].u_mul/dsp_product output u_pqm_pl_top/u_measurement_core/u_freq_analysis/u_frontend/u_rfg_i/u_bin_engine/u_multiplier_scheduler/g_lane[0].u_mul/dsp_product/P[47:0] is not pipelined (PREG=0). Pipelining the DSP48 output will improve performance and often saves power so it is suggested whenever possible to fully pipeline this function.  If this DSP48 function was inferred, it is suggested to describe an additional register stage after this function.  If the DSP48 was instantiated in the design, it is suggested to set the PREG attribute to 1.
Related violations: <none>

DPOP-1#2 Warning
PREG Output pipelining  
DSP u_pqm_pl_top/u_measurement_core/u_freq_analysis/u_frontend/u_rfg_u/u_bin_engine/u_multiplier_scheduler/g_lane[0].u_mul/dsp_product output u_pqm_pl_top/u_measurement_core/u_freq_analysis/u_frontend/u_rfg_u/u_bin_engine/u_multiplier_scheduler/g_lane[0].u_mul/dsp_product/P[47:0] is not pipelined (PREG=0). Pipelining the DSP48 output will improve performance and often saves power so it is suggested whenever possible to fully pipeline this function.  If this DSP48 function was inferred, it is suggested to describe an additional register stage after this function.  If the DSP48 was instantiated in the design, it is suggested to set the PREG attribute to 1.
Related violations: <none>

DPOP-1#3 Warning
PREG Output pipelining  
DSP u_pqm_pl_top/u_measurement_core/u_freq_analysis/u_harmonic_stats/u_mul_i_percent/product output u_pqm_pl_top/u_measurement_core/u_freq_analysis/u_harmonic_stats/u_mul_i_percent/product/P[47:0] is not pipelined (PREG=0). Pipelining the DSP48 output will improve performance and often saves power so it is suggested whenever possible to fully pipeline this function.  If this DSP48 function was inferred, it is suggested to describe an additional register stage after this function.  If the DSP48 was instantiated in the design, it is suggested to set the PREG attribute to 1.
Related violations: <none>

DPOP-1#4 Warning
PREG Output pipelining  
DSP u_pqm_pl_top/u_measurement_core/u_freq_analysis/u_harmonic_stats/u_mul_u_percent/product output u_pqm_pl_top/u_measurement_core/u_freq_analysis/u_harmonic_stats/u_mul_u_percent/product/P[47:0] is not pipelined (PREG=0). Pipelining the DSP48 output will improve performance and often saves power so it is suggested whenever possible to fully pipeline this function.  If this DSP48 function was inferred, it is suggested to describe an additional register stage after this function.  If the DSP48 was instantiated in the design, it is suggested to set the PREG attribute to 1.
Related violations: <none>

DPOP-1#5 Warning
PREG Output pipelining  
DSP u_pqm_pl_top/u_measurement_core/u_freq_analysis/u_magnitude_calc/u_mul_i_imag_sq/product output u_pqm_pl_top/u_measurement_core/u_freq_analysis/u_magnitude_calc/u_mul_i_imag_sq/product/P[47:0] is not pipelined (PREG=0). Pipelining the DSP48 output will improve performance and often saves power so it is suggested whenever possible to fully pipeline this function.  If this DSP48 function was inferred, it is suggested to describe an additional register stage after this function.  If the DSP48 was instantiated in the design, it is suggested to set the PREG attribute to 1.
Related violations: <none>

DPOP-1#6 Warning
PREG Output pipelining  
DSP u_pqm_pl_top/u_measurement_core/u_freq_analysis/u_magnitude_calc/u_mul_i_real_sq/product output u_pqm_pl_top/u_measurement_core/u_freq_analysis/u_magnitude_calc/u_mul_i_real_sq/product/P[47:0] is not pipelined (PREG=0). Pipelining the DSP48 output will improve performance and often saves power so it is suggested whenever possible to fully pipeline this function.  If this DSP48 function was inferred, it is suggested to describe an additional register stage after this function.  If the DSP48 was instantiated in the design, it is suggested to set the PREG attribute to 1.
Related violations: <none>

DPOP-1#7 Warning
PREG Output pipelining  
DSP u_pqm_pl_top/u_measurement_core/u_freq_analysis/u_magnitude_calc/u_mul_u_imag_sq/product output u_pqm_pl_top/u_measurement_core/u_freq_analysis/u_magnitude_calc/u_mul_u_imag_sq/product/P[47:0] is not pipelined (PREG=0). Pipelining the DSP48 output will improve performance and often saves power so it is suggested whenever possible to fully pipeline this function.  If this DSP48 function was inferred, it is suggested to describe an additional register stage after this function.  If the DSP48 was instantiated in the design, it is suggested to set the PREG attribute to 1.
Related violations: <none>

DPOP-1#8 Warning
PREG Output pipelining  
DSP u_pqm_pl_top/u_measurement_core/u_freq_analysis/u_magnitude_calc/u_mul_u_real_sq/product output u_pqm_pl_top/u_measurement_core/u_freq_analysis/u_magnitude_calc/u_mul_u_real_sq/product/P[47:0] is not pipelined (PREG=0). Pipelining the DSP48 output will improve performance and often saves power so it is suggested whenever possible to fully pipeline this function.  If this DSP48 function was inferred, it is suggested to describe an additional register stage after this function.  If the DSP48 was instantiated in the design, it is suggested to set the PREG attribute to 1.
Related violations: <none>

DPOP-1#9 Warning
PREG Output pipelining  
DSP u_pqm_pl_top/u_measurement_core/u_freq_analysis/u_magnitude_calc/u_sqrt_i_mag/candidate_sq output u_pqm_pl_top/u_measurement_core/u_freq_analysis/u_magnitude_calc/u_sqrt_i_mag/candidate_sq/P[47:0] is not pipelined (PREG=0). Pipelining the DSP48 output will improve performance and often saves power so it is suggested whenever possible to fully pipeline this function.  If this DSP48 function was inferred, it is suggested to describe an additional register stage after this function.  If the DSP48 was instantiated in the design, it is suggested to set the PREG attribute to 1.
Related violations: <none>

DPOP-1#10 Warning
PREG Output pipelining  
DSP u_pqm_pl_top/u_measurement_core/u_freq_analysis/u_magnitude_calc/u_sqrt_u_mag/candidate_sq output u_pqm_pl_top/u_measurement_core/u_freq_analysis/u_magnitude_calc/u_sqrt_u_mag/candidate_sq/P[47:0] is not pipelined (PREG=0). Pipelining the DSP48 output will improve performance and often saves power so it is suggested whenever possible to fully pipeline this function.  If this DSP48 function was inferred, it is suggested to describe an additional register stage after this function.  If the DSP48 was instantiated in the design, it is suggested to set the PREG attribute to 1.
Related violations: <none>

DPOP-1#11 Warning
PREG Output pipelining  
DSP u_pqm_pl_top/u_measurement_core/u_freq_analysis/u_phase_vector_calc/u_mul_ur_ii/product output u_pqm_pl_top/u_measurement_core/u_freq_analysis/u_phase_vector_calc/u_mul_ur_ii/product/P[47:0] is not pipelined (PREG=0). Pipelining the DSP48 output will improve performance and often saves power so it is suggested whenever possible to fully pipeline this function.  If this DSP48 function was inferred, it is suggested to describe an additional register stage after this function.  If the DSP48 was instantiated in the design, it is suggested to set the PREG attribute to 1.
Related violations: <none>

DPOP-1#12 Warning
PREG Output pipelining  
DSP u_pqm_pl_top/u_measurement_core/u_freq_analysis/u_phase_vector_calc/u_mul_ur_ir/product output u_pqm_pl_top/u_measurement_core/u_freq_analysis/u_phase_vector_calc/u_mul_ur_ir/product/P[47:0] is not pipelined (PREG=0). Pipelining the DSP48 output will improve performance and often saves power so it is suggested whenever possible to fully pipeline this function.  If this DSP48 function was inferred, it is suggested to describe an additional register stage after this function.  If the DSP48 was instantiated in the design, it is suggested to set the PREG attribute to 1.
Related violations: <none>

DPOP-1#13 Warning
PREG Output pipelining  
DSP u_pqm_pl_top/u_measurement_core/u_freq_metrics_raw_calc/u_freq_thd_raw_calc/u_i_thd_scale_multiplier/product output u_pqm_pl_top/u_measurement_core/u_freq_metrics_raw_calc/u_freq_thd_raw_calc/u_i_thd_scale_multiplier/product/P[47:0] is not pipelined (PREG=0). Pipelining the DSP48 output will improve performance and often saves power so it is suggested whenever possible to fully pipeline this function.  If this DSP48 function was inferred, it is suggested to describe an additional register stage after this function.  If the DSP48 was instantiated in the design, it is suggested to set the PREG attribute to 1.
Related violations: <none>

DPOP-1#14 Warning
PREG Output pipelining  
DSP u_pqm_pl_top/u_measurement_core/u_freq_metrics_raw_calc/u_freq_thd_raw_calc/u_i_thd_sqrt/candidate_sq output u_pqm_pl_top/u_measurement_core/u_freq_metrics_raw_calc/u_freq_thd_raw_calc/u_i_thd_sqrt/candidate_sq/P[47:0] is not pipelined (PREG=0). Pipelining the DSP48 output will improve performance and often saves power so it is suggested whenever possible to fully pipeline this function.  If this DSP48 function was inferred, it is suggested to describe an additional register stage after this function.  If the DSP48 was instantiated in the design, it is suggested to set the PREG attribute to 1.
Related violations: <none>

DPOP-1#15 Warning
PREG Output pipelining  
DSP u_pqm_pl_top/u_measurement_core/u_freq_metrics_raw_calc/u_freq_thd_raw_calc/u_i_thd_sqrt/candidate_sq__0 output u_pqm_pl_top/u_measurement_core/u_freq_metrics_raw_calc/u_freq_thd_raw_calc/u_i_thd_sqrt/candidate_sq__0/P[47:0] is not pipelined (PREG=0). Pipelining the DSP48 output will improve performance and often saves power so it is suggested whenever possible to fully pipeline this function.  If this DSP48 function was inferred, it is suggested to describe an additional register stage after this function.  If the DSP48 was instantiated in the design, it is suggested to set the PREG attribute to 1.
Related violations: <none>

DPOP-1#16 Warning
PREG Output pipelining  
DSP u_pqm_pl_top/u_measurement_core/u_freq_metrics_raw_calc/u_freq_thd_raw_calc/u_u_thd_scale_multiplier/product output u_pqm_pl_top/u_measurement_core/u_freq_metrics_raw_calc/u_freq_thd_raw_calc/u_u_thd_scale_multiplier/product/P[47:0] is not pipelined (PREG=0). Pipelining the DSP48 output will improve performance and often saves power so it is suggested whenever possible to fully pipeline this function.  If this DSP48 function was inferred, it is suggested to describe an additional register stage after this function.  If the DSP48 was instantiated in the design, it is suggested to set the PREG attribute to 1.
Related violations: <none>

DPOP-1#17 Warning
PREG Output pipelining  
DSP u_pqm_pl_top/u_measurement_core/u_freq_metrics_raw_calc/u_freq_thd_raw_calc/u_u_thd_sqrt/candidate_sq output u_pqm_pl_top/u_measurement_core/u_freq_metrics_raw_calc/u_freq_thd_raw_calc/u_u_thd_sqrt/candidate_sq/P[47:0] is not pipelined (PREG=0). Pipelining the DSP48 output will improve performance and often saves power so it is suggested whenever possible to fully pipeline this function.  If this DSP48 function was inferred, it is suggested to describe an additional register stage after this function.  If the DSP48 was instantiated in the design, it is suggested to set the PREG attribute to 1.
Related violations: <none>

DPOP-1#18 Warning
PREG Output pipelining  
DSP u_pqm_pl_top/u_measurement_core/u_freq_metrics_raw_calc/u_freq_thd_raw_calc/u_u_thd_sqrt/candidate_sq__0 output u_pqm_pl_top/u_measurement_core/u_freq_metrics_raw_calc/u_freq_thd_raw_calc/u_u_thd_sqrt/candidate_sq__0/P[47:0] is not pipelined (PREG=0). Pipelining the DSP48 output will improve performance and often saves power so it is suggested whenever possible to fully pipeline this function.  If this DSP48 function was inferred, it is suggested to describe an additional register stage after this function.  If the DSP48 was instantiated in the design, it is suggested to set the PREG attribute to 1.
Related violations: <none>

DPOP-1#19 Warning
PREG Output pipelining  
DSP u_pqm_pl_top/u_measurement_core/u_freq_metrics_raw_calc/u_i_mag_square_multiplier/product output u_pqm_pl_top/u_measurement_core/u_freq_metrics_raw_calc/u_i_mag_square_multiplier/product/P[47:0] is not pipelined (PREG=0). Pipelining the DSP48 output will improve performance and often saves power so it is suggested whenever possible to fully pipeline this function.  If this DSP48 function was inferred, it is suggested to describe an additional register stage after this function.  If the DSP48 was instantiated in the design, it is suggested to set the PREG attribute to 1.
Related violations: <none>

DPOP-1#20 Warning
PREG Output pipelining  
DSP u_pqm_pl_top/u_measurement_core/u_freq_metrics_raw_calc/u_u_mag_square_multiplier/product output u_pqm_pl_top/u_measurement_core/u_freq_metrics_raw_calc/u_u_mag_square_multiplier/product/P[47:0] is not pipelined (PREG=0). Pipelining the DSP48 output will improve performance and often saves power so it is suggested whenever possible to fully pipeline this function.  If this DSP48 function was inferred, it is suggested to describe an additional register stage after this function.  If the DSP48 was instantiated in the design, it is suggested to set the PREG attribute to 1.
Related violations: <none>

DPOP-1#21 Warning
PREG Output pipelining  
DSP u_pqm_pl_top/u_measurement_core/u_time_parameters_initiator/u_power_metrics_calc/u_active_square_multiplier/product output u_pqm_pl_top/u_measurement_core/u_time_parameters_initiator/u_power_metrics_calc/u_active_square_multiplier/product/P[47:0] is not pipelined (PREG=0). Pipelining the DSP48 output will improve performance and often saves power so it is suggested whenever possible to fully pipeline this function.  If this DSP48 function was inferred, it is suggested to describe an additional register stage after this function.  If the DSP48 was instantiated in the design, it is suggested to set the PREG attribute to 1.
Related violations: <none>

DPOP-1#22 Warning
PREG Output pipelining  
DSP u_pqm_pl_top/u_measurement_core/u_time_parameters_initiator/u_power_metrics_calc/u_active_square_multiplier/product__0 output u_pqm_pl_top/u_measurement_core/u_time_parameters_initiator/u_power_metrics_calc/u_active_square_multiplier/product__0/P[47:0] is not pipelined (PREG=0). Pipelining the DSP48 output will improve performance and often saves power so it is suggested whenever possible to fully pipeline this function.  If this DSP48 function was inferred, it is suggested to describe an additional register stage after this function.  If the DSP48 was instantiated in the design, it is suggested to set the PREG attribute to 1.
Related violations: <none>

DPOP-1#23 Warning
PREG Output pipelining  
DSP u_pqm_pl_top/u_measurement_core/u_time_parameters_initiator/u_power_metrics_calc/u_active_square_multiplier/product__1 output u_pqm_pl_top/u_measurement_core/u_time_parameters_initiator/u_power_metrics_calc/u_active_square_multiplier/product__1/P[47:0] is not pipelined (PREG=0). Pipelining the DSP48 output will improve performance and often saves power so it is suggested whenever possible to fully pipeline this function.  If this DSP48 function was inferred, it is suggested to describe an additional register stage after this function.  If the DSP48 was instantiated in the design, it is suggested to set the PREG attribute to 1.
Related violations: <none>

DPOP-1#24 Warning
PREG Output pipelining  
DSP u_pqm_pl_top/u_measurement_core/u_time_parameters_initiator/u_power_metrics_calc/u_active_square_multiplier/product__2 output u_pqm_pl_top/u_measurement_core/u_time_parameters_initiator/u_power_metrics_calc/u_active_square_multiplier/product__2/P[47:0] is not pipelined (PREG=0). Pipelining the DSP48 output will improve performance and often saves power so it is suggested whenever possible to fully pipeline this function.  If this DSP48 function was inferred, it is suggested to describe an additional register stage after this function.  If the DSP48 was instantiated in the design, it is suggested to set the PREG attribute to 1.
Related violations: <none>

DPOP-1#25 Warning
PREG Output pipelining  
DSP u_pqm_pl_top/u_measurement_core/u_time_parameters_initiator/u_power_metrics_calc/u_apparent_square_multiplier/product output u_pqm_pl_top/u_measurement_core/u_time_parameters_initiator/u_power_metrics_calc/u_apparent_square_multiplier/product/P[47:0] is not pipelined (PREG=0). Pipelining the DSP48 output will improve performance and often saves power so it is suggested whenever possible to fully pipeline this function.  If this DSP48 function was inferred, it is suggested to describe an additional register stage after this function.  If the DSP48 was instantiated in the design, it is suggested to set the PREG attribute to 1.
Related violations: <none>

DPOP-1#26 Warning
PREG Output pipelining  
DSP u_pqm_pl_top/u_measurement_core/u_time_parameters_initiator/u_power_metrics_calc/u_apparent_square_multiplier/product__0 output u_pqm_pl_top/u_measurement_core/u_time_parameters_initiator/u_power_metrics_calc/u_apparent_square_multiplier/product__0/P[47:0] is not pipelined (PREG=0). Pipelining the DSP48 output will improve performance and often saves power so it is suggested whenever possible to fully pipeline this function.  If this DSP48 function was inferred, it is suggested to describe an additional register stage after this function.  If the DSP48 was instantiated in the design, it is suggested to set the PREG attribute to 1.
Related violations: <none>

DPOP-1#27 Warning
PREG Output pipelining  
DSP u_pqm_pl_top/u_measurement_core/u_time_parameters_initiator/u_power_metrics_calc/u_apparent_square_multiplier/product__1 output u_pqm_pl_top/u_measurement_core/u_time_parameters_initiator/u_power_metrics_calc/u_apparent_square_multiplier/product__1/P[47:0] is not pipelined (PREG=0). Pipelining the DSP48 output will improve performance and often saves power so it is suggested whenever possible to fully pipeline this function.  If this DSP48 function was inferred, it is suggested to describe an additional register stage after this function.  If the DSP48 was instantiated in the design, it is suggested to set the PREG attribute to 1.
Related violations: <none>

DPOP-1#28 Warning
PREG Output pipelining  
DSP u_pqm_pl_top/u_measurement_core/u_time_parameters_initiator/u_power_metrics_calc/u_apparent_square_multiplier/product__2 output u_pqm_pl_top/u_measurement_core/u_time_parameters_initiator/u_power_metrics_calc/u_apparent_square_multiplier/product__2/P[47:0] is not pipelined (PREG=0). Pipelining the DSP48 output will improve performance and often saves power so it is suggested whenever possible to fully pipeline this function.  If this DSP48 function was inferred, it is suggested to describe an additional register stage after this function.  If the DSP48 was instantiated in the design, it is suggested to set the PREG attribute to 1.
Related violations: <none>

DPOP-1#29 Warning
PREG Output pipelining  
DSP u_pqm_pl_top/u_measurement_core/u_time_parameters_initiator/u_power_metrics_calc/u_reactive_q_sqrt/candidate_sq output u_pqm_pl_top/u_measurement_core/u_time_parameters_initiator/u_power_metrics_calc/u_reactive_q_sqrt/candidate_sq/P[47:0] is not pipelined (PREG=0). Pipelining the DSP48 output will improve performance and often saves power so it is suggested whenever possible to fully pipeline this function.  If this DSP48 function was inferred, it is suggested to describe an additional register stage after this function.  If the DSP48 was instantiated in the design, it is suggested to set the PREG attribute to 1.
Related violations: <none>

DPOP-1#30 Warning
PREG Output pipelining  
DSP u_pqm_pl_top/u_measurement_core/u_time_parameters_initiator/u_power_metrics_calc/u_reactive_q_sqrt/candidate_sq__0 output u_pqm_pl_top/u_measurement_core/u_time_parameters_initiator/u_power_metrics_calc/u_reactive_q_sqrt/candidate_sq__0/P[47:0] is not pipelined (PREG=0). Pipelining the DSP48 output will improve performance and often saves power so it is suggested whenever possible to fully pipeline this function.  If this DSP48 function was inferred, it is suggested to describe an additional register stage after this function.  If the DSP48 was instantiated in the design, it is suggested to set the PREG attribute to 1.
Related violations: <none>

DPOP-1#31 Warning
PREG Output pipelining  
DSP u_pqm_pl_top/u_measurement_core/u_time_parameters_initiator/u_power_metrics_calc/u_reactive_q_sqrt/candidate_sq__1 output u_pqm_pl_top/u_measurement_core/u_time_parameters_initiator/u_power_metrics_calc/u_reactive_q_sqrt/candidate_sq__1/P[47:0] is not pipelined (PREG=0). Pipelining the DSP48 output will improve performance and often saves power so it is suggested whenever possible to fully pipeline this function.  If this DSP48 function was inferred, it is suggested to describe an additional register stage after this function.  If the DSP48 was instantiated in the design, it is suggested to set the PREG attribute to 1.
Related violations: <none>

DPOP-1#32 Warning
PREG Output pipelining  
DSP u_pqm_pl_top/u_measurement_core/u_time_parameters_initiator/u_power_metrics_calc/u_reactive_q_sqrt/candidate_sq__2 output u_pqm_pl_top/u_measurement_core/u_time_parameters_initiator/u_power_metrics_calc/u_reactive_q_sqrt/candidate_sq__2/P[47:0] is not pipelined (PREG=0). Pipelining the DSP48 output will improve performance and often saves power so it is suggested whenever possible to fully pipeline this function.  If this DSP48 function was inferred, it is suggested to describe an additional register stage after this function.  If the DSP48 was instantiated in the design, it is suggested to set the PREG attribute to 1.
Related violations: <none>

DPOP-1#33 Warning
PREG Output pipelining  
DSP u_pqm_pl_top/u_measurement_core/u_time_parameters_initiator/u_power_metrics_calc/u_rms_code_multiplier/product output u_pqm_pl_top/u_measurement_core/u_time_parameters_initiator/u_power_metrics_calc/u_rms_code_multiplier/product/P[47:0] is not pipelined (PREG=0). Pipelining the DSP48 output will improve performance and often saves power so it is suggested whenever possible to fully pipeline this function.  If this DSP48 function was inferred, it is suggested to describe an additional register stage after this function.  If the DSP48 was instantiated in the design, it is suggested to set the PREG attribute to 1.
Related violations: <none>

DPOP-1#34 Warning
PREG Output pipelining  
DSP u_pqm_pl_top/u_measurement_core/u_time_parameters_initiator/u_ui_rms_measure/u_i_rms_sqrt/candidate_sq output u_pqm_pl_top/u_measurement_core/u_time_parameters_initiator/u_ui_rms_measure/u_i_rms_sqrt/candidate_sq/P[47:0] is not pipelined (PREG=0). Pipelining the DSP48 output will improve performance and often saves power so it is suggested whenever possible to fully pipeline this function.  If this DSP48 function was inferred, it is suggested to describe an additional register stage after this function.  If the DSP48 was instantiated in the design, it is suggested to set the PREG attribute to 1.
Related violations: <none>

DPOP-1#35 Warning
PREG Output pipelining  
DSP u_pqm_pl_top/u_measurement_core/u_time_parameters_initiator/u_ui_rms_measure/u_i_rms_sqrt/candidate_sq__0 output u_pqm_pl_top/u_measurement_core/u_time_parameters_initiator/u_ui_rms_measure/u_i_rms_sqrt/candidate_sq__0/P[47:0] is not pipelined (PREG=0). Pipelining the DSP48 output will improve performance and often saves power so it is suggested whenever possible to fully pipeline this function.  If this DSP48 function was inferred, it is suggested to describe an additional register stage after this function.  If the DSP48 was instantiated in the design, it is suggested to set the PREG attribute to 1.
Related violations: <none>

DPOP-1#36 Warning
PREG Output pipelining  
DSP u_pqm_pl_top/u_measurement_core/u_time_parameters_initiator/u_ui_rms_measure/u_i_rms_sqrt/candidate_sq__1 output u_pqm_pl_top/u_measurement_core/u_time_parameters_initiator/u_ui_rms_measure/u_i_rms_sqrt/candidate_sq__1/P[47:0] is not pipelined (PREG=0). Pipelining the DSP48 output will improve performance and often saves power so it is suggested whenever possible to fully pipeline this function.  If this DSP48 function was inferred, it is suggested to describe an additional register stage after this function.  If the DSP48 was instantiated in the design, it is suggested to set the PREG attribute to 1.
Related violations: <none>

DPOP-1#37 Warning
PREG Output pipelining  
DSP u_pqm_pl_top/u_measurement_core/u_time_parameters_initiator/u_ui_rms_measure/u_i_rms_sqrt/candidate_sq__2 output u_pqm_pl_top/u_measurement_core/u_time_parameters_initiator/u_ui_rms_measure/u_i_rms_sqrt/candidate_sq__2/P[47:0] is not pipelined (PREG=0). Pipelining the DSP48 output will improve performance and often saves power so it is suggested whenever possible to fully pipeline this function.  If this DSP48 function was inferred, it is suggested to describe an additional register stage after this function.  If the DSP48 was instantiated in the design, it is suggested to set the PREG attribute to 1.
Related violations: <none>

DPOP-1#38 Warning
PREG Output pipelining  
DSP u_pqm_pl_top/u_measurement_core/u_time_parameters_initiator/u_ui_rms_measure/u_i_square_multiplier/product output u_pqm_pl_top/u_measurement_core/u_time_parameters_initiator/u_ui_rms_measure/u_i_square_multiplier/product/P[47:0] is not pipelined (PREG=0). Pipelining the DSP48 output will improve performance and often saves power so it is suggested whenever possible to fully pipeline this function.  If this DSP48 function was inferred, it is suggested to describe an additional register stage after this function.  If the DSP48 was instantiated in the design, it is suggested to set the PREG attribute to 1.
Related violations: <none>

DPOP-1#39 Warning
PREG Output pipelining  
DSP u_pqm_pl_top/u_measurement_core/u_time_parameters_initiator/u_ui_rms_measure/u_u_rms_sqrt/candidate_sq output u_pqm_pl_top/u_measurement_core/u_time_parameters_initiator/u_ui_rms_measure/u_u_rms_sqrt/candidate_sq/P[47:0] is not pipelined (PREG=0). Pipelining the DSP48 output will improve performance and often saves power so it is suggested whenever possible to fully pipeline this function.  If this DSP48 function was inferred, it is suggested to describe an additional register stage after this function.  If the DSP48 was instantiated in the design, it is suggested to set the PREG attribute to 1.
Related violations: <none>

DPOP-1#40 Warning
PREG Output pipelining  
DSP u_pqm_pl_top/u_measurement_core/u_time_parameters_initiator/u_ui_rms_measure/u_u_rms_sqrt/candidate_sq__0 output u_pqm_pl_top/u_measurement_core/u_time_parameters_initiator/u_ui_rms_measure/u_u_rms_sqrt/candidate_sq__0/P[47:0] is not pipelined (PREG=0). Pipelining the DSP48 output will improve performance and often saves power so it is suggested whenever possible to fully pipeline this function.  If this DSP48 function was inferred, it is suggested to describe an additional register stage after this function.  If the DSP48 was instantiated in the design, it is suggested to set the PREG attribute to 1.
Related violations: <none>

DPOP-1#41 Warning
PREG Output pipelining  
DSP u_pqm_pl_top/u_measurement_core/u_time_parameters_initiator/u_ui_rms_measure/u_u_rms_sqrt/candidate_sq__1 output u_pqm_pl_top/u_measurement_core/u_time_parameters_initiator/u_ui_rms_measure/u_u_rms_sqrt/candidate_sq__1/P[47:0] is not pipelined (PREG=0). Pipelining the DSP48 output will improve performance and often saves power so it is suggested whenever possible to fully pipeline this function.  If this DSP48 function was inferred, it is suggested to describe an additional register stage after this function.  If the DSP48 was instantiated in the design, it is suggested to set the PREG attribute to 1.
Related violations: <none>

DPOP-1#42 Warning
PREG Output pipelining  
DSP u_pqm_pl_top/u_measurement_core/u_time_parameters_initiator/u_ui_rms_measure/u_u_rms_sqrt/candidate_sq__2 output u_pqm_pl_top/u_measurement_core/u_time_parameters_initiator/u_ui_rms_measure/u_u_rms_sqrt/candidate_sq__2/P[47:0] is not pipelined (PREG=0). Pipelining the DSP48 output will improve performance and often saves power so it is suggested whenever possible to fully pipeline this function.  If this DSP48 function was inferred, it is suggested to describe an additional register stage after this function.  If the DSP48 was instantiated in the design, it is suggested to set the PREG attribute to 1.
Related violations: <none>

DPOP-1#43 Warning
PREG Output pipelining  
DSP u_pqm_pl_top/u_measurement_core/u_time_parameters_initiator/u_ui_rms_measure/u_u_square_multiplier/product output u_pqm_pl_top/u_measurement_core/u_time_parameters_initiator/u_ui_rms_measure/u_u_square_multiplier/product/P[47:0] is not pipelined (PREG=0). Pipelining the DSP48 output will improve performance and often saves power so it is suggested whenever possible to fully pipeline this function.  If this DSP48 function was inferred, it is suggested to describe an additional register stage after this function.  If the DSP48 was instantiated in the design, it is suggested to set the PREG attribute to 1.
Related violations: <none>

DPOP-1#44 Warning
PREG Output pipelining  
DSP u_pqm_pl_top/u_measurement_core/u_time_parameters_initiator/u_ui_rms_measure/u_ui_product_multiplier/product output u_pqm_pl_top/u_measurement_core/u_time_parameters_initiator/u_ui_rms_measure/u_ui_product_multiplier/product/P[47:0] is not pipelined (PREG=0). Pipelining the DSP48 output will improve performance and often saves power so it is suggested whenever possible to fully pipeline this function.  If this DSP48 function was inferred, it is suggested to describe an additional register stage after this function.  If the DSP48 was instantiated in the design, it is suggested to set the PREG attribute to 1.
Related violations: <none>

DPOP-1#45 Warning
PREG Output pipelining  
DSP u_pqm_pl_top/u_measurement_core/u_time_x100_normalizer/u_active_p_scale_multiplier/product output u_pqm_pl_top/u_measurement_core/u_time_x100_normalizer/u_active_p_scale_multiplier/product/P[47:0] is not pipelined (PREG=0). Pipelining the DSP48 output will improve performance and often saves power so it is suggested whenever possible to fully pipeline this function.  If this DSP48 function was inferred, it is suggested to describe an additional register stage after this function.  If the DSP48 was instantiated in the design, it is suggested to set the PREG attribute to 1.
Related violations: <none>

DPOP-1#46 Warning
PREG Output pipelining  
DSP u_pqm_pl_top/u_measurement_core/u_time_x100_normalizer/u_active_p_scale_multiplier/product__0 output u_pqm_pl_top/u_measurement_core/u_time_x100_normalizer/u_active_p_scale_multiplier/product__0/P[47:0] is not pipelined (PREG=0). Pipelining the DSP48 output will improve performance and often saves power so it is suggested whenever possible to fully pipeline this function.  If this DSP48 function was inferred, it is suggested to describe an additional register stage after this function.  If the DSP48 was instantiated in the design, it is suggested to set the PREG attribute to 1.
Related violations: <none>

DPOP-1#47 Warning
PREG Output pipelining  
DSP u_pqm_pl_top/u_measurement_core/u_time_x100_normalizer/u_active_p_scale_multiplier/product__1 output u_pqm_pl_top/u_measurement_core/u_time_x100_normalizer/u_active_p_scale_multiplier/product__1/P[47:0] is not pipelined (PREG=0). Pipelining the DSP48 output will improve performance and often saves power so it is suggested whenever possible to fully pipeline this function.  If this DSP48 function was inferred, it is suggested to describe an additional register stage after this function.  If the DSP48 was instantiated in the design, it is suggested to set the PREG attribute to 1.
Related violations: <none>

DPOP-1#48 Warning
PREG Output pipelining  
DSP u_pqm_pl_top/u_measurement_core/u_time_x100_normalizer/u_active_p_scale_multiplier/product__2 output u_pqm_pl_top/u_measurement_core/u_time_x100_normalizer/u_active_p_scale_multiplier/product__2/P[47:0] is not pipelined (PREG=0). Pipelining the DSP48 output will improve performance and often saves power so it is suggested whenever possible to fully pipeline this function.  If this DSP48 function was inferred, it is suggested to describe an additional register stage after this function.  If the DSP48 was instantiated in the design, it is suggested to set the PREG attribute to 1.
Related violations: <none>

DPOP-1#49 Warning
PREG Output pipelining  
DSP u_pqm_pl_top/u_measurement_core/u_time_x100_normalizer/u_active_p_scale_multiplier/product__3 output u_pqm_pl_top/u_measurement_core/u_time_x100_normalizer/u_active_p_scale_multiplier/product__3/P[47:0] is not pipelined (PREG=0). Pipelining the DSP48 output will improve performance and often saves power so it is suggested whenever possible to fully pipeline this function.  If this DSP48 function was inferred, it is suggested to describe an additional register stage after this function.  If the DSP48 was instantiated in the design, it is suggested to set the PREG attribute to 1.
Related violations: <none>

DPOP-1#50 Warning
PREG Output pipelining  
DSP u_pqm_pl_top/u_measurement_core/u_time_x100_normalizer/u_active_p_scale_multiplier/product__4 output u_pqm_pl_top/u_measurement_core/u_time_x100_normalizer/u_active_p_scale_multiplier/product__4/P[47:0] is not pipelined (PREG=0). Pipelining the DSP48 output will improve performance and often saves power so it is suggested whenever possible to fully pipeline this function.  If this DSP48 function was inferred, it is suggested to describe an additional register stage after this function.  If the DSP48 was instantiated in the design, it is suggested to set the PREG attribute to 1.
Related violations: <none>

DPOP-1#51 Warning
PREG Output pipelining  
DSP u_pqm_pl_top/u_measurement_core/u_time_x100_normalizer/u_active_p_scale_multiplier/product__5 output u_pqm_pl_top/u_measurement_core/u_time_x100_normalizer/u_active_p_scale_multiplier/product__5/P[47:0] is not pipelined (PREG=0). Pipelining the DSP48 output will improve performance and often saves power so it is suggested whenever possible to fully pipeline this function.  If this DSP48 function was inferred, it is suggested to describe an additional register stage after this function.  If the DSP48 was instantiated in the design, it is suggested to set the PREG attribute to 1.
Related violations: <none>

DPOP-1#52 Warning
PREG Output pipelining  
DSP u_pqm_pl_top/u_measurement_core/u_time_x100_normalizer/u_active_p_scale_multiplier/product__6 output u_pqm_pl_top/u_measurement_core/u_time_x100_normalizer/u_active_p_scale_multiplier/product__6/P[47:0] is not pipelined (PREG=0). Pipelining the DSP48 output will improve performance and often saves power so it is suggested whenever possible to fully pipeline this function.  If this DSP48 function was inferred, it is suggested to describe an additional register stage after this function.  If the DSP48 was instantiated in the design, it is suggested to set the PREG attribute to 1.
Related violations: <none>

DPOP-1#53 Warning
PREG Output pipelining  
DSP u_pqm_pl_top/u_measurement_core/u_time_x100_normalizer/u_apparent_s_scale_multiplier/product output u_pqm_pl_top/u_measurement_core/u_time_x100_normalizer/u_apparent_s_scale_multiplier/product/P[47:0] is not pipelined (PREG=0). Pipelining the DSP48 output will improve performance and often saves power so it is suggested whenever possible to fully pipeline this function.  If this DSP48 function was inferred, it is suggested to describe an additional register stage after this function.  If the DSP48 was instantiated in the design, it is suggested to set the PREG attribute to 1.
Related violations: <none>

DPOP-1#54 Warning
PREG Output pipelining  
DSP u_pqm_pl_top/u_measurement_core/u_time_x100_normalizer/u_apparent_s_scale_multiplier/product__0 output u_pqm_pl_top/u_measurement_core/u_time_x100_normalizer/u_apparent_s_scale_multiplier/product__0/P[47:0] is not pipelined (PREG=0). Pipelining the DSP48 output will improve performance and often saves power so it is suggested whenever possible to fully pipeline this function.  If this DSP48 function was inferred, it is suggested to describe an additional register stage after this function.  If the DSP48 was instantiated in the design, it is suggested to set the PREG attribute to 1.
Related violations: <none>

DPOP-1#55 Warning
PREG Output pipelining  
DSP u_pqm_pl_top/u_measurement_core/u_time_x100_normalizer/u_apparent_s_scale_multiplier/product__1 output u_pqm_pl_top/u_measurement_core/u_time_x100_normalizer/u_apparent_s_scale_multiplier/product__1/P[47:0] is not pipelined (PREG=0). Pipelining the DSP48 output will improve performance and often saves power so it is suggested whenever possible to fully pipeline this function.  If this DSP48 function was inferred, it is suggested to describe an additional register stage after this function.  If the DSP48 was instantiated in the design, it is suggested to set the PREG attribute to 1.
Related violations: <none>

DPOP-1#56 Warning
PREG Output pipelining  
DSP u_pqm_pl_top/u_measurement_core/u_time_x100_normalizer/u_apparent_s_scale_multiplier/product__2 output u_pqm_pl_top/u_measurement_core/u_time_x100_normalizer/u_apparent_s_scale_multiplier/product__2/P[47:0] is not pipelined (PREG=0). Pipelining the DSP48 output will improve performance and often saves power so it is suggested whenever possible to fully pipeline this function.  If this DSP48 function was inferred, it is suggested to describe an additional register stage after this function.  If the DSP48 was instantiated in the design, it is suggested to set the PREG attribute to 1.
Related violations: <none>

DPOP-1#57 Warning
PREG Output pipelining  
DSP u_pqm_pl_top/u_measurement_core/u_time_x100_normalizer/u_apparent_s_scale_multiplier/product__3 output u_pqm_pl_top/u_measurement_core/u_time_x100_normalizer/u_apparent_s_scale_multiplier/product__3/P[47:0] is not pipelined (PREG=0). Pipelining the DSP48 output will improve performance and often saves power so it is suggested whenever possible to fully pipeline this function.  If this DSP48 function was inferred, it is suggested to describe an additional register stage after this function.  If the DSP48 was instantiated in the design, it is suggested to set the PREG attribute to 1.
Related violations: <none>

DPOP-1#58 Warning
PREG Output pipelining  
DSP u_pqm_pl_top/u_measurement_core/u_time_x100_normalizer/u_apparent_s_scale_multiplier/product__4 output u_pqm_pl_top/u_measurement_core/u_time_x100_normalizer/u_apparent_s_scale_multiplier/product__4/P[47:0] is not pipelined (PREG=0). Pipelining the DSP48 output will improve performance and often saves power so it is suggested whenever possible to fully pipeline this function.  If this DSP48 function was inferred, it is suggested to describe an additional register stage after this function.  If the DSP48 was instantiated in the design, it is suggested to set the PREG attribute to 1.
Related violations: <none>

DPOP-1#59 Warning
PREG Output pipelining  
DSP u_pqm_pl_top/u_measurement_core/u_time_x100_normalizer/u_apparent_s_scale_multiplier/product__5 output u_pqm_pl_top/u_measurement_core/u_time_x100_normalizer/u_apparent_s_scale_multiplier/product__5/P[47:0] is not pipelined (PREG=0). Pipelining the DSP48 output will improve performance and often saves power so it is suggested whenever possible to fully pipeline this function.  If this DSP48 function was inferred, it is suggested to describe an additional register stage after this function.  If the DSP48 was instantiated in the design, it is suggested to set the PREG attribute to 1.
Related violations: <none>

DPOP-1#60 Warning
PREG Output pipelining  
DSP u_pqm_pl_top/u_measurement_core/u_time_x100_normalizer/u_apparent_s_scale_multiplier/product__6 output u_pqm_pl_top/u_measurement_core/u_time_x100_normalizer/u_apparent_s_scale_multiplier/product__6/P[47:0] is not pipelined (PREG=0). Pipelining the DSP48 output will improve performance and often saves power so it is suggested whenever possible to fully pipeline this function.  If this DSP48 function was inferred, it is suggested to describe an additional register stage after this function.  If the DSP48 was instantiated in the design, it is suggested to set the PREG attribute to 1.
Related violations: <none>

DPOP-1#61 Warning
PREG Output pipelining  
DSP u_pqm_pl_top/u_measurement_core/u_time_x100_normalizer/u_full_scale_multiplier/product output u_pqm_pl_top/u_measurement_core/u_time_x100_normalizer/u_full_scale_multiplier/product/P[47:0] is not pipelined (PREG=0). Pipelining the DSP48 output will improve performance and often saves power so it is suggested whenever possible to fully pipeline this function.  If this DSP48 function was inferred, it is suggested to describe an additional register stage after this function.  If the DSP48 was instantiated in the design, it is suggested to set the PREG attribute to 1.
Related violations: <none>

DPOP-1#62 Warning
PREG Output pipelining  
DSP u_pqm_pl_top/u_measurement_core/u_time_x100_normalizer/u_full_scale_multiplier/product__1 output u_pqm_pl_top/u_measurement_core/u_time_x100_normalizer/u_full_scale_multiplier/product__1/P[47:0] is not pipelined (PREG=0). Pipelining the DSP48 output will improve performance and often saves power so it is suggested whenever possible to fully pipeline this function.  If this DSP48 function was inferred, it is suggested to describe an additional register stage after this function.  If the DSP48 was instantiated in the design, it is suggested to set the PREG attribute to 1.
Related violations: <none>

DPOP-1#63 Warning
PREG Output pipelining  
DSP u_pqm_pl_top/u_measurement_core/u_time_x100_normalizer/u_i_pp_scale_multiplier/product output u_pqm_pl_top/u_measurement_core/u_time_x100_normalizer/u_i_pp_scale_multiplier/product/P[47:0] is not pipelined (PREG=0). Pipelining the DSP48 output will improve performance and often saves power so it is suggested whenever possible to fully pipeline this function.  If this DSP48 function was inferred, it is suggested to describe an additional register stage after this function.  If the DSP48 was instantiated in the design, it is suggested to set the PREG attribute to 1.
Related violations: <none>

DPOP-1#64 Warning
PREG Output pipelining  
DSP u_pqm_pl_top/u_measurement_core/u_time_x100_normalizer/u_i_pp_scale_multiplier/product__0 output u_pqm_pl_top/u_measurement_core/u_time_x100_normalizer/u_i_pp_scale_multiplier/product__0/P[47:0] is not pipelined (PREG=0). Pipelining the DSP48 output will improve performance and often saves power so it is suggested whenever possible to fully pipeline this function.  If this DSP48 function was inferred, it is suggested to describe an additional register stage after this function.  If the DSP48 was instantiated in the design, it is suggested to set the PREG attribute to 1.
Related violations: <none>

DPOP-1#65 Warning
PREG Output pipelining  
DSP u_pqm_pl_top/u_measurement_core/u_time_x100_normalizer/u_i_pp_scale_multiplier/product__1 output u_pqm_pl_top/u_measurement_core/u_time_x100_normalizer/u_i_pp_scale_multiplier/product__1/P[47:0] is not pipelined (PREG=0). Pipelining the DSP48 output will improve performance and often saves power so it is suggested whenever possible to fully pipeline this function.  If this DSP48 function was inferred, it is suggested to describe an additional register stage after this function.  If the DSP48 was instantiated in the design, it is suggested to set the PREG attribute to 1.
Related violations: <none>

DPOP-1#66 Warning
PREG Output pipelining  
DSP u_pqm_pl_top/u_measurement_core/u_time_x100_normalizer/u_i_pp_scale_multiplier/product__2 output u_pqm_pl_top/u_measurement_core/u_time_x100_normalizer/u_i_pp_scale_multiplier/product__2/P[47:0] is not pipelined (PREG=0). Pipelining the DSP48 output will improve performance and often saves power so it is suggested whenever possible to fully pipeline this function.  If this DSP48 function was inferred, it is suggested to describe an additional register stage after this function.  If the DSP48 was instantiated in the design, it is suggested to set the PREG attribute to 1.
Related violations: <none>

DPOP-1#67 Warning
PREG Output pipelining  
DSP u_pqm_pl_top/u_measurement_core/u_time_x100_normalizer/u_i_rms_raw_to_x100/u_scale_multiplier/product output u_pqm_pl_top/u_measurement_core/u_time_x100_normalizer/u_i_rms_raw_to_x100/u_scale_multiplier/product/P[47:0] is not pipelined (PREG=0). Pipelining the DSP48 output will improve performance and often saves power so it is suggested whenever possible to fully pipeline this function.  If this DSP48 function was inferred, it is suggested to describe an additional register stage after this function.  If the DSP48 was instantiated in the design, it is suggested to set the PREG attribute to 1.
Related violations: <none>

DPOP-1#68 Warning
PREG Output pipelining  
DSP u_pqm_pl_top/u_measurement_core/u_time_x100_normalizer/u_i_rms_raw_to_x100/u_scale_multiplier/product__0 output u_pqm_pl_top/u_measurement_core/u_time_x100_normalizer/u_i_rms_raw_to_x100/u_scale_multiplier/product__0/P[47:0] is not pipelined (PREG=0). Pipelining the DSP48 output will improve performance and often saves power so it is suggested whenever possible to fully pipeline this function.  If this DSP48 function was inferred, it is suggested to describe an additional register stage after this function.  If the DSP48 was instantiated in the design, it is suggested to set the PREG attribute to 1.
Related violations: <none>

DPOP-1#69 Warning
PREG Output pipelining  
DSP u_pqm_pl_top/u_measurement_core/u_time_x100_normalizer/u_reactive_q_scale_multiplier/product output u_pqm_pl_top/u_measurement_core/u_time_x100_normalizer/u_reactive_q_scale_multiplier/product/P[47:0] is not pipelined (PREG=0). Pipelining the DSP48 output will improve performance and often saves power so it is suggested whenever possible to fully pipeline this function.  If this DSP48 function was inferred, it is suggested to describe an additional register stage after this function.  If the DSP48 was instantiated in the design, it is suggested to set the PREG attribute to 1.
Related violations: <none>

DPOP-1#70 Warning
PREG Output pipelining  
DSP u_pqm_pl_top/u_measurement_core/u_time_x100_normalizer/u_reactive_q_scale_multiplier/product__0 output u_pqm_pl_top/u_measurement_core/u_time_x100_normalizer/u_reactive_q_scale_multiplier/product__0/P[47:0] is not pipelined (PREG=0). Pipelining the DSP48 output will improve performance and often saves power so it is suggested whenever possible to fully pipeline this function.  If this DSP48 function was inferred, it is suggested to describe an additional register stage after this function.  If the DSP48 was instantiated in the design, it is suggested to set the PREG attribute to 1.
Related violations: <none>

DPOP-1#71 Warning
PREG Output pipelining  
DSP u_pqm_pl_top/u_measurement_core/u_time_x100_normalizer/u_reactive_q_scale_multiplier/product__1 output u_pqm_pl_top/u_measurement_core/u_time_x100_normalizer/u_reactive_q_scale_multiplier/product__1/P[47:0] is not pipelined (PREG=0). Pipelining the DSP48 output will improve performance and often saves power so it is suggested whenever possible to fully pipeline this function.  If this DSP48 function was inferred, it is suggested to describe an additional register stage after this function.  If the DSP48 was instantiated in the design, it is suggested to set the PREG attribute to 1.
Related violations: <none>

DPOP-1#72 Warning
PREG Output pipelining  
DSP u_pqm_pl_top/u_measurement_core/u_time_x100_normalizer/u_reactive_q_scale_multiplier/product__2 output u_pqm_pl_top/u_measurement_core/u_time_x100_normalizer/u_reactive_q_scale_multiplier/product__2/P[47:0] is not pipelined (PREG=0). Pipelining the DSP48 output will improve performance and often saves power so it is suggested whenever possible to fully pipeline this function.  If this DSP48 function was inferred, it is suggested to describe an additional register stage after this function.  If the DSP48 was instantiated in the design, it is suggested to set the PREG attribute to 1.
Related violations: <none>

DPOP-1#73 Warning
PREG Output pipelining  
DSP u_pqm_pl_top/u_measurement_core/u_time_x100_normalizer/u_reactive_q_scale_multiplier/product__3 output u_pqm_pl_top/u_measurement_core/u_time_x100_normalizer/u_reactive_q_scale_multiplier/product__3/P[47:0] is not pipelined (PREG=0). Pipelining the DSP48 output will improve performance and often saves power so it is suggested whenever possible to fully pipeline this function.  If this DSP48 function was inferred, it is suggested to describe an additional register stage after this function.  If the DSP48 was instantiated in the design, it is suggested to set the PREG attribute to 1.
Related violations: <none>

DPOP-1#74 Warning
PREG Output pipelining  
DSP u_pqm_pl_top/u_measurement_core/u_time_x100_normalizer/u_reactive_q_scale_multiplier/product__4 output u_pqm_pl_top/u_measurement_core/u_time_x100_normalizer/u_reactive_q_scale_multiplier/product__4/P[47:0] is not pipelined (PREG=0). Pipelining the DSP48 output will improve performance and often saves power so it is suggested whenever possible to fully pipeline this function.  If this DSP48 function was inferred, it is suggested to describe an additional register stage after this function.  If the DSP48 was instantiated in the design, it is suggested to set the PREG attribute to 1.
Related violations: <none>

DPOP-1#75 Warning
PREG Output pipelining  
DSP u_pqm_pl_top/u_measurement_core/u_time_x100_normalizer/u_reactive_q_scale_multiplier/product__5 output u_pqm_pl_top/u_measurement_core/u_time_x100_normalizer/u_reactive_q_scale_multiplier/product__5/P[47:0] is not pipelined (PREG=0). Pipelining the DSP48 output will improve performance and often saves power so it is suggested whenever possible to fully pipeline this function.  If this DSP48 function was inferred, it is suggested to describe an additional register stage after this function.  If the DSP48 was instantiated in the design, it is suggested to set the PREG attribute to 1.
Related violations: <none>

DPOP-1#76 Warning
PREG Output pipelining  
DSP u_pqm_pl_top/u_measurement_core/u_time_x100_normalizer/u_reactive_q_scale_multiplier/product__6 output u_pqm_pl_top/u_measurement_core/u_time_x100_normalizer/u_reactive_q_scale_multiplier/product__6/P[47:0] is not pipelined (PREG=0). Pipelining the DSP48 output will improve performance and often saves power so it is suggested whenever possible to fully pipeline this function.  If this DSP48 function was inferred, it is suggested to describe an additional register stage after this function.  If the DSP48 was instantiated in the design, it is suggested to set the PREG attribute to 1.
Related violations: <none>

DPOP-1#77 Warning
PREG Output pipelining  
DSP u_pqm_pl_top/u_measurement_core/u_time_x100_normalizer/u_u_pp_scale_multiplier/product output u_pqm_pl_top/u_measurement_core/u_time_x100_normalizer/u_u_pp_scale_multiplier/product/P[47:0] is not pipelined (PREG=0). Pipelining the DSP48 output will improve performance and often saves power so it is suggested whenever possible to fully pipeline this function.  If this DSP48 function was inferred, it is suggested to describe an additional register stage after this function.  If the DSP48 was instantiated in the design, it is suggested to set the PREG attribute to 1.
Related violations: <none>

DPOP-1#78 Warning
PREG Output pipelining  
DSP u_pqm_pl_top/u_measurement_core/u_time_x100_normalizer/u_u_pp_scale_multiplier/product__0 output u_pqm_pl_top/u_measurement_core/u_time_x100_normalizer/u_u_pp_scale_multiplier/product__0/P[47:0] is not pipelined (PREG=0). Pipelining the DSP48 output will improve performance and often saves power so it is suggested whenever possible to fully pipeline this function.  If this DSP48 function was inferred, it is suggested to describe an additional register stage after this function.  If the DSP48 was instantiated in the design, it is suggested to set the PREG attribute to 1.
Related violations: <none>

DPOP-1#79 Warning
PREG Output pipelining  
DSP u_pqm_pl_top/u_measurement_core/u_time_x100_normalizer/u_u_pp_scale_multiplier/product__1 output u_pqm_pl_top/u_measurement_core/u_time_x100_normalizer/u_u_pp_scale_multiplier/product__1/P[47:0] is not pipelined (PREG=0). Pipelining the DSP48 output will improve performance and often saves power so it is suggested whenever possible to fully pipeline this function.  If this DSP48 function was inferred, it is suggested to describe an additional register stage after this function.  If the DSP48 was instantiated in the design, it is suggested to set the PREG attribute to 1.
Related violations: <none>

DPOP-1#80 Warning
PREG Output pipelining  
DSP u_pqm_pl_top/u_measurement_core/u_time_x100_normalizer/u_u_pp_scale_multiplier/product__2 output u_pqm_pl_top/u_measurement_core/u_time_x100_normalizer/u_u_pp_scale_multiplier/product__2/P[47:0] is not pipelined (PREG=0). Pipelining the DSP48 output will improve performance and often saves power so it is suggested whenever possible to fully pipeline this function.  If this DSP48 function was inferred, it is suggested to describe an additional register stage after this function.  If the DSP48 was instantiated in the design, it is suggested to set the PREG attribute to 1.
Related violations: <none>

DPOP-1#81 Warning
PREG Output pipelining  
DSP u_pqm_pl_top/u_measurement_core/u_time_x100_normalizer/u_u_rms_raw_to_x100/u_scale_multiplier/product output u_pqm_pl_top/u_measurement_core/u_time_x100_normalizer/u_u_rms_raw_to_x100/u_scale_multiplier/product/P[47:0] is not pipelined (PREG=0). Pipelining the DSP48 output will improve performance and often saves power so it is suggested whenever possible to fully pipeline this function.  If this DSP48 function was inferred, it is suggested to describe an additional register stage after this function.  If the DSP48 was instantiated in the design, it is suggested to set the PREG attribute to 1.
Related violations: <none>

DPOP-1#82 Warning
PREG Output pipelining  
DSP u_pqm_pl_top/u_measurement_core/u_time_x100_normalizer/u_u_rms_raw_to_x100/u_scale_multiplier/product__0 output u_pqm_pl_top/u_measurement_core/u_time_x100_normalizer/u_u_rms_raw_to_x100/u_scale_multiplier/product__0/P[47:0] is not pipelined (PREG=0). Pipelining the DSP48 output will improve performance and often saves power so it is suggested whenever possible to fully pipeline this function.  If this DSP48 function was inferred, it is suggested to describe an additional register stage after this function.  If the DSP48 was instantiated in the design, it is suggested to set the PREG attribute to 1.
Related violations: <none>

DPOP-2#1 Warning
MREG Output pipelining  
DSP u_pqm_pl_top/u_measurement_core/u_freq_analysis/u_frontend/u_rfg_i/u_bin_engine/u_multiplier_scheduler/g_lane[0].u_mul/dsp_product multiplier stage u_pqm_pl_top/u_measurement_core/u_freq_analysis/u_frontend/u_rfg_i/u_bin_engine/u_multiplier_scheduler/g_lane[0].u_mul/dsp_product/P[47:0] is not pipelined (MREG=0). Pipelining the multiplier function will improve performance and will save significant power so it is suggested whenever possible to fully pipeline this function.  If this multiplier was inferred, it is suggested to describe an additional register stage after this function.  If there is no registered adder/accumulator following the multiply function, two pipeline stages are suggested to allow both the MREG and PREG registers to be used.  If the DSP48 was instantiated in the design, it is suggested to set both the MREG and PREG attributes to 1 when performing multiply functions.
Related violations: <none>

DPOP-2#2 Warning
MREG Output pipelining  
DSP u_pqm_pl_top/u_measurement_core/u_freq_analysis/u_frontend/u_rfg_u/u_bin_engine/u_multiplier_scheduler/g_lane[0].u_mul/dsp_product multiplier stage u_pqm_pl_top/u_measurement_core/u_freq_analysis/u_frontend/u_rfg_u/u_bin_engine/u_multiplier_scheduler/g_lane[0].u_mul/dsp_product/P[47:0] is not pipelined (MREG=0). Pipelining the multiplier function will improve performance and will save significant power so it is suggested whenever possible to fully pipeline this function.  If this multiplier was inferred, it is suggested to describe an additional register stage after this function.  If there is no registered adder/accumulator following the multiply function, two pipeline stages are suggested to allow both the MREG and PREG registers to be used.  If the DSP48 was instantiated in the design, it is suggested to set both the MREG and PREG attributes to 1 when performing multiply functions.
Related violations: <none>

DPOP-2#3 Warning
MREG Output pipelining  
DSP u_pqm_pl_top/u_measurement_core/u_freq_analysis/u_harmonic_stats/u_mul_i_percent/product multiplier stage u_pqm_pl_top/u_measurement_core/u_freq_analysis/u_harmonic_stats/u_mul_i_percent/product/P[47:0] is not pipelined (MREG=0). Pipelining the multiplier function will improve performance and will save significant power so it is suggested whenever possible to fully pipeline this function.  If this multiplier was inferred, it is suggested to describe an additional register stage after this function.  If there is no registered adder/accumulator following the multiply function, two pipeline stages are suggested to allow both the MREG and PREG registers to be used.  If the DSP48 was instantiated in the design, it is suggested to set both the MREG and PREG attributes to 1 when performing multiply functions.
Related violations: <none>

DPOP-2#4 Warning
MREG Output pipelining  
DSP u_pqm_pl_top/u_measurement_core/u_freq_analysis/u_harmonic_stats/u_mul_u_percent/product multiplier stage u_pqm_pl_top/u_measurement_core/u_freq_analysis/u_harmonic_stats/u_mul_u_percent/product/P[47:0] is not pipelined (MREG=0). Pipelining the multiplier function will improve performance and will save significant power so it is suggested whenever possible to fully pipeline this function.  If this multiplier was inferred, it is suggested to describe an additional register stage after this function.  If there is no registered adder/accumulator following the multiply function, two pipeline stages are suggested to allow both the MREG and PREG registers to be used.  If the DSP48 was instantiated in the design, it is suggested to set both the MREG and PREG attributes to 1 when performing multiply functions.
Related violations: <none>

DPOP-2#5 Warning
MREG Output pipelining  
DSP u_pqm_pl_top/u_measurement_core/u_freq_analysis/u_magnitude_calc/u_mul_i_imag_sq/product multiplier stage u_pqm_pl_top/u_measurement_core/u_freq_analysis/u_magnitude_calc/u_mul_i_imag_sq/product/P[47:0] is not pipelined (MREG=0). Pipelining the multiplier function will improve performance and will save significant power so it is suggested whenever possible to fully pipeline this function.  If this multiplier was inferred, it is suggested to describe an additional register stage after this function.  If there is no registered adder/accumulator following the multiply function, two pipeline stages are suggested to allow both the MREG and PREG registers to be used.  If the DSP48 was instantiated in the design, it is suggested to set both the MREG and PREG attributes to 1 when performing multiply functions.
Related violations: <none>

DPOP-2#6 Warning
MREG Output pipelining  
DSP u_pqm_pl_top/u_measurement_core/u_freq_analysis/u_magnitude_calc/u_mul_i_real_sq/product multiplier stage u_pqm_pl_top/u_measurement_core/u_freq_analysis/u_magnitude_calc/u_mul_i_real_sq/product/P[47:0] is not pipelined (MREG=0). Pipelining the multiplier function will improve performance and will save significant power so it is suggested whenever possible to fully pipeline this function.  If this multiplier was inferred, it is suggested to describe an additional register stage after this function.  If there is no registered adder/accumulator following the multiply function, two pipeline stages are suggested to allow both the MREG and PREG registers to be used.  If the DSP48 was instantiated in the design, it is suggested to set both the MREG and PREG attributes to 1 when performing multiply functions.
Related violations: <none>

DPOP-2#7 Warning
MREG Output pipelining  
DSP u_pqm_pl_top/u_measurement_core/u_freq_analysis/u_magnitude_calc/u_mul_u_imag_sq/product multiplier stage u_pqm_pl_top/u_measurement_core/u_freq_analysis/u_magnitude_calc/u_mul_u_imag_sq/product/P[47:0] is not pipelined (MREG=0). Pipelining the multiplier function will improve performance and will save significant power so it is suggested whenever possible to fully pipeline this function.  If this multiplier was inferred, it is suggested to describe an additional register stage after this function.  If there is no registered adder/accumulator following the multiply function, two pipeline stages are suggested to allow both the MREG and PREG registers to be used.  If the DSP48 was instantiated in the design, it is suggested to set both the MREG and PREG attributes to 1 when performing multiply functions.
Related violations: <none>

DPOP-2#8 Warning
MREG Output pipelining  
DSP u_pqm_pl_top/u_measurement_core/u_freq_analysis/u_magnitude_calc/u_mul_u_real_sq/product multiplier stage u_pqm_pl_top/u_measurement_core/u_freq_analysis/u_magnitude_calc/u_mul_u_real_sq/product/P[47:0] is not pipelined (MREG=0). Pipelining the multiplier function will improve performance and will save significant power so it is suggested whenever possible to fully pipeline this function.  If this multiplier was inferred, it is suggested to describe an additional register stage after this function.  If there is no registered adder/accumulator following the multiply function, two pipeline stages are suggested to allow both the MREG and PREG registers to be used.  If the DSP48 was instantiated in the design, it is suggested to set both the MREG and PREG attributes to 1 when performing multiply functions.
Related violations: <none>

DPOP-2#9 Warning
MREG Output pipelining  
DSP u_pqm_pl_top/u_measurement_core/u_freq_analysis/u_magnitude_calc/u_sqrt_i_mag/candidate_sq multiplier stage u_pqm_pl_top/u_measurement_core/u_freq_analysis/u_magnitude_calc/u_sqrt_i_mag/candidate_sq/P[47:0] is not pipelined (MREG=0). Pipelining the multiplier function will improve performance and will save significant power so it is suggested whenever possible to fully pipeline this function.  If this multiplier was inferred, it is suggested to describe an additional register stage after this function.  If there is no registered adder/accumulator following the multiply function, two pipeline stages are suggested to allow both the MREG and PREG registers to be used.  If the DSP48 was instantiated in the design, it is suggested to set both the MREG and PREG attributes to 1 when performing multiply functions.
Related violations: <none>

DPOP-2#10 Warning
MREG Output pipelining  
DSP u_pqm_pl_top/u_measurement_core/u_freq_analysis/u_magnitude_calc/u_sqrt_u_mag/candidate_sq multiplier stage u_pqm_pl_top/u_measurement_core/u_freq_analysis/u_magnitude_calc/u_sqrt_u_mag/candidate_sq/P[47:0] is not pipelined (MREG=0). Pipelining the multiplier function will improve performance and will save significant power so it is suggested whenever possible to fully pipeline this function.  If this multiplier was inferred, it is suggested to describe an additional register stage after this function.  If there is no registered adder/accumulator following the multiply function, two pipeline stages are suggested to allow both the MREG and PREG registers to be used.  If the DSP48 was instantiated in the design, it is suggested to set both the MREG and PREG attributes to 1 when performing multiply functions.
Related violations: <none>

DPOP-2#11 Warning
MREG Output pipelining  
DSP u_pqm_pl_top/u_measurement_core/u_freq_analysis/u_phase_vector_calc/phase_cross_next multiplier stage u_pqm_pl_top/u_measurement_core/u_freq_analysis/u_phase_vector_calc/phase_cross_next/P[47:0] is not pipelined (MREG=0). Pipelining the multiplier function will improve performance and will save significant power so it is suggested whenever possible to fully pipeline this function.  If this multiplier was inferred, it is suggested to describe an additional register stage after this function.  If there is no registered adder/accumulator following the multiply function, two pipeline stages are suggested to allow both the MREG and PREG registers to be used.  If the DSP48 was instantiated in the design, it is suggested to set both the MREG and PREG attributes to 1 when performing multiply functions.
Related violations: <none>

DPOP-2#12 Warning
MREG Output pipelining  
DSP u_pqm_pl_top/u_measurement_core/u_freq_analysis/u_phase_vector_calc/phase_dot_next multiplier stage u_pqm_pl_top/u_measurement_core/u_freq_analysis/u_phase_vector_calc/phase_dot_next/P[47:0] is not pipelined (MREG=0). Pipelining the multiplier function will improve performance and will save significant power so it is suggested whenever possible to fully pipeline this function.  If this multiplier was inferred, it is suggested to describe an additional register stage after this function.  If there is no registered adder/accumulator following the multiply function, two pipeline stages are suggested to allow both the MREG and PREG registers to be used.  If the DSP48 was instantiated in the design, it is suggested to set both the MREG and PREG attributes to 1 when performing multiply functions.
Related violations: <none>

DPOP-2#13 Warning
MREG Output pipelining  
DSP u_pqm_pl_top/u_measurement_core/u_freq_analysis/u_phase_vector_calc/u_mul_ur_ii/product multiplier stage u_pqm_pl_top/u_measurement_core/u_freq_analysis/u_phase_vector_calc/u_mul_ur_ii/product/P[47:0] is not pipelined (MREG=0). Pipelining the multiplier function will improve performance and will save significant power so it is suggested whenever possible to fully pipeline this function.  If this multiplier was inferred, it is suggested to describe an additional register stage after this function.  If there is no registered adder/accumulator following the multiply function, two pipeline stages are suggested to allow both the MREG and PREG registers to be used.  If the DSP48 was instantiated in the design, it is suggested to set both the MREG and PREG attributes to 1 when performing multiply functions.
Related violations: <none>

DPOP-2#14 Warning
MREG Output pipelining  
DSP u_pqm_pl_top/u_measurement_core/u_freq_analysis/u_phase_vector_calc/u_mul_ur_ir/product multiplier stage u_pqm_pl_top/u_measurement_core/u_freq_analysis/u_phase_vector_calc/u_mul_ur_ir/product/P[47:0] is not pipelined (MREG=0). Pipelining the multiplier function will improve performance and will save significant power so it is suggested whenever possible to fully pipeline this function.  If this multiplier was inferred, it is suggested to describe an additional register stage after this function.  If there is no registered adder/accumulator following the multiply function, two pipeline stages are suggested to allow both the MREG and PREG registers to be used.  If the DSP48 was instantiated in the design, it is suggested to set both the MREG and PREG attributes to 1 when performing multiply functions.
Related violations: <none>

DPOP-2#15 Warning
MREG Output pipelining  
DSP u_pqm_pl_top/u_measurement_core/u_freq_metrics_raw_calc/u_freq_thd_raw_calc/u_i_thd_scale_multiplier/product multiplier stage u_pqm_pl_top/u_measurement_core/u_freq_metrics_raw_calc/u_freq_thd_raw_calc/u_i_thd_scale_multiplier/product/P[47:0] is not pipelined (MREG=0). Pipelining the multiplier function will improve performance and will save significant power so it is suggested whenever possible to fully pipeline this function.  If this multiplier was inferred, it is suggested to describe an additional register stage after this function.  If there is no registered adder/accumulator following the multiply function, two pipeline stages are suggested to allow both the MREG and PREG registers to be used.  If the DSP48 was instantiated in the design, it is suggested to set both the MREG and PREG attributes to 1 when performing multiply functions.
Related violations: <none>

DPOP-2#16 Warning
MREG Output pipelining  
DSP u_pqm_pl_top/u_measurement_core/u_freq_metrics_raw_calc/u_freq_thd_raw_calc/u_i_thd_sqrt/candidate_sq multiplier stage u_pqm_pl_top/u_measurement_core/u_freq_metrics_raw_calc/u_freq_thd_raw_calc/u_i_thd_sqrt/candidate_sq/P[47:0] is not pipelined (MREG=0). Pipelining the multiplier function will improve performance and will save significant power so it is suggested whenever possible to fully pipeline this function.  If this multiplier was inferred, it is suggested to describe an additional register stage after this function.  If there is no registered adder/accumulator following the multiply function, two pipeline stages are suggested to allow both the MREG and PREG registers to be used.  If the DSP48 was instantiated in the design, it is suggested to set both the MREG and PREG attributes to 1 when performing multiply functions.
Related violations: <none>

DPOP-2#17 Warning
MREG Output pipelining  
DSP u_pqm_pl_top/u_measurement_core/u_freq_metrics_raw_calc/u_freq_thd_raw_calc/u_i_thd_sqrt/candidate_sq__0 multiplier stage u_pqm_pl_top/u_measurement_core/u_freq_metrics_raw_calc/u_freq_thd_raw_calc/u_i_thd_sqrt/candidate_sq__0/P[47:0] is not pipelined (MREG=0). Pipelining the multiplier function will improve performance and will save significant power so it is suggested whenever possible to fully pipeline this function.  If this multiplier was inferred, it is suggested to describe an additional register stage after this function.  If there is no registered adder/accumulator following the multiply function, two pipeline stages are suggested to allow both the MREG and PREG registers to be used.  If the DSP48 was instantiated in the design, it is suggested to set both the MREG and PREG attributes to 1 when performing multiply functions.
Related violations: <none>

DPOP-2#18 Warning
MREG Output pipelining  
DSP u_pqm_pl_top/u_measurement_core/u_freq_metrics_raw_calc/u_freq_thd_raw_calc/u_u_thd_scale_multiplier/product multiplier stage u_pqm_pl_top/u_measurement_core/u_freq_metrics_raw_calc/u_freq_thd_raw_calc/u_u_thd_scale_multiplier/product/P[47:0] is not pipelined (MREG=0). Pipelining the multiplier function will improve performance and will save significant power so it is suggested whenever possible to fully pipeline this function.  If this multiplier was inferred, it is suggested to describe an additional register stage after this function.  If there is no registered adder/accumulator following the multiply function, two pipeline stages are suggested to allow both the MREG and PREG registers to be used.  If the DSP48 was instantiated in the design, it is suggested to set both the MREG and PREG attributes to 1 when performing multiply functions.
Related violations: <none>

DPOP-2#19 Warning
MREG Output pipelining  
DSP u_pqm_pl_top/u_measurement_core/u_freq_metrics_raw_calc/u_freq_thd_raw_calc/u_u_thd_sqrt/candidate_sq multiplier stage u_pqm_pl_top/u_measurement_core/u_freq_metrics_raw_calc/u_freq_thd_raw_calc/u_u_thd_sqrt/candidate_sq/P[47:0] is not pipelined (MREG=0). Pipelining the multiplier function will improve performance and will save significant power so it is suggested whenever possible to fully pipeline this function.  If this multiplier was inferred, it is suggested to describe an additional register stage after this function.  If there is no registered adder/accumulator following the multiply function, two pipeline stages are suggested to allow both the MREG and PREG registers to be used.  If the DSP48 was instantiated in the design, it is suggested to set both the MREG and PREG attributes to 1 when performing multiply functions.
Related violations: <none>

DPOP-2#20 Warning
MREG Output pipelining  
DSP u_pqm_pl_top/u_measurement_core/u_freq_metrics_raw_calc/u_freq_thd_raw_calc/u_u_thd_sqrt/candidate_sq__0 multiplier stage u_pqm_pl_top/u_measurement_core/u_freq_metrics_raw_calc/u_freq_thd_raw_calc/u_u_thd_sqrt/candidate_sq__0/P[47:0] is not pipelined (MREG=0). Pipelining the multiplier function will improve performance and will save significant power so it is suggested whenever possible to fully pipeline this function.  If this multiplier was inferred, it is suggested to describe an additional register stage after this function.  If there is no registered adder/accumulator following the multiply function, two pipeline stages are suggested to allow both the MREG and PREG registers to be used.  If the DSP48 was instantiated in the design, it is suggested to set both the MREG and PREG attributes to 1 when performing multiply functions.
Related violations: <none>

DPOP-2#21 Warning
MREG Output pipelining  
DSP u_pqm_pl_top/u_measurement_core/u_freq_metrics_raw_calc/u_i_mag_square_multiplier/product multiplier stage u_pqm_pl_top/u_measurement_core/u_freq_metrics_raw_calc/u_i_mag_square_multiplier/product/P[47:0] is not pipelined (MREG=0). Pipelining the multiplier function will improve performance and will save significant power so it is suggested whenever possible to fully pipeline this function.  If this multiplier was inferred, it is suggested to describe an additional register stage after this function.  If there is no registered adder/accumulator following the multiply function, two pipeline stages are suggested to allow both the MREG and PREG registers to be used.  If the DSP48 was instantiated in the design, it is suggested to set both the MREG and PREG attributes to 1 when performing multiply functions.
Related violations: <none>

DPOP-2#22 Warning
MREG Output pipelining  
DSP u_pqm_pl_top/u_measurement_core/u_freq_metrics_raw_calc/u_u_mag_square_multiplier/product multiplier stage u_pqm_pl_top/u_measurement_core/u_freq_metrics_raw_calc/u_u_mag_square_multiplier/product/P[47:0] is not pipelined (MREG=0). Pipelining the multiplier function will improve performance and will save significant power so it is suggested whenever possible to fully pipeline this function.  If this multiplier was inferred, it is suggested to describe an additional register stage after this function.  If there is no registered adder/accumulator following the multiply function, two pipeline stages are suggested to allow both the MREG and PREG registers to be used.  If the DSP48 was instantiated in the design, it is suggested to set both the MREG and PREG attributes to 1 when performing multiply functions.
Related violations: <none>

DPOP-2#23 Warning
MREG Output pipelining  
DSP u_pqm_pl_top/u_measurement_core/u_time_parameters_initiator/u_power_metrics_calc/u_active_square_multiplier/product multiplier stage u_pqm_pl_top/u_measurement_core/u_time_parameters_initiator/u_power_metrics_calc/u_active_square_multiplier/product/P[47:0] is not pipelined (MREG=0). Pipelining the multiplier function will improve performance and will save significant power so it is suggested whenever possible to fully pipeline this function.  If this multiplier was inferred, it is suggested to describe an additional register stage after this function.  If there is no registered adder/accumulator following the multiply function, two pipeline stages are suggested to allow both the MREG and PREG registers to be used.  If the DSP48 was instantiated in the design, it is suggested to set both the MREG and PREG attributes to 1 when performing multiply functions.
Related violations: <none>

DPOP-2#24 Warning
MREG Output pipelining  
DSP u_pqm_pl_top/u_measurement_core/u_time_parameters_initiator/u_power_metrics_calc/u_active_square_multiplier/product__0 multiplier stage u_pqm_pl_top/u_measurement_core/u_time_parameters_initiator/u_power_metrics_calc/u_active_square_multiplier/product__0/P[47:0] is not pipelined (MREG=0). Pipelining the multiplier function will improve performance and will save significant power so it is suggested whenever possible to fully pipeline this function.  If this multiplier was inferred, it is suggested to describe an additional register stage after this function.  If there is no registered adder/accumulator following the multiply function, two pipeline stages are suggested to allow both the MREG and PREG registers to be used.  If the DSP48 was instantiated in the design, it is suggested to set both the MREG and PREG attributes to 1 when performing multiply functions.
Related violations: <none>

DPOP-2#25 Warning
MREG Output pipelining  
DSP u_pqm_pl_top/u_measurement_core/u_time_parameters_initiator/u_power_metrics_calc/u_active_square_multiplier/product__1 multiplier stage u_pqm_pl_top/u_measurement_core/u_time_parameters_initiator/u_power_metrics_calc/u_active_square_multiplier/product__1/P[47:0] is not pipelined (MREG=0). Pipelining the multiplier function will improve performance and will save significant power so it is suggested whenever possible to fully pipeline this function.  If this multiplier was inferred, it is suggested to describe an additional register stage after this function.  If there is no registered adder/accumulator following the multiply function, two pipeline stages are suggested to allow both the MREG and PREG registers to be used.  If the DSP48 was instantiated in the design, it is suggested to set both the MREG and PREG attributes to 1 when performing multiply functions.
Related violations: <none>

DPOP-2#26 Warning
MREG Output pipelining  
DSP u_pqm_pl_top/u_measurement_core/u_time_parameters_initiator/u_power_metrics_calc/u_active_square_multiplier/product__2 multiplier stage u_pqm_pl_top/u_measurement_core/u_time_parameters_initiator/u_power_metrics_calc/u_active_square_multiplier/product__2/P[47:0] is not pipelined (MREG=0). Pipelining the multiplier function will improve performance and will save significant power so it is suggested whenever possible to fully pipeline this function.  If this multiplier was inferred, it is suggested to describe an additional register stage after this function.  If there is no registered adder/accumulator following the multiply function, two pipeline stages are suggested to allow both the MREG and PREG registers to be used.  If the DSP48 was instantiated in the design, it is suggested to set both the MREG and PREG attributes to 1 when performing multiply functions.
Related violations: <none>

DPOP-2#27 Warning
MREG Output pipelining  
DSP u_pqm_pl_top/u_measurement_core/u_time_parameters_initiator/u_power_metrics_calc/u_apparent_square_multiplier/product multiplier stage u_pqm_pl_top/u_measurement_core/u_time_parameters_initiator/u_power_metrics_calc/u_apparent_square_multiplier/product/P[47:0] is not pipelined (MREG=0). Pipelining the multiplier function will improve performance and will save significant power so it is suggested whenever possible to fully pipeline this function.  If this multiplier was inferred, it is suggested to describe an additional register stage after this function.  If there is no registered adder/accumulator following the multiply function, two pipeline stages are suggested to allow both the MREG and PREG registers to be used.  If the DSP48 was instantiated in the design, it is suggested to set both the MREG and PREG attributes to 1 when performing multiply functions.
Related violations: <none>

DPOP-2#28 Warning
MREG Output pipelining  
DSP u_pqm_pl_top/u_measurement_core/u_time_parameters_initiator/u_power_metrics_calc/u_apparent_square_multiplier/product__0 multiplier stage u_pqm_pl_top/u_measurement_core/u_time_parameters_initiator/u_power_metrics_calc/u_apparent_square_multiplier/product__0/P[47:0] is not pipelined (MREG=0). Pipelining the multiplier function will improve performance and will save significant power so it is suggested whenever possible to fully pipeline this function.  If this multiplier was inferred, it is suggested to describe an additional register stage after this function.  If there is no registered adder/accumulator following the multiply function, two pipeline stages are suggested to allow both the MREG and PREG registers to be used.  If the DSP48 was instantiated in the design, it is suggested to set both the MREG and PREG attributes to 1 when performing multiply functions.
Related violations: <none>

DPOP-2#29 Warning
MREG Output pipelining  
DSP u_pqm_pl_top/u_measurement_core/u_time_parameters_initiator/u_power_metrics_calc/u_apparent_square_multiplier/product__1 multiplier stage u_pqm_pl_top/u_measurement_core/u_time_parameters_initiator/u_power_metrics_calc/u_apparent_square_multiplier/product__1/P[47:0] is not pipelined (MREG=0). Pipelining the multiplier function will improve performance and will save significant power so it is suggested whenever possible to fully pipeline this function.  If this multiplier was inferred, it is suggested to describe an additional register stage after this function.  If there is no registered adder/accumulator following the multiply function, two pipeline stages are suggested to allow both the MREG and PREG registers to be used.  If the DSP48 was instantiated in the design, it is suggested to set both the MREG and PREG attributes to 1 when performing multiply functions.
Related violations: <none>

DPOP-2#30 Warning
MREG Output pipelining  
DSP u_pqm_pl_top/u_measurement_core/u_time_parameters_initiator/u_power_metrics_calc/u_apparent_square_multiplier/product__2 multiplier stage u_pqm_pl_top/u_measurement_core/u_time_parameters_initiator/u_power_metrics_calc/u_apparent_square_multiplier/product__2/P[47:0] is not pipelined (MREG=0). Pipelining the multiplier function will improve performance and will save significant power so it is suggested whenever possible to fully pipeline this function.  If this multiplier was inferred, it is suggested to describe an additional register stage after this function.  If there is no registered adder/accumulator following the multiply function, two pipeline stages are suggested to allow both the MREG and PREG registers to be used.  If the DSP48 was instantiated in the design, it is suggested to set both the MREG and PREG attributes to 1 when performing multiply functions.
Related violations: <none>

DPOP-2#31 Warning
MREG Output pipelining  
DSP u_pqm_pl_top/u_measurement_core/u_time_parameters_initiator/u_power_metrics_calc/u_reactive_q_sqrt/candidate_sq multiplier stage u_pqm_pl_top/u_measurement_core/u_time_parameters_initiator/u_power_metrics_calc/u_reactive_q_sqrt/candidate_sq/P[47:0] is not pipelined (MREG=0). Pipelining the multiplier function will improve performance and will save significant power so it is suggested whenever possible to fully pipeline this function.  If this multiplier was inferred, it is suggested to describe an additional register stage after this function.  If there is no registered adder/accumulator following the multiply function, two pipeline stages are suggested to allow both the MREG and PREG registers to be used.  If the DSP48 was instantiated in the design, it is suggested to set both the MREG and PREG attributes to 1 when performing multiply functions.
Related violations: <none>

DPOP-2#32 Warning
MREG Output pipelining  
DSP u_pqm_pl_top/u_measurement_core/u_time_parameters_initiator/u_power_metrics_calc/u_reactive_q_sqrt/candidate_sq__0 multiplier stage u_pqm_pl_top/u_measurement_core/u_time_parameters_initiator/u_power_metrics_calc/u_reactive_q_sqrt/candidate_sq__0/P[47:0] is not pipelined (MREG=0). Pipelining the multiplier function will improve performance and will save significant power so it is suggested whenever possible to fully pipeline this function.  If this multiplier was inferred, it is suggested to describe an additional register stage after this function.  If there is no registered adder/accumulator following the multiply function, two pipeline stages are suggested to allow both the MREG and PREG registers to be used.  If the DSP48 was instantiated in the design, it is suggested to set both the MREG and PREG attributes to 1 when performing multiply functions.
Related violations: <none>

DPOP-2#33 Warning
MREG Output pipelining  
DSP u_pqm_pl_top/u_measurement_core/u_time_parameters_initiator/u_power_metrics_calc/u_reactive_q_sqrt/candidate_sq__1 multiplier stage u_pqm_pl_top/u_measurement_core/u_time_parameters_initiator/u_power_metrics_calc/u_reactive_q_sqrt/candidate_sq__1/P[47:0] is not pipelined (MREG=0). Pipelining the multiplier function will improve performance and will save significant power so it is suggested whenever possible to fully pipeline this function.  If this multiplier was inferred, it is suggested to describe an additional register stage after this function.  If there is no registered adder/accumulator following the multiply function, two pipeline stages are suggested to allow both the MREG and PREG registers to be used.  If the DSP48 was instantiated in the design, it is suggested to set both the MREG and PREG attributes to 1 when performing multiply functions.
Related violations: <none>

DPOP-2#34 Warning
MREG Output pipelining  
DSP u_pqm_pl_top/u_measurement_core/u_time_parameters_initiator/u_power_metrics_calc/u_reactive_q_sqrt/candidate_sq__2 multiplier stage u_pqm_pl_top/u_measurement_core/u_time_parameters_initiator/u_power_metrics_calc/u_reactive_q_sqrt/candidate_sq__2/P[47:0] is not pipelined (MREG=0). Pipelining the multiplier function will improve performance and will save significant power so it is suggested whenever possible to fully pipeline this function.  If this multiplier was inferred, it is suggested to describe an additional register stage after this function.  If there is no registered adder/accumulator following the multiply function, two pipeline stages are suggested to allow both the MREG and PREG registers to be used.  If the DSP48 was instantiated in the design, it is suggested to set both the MREG and PREG attributes to 1 when performing multiply functions.
Related violations: <none>

DPOP-2#35 Warning
MREG Output pipelining  
DSP u_pqm_pl_top/u_measurement_core/u_time_parameters_initiator/u_power_metrics_calc/u_rms_code_multiplier/product multiplier stage u_pqm_pl_top/u_measurement_core/u_time_parameters_initiator/u_power_metrics_calc/u_rms_code_multiplier/product/P[47:0] is not pipelined (MREG=0). Pipelining the multiplier function will improve performance and will save significant power so it is suggested whenever possible to fully pipeline this function.  If this multiplier was inferred, it is suggested to describe an additional register stage after this function.  If there is no registered adder/accumulator following the multiply function, two pipeline stages are suggested to allow both the MREG and PREG registers to be used.  If the DSP48 was instantiated in the design, it is suggested to set both the MREG and PREG attributes to 1 when performing multiply functions.
Related violations: <none>

DPOP-2#36 Warning
MREG Output pipelining  
DSP u_pqm_pl_top/u_measurement_core/u_time_parameters_initiator/u_ui_rms_measure/u_i_rms_sqrt/candidate_sq multiplier stage u_pqm_pl_top/u_measurement_core/u_time_parameters_initiator/u_ui_rms_measure/u_i_rms_sqrt/candidate_sq/P[47:0] is not pipelined (MREG=0). Pipelining the multiplier function will improve performance and will save significant power so it is suggested whenever possible to fully pipeline this function.  If this multiplier was inferred, it is suggested to describe an additional register stage after this function.  If there is no registered adder/accumulator following the multiply function, two pipeline stages are suggested to allow both the MREG and PREG registers to be used.  If the DSP48 was instantiated in the design, it is suggested to set both the MREG and PREG attributes to 1 when performing multiply functions.
Related violations: <none>

DPOP-2#37 Warning
MREG Output pipelining  
DSP u_pqm_pl_top/u_measurement_core/u_time_parameters_initiator/u_ui_rms_measure/u_i_rms_sqrt/candidate_sq__0 multiplier stage u_pqm_pl_top/u_measurement_core/u_time_parameters_initiator/u_ui_rms_measure/u_i_rms_sqrt/candidate_sq__0/P[47:0] is not pipelined (MREG=0). Pipelining the multiplier function will improve performance and will save significant power so it is suggested whenever possible to fully pipeline this function.  If this multiplier was inferred, it is suggested to describe an additional register stage after this function.  If there is no registered adder/accumulator following the multiply function, two pipeline stages are suggested to allow both the MREG and PREG registers to be used.  If the DSP48 was instantiated in the design, it is suggested to set both the MREG and PREG attributes to 1 when performing multiply functions.
Related violations: <none>

DPOP-2#38 Warning
MREG Output pipelining  
DSP u_pqm_pl_top/u_measurement_core/u_time_parameters_initiator/u_ui_rms_measure/u_i_rms_sqrt/candidate_sq__1 multiplier stage u_pqm_pl_top/u_measurement_core/u_time_parameters_initiator/u_ui_rms_measure/u_i_rms_sqrt/candidate_sq__1/P[47:0] is not pipelined (MREG=0). Pipelining the multiplier function will improve performance and will save significant power so it is suggested whenever possible to fully pipeline this function.  If this multiplier was inferred, it is suggested to describe an additional register stage after this function.  If there is no registered adder/accumulator following the multiply function, two pipeline stages are suggested to allow both the MREG and PREG registers to be used.  If the DSP48 was instantiated in the design, it is suggested to set both the MREG and PREG attributes to 1 when performing multiply functions.
Related violations: <none>

DPOP-2#39 Warning
MREG Output pipelining  
DSP u_pqm_pl_top/u_measurement_core/u_time_parameters_initiator/u_ui_rms_measure/u_i_rms_sqrt/candidate_sq__2 multiplier stage u_pqm_pl_top/u_measurement_core/u_time_parameters_initiator/u_ui_rms_measure/u_i_rms_sqrt/candidate_sq__2/P[47:0] is not pipelined (MREG=0). Pipelining the multiplier function will improve performance and will save significant power so it is suggested whenever possible to fully pipeline this function.  If this multiplier was inferred, it is suggested to describe an additional register stage after this function.  If there is no registered adder/accumulator following the multiply function, two pipeline stages are suggested to allow both the MREG and PREG registers to be used.  If the DSP48 was instantiated in the design, it is suggested to set both the MREG and PREG attributes to 1 when performing multiply functions.
Related violations: <none>

DPOP-2#40 Warning
MREG Output pipelining  
DSP u_pqm_pl_top/u_measurement_core/u_time_parameters_initiator/u_ui_rms_measure/u_i_square_multiplier/product multiplier stage u_pqm_pl_top/u_measurement_core/u_time_parameters_initiator/u_ui_rms_measure/u_i_square_multiplier/product/P[47:0] is not pipelined (MREG=0). Pipelining the multiplier function will improve performance and will save significant power so it is suggested whenever possible to fully pipeline this function.  If this multiplier was inferred, it is suggested to describe an additional register stage after this function.  If there is no registered adder/accumulator following the multiply function, two pipeline stages are suggested to allow both the MREG and PREG registers to be used.  If the DSP48 was instantiated in the design, it is suggested to set both the MREG and PREG attributes to 1 when performing multiply functions.
Related violations: <none>

DPOP-2#41 Warning
MREG Output pipelining  
DSP u_pqm_pl_top/u_measurement_core/u_time_parameters_initiator/u_ui_rms_measure/u_u_rms_sqrt/candidate_sq multiplier stage u_pqm_pl_top/u_measurement_core/u_time_parameters_initiator/u_ui_rms_measure/u_u_rms_sqrt/candidate_sq/P[47:0] is not pipelined (MREG=0). Pipelining the multiplier function will improve performance and will save significant power so it is suggested whenever possible to fully pipeline this function.  If this multiplier was inferred, it is suggested to describe an additional register stage after this function.  If there is no registered adder/accumulator following the multiply function, two pipeline stages are suggested to allow both the MREG and PREG registers to be used.  If the DSP48 was instantiated in the design, it is suggested to set both the MREG and PREG attributes to 1 when performing multiply functions.
Related violations: <none>

DPOP-2#42 Warning
MREG Output pipelining  
DSP u_pqm_pl_top/u_measurement_core/u_time_parameters_initiator/u_ui_rms_measure/u_u_rms_sqrt/candidate_sq__0 multiplier stage u_pqm_pl_top/u_measurement_core/u_time_parameters_initiator/u_ui_rms_measure/u_u_rms_sqrt/candidate_sq__0/P[47:0] is not pipelined (MREG=0). Pipelining the multiplier function will improve performance and will save significant power so it is suggested whenever possible to fully pipeline this function.  If this multiplier was inferred, it is suggested to describe an additional register stage after this function.  If there is no registered adder/accumulator following the multiply function, two pipeline stages are suggested to allow both the MREG and PREG registers to be used.  If the DSP48 was instantiated in the design, it is suggested to set both the MREG and PREG attributes to 1 when performing multiply functions.
Related violations: <none>

DPOP-2#43 Warning
MREG Output pipelining  
DSP u_pqm_pl_top/u_measurement_core/u_time_parameters_initiator/u_ui_rms_measure/u_u_rms_sqrt/candidate_sq__1 multiplier stage u_pqm_pl_top/u_measurement_core/u_time_parameters_initiator/u_ui_rms_measure/u_u_rms_sqrt/candidate_sq__1/P[47:0] is not pipelined (MREG=0). Pipelining the multiplier function will improve performance and will save significant power so it is suggested whenever possible to fully pipeline this function.  If this multiplier was inferred, it is suggested to describe an additional register stage after this function.  If there is no registered adder/accumulator following the multiply function, two pipeline stages are suggested to allow both the MREG and PREG registers to be used.  If the DSP48 was instantiated in the design, it is suggested to set both the MREG and PREG attributes to 1 when performing multiply functions.
Related violations: <none>

DPOP-2#44 Warning
MREG Output pipelining  
DSP u_pqm_pl_top/u_measurement_core/u_time_parameters_initiator/u_ui_rms_measure/u_u_rms_sqrt/candidate_sq__2 multiplier stage u_pqm_pl_top/u_measurement_core/u_time_parameters_initiator/u_ui_rms_measure/u_u_rms_sqrt/candidate_sq__2/P[47:0] is not pipelined (MREG=0). Pipelining the multiplier function will improve performance and will save significant power so it is suggested whenever possible to fully pipeline this function.  If this multiplier was inferred, it is suggested to describe an additional register stage after this function.  If there is no registered adder/accumulator following the multiply function, two pipeline stages are suggested to allow both the MREG and PREG registers to be used.  If the DSP48 was instantiated in the design, it is suggested to set both the MREG and PREG attributes to 1 when performing multiply functions.
Related violations: <none>

DPOP-2#45 Warning
MREG Output pipelining  
DSP u_pqm_pl_top/u_measurement_core/u_time_parameters_initiator/u_ui_rms_measure/u_u_square_multiplier/product multiplier stage u_pqm_pl_top/u_measurement_core/u_time_parameters_initiator/u_ui_rms_measure/u_u_square_multiplier/product/P[47:0] is not pipelined (MREG=0). Pipelining the multiplier function will improve performance and will save significant power so it is suggested whenever possible to fully pipeline this function.  If this multiplier was inferred, it is suggested to describe an additional register stage after this function.  If there is no registered adder/accumulator following the multiply function, two pipeline stages are suggested to allow both the MREG and PREG registers to be used.  If the DSP48 was instantiated in the design, it is suggested to set both the MREG and PREG attributes to 1 when performing multiply functions.
Related violations: <none>

DPOP-2#46 Warning
MREG Output pipelining  
DSP u_pqm_pl_top/u_measurement_core/u_time_parameters_initiator/u_ui_rms_measure/u_ui_product_multiplier/product multiplier stage u_pqm_pl_top/u_measurement_core/u_time_parameters_initiator/u_ui_rms_measure/u_ui_product_multiplier/product/P[47:0] is not pipelined (MREG=0). Pipelining the multiplier function will improve performance and will save significant power so it is suggested whenever possible to fully pipeline this function.  If this multiplier was inferred, it is suggested to describe an additional register stage after this function.  If there is no registered adder/accumulator following the multiply function, two pipeline stages are suggested to allow both the MREG and PREG registers to be used.  If the DSP48 was instantiated in the design, it is suggested to set both the MREG and PREG attributes to 1 when performing multiply functions.
Related violations: <none>

DPOP-2#47 Warning
MREG Output pipelining  
DSP u_pqm_pl_top/u_measurement_core/u_time_x100_normalizer/u_active_p_scale_multiplier/product multiplier stage u_pqm_pl_top/u_measurement_core/u_time_x100_normalizer/u_active_p_scale_multiplier/product/P[47:0] is not pipelined (MREG=0). Pipelining the multiplier function will improve performance and will save significant power so it is suggested whenever possible to fully pipeline this function.  If this multiplier was inferred, it is suggested to describe an additional register stage after this function.  If there is no registered adder/accumulator following the multiply function, two pipeline stages are suggested to allow both the MREG and PREG registers to be used.  If the DSP48 was instantiated in the design, it is suggested to set both the MREG and PREG attributes to 1 when performing multiply functions.
Related violations: <none>

DPOP-2#48 Warning
MREG Output pipelining  
DSP u_pqm_pl_top/u_measurement_core/u_time_x100_normalizer/u_active_p_scale_multiplier/product__0 multiplier stage u_pqm_pl_top/u_measurement_core/u_time_x100_normalizer/u_active_p_scale_multiplier/product__0/P[47:0] is not pipelined (MREG=0). Pipelining the multiplier function will improve performance and will save significant power so it is suggested whenever possible to fully pipeline this function.  If this multiplier was inferred, it is suggested to describe an additional register stage after this function.  If there is no registered adder/accumulator following the multiply function, two pipeline stages are suggested to allow both the MREG and PREG registers to be used.  If the DSP48 was instantiated in the design, it is suggested to set both the MREG and PREG attributes to 1 when performing multiply functions.
Related violations: <none>

DPOP-2#49 Warning
MREG Output pipelining  
DSP u_pqm_pl_top/u_measurement_core/u_time_x100_normalizer/u_active_p_scale_multiplier/product__1 multiplier stage u_pqm_pl_top/u_measurement_core/u_time_x100_normalizer/u_active_p_scale_multiplier/product__1/P[47:0] is not pipelined (MREG=0). Pipelining the multiplier function will improve performance and will save significant power so it is suggested whenever possible to fully pipeline this function.  If this multiplier was inferred, it is suggested to describe an additional register stage after this function.  If there is no registered adder/accumulator following the multiply function, two pipeline stages are suggested to allow both the MREG and PREG registers to be used.  If the DSP48 was instantiated in the design, it is suggested to set both the MREG and PREG attributes to 1 when performing multiply functions.
Related violations: <none>

DPOP-2#50 Warning
MREG Output pipelining  
DSP u_pqm_pl_top/u_measurement_core/u_time_x100_normalizer/u_active_p_scale_multiplier/product__2 multiplier stage u_pqm_pl_top/u_measurement_core/u_time_x100_normalizer/u_active_p_scale_multiplier/product__2/P[47:0] is not pipelined (MREG=0). Pipelining the multiplier function will improve performance and will save significant power so it is suggested whenever possible to fully pipeline this function.  If this multiplier was inferred, it is suggested to describe an additional register stage after this function.  If there is no registered adder/accumulator following the multiply function, two pipeline stages are suggested to allow both the MREG and PREG registers to be used.  If the DSP48 was instantiated in the design, it is suggested to set both the MREG and PREG attributes to 1 when performing multiply functions.
Related violations: <none>

DPOP-2#51 Warning
MREG Output pipelining  
DSP u_pqm_pl_top/u_measurement_core/u_time_x100_normalizer/u_active_p_scale_multiplier/product__3 multiplier stage u_pqm_pl_top/u_measurement_core/u_time_x100_normalizer/u_active_p_scale_multiplier/product__3/P[47:0] is not pipelined (MREG=0). Pipelining the multiplier function will improve performance and will save significant power so it is suggested whenever possible to fully pipeline this function.  If this multiplier was inferred, it is suggested to describe an additional register stage after this function.  If there is no registered adder/accumulator following the multiply function, two pipeline stages are suggested to allow both the MREG and PREG registers to be used.  If the DSP48 was instantiated in the design, it is suggested to set both the MREG and PREG attributes to 1 when performing multiply functions.
Related violations: <none>

DPOP-2#52 Warning
MREG Output pipelining  
DSP u_pqm_pl_top/u_measurement_core/u_time_x100_normalizer/u_active_p_scale_multiplier/product__4 multiplier stage u_pqm_pl_top/u_measurement_core/u_time_x100_normalizer/u_active_p_scale_multiplier/product__4/P[47:0] is not pipelined (MREG=0). Pipelining the multiplier function will improve performance and will save significant power so it is suggested whenever possible to fully pipeline this function.  If this multiplier was inferred, it is suggested to describe an additional register stage after this function.  If there is no registered adder/accumulator following the multiply function, two pipeline stages are suggested to allow both the MREG and PREG registers to be used.  If the DSP48 was instantiated in the design, it is suggested to set both the MREG and PREG attributes to 1 when performing multiply functions.
Related violations: <none>

DPOP-2#53 Warning
MREG Output pipelining  
DSP u_pqm_pl_top/u_measurement_core/u_time_x100_normalizer/u_active_p_scale_multiplier/product__5 multiplier stage u_pqm_pl_top/u_measurement_core/u_time_x100_normalizer/u_active_p_scale_multiplier/product__5/P[47:0] is not pipelined (MREG=0). Pipelining the multiplier function will improve performance and will save significant power so it is suggested whenever possible to fully pipeline this function.  If this multiplier was inferred, it is suggested to describe an additional register stage after this function.  If there is no registered adder/accumulator following the multiply function, two pipeline stages are suggested to allow both the MREG and PREG registers to be used.  If the DSP48 was instantiated in the design, it is suggested to set both the MREG and PREG attributes to 1 when performing multiply functions.
Related violations: <none>

DPOP-2#54 Warning
MREG Output pipelining  
DSP u_pqm_pl_top/u_measurement_core/u_time_x100_normalizer/u_active_p_scale_multiplier/product__6 multiplier stage u_pqm_pl_top/u_measurement_core/u_time_x100_normalizer/u_active_p_scale_multiplier/product__6/P[47:0] is not pipelined (MREG=0). Pipelining the multiplier function will improve performance and will save significant power so it is suggested whenever possible to fully pipeline this function.  If this multiplier was inferred, it is suggested to describe an additional register stage after this function.  If there is no registered adder/accumulator following the multiply function, two pipeline stages are suggested to allow both the MREG and PREG registers to be used.  If the DSP48 was instantiated in the design, it is suggested to set both the MREG and PREG attributes to 1 when performing multiply functions.
Related violations: <none>

DPOP-2#55 Warning
MREG Output pipelining  
DSP u_pqm_pl_top/u_measurement_core/u_time_x100_normalizer/u_apparent_s_scale_multiplier/product multiplier stage u_pqm_pl_top/u_measurement_core/u_time_x100_normalizer/u_apparent_s_scale_multiplier/product/P[47:0] is not pipelined (MREG=0). Pipelining the multiplier function will improve performance and will save significant power so it is suggested whenever possible to fully pipeline this function.  If this multiplier was inferred, it is suggested to describe an additional register stage after this function.  If there is no registered adder/accumulator following the multiply function, two pipeline stages are suggested to allow both the MREG and PREG registers to be used.  If the DSP48 was instantiated in the design, it is suggested to set both the MREG and PREG attributes to 1 when performing multiply functions.
Related violations: <none>

DPOP-2#56 Warning
MREG Output pipelining  
DSP u_pqm_pl_top/u_measurement_core/u_time_x100_normalizer/u_apparent_s_scale_multiplier/product__0 multiplier stage u_pqm_pl_top/u_measurement_core/u_time_x100_normalizer/u_apparent_s_scale_multiplier/product__0/P[47:0] is not pipelined (MREG=0). Pipelining the multiplier function will improve performance and will save significant power so it is suggested whenever possible to fully pipeline this function.  If this multiplier was inferred, it is suggested to describe an additional register stage after this function.  If there is no registered adder/accumulator following the multiply function, two pipeline stages are suggested to allow both the MREG and PREG registers to be used.  If the DSP48 was instantiated in the design, it is suggested to set both the MREG and PREG attributes to 1 when performing multiply functions.
Related violations: <none>

DPOP-2#57 Warning
MREG Output pipelining  
DSP u_pqm_pl_top/u_measurement_core/u_time_x100_normalizer/u_apparent_s_scale_multiplier/product__1 multiplier stage u_pqm_pl_top/u_measurement_core/u_time_x100_normalizer/u_apparent_s_scale_multiplier/product__1/P[47:0] is not pipelined (MREG=0). Pipelining the multiplier function will improve performance and will save significant power so it is suggested whenever possible to fully pipeline this function.  If this multiplier was inferred, it is suggested to describe an additional register stage after this function.  If there is no registered adder/accumulator following the multiply function, two pipeline stages are suggested to allow both the MREG and PREG registers to be used.  If the DSP48 was instantiated in the design, it is suggested to set both the MREG and PREG attributes to 1 when performing multiply functions.
Related violations: <none>

DPOP-2#58 Warning
MREG Output pipelining  
DSP u_pqm_pl_top/u_measurement_core/u_time_x100_normalizer/u_apparent_s_scale_multiplier/product__2 multiplier stage u_pqm_pl_top/u_measurement_core/u_time_x100_normalizer/u_apparent_s_scale_multiplier/product__2/P[47:0] is not pipelined (MREG=0). Pipelining the multiplier function will improve performance and will save significant power so it is suggested whenever possible to fully pipeline this function.  If this multiplier was inferred, it is suggested to describe an additional register stage after this function.  If there is no registered adder/accumulator following the multiply function, two pipeline stages are suggested to allow both the MREG and PREG registers to be used.  If the DSP48 was instantiated in the design, it is suggested to set both the MREG and PREG attributes to 1 when performing multiply functions.
Related violations: <none>

DPOP-2#59 Warning
MREG Output pipelining  
DSP u_pqm_pl_top/u_measurement_core/u_time_x100_normalizer/u_apparent_s_scale_multiplier/product__3 multiplier stage u_pqm_pl_top/u_measurement_core/u_time_x100_normalizer/u_apparent_s_scale_multiplier/product__3/P[47:0] is not pipelined (MREG=0). Pipelining the multiplier function will improve performance and will save significant power so it is suggested whenever possible to fully pipeline this function.  If this multiplier was inferred, it is suggested to describe an additional register stage after this function.  If there is no registered adder/accumulator following the multiply function, two pipeline stages are suggested to allow both the MREG and PREG registers to be used.  If the DSP48 was instantiated in the design, it is suggested to set both the MREG and PREG attributes to 1 when performing multiply functions.
Related violations: <none>

DPOP-2#60 Warning
MREG Output pipelining  
DSP u_pqm_pl_top/u_measurement_core/u_time_x100_normalizer/u_apparent_s_scale_multiplier/product__4 multiplier stage u_pqm_pl_top/u_measurement_core/u_time_x100_normalizer/u_apparent_s_scale_multiplier/product__4/P[47:0] is not pipelined (MREG=0). Pipelining the multiplier function will improve performance and will save significant power so it is suggested whenever possible to fully pipeline this function.  If this multiplier was inferred, it is suggested to describe an additional register stage after this function.  If there is no registered adder/accumulator following the multiply function, two pipeline stages are suggested to allow both the MREG and PREG registers to be used.  If the DSP48 was instantiated in the design, it is suggested to set both the MREG and PREG attributes to 1 when performing multiply functions.
Related violations: <none>

DPOP-2#61 Warning
MREG Output pipelining  
DSP u_pqm_pl_top/u_measurement_core/u_time_x100_normalizer/u_apparent_s_scale_multiplier/product__5 multiplier stage u_pqm_pl_top/u_measurement_core/u_time_x100_normalizer/u_apparent_s_scale_multiplier/product__5/P[47:0] is not pipelined (MREG=0). Pipelining the multiplier function will improve performance and will save significant power so it is suggested whenever possible to fully pipeline this function.  If this multiplier was inferred, it is suggested to describe an additional register stage after this function.  If there is no registered adder/accumulator following the multiply function, two pipeline stages are suggested to allow both the MREG and PREG registers to be used.  If the DSP48 was instantiated in the design, it is suggested to set both the MREG and PREG attributes to 1 when performing multiply functions.
Related violations: <none>

DPOP-2#62 Warning
MREG Output pipelining  
DSP u_pqm_pl_top/u_measurement_core/u_time_x100_normalizer/u_apparent_s_scale_multiplier/product__6 multiplier stage u_pqm_pl_top/u_measurement_core/u_time_x100_normalizer/u_apparent_s_scale_multiplier/product__6/P[47:0] is not pipelined (MREG=0). Pipelining the multiplier function will improve performance and will save significant power so it is suggested whenever possible to fully pipeline this function.  If this multiplier was inferred, it is suggested to describe an additional register stage after this function.  If there is no registered adder/accumulator following the multiply function, two pipeline stages are suggested to allow both the MREG and PREG registers to be used.  If the DSP48 was instantiated in the design, it is suggested to set both the MREG and PREG attributes to 1 when performing multiply functions.
Related violations: <none>

DPOP-2#63 Warning
MREG Output pipelining  
DSP u_pqm_pl_top/u_measurement_core/u_time_x100_normalizer/u_full_scale_multiplier/product multiplier stage u_pqm_pl_top/u_measurement_core/u_time_x100_normalizer/u_full_scale_multiplier/product/P[47:0] is not pipelined (MREG=0). Pipelining the multiplier function will improve performance and will save significant power so it is suggested whenever possible to fully pipeline this function.  If this multiplier was inferred, it is suggested to describe an additional register stage after this function.  If there is no registered adder/accumulator following the multiply function, two pipeline stages are suggested to allow both the MREG and PREG registers to be used.  If the DSP48 was instantiated in the design, it is suggested to set both the MREG and PREG attributes to 1 when performing multiply functions.
Related violations: <none>

DPOP-2#64 Warning
MREG Output pipelining  
DSP u_pqm_pl_top/u_measurement_core/u_time_x100_normalizer/u_full_scale_multiplier/product__0 multiplier stage u_pqm_pl_top/u_measurement_core/u_time_x100_normalizer/u_full_scale_multiplier/product__0/P[47:0] is not pipelined (MREG=0). Pipelining the multiplier function will improve performance and will save significant power so it is suggested whenever possible to fully pipeline this function.  If this multiplier was inferred, it is suggested to describe an additional register stage after this function.  If there is no registered adder/accumulator following the multiply function, two pipeline stages are suggested to allow both the MREG and PREG registers to be used.  If the DSP48 was instantiated in the design, it is suggested to set both the MREG and PREG attributes to 1 when performing multiply functions.
Related violations: <none>

DPOP-2#65 Warning
MREG Output pipelining  
DSP u_pqm_pl_top/u_measurement_core/u_time_x100_normalizer/u_full_scale_multiplier/product__1 multiplier stage u_pqm_pl_top/u_measurement_core/u_time_x100_normalizer/u_full_scale_multiplier/product__1/P[47:0] is not pipelined (MREG=0). Pipelining the multiplier function will improve performance and will save significant power so it is suggested whenever possible to fully pipeline this function.  If this multiplier was inferred, it is suggested to describe an additional register stage after this function.  If there is no registered adder/accumulator following the multiply function, two pipeline stages are suggested to allow both the MREG and PREG registers to be used.  If the DSP48 was instantiated in the design, it is suggested to set both the MREG and PREG attributes to 1 when performing multiply functions.
Related violations: <none>

DPOP-2#66 Warning
MREG Output pipelining  
DSP u_pqm_pl_top/u_measurement_core/u_time_x100_normalizer/u_full_scale_multiplier/product__2 multiplier stage u_pqm_pl_top/u_measurement_core/u_time_x100_normalizer/u_full_scale_multiplier/product__2/P[47:0] is not pipelined (MREG=0). Pipelining the multiplier function will improve performance and will save significant power so it is suggested whenever possible to fully pipeline this function.  If this multiplier was inferred, it is suggested to describe an additional register stage after this function.  If there is no registered adder/accumulator following the multiply function, two pipeline stages are suggested to allow both the MREG and PREG registers to be used.  If the DSP48 was instantiated in the design, it is suggested to set both the MREG and PREG attributes to 1 when performing multiply functions.
Related violations: <none>

DPOP-2#67 Warning
MREG Output pipelining  
DSP u_pqm_pl_top/u_measurement_core/u_time_x100_normalizer/u_i_pp_scale_multiplier/product multiplier stage u_pqm_pl_top/u_measurement_core/u_time_x100_normalizer/u_i_pp_scale_multiplier/product/P[47:0] is not pipelined (MREG=0). Pipelining the multiplier function will improve performance and will save significant power so it is suggested whenever possible to fully pipeline this function.  If this multiplier was inferred, it is suggested to describe an additional register stage after this function.  If there is no registered adder/accumulator following the multiply function, two pipeline stages are suggested to allow both the MREG and PREG registers to be used.  If the DSP48 was instantiated in the design, it is suggested to set both the MREG and PREG attributes to 1 when performing multiply functions.
Related violations: <none>

DPOP-2#68 Warning
MREG Output pipelining  
DSP u_pqm_pl_top/u_measurement_core/u_time_x100_normalizer/u_i_pp_scale_multiplier/product__0 multiplier stage u_pqm_pl_top/u_measurement_core/u_time_x100_normalizer/u_i_pp_scale_multiplier/product__0/P[47:0] is not pipelined (MREG=0). Pipelining the multiplier function will improve performance and will save significant power so it is suggested whenever possible to fully pipeline this function.  If this multiplier was inferred, it is suggested to describe an additional register stage after this function.  If there is no registered adder/accumulator following the multiply function, two pipeline stages are suggested to allow both the MREG and PREG registers to be used.  If the DSP48 was instantiated in the design, it is suggested to set both the MREG and PREG attributes to 1 when performing multiply functions.
Related violations: <none>

DPOP-2#69 Warning
MREG Output pipelining  
DSP u_pqm_pl_top/u_measurement_core/u_time_x100_normalizer/u_i_pp_scale_multiplier/product__1 multiplier stage u_pqm_pl_top/u_measurement_core/u_time_x100_normalizer/u_i_pp_scale_multiplier/product__1/P[47:0] is not pipelined (MREG=0). Pipelining the multiplier function will improve performance and will save significant power so it is suggested whenever possible to fully pipeline this function.  If this multiplier was inferred, it is suggested to describe an additional register stage after this function.  If there is no registered adder/accumulator following the multiply function, two pipeline stages are suggested to allow both the MREG and PREG registers to be used.  If the DSP48 was instantiated in the design, it is suggested to set both the MREG and PREG attributes to 1 when performing multiply functions.
Related violations: <none>

DPOP-2#70 Warning
MREG Output pipelining  
DSP u_pqm_pl_top/u_measurement_core/u_time_x100_normalizer/u_i_pp_scale_multiplier/product__2 multiplier stage u_pqm_pl_top/u_measurement_core/u_time_x100_normalizer/u_i_pp_scale_multiplier/product__2/P[47:0] is not pipelined (MREG=0). Pipelining the multiplier function will improve performance and will save significant power so it is suggested whenever possible to fully pipeline this function.  If this multiplier was inferred, it is suggested to describe an additional register stage after this function.  If there is no registered adder/accumulator following the multiply function, two pipeline stages are suggested to allow both the MREG and PREG registers to be used.  If the DSP48 was instantiated in the design, it is suggested to set both the MREG and PREG attributes to 1 when performing multiply functions.
Related violations: <none>

DPOP-2#71 Warning
MREG Output pipelining  
DSP u_pqm_pl_top/u_measurement_core/u_time_x100_normalizer/u_i_rms_raw_to_x100/u_scale_multiplier/product multiplier stage u_pqm_pl_top/u_measurement_core/u_time_x100_normalizer/u_i_rms_raw_to_x100/u_scale_multiplier/product/P[47:0] is not pipelined (MREG=0). Pipelining the multiplier function will improve performance and will save significant power so it is suggested whenever possible to fully pipeline this function.  If this multiplier was inferred, it is suggested to describe an additional register stage after this function.  If there is no registered adder/accumulator following the multiply function, two pipeline stages are suggested to allow both the MREG and PREG registers to be used.  If the DSP48 was instantiated in the design, it is suggested to set both the MREG and PREG attributes to 1 when performing multiply functions.
Related violations: <none>

DPOP-2#72 Warning
MREG Output pipelining  
DSP u_pqm_pl_top/u_measurement_core/u_time_x100_normalizer/u_i_rms_raw_to_x100/u_scale_multiplier/product__0 multiplier stage u_pqm_pl_top/u_measurement_core/u_time_x100_normalizer/u_i_rms_raw_to_x100/u_scale_multiplier/product__0/P[47:0] is not pipelined (MREG=0). Pipelining the multiplier function will improve performance and will save significant power so it is suggested whenever possible to fully pipeline this function.  If this multiplier was inferred, it is suggested to describe an additional register stage after this function.  If there is no registered adder/accumulator following the multiply function, two pipeline stages are suggested to allow both the MREG and PREG registers to be used.  If the DSP48 was instantiated in the design, it is suggested to set both the MREG and PREG attributes to 1 when performing multiply functions.
Related violations: <none>

DPOP-2#73 Warning
MREG Output pipelining  
DSP u_pqm_pl_top/u_measurement_core/u_time_x100_normalizer/u_reactive_q_scale_multiplier/product multiplier stage u_pqm_pl_top/u_measurement_core/u_time_x100_normalizer/u_reactive_q_scale_multiplier/product/P[47:0] is not pipelined (MREG=0). Pipelining the multiplier function will improve performance and will save significant power so it is suggested whenever possible to fully pipeline this function.  If this multiplier was inferred, it is suggested to describe an additional register stage after this function.  If there is no registered adder/accumulator following the multiply function, two pipeline stages are suggested to allow both the MREG and PREG registers to be used.  If the DSP48 was instantiated in the design, it is suggested to set both the MREG and PREG attributes to 1 when performing multiply functions.
Related violations: <none>

DPOP-2#74 Warning
MREG Output pipelining  
DSP u_pqm_pl_top/u_measurement_core/u_time_x100_normalizer/u_reactive_q_scale_multiplier/product__0 multiplier stage u_pqm_pl_top/u_measurement_core/u_time_x100_normalizer/u_reactive_q_scale_multiplier/product__0/P[47:0] is not pipelined (MREG=0). Pipelining the multiplier function will improve performance and will save significant power so it is suggested whenever possible to fully pipeline this function.  If this multiplier was inferred, it is suggested to describe an additional register stage after this function.  If there is no registered adder/accumulator following the multiply function, two pipeline stages are suggested to allow both the MREG and PREG registers to be used.  If the DSP48 was instantiated in the design, it is suggested to set both the MREG and PREG attributes to 1 when performing multiply functions.
Related violations: <none>

DPOP-2#75 Warning
MREG Output pipelining  
DSP u_pqm_pl_top/u_measurement_core/u_time_x100_normalizer/u_reactive_q_scale_multiplier/product__1 multiplier stage u_pqm_pl_top/u_measurement_core/u_time_x100_normalizer/u_reactive_q_scale_multiplier/product__1/P[47:0] is not pipelined (MREG=0). Pipelining the multiplier function will improve performance and will save significant power so it is suggested whenever possible to fully pipeline this function.  If this multiplier was inferred, it is suggested to describe an additional register stage after this function.  If there is no registered adder/accumulator following the multiply function, two pipeline stages are suggested to allow both the MREG and PREG registers to be used.  If the DSP48 was instantiated in the design, it is suggested to set both the MREG and PREG attributes to 1 when performing multiply functions.
Related violations: <none>

DPOP-2#76 Warning
MREG Output pipelining  
DSP u_pqm_pl_top/u_measurement_core/u_time_x100_normalizer/u_reactive_q_scale_multiplier/product__2 multiplier stage u_pqm_pl_top/u_measurement_core/u_time_x100_normalizer/u_reactive_q_scale_multiplier/product__2/P[47:0] is not pipelined (MREG=0). Pipelining the multiplier function will improve performance and will save significant power so it is suggested whenever possible to fully pipeline this function.  If this multiplier was inferred, it is suggested to describe an additional register stage after this function.  If there is no registered adder/accumulator following the multiply function, two pipeline stages are suggested to allow both the MREG and PREG registers to be used.  If the DSP48 was instantiated in the design, it is suggested to set both the MREG and PREG attributes to 1 when performing multiply functions.
Related violations: <none>

DPOP-2#77 Warning
MREG Output pipelining  
DSP u_pqm_pl_top/u_measurement_core/u_time_x100_normalizer/u_reactive_q_scale_multiplier/product__3 multiplier stage u_pqm_pl_top/u_measurement_core/u_time_x100_normalizer/u_reactive_q_scale_multiplier/product__3/P[47:0] is not pipelined (MREG=0). Pipelining the multiplier function will improve performance and will save significant power so it is suggested whenever possible to fully pipeline this function.  If this multiplier was inferred, it is suggested to describe an additional register stage after this function.  If there is no registered adder/accumulator following the multiply function, two pipeline stages are suggested to allow both the MREG and PREG registers to be used.  If the DSP48 was instantiated in the design, it is suggested to set both the MREG and PREG attributes to 1 when performing multiply functions.
Related violations: <none>

DPOP-2#78 Warning
MREG Output pipelining  
DSP u_pqm_pl_top/u_measurement_core/u_time_x100_normalizer/u_reactive_q_scale_multiplier/product__4 multiplier stage u_pqm_pl_top/u_measurement_core/u_time_x100_normalizer/u_reactive_q_scale_multiplier/product__4/P[47:0] is not pipelined (MREG=0). Pipelining the multiplier function will improve performance and will save significant power so it is suggested whenever possible to fully pipeline this function.  If this multiplier was inferred, it is suggested to describe an additional register stage after this function.  If there is no registered adder/accumulator following the multiply function, two pipeline stages are suggested to allow both the MREG and PREG registers to be used.  If the DSP48 was instantiated in the design, it is suggested to set both the MREG and PREG attributes to 1 when performing multiply functions.
Related violations: <none>

DPOP-2#79 Warning
MREG Output pipelining  
DSP u_pqm_pl_top/u_measurement_core/u_time_x100_normalizer/u_reactive_q_scale_multiplier/product__5 multiplier stage u_pqm_pl_top/u_measurement_core/u_time_x100_normalizer/u_reactive_q_scale_multiplier/product__5/P[47:0] is not pipelined (MREG=0). Pipelining the multiplier function will improve performance and will save significant power so it is suggested whenever possible to fully pipeline this function.  If this multiplier was inferred, it is suggested to describe an additional register stage after this function.  If there is no registered adder/accumulator following the multiply function, two pipeline stages are suggested to allow both the MREG and PREG registers to be used.  If the DSP48 was instantiated in the design, it is suggested to set both the MREG and PREG attributes to 1 when performing multiply functions.
Related violations: <none>

DPOP-2#80 Warning
MREG Output pipelining  
DSP u_pqm_pl_top/u_measurement_core/u_time_x100_normalizer/u_reactive_q_scale_multiplier/product__6 multiplier stage u_pqm_pl_top/u_measurement_core/u_time_x100_normalizer/u_reactive_q_scale_multiplier/product__6/P[47:0] is not pipelined (MREG=0). Pipelining the multiplier function will improve performance and will save significant power so it is suggested whenever possible to fully pipeline this function.  If this multiplier was inferred, it is suggested to describe an additional register stage after this function.  If there is no registered adder/accumulator following the multiply function, two pipeline stages are suggested to allow both the MREG and PREG registers to be used.  If the DSP48 was instantiated in the design, it is suggested to set both the MREG and PREG attributes to 1 when performing multiply functions.
Related violations: <none>

DPOP-2#81 Warning
MREG Output pipelining  
DSP u_pqm_pl_top/u_measurement_core/u_time_x100_normalizer/u_u_pp_scale_multiplier/product multiplier stage u_pqm_pl_top/u_measurement_core/u_time_x100_normalizer/u_u_pp_scale_multiplier/product/P[47:0] is not pipelined (MREG=0). Pipelining the multiplier function will improve performance and will save significant power so it is suggested whenever possible to fully pipeline this function.  If this multiplier was inferred, it is suggested to describe an additional register stage after this function.  If there is no registered adder/accumulator following the multiply function, two pipeline stages are suggested to allow both the MREG and PREG registers to be used.  If the DSP48 was instantiated in the design, it is suggested to set both the MREG and PREG attributes to 1 when performing multiply functions.
Related violations: <none>

DPOP-2#82 Warning
MREG Output pipelining  
DSP u_pqm_pl_top/u_measurement_core/u_time_x100_normalizer/u_u_pp_scale_multiplier/product__0 multiplier stage u_pqm_pl_top/u_measurement_core/u_time_x100_normalizer/u_u_pp_scale_multiplier/product__0/P[47:0] is not pipelined (MREG=0). Pipelining the multiplier function will improve performance and will save significant power so it is suggested whenever possible to fully pipeline this function.  If this multiplier was inferred, it is suggested to describe an additional register stage after this function.  If there is no registered adder/accumulator following the multiply function, two pipeline stages are suggested to allow both the MREG and PREG registers to be used.  If the DSP48 was instantiated in the design, it is suggested to set both the MREG and PREG attributes to 1 when performing multiply functions.
Related violations: <none>

DPOP-2#83 Warning
MREG Output pipelining  
DSP u_pqm_pl_top/u_measurement_core/u_time_x100_normalizer/u_u_pp_scale_multiplier/product__1 multiplier stage u_pqm_pl_top/u_measurement_core/u_time_x100_normalizer/u_u_pp_scale_multiplier/product__1/P[47:0] is not pipelined (MREG=0). Pipelining the multiplier function will improve performance and will save significant power so it is suggested whenever possible to fully pipeline this function.  If this multiplier was inferred, it is suggested to describe an additional register stage after this function.  If there is no registered adder/accumulator following the multiply function, two pipeline stages are suggested to allow both the MREG and PREG registers to be used.  If the DSP48 was instantiated in the design, it is suggested to set both the MREG and PREG attributes to 1 when performing multiply functions.
Related violations: <none>

DPOP-2#84 Warning
MREG Output pipelining  
DSP u_pqm_pl_top/u_measurement_core/u_time_x100_normalizer/u_u_pp_scale_multiplier/product__2 multiplier stage u_pqm_pl_top/u_measurement_core/u_time_x100_normalizer/u_u_pp_scale_multiplier/product__2/P[47:0] is not pipelined (MREG=0). Pipelining the multiplier function will improve performance and will save significant power so it is suggested whenever possible to fully pipeline this function.  If this multiplier was inferred, it is suggested to describe an additional register stage after this function.  If there is no registered adder/accumulator following the multiply function, two pipeline stages are suggested to allow both the MREG and PREG registers to be used.  If the DSP48 was instantiated in the design, it is suggested to set both the MREG and PREG attributes to 1 when performing multiply functions.
Related violations: <none>

DPOP-2#85 Warning
MREG Output pipelining  
DSP u_pqm_pl_top/u_measurement_core/u_time_x100_normalizer/u_u_rms_raw_to_x100/u_scale_multiplier/product multiplier stage u_pqm_pl_top/u_measurement_core/u_time_x100_normalizer/u_u_rms_raw_to_x100/u_scale_multiplier/product/P[47:0] is not pipelined (MREG=0). Pipelining the multiplier function will improve performance and will save significant power so it is suggested whenever possible to fully pipeline this function.  If this multiplier was inferred, it is suggested to describe an additional register stage after this function.  If there is no registered adder/accumulator following the multiply function, two pipeline stages are suggested to allow both the MREG and PREG registers to be used.  If the DSP48 was instantiated in the design, it is suggested to set both the MREG and PREG attributes to 1 when performing multiply functions.
Related violations: <none>

DPOP-2#86 Warning
MREG Output pipelining  
DSP u_pqm_pl_top/u_measurement_core/u_time_x100_normalizer/u_u_rms_raw_to_x100/u_scale_multiplier/product__0 multiplier stage u_pqm_pl_top/u_measurement_core/u_time_x100_normalizer/u_u_rms_raw_to_x100/u_scale_multiplier/product__0/P[47:0] is not pipelined (MREG=0). Pipelining the multiplier function will improve performance and will save significant power so it is suggested whenever possible to fully pipeline this function.  If this multiplier was inferred, it is suggested to describe an additional register stage after this function.  If there is no registered adder/accumulator following the multiply function, two pipeline stages are suggested to allow both the MREG and PREG registers to be used.  If the DSP48 was instantiated in the design, it is suggested to set both the MREG and PREG attributes to 1 when performing multiply functions.
Related violations: <none>

DPOR-1#1 Warning
Asynchronous load check  
DSP u_pqm_pl_top/u_measurement_core/u_time_x100_normalizer/u_full_scale_multiplier/product output is connected to registers with an asynchronous reset (u_pqm_pl_top/u_measurement_core/u_time_x100_normalizer/full_scale_prod_work_reg[0]). This is preventing the possibility of merging these registers in to the DSP Block since the DSP block registers only possess synchronous reset capability.  It is suggested to recode or change these registers to remove the reset or use a synchronous reset to get the best optimization for performance, power and area.
Related violations: <none>

DPOR-1#2 Warning
Asynchronous load check  
DSP u_pqm_pl_top/u_measurement_core/u_time_x100_normalizer/u_full_scale_multiplier/product output is connected to registers with an asynchronous reset (u_pqm_pl_top/u_measurement_core/u_time_x100_normalizer/full_scale_prod_work_reg[10]). This is preventing the possibility of merging these registers in to the DSP Block since the DSP block registers only possess synchronous reset capability.  It is suggested to recode or change these registers to remove the reset or use a synchronous reset to get the best optimization for performance, power and area.
Related violations: <none>

DPOR-1#3 Warning
Asynchronous load check  
DSP u_pqm_pl_top/u_measurement_core/u_time_x100_normalizer/u_full_scale_multiplier/product output is connected to registers with an asynchronous reset (u_pqm_pl_top/u_measurement_core/u_time_x100_normalizer/full_scale_prod_work_reg[11]). This is preventing the possibility of merging these registers in to the DSP Block since the DSP block registers only possess synchronous reset capability.  It is suggested to recode or change these registers to remove the reset or use a synchronous reset to get the best optimization for performance, power and area.
Related violations: <none>

DPOR-1#4 Warning
Asynchronous load check  
DSP u_pqm_pl_top/u_measurement_core/u_time_x100_normalizer/u_full_scale_multiplier/product output is connected to registers with an asynchronous reset (u_pqm_pl_top/u_measurement_core/u_time_x100_normalizer/full_scale_prod_work_reg[12]). This is preventing the possibility of merging these registers in to the DSP Block since the DSP block registers only possess synchronous reset capability.  It is suggested to recode or change these registers to remove the reset or use a synchronous reset to get the best optimization for performance, power and area.
Related violations: <none>

DPOR-1#5 Warning
Asynchronous load check  
DSP u_pqm_pl_top/u_measurement_core/u_time_x100_normalizer/u_full_scale_multiplier/product output is connected to registers with an asynchronous reset (u_pqm_pl_top/u_measurement_core/u_time_x100_normalizer/full_scale_prod_work_reg[13]). This is preventing the possibility of merging these registers in to the DSP Block since the DSP block registers only possess synchronous reset capability.  It is suggested to recode or change these registers to remove the reset or use a synchronous reset to get the best optimization for performance, power and area.
Related violations: <none>

DPOR-1#6 Warning
Asynchronous load check  
DSP u_pqm_pl_top/u_measurement_core/u_time_x100_normalizer/u_full_scale_multiplier/product output is connected to registers with an asynchronous reset (u_pqm_pl_top/u_measurement_core/u_time_x100_normalizer/full_scale_prod_work_reg[14]). This is preventing the possibility of merging these registers in to the DSP Block since the DSP block registers only possess synchronous reset capability.  It is suggested to recode or change these registers to remove the reset or use a synchronous reset to get the best optimization for performance, power and area.
Related violations: <none>

DPOR-1#7 Warning
Asynchronous load check  
DSP u_pqm_pl_top/u_measurement_core/u_time_x100_normalizer/u_full_scale_multiplier/product output is connected to registers with an asynchronous reset (u_pqm_pl_top/u_measurement_core/u_time_x100_normalizer/full_scale_prod_work_reg[15]). This is preventing the possibility of merging these registers in to the DSP Block since the DSP block registers only possess synchronous reset capability.  It is suggested to recode or change these registers to remove the reset or use a synchronous reset to get the best optimization for performance, power and area.
Related violations: <none>

DPOR-1#8 Warning
Asynchronous load check  
DSP u_pqm_pl_top/u_measurement_core/u_time_x100_normalizer/u_full_scale_multiplier/product output is connected to registers with an asynchronous reset (u_pqm_pl_top/u_measurement_core/u_time_x100_normalizer/full_scale_prod_work_reg[16]). This is preventing the possibility of merging these registers in to the DSP Block since the DSP block registers only possess synchronous reset capability.  It is suggested to recode or change these registers to remove the reset or use a synchronous reset to get the best optimization for performance, power and area.
Related violations: <none>

DPOR-1#9 Warning
Asynchronous load check  
DSP u_pqm_pl_top/u_measurement_core/u_time_x100_normalizer/u_full_scale_multiplier/product output is connected to registers with an asynchronous reset (u_pqm_pl_top/u_measurement_core/u_time_x100_normalizer/full_scale_prod_work_reg[1]). This is preventing the possibility of merging these registers in to the DSP Block since the DSP block registers only possess synchronous reset capability.  It is suggested to recode or change these registers to remove the reset or use a synchronous reset to get the best optimization for performance, power and area.
Related violations: <none>

DPOR-1#10 Warning
Asynchronous load check  
DSP u_pqm_pl_top/u_measurement_core/u_time_x100_normalizer/u_full_scale_multiplier/product output is connected to registers with an asynchronous reset (u_pqm_pl_top/u_measurement_core/u_time_x100_normalizer/full_scale_prod_work_reg[2]). This is preventing the possibility of merging these registers in to the DSP Block since the DSP block registers only possess synchronous reset capability.  It is suggested to recode or change these registers to remove the reset or use a synchronous reset to get the best optimization for performance, power and area.
Related violations: <none>

DPOR-1#11 Warning
Asynchronous load check  
DSP u_pqm_pl_top/u_measurement_core/u_time_x100_normalizer/u_full_scale_multiplier/product output is connected to registers with an asynchronous reset (u_pqm_pl_top/u_measurement_core/u_time_x100_normalizer/full_scale_prod_work_reg[3]). This is preventing the possibility of merging these registers in to the DSP Block since the DSP block registers only possess synchronous reset capability.  It is suggested to recode or change these registers to remove the reset or use a synchronous reset to get the best optimization for performance, power and area.
Related violations: <none>

DPOR-1#12 Warning
Asynchronous load check  
DSP u_pqm_pl_top/u_measurement_core/u_time_x100_normalizer/u_full_scale_multiplier/product output is connected to registers with an asynchronous reset (u_pqm_pl_top/u_measurement_core/u_time_x100_normalizer/full_scale_prod_work_reg[4]). This is preventing the possibility of merging these registers in to the DSP Block since the DSP block registers only possess synchronous reset capability.  It is suggested to recode or change these registers to remove the reset or use a synchronous reset to get the best optimization for performance, power and area.
Related violations: <none>

DPOR-1#13 Warning
Asynchronous load check  
DSP u_pqm_pl_top/u_measurement_core/u_time_x100_normalizer/u_full_scale_multiplier/product output is connected to registers with an asynchronous reset (u_pqm_pl_top/u_measurement_core/u_time_x100_normalizer/full_scale_prod_work_reg[5]). This is preventing the possibility of merging these registers in to the DSP Block since the DSP block registers only possess synchronous reset capability.  It is suggested to recode or change these registers to remove the reset or use a synchronous reset to get the best optimization for performance, power and area.
Related violations: <none>

DPOR-1#14 Warning
Asynchronous load check  
DSP u_pqm_pl_top/u_measurement_core/u_time_x100_normalizer/u_full_scale_multiplier/product output is connected to registers with an asynchronous reset (u_pqm_pl_top/u_measurement_core/u_time_x100_normalizer/full_scale_prod_work_reg[6]). This is preventing the possibility of merging these registers in to the DSP Block since the DSP block registers only possess synchronous reset capability.  It is suggested to recode or change these registers to remove the reset or use a synchronous reset to get the best optimization for performance, power and area.
Related violations: <none>

DPOR-1#15 Warning
Asynchronous load check  
DSP u_pqm_pl_top/u_measurement_core/u_time_x100_normalizer/u_full_scale_multiplier/product output is connected to registers with an asynchronous reset (u_pqm_pl_top/u_measurement_core/u_time_x100_normalizer/full_scale_prod_work_reg[7]). This is preventing the possibility of merging these registers in to the DSP Block since the DSP block registers only possess synchronous reset capability.  It is suggested to recode or change these registers to remove the reset or use a synchronous reset to get the best optimization for performance, power and area.
Related violations: <none>

DPOR-1#16 Warning
Asynchronous load check  
DSP u_pqm_pl_top/u_measurement_core/u_time_x100_normalizer/u_full_scale_multiplier/product output is connected to registers with an asynchronous reset (u_pqm_pl_top/u_measurement_core/u_time_x100_normalizer/full_scale_prod_work_reg[8]). This is preventing the possibility of merging these registers in to the DSP Block since the DSP block registers only possess synchronous reset capability.  It is suggested to recode or change these registers to remove the reset or use a synchronous reset to get the best optimization for performance, power and area.
Related violations: <none>

DPOR-1#17 Warning
Asynchronous load check  
DSP u_pqm_pl_top/u_measurement_core/u_time_x100_normalizer/u_full_scale_multiplier/product output is connected to registers with an asynchronous reset (u_pqm_pl_top/u_measurement_core/u_time_x100_normalizer/full_scale_prod_work_reg[9]). This is preventing the possibility of merging these registers in to the DSP Block since the DSP block registers only possess synchronous reset capability.  It is suggested to recode or change these registers to remove the reset or use a synchronous reset to get the best optimization for performance, power and area.
Related violations: <none>

DPOR-1#18 Warning
Asynchronous load check  
DSP u_pqm_pl_top/u_measurement_core/u_time_x100_normalizer/u_full_scale_multiplier/product__1 output is connected to registers with an asynchronous reset (u_pqm_pl_top/u_measurement_core/u_time_x100_normalizer/full_scale_prod_work_reg[0]__1). This is preventing the possibility of merging these registers in to the DSP Block since the DSP block registers only possess synchronous reset capability.  It is suggested to recode or change these registers to remove the reset or use a synchronous reset to get the best optimization for performance, power and area.
Related violations: <none>

DPOR-1#19 Warning
Asynchronous load check  
DSP u_pqm_pl_top/u_measurement_core/u_time_x100_normalizer/u_full_scale_multiplier/product__1 output is connected to registers with an asynchronous reset (u_pqm_pl_top/u_measurement_core/u_time_x100_normalizer/full_scale_prod_work_reg[10]__1). This is preventing the possibility of merging these registers in to the DSP Block since the DSP block registers only possess synchronous reset capability.  It is suggested to recode or change these registers to remove the reset or use a synchronous reset to get the best optimization for performance, power and area.
Related violations: <none>

DPOR-1#20 Warning
Asynchronous load check  
DSP u_pqm_pl_top/u_measurement_core/u_time_x100_normalizer/u_full_scale_multiplier/product__1 output is connected to registers with an asynchronous reset (u_pqm_pl_top/u_measurement_core/u_time_x100_normalizer/full_scale_prod_work_reg[11]__1). This is preventing the possibility of merging these registers in to the DSP Block since the DSP block registers only possess synchronous reset capability.  It is suggested to recode or change these registers to remove the reset or use a synchronous reset to get the best optimization for performance, power and area.
Related violations: <none>

DPOR-1#21 Warning
Asynchronous load check  
DSP u_pqm_pl_top/u_measurement_core/u_time_x100_normalizer/u_full_scale_multiplier/product__1 output is connected to registers with an asynchronous reset (u_pqm_pl_top/u_measurement_core/u_time_x100_normalizer/full_scale_prod_work_reg[12]__1). This is preventing the possibility of merging these registers in to the DSP Block since the DSP block registers only possess synchronous reset capability.  It is suggested to recode or change these registers to remove the reset or use a synchronous reset to get the best optimization for performance, power and area.
Related violations: <none>

DPOR-1#22 Warning
Asynchronous load check  
DSP u_pqm_pl_top/u_measurement_core/u_time_x100_normalizer/u_full_scale_multiplier/product__1 output is connected to registers with an asynchronous reset (u_pqm_pl_top/u_measurement_core/u_time_x100_normalizer/full_scale_prod_work_reg[13]__1). This is preventing the possibility of merging these registers in to the DSP Block since the DSP block registers only possess synchronous reset capability.  It is suggested to recode or change these registers to remove the reset or use a synchronous reset to get the best optimization for performance, power and area.
Related violations: <none>

DPOR-1#23 Warning
Asynchronous load check  
DSP u_pqm_pl_top/u_measurement_core/u_time_x100_normalizer/u_full_scale_multiplier/product__1 output is connected to registers with an asynchronous reset (u_pqm_pl_top/u_measurement_core/u_time_x100_normalizer/full_scale_prod_work_reg[14]__1). This is preventing the possibility of merging these registers in to the DSP Block since the DSP block registers only possess synchronous reset capability.  It is suggested to recode or change these registers to remove the reset or use a synchronous reset to get the best optimization for performance, power and area.
Related violations: <none>

DPOR-1#24 Warning
Asynchronous load check  
DSP u_pqm_pl_top/u_measurement_core/u_time_x100_normalizer/u_full_scale_multiplier/product__1 output is connected to registers with an asynchronous reset (u_pqm_pl_top/u_measurement_core/u_time_x100_normalizer/full_scale_prod_work_reg[15]__1). This is preventing the possibility of merging these registers in to the DSP Block since the DSP block registers only possess synchronous reset capability.  It is suggested to recode or change these registers to remove the reset or use a synchronous reset to get the best optimization for performance, power and area.
Related violations: <none>

DPOR-1#25 Warning
Asynchronous load check  
DSP u_pqm_pl_top/u_measurement_core/u_time_x100_normalizer/u_full_scale_multiplier/product__1 output is connected to registers with an asynchronous reset (u_pqm_pl_top/u_measurement_core/u_time_x100_normalizer/full_scale_prod_work_reg[16]__1). This is preventing the possibility of merging these registers in to the DSP Block since the DSP block registers only possess synchronous reset capability.  It is suggested to recode or change these registers to remove the reset or use a synchronous reset to get the best optimization for performance, power and area.
Related violations: <none>

DPOR-1#26 Warning
Asynchronous load check  
DSP u_pqm_pl_top/u_measurement_core/u_time_x100_normalizer/u_full_scale_multiplier/product__1 output is connected to registers with an asynchronous reset (u_pqm_pl_top/u_measurement_core/u_time_x100_normalizer/full_scale_prod_work_reg[1]__1). This is preventing the possibility of merging these registers in to the DSP Block since the DSP block registers only possess synchronous reset capability.  It is suggested to recode or change these registers to remove the reset or use a synchronous reset to get the best optimization for performance, power and area.
Related violations: <none>

DPOR-1#27 Warning
Asynchronous load check  
DSP u_pqm_pl_top/u_measurement_core/u_time_x100_normalizer/u_full_scale_multiplier/product__1 output is connected to registers with an asynchronous reset (u_pqm_pl_top/u_measurement_core/u_time_x100_normalizer/full_scale_prod_work_reg[2]__1). This is preventing the possibility of merging these registers in to the DSP Block since the DSP block registers only possess synchronous reset capability.  It is suggested to recode or change these registers to remove the reset or use a synchronous reset to get the best optimization for performance, power and area.
Related violations: <none>

DPOR-1#28 Warning
Asynchronous load check  
DSP u_pqm_pl_top/u_measurement_core/u_time_x100_normalizer/u_full_scale_multiplier/product__1 output is connected to registers with an asynchronous reset (u_pqm_pl_top/u_measurement_core/u_time_x100_normalizer/full_scale_prod_work_reg[3]__1). This is preventing the possibility of merging these registers in to the DSP Block since the DSP block registers only possess synchronous reset capability.  It is suggested to recode or change these registers to remove the reset or use a synchronous reset to get the best optimization for performance, power and area.
Related violations: <none>

DPOR-1#29 Warning
Asynchronous load check  
DSP u_pqm_pl_top/u_measurement_core/u_time_x100_normalizer/u_full_scale_multiplier/product__1 output is connected to registers with an asynchronous reset (u_pqm_pl_top/u_measurement_core/u_time_x100_normalizer/full_scale_prod_work_reg[4]__1). This is preventing the possibility of merging these registers in to the DSP Block since the DSP block registers only possess synchronous reset capability.  It is suggested to recode or change these registers to remove the reset or use a synchronous reset to get the best optimization for performance, power and area.
Related violations: <none>

DPOR-1#30 Warning
Asynchronous load check  
DSP u_pqm_pl_top/u_measurement_core/u_time_x100_normalizer/u_full_scale_multiplier/product__1 output is connected to registers with an asynchronous reset (u_pqm_pl_top/u_measurement_core/u_time_x100_normalizer/full_scale_prod_work_reg[5]__1). This is preventing the possibility of merging these registers in to the DSP Block since the DSP block registers only possess synchronous reset capability.  It is suggested to recode or change these registers to remove the reset or use a synchronous reset to get the best optimization for performance, power and area.
Related violations: <none>

DPOR-1#31 Warning
Asynchronous load check  
DSP u_pqm_pl_top/u_measurement_core/u_time_x100_normalizer/u_full_scale_multiplier/product__1 output is connected to registers with an asynchronous reset (u_pqm_pl_top/u_measurement_core/u_time_x100_normalizer/full_scale_prod_work_reg[6]__1). This is preventing the possibility of merging these registers in to the DSP Block since the DSP block registers only possess synchronous reset capability.  It is suggested to recode or change these registers to remove the reset or use a synchronous reset to get the best optimization for performance, power and area.
Related violations: <none>

DPOR-1#32 Warning
Asynchronous load check  
DSP u_pqm_pl_top/u_measurement_core/u_time_x100_normalizer/u_full_scale_multiplier/product__1 output is connected to registers with an asynchronous reset (u_pqm_pl_top/u_measurement_core/u_time_x100_normalizer/full_scale_prod_work_reg[7]__1). This is preventing the possibility of merging these registers in to the DSP Block since the DSP block registers only possess synchronous reset capability.  It is suggested to recode or change these registers to remove the reset or use a synchronous reset to get the best optimization for performance, power and area.
Related violations: <none>

DPOR-1#33 Warning
Asynchronous load check  
DSP u_pqm_pl_top/u_measurement_core/u_time_x100_normalizer/u_full_scale_multiplier/product__1 output is connected to registers with an asynchronous reset (u_pqm_pl_top/u_measurement_core/u_time_x100_normalizer/full_scale_prod_work_reg[8]__1). This is preventing the possibility of merging these registers in to the DSP Block since the DSP block registers only possess synchronous reset capability.  It is suggested to recode or change these registers to remove the reset or use a synchronous reset to get the best optimization for performance, power and area.
Related violations: <none>

DPOR-1#34 Warning
Asynchronous load check  
DSP u_pqm_pl_top/u_measurement_core/u_time_x100_normalizer/u_full_scale_multiplier/product__1 output is connected to registers with an asynchronous reset (u_pqm_pl_top/u_measurement_core/u_time_x100_normalizer/full_scale_prod_work_reg[9]__1). This is preventing the possibility of merging these registers in to the DSP Block since the DSP block registers only possess synchronous reset capability.  It is suggested to recode or change these registers to remove the reset or use a synchronous reset to get the best optimization for performance, power and area.
Related violations: <none>

PDCN-1569#1 Warning
LUT equation term check  
Used physical LUT pin 'A1' of cell u_pqm_ps/axi_interconnect_hp0/s00_couplers/auto_pc/inst/gen_axi4_axi3.axi3_conv_inst/USE_READ.USE_SPLIT_R.read_addr_inst/USE_R_CHANNEL.cmd_queue/inst/fifo_gen_inst/inst_fifo_gen/gconvfifo.rf/grf.rf/gntv_or_sync_fifo.gl0.rd/gr1.gr1_int.rfwft/gpregsm1.user_valid_i_1 (pin u_pqm_ps/axi_interconnect_hp0/s00_couplers/auto_pc/inst/gen_axi4_axi3.axi3_conv_inst/USE_READ.USE_SPLIT_R.read_addr_inst/USE_R_CHANNEL.cmd_queue/inst/fifo_gen_inst/inst_fifo_gen/gconvfifo.rf/grf.rf/gntv_or_sync_fifo.gl0.rd/gr1.gr1_int.rfwft/gpregsm1.user_valid_i_1/I1) is not included in the LUT equation: 'O6=(A6)+((~A6)*(~A5)*A3)'. If this cell is a user instantiated LUT in the design, please remove connectivity to the pin or change the equation and/or INIT string of the LUT to prevent this issue. If the cell is inferred or IP created LUT, please regenerate the IP and/or resynthesize the design to attempt to correct the issue.
Related violations: <none>

PDCN-1569#2 Warning
LUT equation term check  
Used physical LUT pin 'A1' of cell u_pqm_ps/axi_interconnect_hp1/m00_couplers/auto_pc/inst/gen_axi4_axi3.axi3_conv_inst/USE_WRITE.write_addr_inst/USE_B_CHANNEL.cmd_b_queue/inst/fifo_gen_inst/inst_fifo_gen/gconvfifo.rf/grf.rf/gntv_or_sync_fifo.gl0.rd/gr1.gr1_int.rfwft/gpregsm1.user_valid_i_1 (pin u_pqm_ps/axi_interconnect_hp1/m00_couplers/auto_pc/inst/gen_axi4_axi3.axi3_conv_inst/USE_WRITE.write_addr_inst/USE_B_CHANNEL.cmd_b_queue/inst/fifo_gen_inst/inst_fifo_gen/gconvfifo.rf/grf.rf/gntv_or_sync_fifo.gl0.rd/gr1.gr1_int.rfwft/gpregsm1.user_valid_i_1/I1) is not included in the LUT equation: 'O6=(A6)+((~A6)*(~A4)*A3)'. If this cell is a user instantiated LUT in the design, please remove connectivity to the pin or change the equation and/or INIT string of the LUT to prevent this issue. If the cell is inferred or IP created LUT, please regenerate the IP and/or resynthesize the design to attempt to correct the issue.
Related violations: <none>

PDCN-1569#3 Warning
LUT equation term check  
Used physical LUT pin 'A4' of cell u_pqm_ps/axi_interconnect_hp1/m00_couplers/auto_pc/inst/gen_axi4_axi3.axi3_conv_inst/USE_WRITE.write_addr_inst/USE_BURSTS.cmd_queue/inst/fifo_gen_inst/inst_fifo_gen/gconvfifo.rf/grf.rf/gntv_or_sync_fifo.gl0.rd/gr1.gr1_int.rfwft/gpregsm1.user_valid_i_1 (pin u_pqm_ps/axi_interconnect_hp1/m00_couplers/auto_pc/inst/gen_axi4_axi3.axi3_conv_inst/USE_WRITE.write_addr_inst/USE_BURSTS.cmd_queue/inst/fifo_gen_inst/inst_fifo_gen/gconvfifo.rf/grf.rf/gntv_or_sync_fifo.gl0.rd/gr1.gr1_int.rfwft/gpregsm1.user_valid_i_1/I1) is not included in the LUT equation: 'O6=(A3)+((~A3)*(~A6)*A5)'. If this cell is a user instantiated LUT in the design, please remove connectivity to the pin or change the equation and/or INIT string of the LUT to prevent this issue. If the cell is inferred or IP created LUT, please regenerate the IP and/or resynthesize the design to attempt to correct the issue.
Related violations: <none>

PDCN-1569#4 Warning
LUT equation term check  
Used physical LUT pin 'A6' of cell u_pqm_ps/axi_interconnect_hp1/m00_couplers/auto_pc/inst/gen_axi4_axi3.axi3_conv_inst/USE_READ.USE_SPLIT_R.read_addr_inst/USE_R_CHANNEL.cmd_queue/inst/fifo_gen_inst/inst_fifo_gen/gconvfifo.rf/grf.rf/gntv_or_sync_fifo.gl0.rd/gr1.gr1_int.rfwft/gpregsm1.user_valid_i_1 (pin u_pqm_ps/axi_interconnect_hp1/m00_couplers/auto_pc/inst/gen_axi4_axi3.axi3_conv_inst/USE_READ.USE_SPLIT_R.read_addr_inst/USE_R_CHANNEL.cmd_queue/inst/fifo_gen_inst/inst_fifo_gen/gconvfifo.rf/grf.rf/gntv_or_sync_fifo.gl0.rd/gr1.gr1_int.rfwft/gpregsm1.user_valid_i_1/I1) is not included in the LUT equation: 'O6=(A5)+((~A5)*(~A2)*A1)'. If this cell is a user instantiated LUT in the design, please remove connectivity to the pin or change the equation and/or INIT string of the LUT to prevent this issue. If the cell is inferred or IP created LUT, please regenerate the IP and/or resynthesize the design to attempt to correct the issue.
Related violations: <none>

REQP-1839#1 Warning
RAMB36 async control check  
The RAMB36E1 u_pqm_pl_top/u_measurement_core/u_freq_analysis/u_freq_harmonic_iir_filter/state_mem_reg_0 has an input control pin u_pqm_pl_top/u_measurement_core/u_freq_analysis/u_freq_harmonic_iir_filter/state_mem_reg_0/ADDRARDADDR[12] (net: u_pqm_pl_top/u_measurement_core/u_freq_analysis/u_freq_harmonic_iir_filter/mem_read_addr[6]) which is driven by a register (u_pqm_pl_top/u_measurement_core/u_freq_analysis/u_phase_deg_lut_calc/m_harmonic_order_reg_reg[5]) that has an active asychronous set or reset. This may cause corruption of the memory contents and/or read values when the set/reset is asserted and is not analyzed by the default static timing analysis. It is suggested to eliminate the use of a set/reset to registers driving this RAMB pin or else use a synchronous reset in which the assertion of the reset is timed by default.
Related violations: <none>

REQP-1839#2 Warning
RAMB36 async control check  
The RAMB36E1 u_pqm_pl_top/u_measurement_core/u_freq_analysis/u_freq_harmonic_iir_filter/state_mem_reg_0 has an input control pin u_pqm_pl_top/u_measurement_core/u_freq_analysis/u_freq_harmonic_iir_filter/state_mem_reg_0/ADDRARDADDR[12] (net: u_pqm_pl_top/u_measurement_core/u_freq_analysis/u_freq_harmonic_iir_filter/mem_read_addr[6]) which is driven by a register (u_pqm_pl_top/u_measurement_core/u_freq_analysis/u_phase_deg_lut_calc/m_harmonic_order_reg_reg[6]) that has an active asychronous set or reset. This may cause corruption of the memory contents and/or read values when the set/reset is asserted and is not analyzed by the default static timing analysis. It is suggested to eliminate the use of a set/reset to registers driving this RAMB pin or else use a synchronous reset in which the assertion of the reset is timed by default.
Related violations: <none>

REQP-1839#3 Warning
RAMB36 async control check  
The RAMB36E1 u_pqm_pl_top/u_measurement_core/u_freq_analysis/u_freq_harmonic_iir_filter/state_mem_reg_0 has an input control pin u_pqm_pl_top/u_measurement_core/u_freq_analysis/u_freq_harmonic_iir_filter/state_mem_reg_0/ADDRARDADDR[13] (net: u_pqm_pl_top/u_measurement_core/u_freq_analysis/u_freq_harmonic_iir_filter/mem_read_addr[7]) which is driven by a register (u_pqm_pl_top/u_measurement_core/u_freq_analysis/u_phase_deg_lut_calc/m_harmonic_order_reg_reg[0]) that has an active asychronous set or reset. This may cause corruption of the memory contents and/or read values when the set/reset is asserted and is not analyzed by the default static timing analysis. It is suggested to eliminate the use of a set/reset to registers driving this RAMB pin or else use a synchronous reset in which the assertion of the reset is timed by default.
Related violations: <none>

REQP-1839#4 Warning
RAMB36 async control check  
The RAMB36E1 u_pqm_pl_top/u_measurement_core/u_freq_analysis/u_freq_harmonic_iir_filter/state_mem_reg_0 has an input control pin u_pqm_pl_top/u_measurement_core/u_freq_analysis/u_freq_harmonic_iir_filter/state_mem_reg_0/ADDRARDADDR[13] (net: u_pqm_pl_top/u_measurement_core/u_freq_analysis/u_freq_harmonic_iir_filter/mem_read_addr[7]) which is driven by a register (u_pqm_pl_top/u_measurement_core/u_freq_analysis/u_phase_deg_lut_calc/m_harmonic_order_reg_reg[1]) that has an active asychronous set or reset. This may cause corruption of the memory contents and/or read values when the set/reset is asserted and is not analyzed by the default static timing analysis. It is suggested to eliminate the use of a set/reset to registers driving this RAMB pin or else use a synchronous reset in which the assertion of the reset is timed by default.
Related violations: <none>

REQP-1839#5 Warning
RAMB36 async control check  
The RAMB36E1 u_pqm_pl_top/u_measurement_core/u_freq_analysis/u_freq_harmonic_iir_filter/state_mem_reg_0 has an input control pin u_pqm_pl_top/u_measurement_core/u_freq_analysis/u_freq_harmonic_iir_filter/state_mem_reg_0/ADDRARDADDR[13] (net: u_pqm_pl_top/u_measurement_core/u_freq_analysis/u_freq_harmonic_iir_filter/mem_read_addr[7]) which is driven by a register (u_pqm_pl_top/u_measurement_core/u_freq_analysis/u_phase_deg_lut_calc/m_harmonic_order_reg_reg[2]) that has an active asychronous set or reset. This may cause corruption of the memory contents and/or read values when the set/reset is asserted and is not analyzed by the default static timing analysis. It is suggested to eliminate the use of a set/reset to registers driving this RAMB pin or else use a synchronous reset in which the assertion of the reset is timed by default.
Related violations: <none>

REQP-1839#6 Warning
RAMB36 async control check  
The RAMB36E1 u_pqm_pl_top/u_measurement_core/u_freq_analysis/u_freq_harmonic_iir_filter/state_mem_reg_0 has an input control pin u_pqm_pl_top/u_measurement_core/u_freq_analysis/u_freq_harmonic_iir_filter/state_mem_reg_0/ADDRARDADDR[13] (net: u_pqm_pl_top/u_measurement_core/u_freq_analysis/u_freq_harmonic_iir_filter/mem_read_addr[7]) which is driven by a register (u_pqm_pl_top/u_measurement_core/u_freq_analysis/u_phase_deg_lut_calc/m_harmonic_order_reg_reg[3]) that has an active asychronous set or reset. This may cause corruption of the memory contents and/or read values when the set/reset is asserted and is not analyzed by the default static timing analysis. It is suggested to eliminate the use of a set/reset to registers driving this RAMB pin or else use a synchronous reset in which the assertion of the reset is timed by default.
Related violations: <none>

REQP-1839#7 Warning
RAMB36 async control check  
The RAMB36E1 u_pqm_pl_top/u_measurement_core/u_freq_analysis/u_freq_harmonic_iir_filter/state_mem_reg_0 has an input control pin u_pqm_pl_top/u_measurement_core/u_freq_analysis/u_freq_harmonic_iir_filter/state_mem_reg_0/ADDRARDADDR[13] (net: u_pqm_pl_top/u_measurement_core/u_freq_analysis/u_freq_harmonic_iir_filter/mem_read_addr[7]) which is driven by a register (u_pqm_pl_top/u_measurement_core/u_freq_analysis/u_phase_deg_lut_calc/m_harmonic_order_reg_reg[4]) that has an active asychronous set or reset. This may cause corruption of the memory contents and/or read values when the set/reset is asserted and is not analyzed by the default static timing analysis. It is suggested to eliminate the use of a set/reset to registers driving this RAMB pin or else use a synchronous reset in which the assertion of the reset is timed by default.
Related violations: <none>

REQP-1839#8 Warning
RAMB36 async control check  
The RAMB36E1 u_pqm_pl_top/u_measurement_core/u_freq_analysis/u_freq_harmonic_iir_filter/state_mem_reg_0 has an input control pin u_pqm_pl_top/u_measurement_core/u_freq_analysis/u_freq_harmonic_iir_filter/state_mem_reg_0/ADDRARDADDR[13] (net: u_pqm_pl_top/u_measurement_core/u_freq_analysis/u_freq_harmonic_iir_filter/mem_read_addr[7]) which is driven by a register (u_pqm_pl_top/u_measurement_core/u_freq_analysis/u_phase_deg_lut_calc/m_harmonic_order_reg_reg[5]) that has an active asychronous set or reset. This may cause corruption of the memory contents and/or read values when the set/reset is asserted and is not analyzed by the default static timing analysis. It is suggested to eliminate the use of a set/reset to registers driving this RAMB pin or else use a synchronous reset in which the assertion of the reset is timed by default.
Related violations: <none>

REQP-1839#9 Warning
RAMB36 async control check  
The RAMB36E1 u_pqm_pl_top/u_measurement_core/u_freq_analysis/u_freq_harmonic_iir_filter/state_mem_reg_0 has an input control pin u_pqm_pl_top/u_measurement_core/u_freq_analysis/u_freq_harmonic_iir_filter/state_mem_reg_0/ADDRARDADDR[13] (net: u_pqm_pl_top/u_measurement_core/u_freq_analysis/u_freq_harmonic_iir_filter/mem_read_addr[7]) which is driven by a register (u_pqm_pl_top/u_measurement_core/u_freq_analysis/u_phase_deg_lut_calc/m_harmonic_order_reg_reg[6]) that has an active asychronous set or reset. This may cause corruption of the memory contents and/or read values when the set/reset is asserted and is not analyzed by the default static timing analysis. It is suggested to eliminate the use of a set/reset to registers driving this RAMB pin or else use a synchronous reset in which the assertion of the reset is timed by default.
Related violations: <none>

REQP-1839#10 Warning
RAMB36 async control check  
The RAMB36E1 u_pqm_pl_top/u_measurement_core/u_freq_analysis/u_freq_harmonic_iir_filter/state_mem_reg_0 has an input control pin u_pqm_pl_top/u_measurement_core/u_freq_analysis/u_freq_harmonic_iir_filter/state_mem_reg_0/ADDRARDADDR[13] (net: u_pqm_pl_top/u_measurement_core/u_freq_analysis/u_freq_harmonic_iir_filter/mem_read_addr[7]) which is driven by a register (u_pqm_pl_top/u_measurement_core/u_freq_analysis/u_phase_deg_lut_calc/m_harmonic_order_reg_reg[7]) that has an active asychronous set or reset. This may cause corruption of the memory contents and/or read values when the set/reset is asserted and is not analyzed by the default static timing analysis. It is suggested to eliminate the use of a set/reset to registers driving this RAMB pin or else use a synchronous reset in which the assertion of the reset is timed by default.
Related violations: <none>

REQP-1839#11 Warning
RAMB36 async control check  
The RAMB36E1 u_pqm_pl_top/u_measurement_core/u_freq_analysis/u_freq_harmonic_iir_filter/state_mem_reg_0 has an input control pin u_pqm_pl_top/u_measurement_core/u_freq_analysis/u_freq_harmonic_iir_filter/state_mem_reg_0/ADDRARDADDR[13] (net: u_pqm_pl_top/u_measurement_core/u_freq_analysis/u_freq_harmonic_iir_filter/mem_read_addr[7]) which is driven by a register (u_pqm_pl_top/u_measurement_core/u_freq_analysis/u_phase_deg_lut_calc/m_harmonic_order_reg_reg[8]) that has an active asychronous set or reset. This may cause corruption of the memory contents and/or read values when the set/reset is asserted and is not analyzed by the default static timing analysis. It is suggested to eliminate the use of a set/reset to registers driving this RAMB pin or else use a synchronous reset in which the assertion of the reset is timed by default.
Related violations: <none>

REQP-1839#12 Warning
RAMB36 async control check  
The RAMB36E1 u_pqm_pl_top/u_measurement_core/u_freq_analysis/u_freq_harmonic_iir_filter/state_mem_reg_0 has an input control pin u_pqm_pl_top/u_measurement_core/u_freq_analysis/u_freq_harmonic_iir_filter/state_mem_reg_0/ADDRARDADDR[14] (net: u_pqm_pl_top/u_measurement_core/u_freq_analysis/u_freq_harmonic_iir_filter/mem_read_addr[8]) which is driven by a register (u_pqm_pl_top/u_measurement_core/u_freq_analysis/u_phase_deg_lut_calc/m_harmonic_order_reg_reg[0]) that has an active asychronous set or reset. This may cause corruption of the memory contents and/or read values when the set/reset is asserted and is not analyzed by the default static timing analysis. It is suggested to eliminate the use of a set/reset to registers driving this RAMB pin or else use a synchronous reset in which the assertion of the reset is timed by default.
Related violations: <none>

REQP-1839#13 Warning
RAMB36 async control check  
The RAMB36E1 u_pqm_pl_top/u_measurement_core/u_freq_analysis/u_freq_harmonic_iir_filter/state_mem_reg_0 has an input control pin u_pqm_pl_top/u_measurement_core/u_freq_analysis/u_freq_harmonic_iir_filter/state_mem_reg_0/ADDRARDADDR[14] (net: u_pqm_pl_top/u_measurement_core/u_freq_analysis/u_freq_harmonic_iir_filter/mem_read_addr[8]) which is driven by a register (u_pqm_pl_top/u_measurement_core/u_freq_analysis/u_phase_deg_lut_calc/m_harmonic_order_reg_reg[1]) that has an active asychronous set or reset. This may cause corruption of the memory contents and/or read values when the set/reset is asserted and is not analyzed by the default static timing analysis. It is suggested to eliminate the use of a set/reset to registers driving this RAMB pin or else use a synchronous reset in which the assertion of the reset is timed by default.
Related violations: <none>

REQP-1839#14 Warning
RAMB36 async control check  
The RAMB36E1 u_pqm_pl_top/u_measurement_core/u_freq_analysis/u_freq_harmonic_iir_filter/state_mem_reg_0 has an input control pin u_pqm_pl_top/u_measurement_core/u_freq_analysis/u_freq_harmonic_iir_filter/state_mem_reg_0/ADDRARDADDR[14] (net: u_pqm_pl_top/u_measurement_core/u_freq_analysis/u_freq_harmonic_iir_filter/mem_read_addr[8]) which is driven by a register (u_pqm_pl_top/u_measurement_core/u_freq_analysis/u_phase_deg_lut_calc/m_harmonic_order_reg_reg[2]) that has an active asychronous set or reset. This may cause corruption of the memory contents and/or read values when the set/reset is asserted and is not analyzed by the default static timing analysis. It is suggested to eliminate the use of a set/reset to registers driving this RAMB pin or else use a synchronous reset in which the assertion of the reset is timed by default.
Related violations: <none>

REQP-1839#15 Warning
RAMB36 async control check  
The RAMB36E1 u_pqm_pl_top/u_measurement_core/u_freq_analysis/u_freq_harmonic_iir_filter/state_mem_reg_0 has an input control pin u_pqm_pl_top/u_measurement_core/u_freq_analysis/u_freq_harmonic_iir_filter/state_mem_reg_0/ADDRARDADDR[14] (net: u_pqm_pl_top/u_measurement_core/u_freq_analysis/u_freq_harmonic_iir_filter/mem_read_addr[8]) which is driven by a register (u_pqm_pl_top/u_measurement_core/u_freq_analysis/u_phase_deg_lut_calc/m_harmonic_order_reg_reg[3]) that has an active asychronous set or reset. This may cause corruption of the memory contents and/or read values when the set/reset is asserted and is not analyzed by the default static timing analysis. It is suggested to eliminate the use of a set/reset to registers driving this RAMB pin or else use a synchronous reset in which the assertion of the reset is timed by default.
Related violations: <none>

REQP-1839#16 Warning
RAMB36 async control check  
The RAMB36E1 u_pqm_pl_top/u_measurement_core/u_freq_analysis/u_freq_harmonic_iir_filter/state_mem_reg_0 has an input control pin u_pqm_pl_top/u_measurement_core/u_freq_analysis/u_freq_harmonic_iir_filter/state_mem_reg_0/ADDRARDADDR[14] (net: u_pqm_pl_top/u_measurement_core/u_freq_analysis/u_freq_harmonic_iir_filter/mem_read_addr[8]) which is driven by a register (u_pqm_pl_top/u_measurement_core/u_freq_analysis/u_phase_deg_lut_calc/m_harmonic_order_reg_reg[4]) that has an active asychronous set or reset. This may cause corruption of the memory contents and/or read values when the set/reset is asserted and is not analyzed by the default static timing analysis. It is suggested to eliminate the use of a set/reset to registers driving this RAMB pin or else use a synchronous reset in which the assertion of the reset is timed by default.
Related violations: <none>

REQP-1839#17 Warning
RAMB36 async control check  
The RAMB36E1 u_pqm_pl_top/u_measurement_core/u_freq_analysis/u_freq_harmonic_iir_filter/state_mem_reg_0 has an input control pin u_pqm_pl_top/u_measurement_core/u_freq_analysis/u_freq_harmonic_iir_filter/state_mem_reg_0/ADDRARDADDR[14] (net: u_pqm_pl_top/u_measurement_core/u_freq_analysis/u_freq_harmonic_iir_filter/mem_read_addr[8]) which is driven by a register (u_pqm_pl_top/u_measurement_core/u_freq_analysis/u_phase_deg_lut_calc/m_harmonic_order_reg_reg[5]) that has an active asychronous set or reset. This may cause corruption of the memory contents and/or read values when the set/reset is asserted and is not analyzed by the default static timing analysis. It is suggested to eliminate the use of a set/reset to registers driving this RAMB pin or else use a synchronous reset in which the assertion of the reset is timed by default.
Related violations: <none>

REQP-1839#18 Warning
RAMB36 async control check  
The RAMB36E1 u_pqm_pl_top/u_measurement_core/u_freq_analysis/u_freq_harmonic_iir_filter/state_mem_reg_0 has an input control pin u_pqm_pl_top/u_measurement_core/u_freq_analysis/u_freq_harmonic_iir_filter/state_mem_reg_0/ADDRARDADDR[14] (net: u_pqm_pl_top/u_measurement_core/u_freq_analysis/u_freq_harmonic_iir_filter/mem_read_addr[8]) which is driven by a register (u_pqm_pl_top/u_measurement_core/u_freq_analysis/u_phase_deg_lut_calc/m_harmonic_order_reg_reg[6]) that has an active asychronous set or reset. This may cause corruption of the memory contents and/or read values when the set/reset is asserted and is not analyzed by the default static timing analysis. It is suggested to eliminate the use of a set/reset to registers driving this RAMB pin or else use a synchronous reset in which the assertion of the reset is timed by default.
Related violations: <none>

REQP-1839#19 Warning
RAMB36 async control check  
The RAMB36E1 u_pqm_pl_top/u_measurement_core/u_freq_analysis/u_freq_harmonic_iir_filter/state_mem_reg_0 has an input control pin u_pqm_pl_top/u_measurement_core/u_freq_analysis/u_freq_harmonic_iir_filter/state_mem_reg_0/ADDRARDADDR[14] (net: u_pqm_pl_top/u_measurement_core/u_freq_analysis/u_freq_harmonic_iir_filter/mem_read_addr[8]) which is driven by a register (u_pqm_pl_top/u_measurement_core/u_freq_analysis/u_phase_deg_lut_calc/m_harmonic_order_reg_reg[7]) that has an active asychronous set or reset. This may cause corruption of the memory contents and/or read values when the set/reset is asserted and is not analyzed by the default static timing analysis. It is suggested to eliminate the use of a set/reset to registers driving this RAMB pin or else use a synchronous reset in which the assertion of the reset is timed by default.
Related violations: <none>

REQP-1839#20 Warning
RAMB36 async control check  
The RAMB36E1 u_pqm_pl_top/u_measurement_core/u_freq_analysis/u_freq_harmonic_iir_filter/state_mem_reg_0 has an input control pin u_pqm_pl_top/u_measurement_core/u_freq_analysis/u_freq_harmonic_iir_filter/state_mem_reg_0/ADDRARDADDR[14] (net: u_pqm_pl_top/u_measurement_core/u_freq_analysis/u_freq_harmonic_iir_filter/mem_read_addr[8]) which is driven by a register (u_pqm_pl_top/u_measurement_core/u_freq_analysis/u_phase_deg_lut_calc/m_harmonic_order_reg_reg[8]) that has an active asychronous set or reset. This may cause corruption of the memory contents and/or read values when the set/reset is asserted and is not analyzed by the default static timing analysis. It is suggested to eliminate the use of a set/reset to registers driving this RAMB pin or else use a synchronous reset in which the assertion of the reset is timed by default.
Related violations: <none>

REQP-1840#1 Warning
RAMB18 async control check  
The RAMB18E1 u_pqm_ps/axi_vdma_0/U0/I_PRMRY_DATAMOVER/GEN_MM2S_FULL.I_MM2S_FULL_WRAPPER/GEN_INCLUDE_MM2S_SF.I_RD_SF/I_DATA_FIFO/BLK_MEM.I_SYNC_FIFOGEN_FIFO/xpm_fifo_instance.xpm_fifo_sync_inst/xpm_fifo_base_inst/gen_sdpram.xpm_memory_base_inst/gen_wr_a.gen_word_narrow.mem_reg_1 has an input control pin u_pqm_ps/axi_vdma_0/U0/I_PRMRY_DATAMOVER/GEN_MM2S_FULL.I_MM2S_FULL_WRAPPER/GEN_INCLUDE_MM2S_SF.I_RD_SF/I_DATA_FIFO/BLK_MEM.I_SYNC_FIFOGEN_FIFO/xpm_fifo_instance.xpm_fifo_sync_inst/xpm_fifo_base_inst/gen_sdpram.xpm_memory_base_inst/gen_wr_a.gen_word_narrow.mem_reg_1/ENBWREN (net: u_pqm_ps/axi_vdma_0/U0/I_PRMRY_DATAMOVER/GEN_MM2S_FULL.I_MM2S_FULL_WRAPPER/GEN_INCLUDE_MM2S_SF.I_RD_SF/I_DATA_FIFO/BLK_MEM.I_SYNC_FIFOGEN_FIFO/xpm_fifo_instance.xpm_fifo_sync_inst/xpm_fifo_base_inst/gen_sdpram.xpm_memory_base_inst/wea[0]) which is driven by a register (u_pqm_ps/axi_interconnect_hp0/s00_couplers/auto_pc/inst/gen_axi4_axi3.axi3_conv_inst/USE_READ.USE_SPLIT_R.read_addr_inst/USE_R_CHANNEL.cmd_queue/inst/fifo_gen_inst/inst_fifo_gen/gconvfifo.rf/grf.rf/gntv_or_sync_fifo.gl0.rd/gr1.gr1_int.rfwft/empty_fwft_i_reg) that has an active asychronous set or reset. This may cause corruption of the memory contents and/or read values when the set/reset is asserted and is not analyzed by the default static timing analysis. It is suggested to eliminate the use of a set/reset to registers driving this RAMB pin or else use a synchronous reset in which the assertion of the reset is timed by default.
Related violations: <none>

REQP-1840#2 Warning
RAMB18 async control check  
The RAMB18E1 u_pqm_ps/axi_vdma_0/U0/I_PRMRY_DATAMOVER/GEN_MM2S_FULL.I_MM2S_FULL_WRAPPER/GEN_INCLUDE_MM2S_SF.I_RD_SF/I_DATA_FIFO/BLK_MEM.I_SYNC_FIFOGEN_FIFO/xpm_fifo_instance.xpm_fifo_sync_inst/xpm_fifo_base_inst/gen_sdpram.xpm_memory_base_inst/gen_wr_a.gen_word_narrow.mem_reg_1 has an input control pin u_pqm_ps/axi_vdma_0/U0/I_PRMRY_DATAMOVER/GEN_MM2S_FULL.I_MM2S_FULL_WRAPPER/GEN_INCLUDE_MM2S_SF.I_RD_SF/I_DATA_FIFO/BLK_MEM.I_SYNC_FIFOGEN_FIFO/xpm_fifo_instance.xpm_fifo_sync_inst/xpm_fifo_base_inst/gen_sdpram.xpm_memory_base_inst/gen_wr_a.gen_word_narrow.mem_reg_1/WEBWE[0] (net: u_pqm_ps/axi_vdma_0/U0/I_PRMRY_DATAMOVER/GEN_MM2S_FULL.I_MM2S_FULL_WRAPPER/GEN_INCLUDE_MM2S_SF.I_RD_SF/I_DATA_FIFO/BLK_MEM.I_SYNC_FIFOGEN_FIFO/xpm_fifo_instance.xpm_fifo_sync_inst/xpm_fifo_base_inst/gen_sdpram.xpm_memory_base_inst/wea[0]) which is driven by a register (u_pqm_ps/axi_interconnect_hp0/s00_couplers/auto_pc/inst/gen_axi4_axi3.axi3_conv_inst/USE_READ.USE_SPLIT_R.read_addr_inst/USE_R_CHANNEL.cmd_queue/inst/fifo_gen_inst/inst_fifo_gen/gconvfifo.rf/grf.rf/gntv_or_sync_fifo.gl0.rd/gr1.gr1_int.rfwft/empty_fwft_i_reg) that has an active asychronous set or reset. This may cause corruption of the memory contents and/or read values when the set/reset is asserted and is not analyzed by the default static timing analysis. It is suggested to eliminate the use of a set/reset to registers driving this RAMB pin or else use a synchronous reset in which the assertion of the reset is timed by default.
Related violations: <none>

REQP-1840#3 Warning
RAMB18 async control check  
The RAMB18E1 u_pqm_ps/axi_vdma_0/U0/I_PRMRY_DATAMOVER/GEN_MM2S_FULL.I_MM2S_FULL_WRAPPER/GEN_INCLUDE_MM2S_SF.I_RD_SF/I_DATA_FIFO/BLK_MEM.I_SYNC_FIFOGEN_FIFO/xpm_fifo_instance.xpm_fifo_sync_inst/xpm_fifo_base_inst/gen_sdpram.xpm_memory_base_inst/gen_wr_a.gen_word_narrow.mem_reg_1 has an input control pin u_pqm_ps/axi_vdma_0/U0/I_PRMRY_DATAMOVER/GEN_MM2S_FULL.I_MM2S_FULL_WRAPPER/GEN_INCLUDE_MM2S_SF.I_RD_SF/I_DATA_FIFO/BLK_MEM.I_SYNC_FIFOGEN_FIFO/xpm_fifo_instance.xpm_fifo_sync_inst/xpm_fifo_base_inst/gen_sdpram.xpm_memory_base_inst/gen_wr_a.gen_word_narrow.mem_reg_1/WEBWE[1] (net: u_pqm_ps/axi_vdma_0/U0/I_PRMRY_DATAMOVER/GEN_MM2S_FULL.I_MM2S_FULL_WRAPPER/GEN_INCLUDE_MM2S_SF.I_RD_SF/I_DATA_FIFO/BLK_MEM.I_SYNC_FIFOGEN_FIFO/xpm_fifo_instance.xpm_fifo_sync_inst/xpm_fifo_base_inst/gen_sdpram.xpm_memory_base_inst/wea[0]) which is driven by a register (u_pqm_ps/axi_interconnect_hp0/s00_couplers/auto_pc/inst/gen_axi4_axi3.axi3_conv_inst/USE_READ.USE_SPLIT_R.read_addr_inst/USE_R_CHANNEL.cmd_queue/inst/fifo_gen_inst/inst_fifo_gen/gconvfifo.rf/grf.rf/gntv_or_sync_fifo.gl0.rd/gr1.gr1_int.rfwft/empty_fwft_i_reg) that has an active asychronous set or reset. This may cause corruption of the memory contents and/or read values when the set/reset is asserted and is not analyzed by the default static timing analysis. It is suggested to eliminate the use of a set/reset to registers driving this RAMB pin or else use a synchronous reset in which the assertion of the reset is timed by default.
Related violations: <none>

REQP-1840#4 Warning
RAMB18 async control check  
The RAMB18E1 u_pqm_ps/axi_vdma_0/U0/I_PRMRY_DATAMOVER/GEN_MM2S_FULL.I_MM2S_FULL_WRAPPER/GEN_INCLUDE_MM2S_SF.I_RD_SF/I_DATA_FIFO/BLK_MEM.I_SYNC_FIFOGEN_FIFO/xpm_fifo_instance.xpm_fifo_sync_inst/xpm_fifo_base_inst/gen_sdpram.xpm_memory_base_inst/gen_wr_a.gen_word_narrow.mem_reg_1 has an input control pin u_pqm_ps/axi_vdma_0/U0/I_PRMRY_DATAMOVER/GEN_MM2S_FULL.I_MM2S_FULL_WRAPPER/GEN_INCLUDE_MM2S_SF.I_RD_SF/I_DATA_FIFO/BLK_MEM.I_SYNC_FIFOGEN_FIFO/xpm_fifo_instance.xpm_fifo_sync_inst/xpm_fifo_base_inst/gen_sdpram.xpm_memory_base_inst/gen_wr_a.gen_word_narrow.mem_reg_1/WEBWE[2] (net: u_pqm_ps/axi_vdma_0/U0/I_PRMRY_DATAMOVER/GEN_MM2S_FULL.I_MM2S_FULL_WRAPPER/GEN_INCLUDE_MM2S_SF.I_RD_SF/I_DATA_FIFO/BLK_MEM.I_SYNC_FIFOGEN_FIFO/xpm_fifo_instance.xpm_fifo_sync_inst/xpm_fifo_base_inst/gen_sdpram.xpm_memory_base_inst/wea[0]) which is driven by a register (u_pqm_ps/axi_interconnect_hp0/s00_couplers/auto_pc/inst/gen_axi4_axi3.axi3_conv_inst/USE_READ.USE_SPLIT_R.read_addr_inst/USE_R_CHANNEL.cmd_queue/inst/fifo_gen_inst/inst_fifo_gen/gconvfifo.rf/grf.rf/gntv_or_sync_fifo.gl0.rd/gr1.gr1_int.rfwft/empty_fwft_i_reg) that has an active asychronous set or reset. This may cause corruption of the memory contents and/or read values when the set/reset is asserted and is not analyzed by the default static timing analysis. It is suggested to eliminate the use of a set/reset to registers driving this RAMB pin or else use a synchronous reset in which the assertion of the reset is timed by default.
Related violations: <none>

RTSTAT-10#1 Warning
No routable loads  
44 net(s) have no routable loads. The problem bus(es) and/or net(s) are u_pqm_ps/axi_interconnect_hp0/s00_couplers/auto_pc/inst/gen_axi4_axi3.axi3_conv_inst/USE_READ.USE_SPLIT_R.read_addr_inst/USE_R_CHANNEL.cmd_queue/inst/fifo_gen_inst/inst_fifo_gen/gconvfifo.rf/grf.rf/gntv_or_sync_fifo.gl0.rd/gr1.gr1_int.rfwft/aempty_fwft_i,
u_pqm_ps/axi_interconnect_hp0/s00_couplers/auto_pc/inst/gen_axi4_axi3.axi3_conv_inst/USE_READ.USE_SPLIT_R.read_addr_inst/USE_R_CHANNEL.cmd_queue/inst/fifo_gen_inst/inst_fifo_gen/gconvfifo.rf/grf.rf/gntv_or_sync_fifo.gl0.wr/gwss.wsts/ram_afull_fb,
u_pqm_ps/axi_interconnect_hp0/s00_couplers/auto_pc/inst/gen_axi4_axi3.axi3_conv_inst/USE_READ.USE_SPLIT_R.read_addr_inst/USE_R_CHANNEL.cmd_queue/inst/fifo_gen_inst/inst_fifo_gen/gconvfifo.rf/grf.rf/rstblk/ngwrdrst.grst.rd_rst_reg[2:0],
u_pqm_ps/axi_interconnect_hp0/s00_couplers/auto_pc/inst/gen_axi4_axi3.axi3_conv_inst/USE_READ.USE_SPLIT_R.read_addr_inst/USE_R_CHANNEL.cmd_queue/inst/fifo_gen_inst/inst_fifo_gen/gconvfifo.rf/grf.rf/rstblk/ngwrdrst.grst.wr_rst_reg[2:0],
u_pqm_ps/axi_interconnect_hp1/m00_couplers/auto_pc/inst/gen_axi4_axi3.axi3_conv_inst/USE_READ.USE_SPLIT_R.read_addr_inst/USE_R_CHANNEL.cmd_queue/inst/fifo_gen_inst/inst_fifo_gen/gconvfifo.rf/grf.rf/gntv_or_sync_fifo.gl0.rd/gr1.gr1_int.rfwft/aempty_fwft_i,
u_pqm_ps/axi_interconnect_hp1/m00_couplers/auto_pc/inst/gen_axi4_axi3.axi3_conv_inst/USE_READ.USE_SPLIT_R.read_addr_inst/USE_R_CHANNEL.cmd_queue/inst/fifo_gen_inst/inst_fifo_gen/gconvfifo.rf/grf.rf/rstblk/ngwrdrst.grst.rd_rst_reg[2:0],
u_pqm_ps/axi_interconnect_hp1/m00_couplers/auto_pc/inst/gen_axi4_axi3.axi3_conv_inst/USE_READ.USE_SPLIT_R.read_addr_inst/USE_R_CHANNEL.cmd_queue/inst/fifo_gen_inst/inst_fifo_gen/gconvfifo.rf/grf.rf/rstblk/ngwrdrst.grst.wr_rst_reg[2:0],
u_pqm_ps/axi_interconnect_hp1/m00_couplers/auto_pc/inst/gen_axi4_axi3.axi3_conv_inst/USE_WRITE.write_addr_inst/USE_BURSTS.cmd_queue/inst/fifo_gen_inst/inst_fifo_gen/gconvfifo.rf/grf.rf/gntv_or_sync_fifo.gl0.rd/gr1.gr1_int.rfwft/aempty_fwft_i,
u_pqm_ps/axi_interconnect_hp1/m00_couplers/auto_pc/inst/gen_axi4_axi3.axi3_conv_inst/USE_WRITE.write_addr_inst/USE_BURSTS.cmd_queue/inst/fifo_gen_inst/inst_fifo_gen/gconvfifo.rf/grf.rf/gntv_or_sync_fifo.gl0.wr/gwss.wsts/ram_afull_fb,
u_pqm_ps/axi_interconnect_hp1/m00_couplers/auto_pc/inst/gen_axi4_axi3.axi3_conv_inst/USE_WRITE.write_addr_inst/USE_BURSTS.cmd_queue/inst/fifo_gen_inst/inst_fifo_gen/gconvfifo.rf/grf.rf/rstblk/ngwrdrst.grst.rd_rst_reg[2:0],
u_pqm_ps/axi_interconnect_hp1/m00_couplers/auto_pc/inst/gen_axi4_axi3.axi3_conv_inst/USE_WRITE.write_addr_inst/USE_BURSTS.cmd_queue/inst/fifo_gen_inst/inst_fifo_gen/gconvfifo.rf/grf.rf/rstblk/ngwrdrst.grst.wr_rst_reg[2:0],
u_pqm_ps/axi_interconnect_hp1/m00_couplers/auto_pc/inst/gen_axi4_axi3.axi3_conv_inst/USE_WRITE.write_addr_inst/USE_B_CHANNEL.cmd_b_queue/inst/fifo_gen_inst/inst_fifo_gen/gconvfifo.rf/grf.rf/gntv_or_sync_fifo.gl0.rd/gr1.gr1_int.rfwft/aempty_fwft_i,
u_pqm_ps/axi_interconnect_hp1/m00_couplers/auto_pc/inst/gen_axi4_axi3.axi3_conv_inst/USE_WRITE.write_addr_inst/USE_B_CHANNEL.cmd_b_queue/inst/fifo_gen_inst/inst_fifo_gen/gconvfifo.rf/grf.rf/gntv_or_sync_fifo.gl0.wr/gwss.wsts/ram_afull_fb,
u_pqm_ps/axi_interconnect_hp1/m00_couplers/auto_pc/inst/gen_axi4_axi3.axi3_conv_inst/USE_WRITE.write_addr_inst/USE_B_CHANNEL.cmd_b_queue/inst/fifo_gen_inst/inst_fifo_gen/gconvfifo.rf/grf.rf/rstblk/ngwrdrst.grst.rd_rst_reg[2:0],
u_pqm_ps/axi_interconnect_hp1/m00_couplers/auto_pc/inst/gen_axi4_axi3.axi3_conv_inst/USE_WRITE.write_addr_inst/USE_B_CHANNEL.cmd_b_queue/inst/fifo_gen_inst/inst_fifo_gen/gconvfifo.rf/grf.rf/rstblk/ngwrdrst.grst.wr_rst_reg[2:0]
 (the first 15 of 28 listed nets/buses).
Related violations: <none>

REQP-165#1 Advisory
writefirst  
Synchronous clocking is detected for BRAM (u_pqm_ps/axi_dma_0/U0/I_PRMRY_DATAMOVER/GEN_S2MM_FULL.I_S2MM_FULL_WRAPPER/GEN_ENABLE_INDET_BTT_SF.I_INDET_BTT/I_DATA_FIFO/BLK_MEM.I_SYNC_FIFOGEN_FIFO/xpm_fifo_instance.xpm_fifo_sync_inst/xpm_fifo_base_inst/gen_sdpram.xpm_memory_base_inst/gen_wr_a.gen_word_narrow.mem_reg_1) in SDP mode with WRITE_FIRST write-mode. This is the preferred mode for best power characteristics, however it may exhibit address collisions if the same address appears on both read and write ports resulting in unknown or corrupted read data. It is suggested to confirm via simulation that an address collision never occurs and if so it is suggested to try and avoid this situation. If address collisions cannot be avoided, the write-mode may be set to READ_FIRST which guarantees that the read data is the prior contents of the memory at the cost of additional power in the design. See the FPGA Memory Resources User Guide for additional information.
Related violations: <none>

REQP-165#2 Advisory
writefirst  
Synchronous clocking is detected for BRAM (u_pqm_ps/axi_vdma_0/U0/I_PRMRY_DATAMOVER/GEN_MM2S_FULL.I_MM2S_FULL_WRAPPER/GEN_INCLUDE_MM2S_SF.I_RD_SF/I_DATA_FIFO/BLK_MEM.I_SYNC_FIFOGEN_FIFO/xpm_fifo_instance.xpm_fifo_sync_inst/xpm_fifo_base_inst/gen_sdpram.xpm_memory_base_inst/gen_wr_a.gen_word_narrow.mem_reg_1) in SDP mode with WRITE_FIRST write-mode. This is the preferred mode for best power characteristics, however it may exhibit address collisions if the same address appears on both read and write ports resulting in unknown or corrupted read data. It is suggested to confirm via simulation that an address collision never occurs and if so it is suggested to try and avoid this situation. If address collisions cannot be avoided, the write-mode may be set to READ_FIRST which guarantees that the read data is the prior contents of the memory at the cost of additional power in the design. See the FPGA Memory Resources User Guide for additional information.
Related violations: <none>

REQP-181#1 Advisory
writefirst  
Synchronous clocking is detected for BRAM (u_pqm_ps/axi_dma_0/U0/I_PRMRY_DATAMOVER/GEN_S2MM_FULL.I_S2MM_FULL_WRAPPER/GEN_ENABLE_INDET_BTT_SF.I_INDET_BTT/I_DATA_FIFO/BLK_MEM.I_SYNC_FIFOGEN_FIFO/xpm_fifo_instance.xpm_fifo_sync_inst/xpm_fifo_base_inst/gen_sdpram.xpm_memory_base_inst/gen_wr_a.gen_word_narrow.mem_reg_0) in SDP mode with WRITE_FIRST write-mode. This is the preferred mode for best power characteristics, however it may exhibit address collisions if the same address appears on both read and write ports resulting in unknown or corrupted read data. It is suggested to confirm via simulation that an address collision never occurs and if so it is suggested to try and avoid this situation. If address collisions cannot be avoided, the write-mode may be set to READ_FIRST which guarantees that the read data is the prior contents of the memory at the cost of additional power in the design. See the FPGA Memory Resources User Guide for additional information.
Related violations: <none>

REQP-181#2 Advisory
writefirst  
Synchronous clocking is detected for BRAM (u_pqm_ps/axi_vdma_0/U0/I_PRMRY_DATAMOVER/GEN_MM2S_FULL.I_MM2S_FULL_WRAPPER/GEN_INCLUDE_MM2S_SF.I_RD_SF/I_DATA_FIFO/BLK_MEM.I_SYNC_FIFOGEN_FIFO/xpm_fifo_instance.xpm_fifo_sync_inst/xpm_fifo_base_inst/gen_sdpram.xpm_memory_base_inst/gen_wr_a.gen_word_narrow.mem_reg_0) in SDP mode with WRITE_FIRST write-mode. This is the preferred mode for best power characteristics, however it may exhibit address collisions if the same address appears on both read and write ports resulting in unknown or corrupted read data. It is suggested to confirm via simulation that an address collision never occurs and if so it is suggested to try and avoid this situation. If address collisions cannot be avoided, the write-mode may be set to READ_FIRST which guarantees that the read data is the prior contents of the memory at the cost of additional power in the design. See the FPGA Memory Resources User Guide for additional information.
Related violations: <none>


