Copyright 1986-2022 Xilinx, Inc. All Rights Reserved.
-------------------------------------------------------------------------------------------------------------------------------------
| Tool Version : Vivado v.2022.2 (win64) Build 3671981 Fri Oct 14 05:00:03 MDT 2022
| Date         : Sun Sep 27 20:19:51 2026
| Host         : DESKTOP-6DUCG5H running 64-bit major release  (build 9200)
| Command      : report_utilization -hierarchical -file C:/Users/zhangtao/Desktop/PQM2/vivado/reports/post_impl_utilization_hier.rpt
| Design       : pqm2_top
| Device       : xc7z020clg400-2
| Speed File   : -2
| Design State : Routed
-------------------------------------------------------------------------------------------------------------------------------------

Utilization Design Information

Table of Contents
-----------------
1. Utilization by Hierarchy

1. Utilization by Hierarchy
---------------------------

+----------------------------------------------------------------------------------------------+-----------------------------------------------------------------------------------+------------+------------+---------+------+-------+--------+--------+------------+
|                                           Instance                                           |                                       Module                                      | Total LUTs | Logic LUTs | LUTRAMs | SRLs |  FFs  | RAMB36 | RAMB18 | DSP Blocks |
+----------------------------------------------------------------------------------------------+-----------------------------------------------------------------------------------+------------+------------+---------+------+-------+--------+--------+------------+
| pqm2_top                                                                                     |                                                                             (top) |      20464 |      19644 |     454 |  366 | 23994 |     28 |      2 |         86 |
|   (pqm2_top)                                                                                 |                                                                             (top) |         34 |         34 |       0 |    0 |     4 |      0 |      0 |          0 |
|   u_clk_wiz_0                                                                                |                                                                         clk_wiz_0 |          0 |          0 |       0 |    0 |     0 |      0 |      0 |          0 |
|     inst                                                                                     |                                                                 clk_wiz_0_clk_wiz |          0 |          0 |       0 |    0 |     0 |      0 |      0 |          0 |
|   u_pqm_pl_top                                                                               |                                                                        pqm_pl_top |      13999 |      13615 |     384 |    0 | 13049 |      7 |      0 |         86 |
|     (u_pqm_pl_top)                                                                           |                                                                        pqm_pl_top |          0 |          0 |       0 |    0 |   163 |      0 |      0 |          0 |
|     u_ad7606                                                                                 |                                                            AD7606_Parallel_DRIVER |        131 |        131 |       0 |    0 |   113 |      0 |      0 |          0 |
|       (u_ad7606)                                                                             |                                                            AD7606_Parallel_DRIVER |          2 |          2 |       0 |    0 |    33 |      0 |      0 |          0 |
|       u_ad7606_parallel_ctrl                                                                 |                                                              ad7606_parallel_ctrl |        129 |        129 |       0 |    0 |    80 |      0 |      0 |          0 |
|     u_adc_pacer                                                                              |                                                                     pqm_adc_pacer |          7 |          7 |       0 |    0 |    26 |      0 |      0 |          0 |
|     u_measurement_core                                                                       |                                                              pqm_measurement_core |      13313 |      12929 |     384 |    0 | 12115 |      7 |      0 |         86 |
|       (u_measurement_core)                                                                   |                                                              pqm_measurement_core |        244 |        244 |       0 |    0 |   576 |      0 |      0 |          0 |
|       u_freq_analysis                                                                        |                                                             pqm_freq_analysis_rfg |       5066 |       4682 |     384 |    0 |  4901 |      6 |      0 |         14 |
|         (u_freq_analysis)                                                                    |                                                             pqm_freq_analysis_rfg |          1 |          1 |       0 |    0 |     2 |      0 |      0 |          0 |
|         u_fifo_i                                                                             |                                                                   pqm_sample_fifo |        403 |        403 |       0 |    0 |  1043 |      0 |      0 |          0 |
|         u_fifo_u                                                                             |                                                                pqm_sample_fifo_25 |        401 |        401 |       0 |    0 |  1038 |      0 |      0 |          0 |
|         u_freq_harmonic_iir_filter                                                           |                                                          freq_harmonic_iir_filter |        955 |        955 |       0 |    0 |   333 |      3 |      0 |          0 |
|         u_frontend                                                                           |                                                                  pqm_rfg_frontend |       2102 |       1718 |     384 |    0 |  1021 |      0 |      0 |          2 |
|           (u_frontend)                                                                       |                                                                  pqm_rfg_frontend |          1 |          1 |       0 |    0 |     3 |      0 |      0 |          0 |
|           u_dc_i                                                                             |                                                                    pqm_rfg_dc_sum |         95 |         95 |       0 |    0 |    63 |      0 |      0 |          0 |
|           u_dc_u                                                                             |                                                                 pqm_rfg_dc_sum_36 |         95 |         95 |       0 |    0 |    63 |      0 |      0 |          0 |
|           u_rfg_i                                                                            |                                                                  e01_rfg_nkld_top |        952 |        760 |     192 |    0 |   446 |      0 |      0 |          1 |
|             (u_rfg_i)                                                                        |                                                                  e01_rfg_nkld_top |        192 |          0 |     192 |    0 |     0 |      0 |      0 |          0 |
|             g_l4.u_fold                                                                      |                                                                e01_rfg_fold_l4_38 |        228 |        228 |       0 |    0 |    10 |      0 |      0 |          0 |
|             u_bin_engine                                                                     |                                                      e01_rfg_direct_bin_engine_39 |        533 |        533 |       0 |    0 |   436 |      0 |      0 |          1 |
|               (u_bin_engine)                                                                 |                                                      e01_rfg_direct_bin_engine_39 |        294 |        294 |       0 |    0 |   326 |      0 |      0 |          0 |
|               u_multiplier_scheduler                                                         |                                                    e01_four_part_mul_scheduler_40 |        271 |        271 |       0 |    0 |   110 |      0 |      0 |          1 |
|                 g_lane[0].u_mul                                                              |                                                         e01_four_part_mul_dsp1_41 |        271 |        271 |       0 |    0 |   110 |      0 |      0 |          1 |
|           u_rfg_u                                                                            |                                                               e01_rfg_nkld_top_37 |        959 |        767 |     192 |    0 |   446 |      0 |      0 |          1 |
|             (u_rfg_u)                                                                        |                                                               e01_rfg_nkld_top_37 |        192 |          0 |     192 |    0 |     0 |      0 |      0 |          0 |
|             g_l4.u_fold                                                                      |                                                                   e01_rfg_fold_l4 |        228 |        228 |       0 |    0 |    10 |      0 |      0 |          0 |
|             u_bin_engine                                                                     |                                                         e01_rfg_direct_bin_engine |        540 |        540 |       0 |    0 |   436 |      0 |      0 |          1 |
|               (u_bin_engine)                                                                 |                                                         e01_rfg_direct_bin_engine |        300 |        300 |       0 |    0 |   326 |      0 |      0 |          0 |
|               u_multiplier_scheduler                                                         |                                                       e01_four_part_mul_scheduler |        271 |        271 |       0 |    0 |   110 |      0 |      0 |          1 |
|                 g_lane[0].u_mul                                                              |                                                            e01_four_part_mul_dsp1 |        271 |        271 |       0 |    0 |   110 |      0 |      0 |          1 |
|         u_harmonic_stats                                                                     |                                                                    harmonic_stats |        532 |        532 |       0 |    0 |   506 |      2 |      0 |          2 |
|           (u_harmonic_stats)                                                                 |                                                                    harmonic_stats |        228 |        228 |       0 |    0 |   260 |      2 |      0 |          0 |
|           u_div_i_percent                                                                    |                                                  divider_unsigned__parameterized5 |        152 |        152 |       0 |    0 |   123 |      0 |      0 |          0 |
|           u_div_u_percent                                                                    |                                               divider_unsigned__parameterized5_34 |        152 |        152 |       0 |    0 |   123 |      0 |      0 |          0 |
|           u_mul_i_percent                                                                    |                                                 multiplier_signed__parameterized5 |          0 |          0 |       0 |    0 |     0 |      0 |      0 |          1 |
|           u_mul_u_percent                                                                    |                                              multiplier_signed__parameterized5_35 |          0 |          0 |       0 |    0 |     0 |      0 |      0 |          1 |
|         u_magnitude_calc                                                                     |                                                                    magnitude_calc |        246 |        246 |       0 |    0 |   332 |      0 |      0 |          6 |
|           (u_magnitude_calc)                                                                 |                                                                    magnitude_calc |        123 |        123 |       0 |    0 |   184 |      0 |      0 |          0 |
|           u_mul_i_imag_sq                                                                    |                                              multiplier_signed__parameterized0_29 |          0 |          0 |       0 |    0 |     0 |      0 |      0 |          1 |
|           u_mul_i_real_sq                                                                    |                                              multiplier_signed__parameterized0_30 |          0 |          0 |       0 |    0 |     0 |      0 |      0 |          1 |
|           u_mul_u_imag_sq                                                                    |                                              multiplier_signed__parameterized0_31 |          0 |          0 |       0 |    0 |     0 |      0 |      0 |          1 |
|           u_mul_u_real_sq                                                                    |                                              multiplier_signed__parameterized0_32 |          0 |          0 |       0 |    0 |     0 |      0 |      0 |          1 |
|           u_sqrt_i_mag                                                                       |                                                     sqrt_unsigned__parameterized1 |         61 |         61 |       0 |    0 |    74 |      0 |      0 |          1 |
|           u_sqrt_u_mag                                                                       |                                                  sqrt_unsigned__parameterized1_33 |         62 |         62 |       0 |    0 |    74 |      0 |      0 |          1 |
|         u_phase_deg_lut_calc                                                                 |                                                                phase_deg_lut_calc |        290 |        290 |       0 |    0 |   483 |      1 |      0 |          0 |
|           (u_phase_deg_lut_calc)                                                             |                                                                phase_deg_lut_calc |         52 |         52 |       0 |    0 |   306 |      0 |      0 |          0 |
|           u_phase_addr_divider                                                               |                                               divider_unsigned__parameterized2_28 |        237 |        237 |       0 |    0 |   175 |      0 |      0 |          0 |
|           u_rom_atan_lut_1024                                                                |                                                                 rom_atan_lut_1024 |          1 |          1 |       0 |    0 |     2 |      1 |      0 |          0 |
|             U0                                                                               |                                              rom_atan_lut_1024_blk_mem_gen_v8_4_5 |          1 |          1 |       0 |    0 |     2 |      1 |      0 |          0 |
|               inst_blk_mem_gen                                                               |                                        rom_atan_lut_1024_blk_mem_gen_v8_4_5_synth |          1 |          1 |       0 |    0 |     2 |      1 |      0 |          0 |
|                 gnbram.gnativebmg.native_blk_mem_gen                                         |                                                 rom_atan_lut_1024_blk_mem_gen_top |          1 |          1 |       0 |    0 |     2 |      1 |      0 |          0 |
|                   valid.cstr                                                                 |                                        rom_atan_lut_1024_blk_mem_gen_generic_cstr |          1 |          1 |       0 |    0 |     2 |      1 |      0 |          0 |
|                     ramloop[0].ram.r                                                         |                                          rom_atan_lut_1024_blk_mem_gen_prim_width |          1 |          1 |       0 |    0 |     2 |      1 |      0 |          0 |
|                       prim_init.ram                                                          |                                   rom_atan_lut_1024_blk_mem_gen_prim_wrapper_init |          1 |          1 |       0 |    0 |     2 |      1 |      0 |          0 |
|         u_phase_vector_calc                                                                  |                                                                 phase_vector_calc |        149 |        149 |       0 |    0 |   143 |      0 |      0 |          4 |
|           (u_phase_vector_calc)                                                              |                                                                 phase_vector_calc |        149 |        149 |       0 |    0 |   143 |      0 |      0 |          2 |
|           u_mul_ur_ii                                                                        |                                              multiplier_signed__parameterized0_26 |          0 |          0 |       0 |    0 |     0 |      0 |      0 |          1 |
|           u_mul_ur_ir                                                                        |                                              multiplier_signed__parameterized0_27 |          0 |          0 |       0 |    0 |     0 |      0 |      0 |          1 |
|         u_scale                                                                              |                                                                     pqm_rfg_scale |          0 |          0 |       0 |    0 |     0 |      0 |      0 |          0 |
|       u_freq_metrics_raw_calc                                                                |                                                             freq_metrics_raw_calc |        681 |        681 |       0 |    0 |  1110 |      0 |      0 |          8 |
|         (u_freq_metrics_raw_calc)                                                            |                                                             freq_metrics_raw_calc |          1 |          1 |       0 |    0 |   401 |      0 |      0 |          0 |
|         u_freq_thd_raw_calc                                                                  |                                                                 freq_thd_raw_calc |        608 |        608 |       0 |    0 |   709 |      0 |      0 |          6 |
|           (u_freq_thd_raw_calc)                                                              |                                                                 freq_thd_raw_calc |         20 |         20 |       0 |    0 |   219 |      0 |      0 |          0 |
|           u_i_thd_divider                                                                    |                                                  divider_unsigned__parameterized6 |        160 |        160 |       0 |    0 |   146 |      0 |      0 |          0 |
|           u_i_thd_scale_multiplier                                                           |                                                 multiplier_signed__parameterized7 |         38 |         38 |       0 |    0 |     0 |      0 |      0 |          1 |
|           u_i_thd_sqrt                                                                       |                                                     sqrt_unsigned__parameterized2 |         98 |         98 |       0 |    0 |    99 |      0 |      0 |          2 |
|           u_u_thd_divider                                                                    |                                               divider_unsigned__parameterized6_22 |        161 |        161 |       0 |    0 |   146 |      0 |      0 |          0 |
|           u_u_thd_scale_multiplier                                                           |                                              multiplier_signed__parameterized7_23 |         38 |         38 |       0 |    0 |     0 |      0 |      0 |          1 |
|           u_u_thd_sqrt                                                                       |                                                  sqrt_unsigned__parameterized2_24 |         94 |         94 |       0 |    0 |    99 |      0 |      0 |          2 |
|         u_i_mag_square_multiplier                                                            |                                                 multiplier_signed__parameterized6 |         36 |         36 |       0 |    0 |     0 |      0 |      0 |          1 |
|         u_u_mag_square_multiplier                                                            |                                              multiplier_signed__parameterized6_21 |         36 |         36 |       0 |    0 |     0 |      0 |      0 |          1 |
|       u_time_parameters_initiator                                                            |                                                         time_parameters_initiator |       3145 |       3145 |       0 |    0 |  2436 |      0 |      0 |         24 |
|         (u_time_parameters_initiator)                                                        |                                                         time_parameters_initiator |        121 |        121 |       0 |    0 |   316 |      0 |      0 |          0 |
|         u_frequency_measure                                                                  |                                                                 frequency_measure |        208 |        208 |       0 |    0 |   163 |      0 |      0 |          0 |
|         u_i_p2p_measure                                                                      |                                                                       p2p_measure |         98 |         98 |       0 |    0 |    66 |      0 |      0 |          0 |
|         u_phase_diff_calc                                                                    |                                                                   phase_diff_calc |        164 |        164 |       0 |    0 |   147 |      0 |      0 |          0 |
|         u_power_metrics_calc                                                                 |                                                                power_metrics_calc |       1085 |       1085 |       0 |    0 |   628 |      0 |      0 |         13 |
|           (u_power_metrics_calc)                                                             |                                                                power_metrics_calc |        116 |        116 |       0 |    0 |   309 |      0 |      0 |          0 |
|           u_active_square_multiplier                                                         |                                              multiplier_signed__parameterized2_18 |        152 |        152 |       0 |    0 |     0 |      0 |      0 |          4 |
|           u_apparent_square_multiplier                                                       |                                              multiplier_signed__parameterized2_19 |        175 |        175 |       0 |    0 |     0 |      0 |      0 |          4 |
|           u_pf_scale_multiplier                                                              |                                                 multiplier_signed__parameterized1 |        189 |        189 |       0 |    0 |     0 |      0 |      0 |          0 |
|           u_power_factor_divider                                                             |                                               divider_unsigned__parameterized0_20 |        244 |        244 |       0 |    0 |   184 |      0 |      0 |          0 |
|           u_reactive_q_sqrt                                                                  |                                                     sqrt_unsigned__parameterized0 |        215 |        215 |       0 |    0 |   135 |      0 |      0 |          4 |
|           u_rms_code_multiplier                                                              |                                                 multiplier_signed__parameterized0 |         67 |         67 |       0 |    0 |     0 |      0 |      0 |          1 |
|         u_u_p2p_measure                                                                      |                                                                    p2p_measure_12 |         92 |         92 |       0 |    0 |    66 |      0 |      0 |          0 |
|         u_ui_rms_measure                                                                     |                                                                    ui_rms_measure |       1379 |       1379 |       0 |    0 |  1050 |      0 |      0 |         11 |
|           (u_ui_rms_measure)                                                                 |                                                                    ui_rms_measure |        121 |        121 |       0 |    0 |   234 |      0 |      0 |          0 |
|           u_active_p_mean_divider                                                            |                                                                    divider_signed |        383 |        383 |       0 |    0 |   262 |      0 |      0 |          0 |
|             (u_active_p_mean_divider)                                                        |                                                                    divider_signed |         77 |         77 |       0 |    0 |   105 |      0 |      0 |          0 |
|             u_divider_unsigned                                                               |                                                               divider_unsigned_17 |        306 |        306 |       0 |    0 |   157 |      0 |      0 |          0 |
|           u_i_mean_divider                                                                   |                                                                  divider_unsigned |        210 |        210 |       0 |    0 |   157 |      0 |      0 |          0 |
|           u_i_rms_sqrt                                                                       |                                                                     sqrt_unsigned |        173 |        173 |       0 |    0 |   120 |      0 |      0 |          4 |
|           u_i_square_multiplier                                                              |                                                                 multiplier_signed |         33 |         33 |       0 |    0 |     0 |      0 |      0 |          1 |
|           u_u_mean_divider                                                                   |                                                               divider_unsigned_13 |        208 |        208 |       0 |    0 |   157 |      0 |      0 |          0 |
|           u_u_rms_sqrt                                                                       |                                                                  sqrt_unsigned_14 |        169 |        169 |       0 |    0 |   120 |      0 |      0 |          4 |
|           u_u_square_multiplier                                                              |                                                              multiplier_signed_15 |         33 |         33 |       0 |    0 |     0 |      0 |      0 |          1 |
|           u_ui_product_multiplier                                                            |                                                              multiplier_signed_16 |         51 |         51 |       0 |    0 |     0 |      0 |      0 |          1 |
|       u_time_x100_normalizer                                                                 |                                                              time_x100_normalizer |       4178 |       4178 |       0 |    0 |  3092 |      1 |      0 |         40 |
|         (u_time_x100_normalizer)                                                             |                                                              time_x100_normalizer |        265 |        265 |       0 |    0 |   838 |      0 |      0 |          0 |
|         u_active_p_scale_multiplier                                                          |                                                 multiplier_signed__parameterized4 |        229 |        229 |       0 |    0 |     0 |      0 |      0 |          8 |
|         u_active_p_x100_divider                                                              |                                                  divider_unsigned__parameterized3 |        446 |        446 |       0 |    0 |   298 |      0 |      0 |          0 |
|         u_apparent_s_scale_multiplier                                                        |                                               multiplier_signed__parameterized4_1 |        178 |        178 |       0 |    0 |     0 |      0 |      0 |          8 |
|         u_apparent_s_x100_divider                                                            |                                                divider_unsigned__parameterized3_2 |        391 |        391 |       0 |    0 |   298 |      0 |      0 |          0 |
|         u_frequency_divider                                                                  |                                                  divider_unsigned__parameterized1 |        265 |        265 |       0 |    0 |   233 |      0 |      0 |          0 |
|         u_full_scale_multiplier                                                              |                                                 multiplier_signed__parameterized2 |         48 |         48 |       0 |    0 |     0 |      0 |      0 |          4 |
|         u_i_pp_divider                                                                       |                                                divider_unsigned__parameterized1_3 |        271 |        271 |       0 |    0 |   202 |      0 |      0 |          0 |
|         u_i_pp_scale_multiplier                                                              |                                               multiplier_signed__parameterized2_4 |         98 |         98 |       0 |    0 |     0 |      0 |      0 |          4 |
|         u_i_rms_raw_to_x100                                                                  |                                                               signed_code_to_x100 |        259 |        259 |       0 |    0 |   221 |      0 |      0 |          2 |
|           (u_i_rms_raw_to_x100)                                                              |                                                               signed_code_to_x100 |         20 |         20 |       0 |    0 |    68 |      0 |      0 |          0 |
|           u_scale_divider                                                                    |                                               divider_unsigned__parameterized0_10 |        198 |        198 |       0 |    0 |   153 |      0 |      0 |          0 |
|           u_scale_multiplier                                                                 |                                              multiplier_signed__parameterized3_11 |         41 |         41 |       0 |    0 |     0 |      0 |      0 |          2 |
|         u_phase_divider                                                                      |                                                  divider_unsigned__parameterized2 |        182 |        182 |       0 |    0 |   174 |      0 |      0 |          0 |
|         u_phase_power_angle_rom                                                              |                                                             rom_atan_lut_1024_HD2 |          1 |          1 |       0 |    0 |     2 |      1 |      0 |          0 |
|           U0                                                                                 |                                          rom_atan_lut_1024_blk_mem_gen_v8_4_5_HD3 |          1 |          1 |       0 |    0 |     2 |      1 |      0 |          0 |
|             inst_blk_mem_gen                                                                 |                                    rom_atan_lut_1024_blk_mem_gen_v8_4_5_synth_HD4 |          1 |          1 |       0 |    0 |     2 |      1 |      0 |          0 |
|               gnbram.gnativebmg.native_blk_mem_gen                                           |                                             rom_atan_lut_1024_blk_mem_gen_top_HD5 |          1 |          1 |       0 |    0 |     2 |      1 |      0 |          0 |
|                 valid.cstr                                                                   |                                    rom_atan_lut_1024_blk_mem_gen_generic_cstr_HD6 |          1 |          1 |       0 |    0 |     2 |      1 |      0 |          0 |
|                   ramloop[0].ram.r                                                           |                                      rom_atan_lut_1024_blk_mem_gen_prim_width_HD7 |          1 |          1 |       0 |    0 |     2 |      1 |      0 |          0 |
|                     prim_init.ram                                                            |                               rom_atan_lut_1024_blk_mem_gen_prim_wrapper_init_HD8 |          1 |          1 |       0 |    0 |     2 |      1 |      0 |          0 |
|         u_power_factor_x100_divider                                                          |                                                  divider_unsigned__parameterized4 |        258 |        258 |       0 |    0 |   105 |      0 |      0 |          0 |
|         u_reactive_q_scale_multiplier                                                        |                                               multiplier_signed__parameterized4_5 |        229 |        229 |       0 |    0 |     0 |      0 |      0 |          8 |
|         u_reactive_q_x100_divider                                                            |                                                divider_unsigned__parameterized3_6 |        446 |        446 |       0 |    0 |   298 |      0 |      0 |          0 |
|         u_u_pp_divider                                                                       |                                                divider_unsigned__parameterized1_7 |        274 |        274 |       0 |    0 |   202 |      0 |      0 |          0 |
|         u_u_pp_scale_multiplier                                                              |                                               multiplier_signed__parameterized2_8 |         98 |         98 |       0 |    0 |     0 |      0 |      0 |          4 |
|         u_u_rms_raw_to_x100                                                                  |                                                             signed_code_to_x100_9 |        259 |        259 |       0 |    0 |   221 |      0 |      0 |          2 |
|           (u_u_rms_raw_to_x100)                                                              |                                                             signed_code_to_x100_9 |         20 |         20 |       0 |    0 |    68 |      0 |      0 |          0 |
|           u_scale_divider                                                                    |                                                  divider_unsigned__parameterized0 |        198 |        198 |       0 |    0 |   153 |      0 |      0 |          0 |
|           u_scale_multiplier                                                                 |                                                 multiplier_signed__parameterized3 |         41 |         41 |       0 |    0 |     0 |      0 |      0 |          2 |
|     u_range_command                                                                          |                                                      pqm_range_command_controller |          4 |          4 |       0 |    0 |     2 |      0 |      0 |          0 |
|     u_shared_memory_bridge                                                                   |                                                          pqm_shared_memory_bridge |        266 |        266 |       0 |    0 |   572 |      0 |      0 |          0 |
|     u_zero_tracker_i                                                                         |                                                            time_zero_code_tracker |        125 |        125 |       0 |    0 |    29 |      0 |      0 |          0 |
|     u_zero_tracker_u                                                                         |                                                          time_zero_code_tracker_0 |        154 |        154 |       0 |    0 |    29 |      0 |      0 |          0 |
|   u_pqm_ps                                                                                   |                                                                            pqm_ps |       6446 |       6010 |      70 |  366 | 10922 |     21 |      2 |          0 |
|     (u_pqm_ps)                                                                               |                                                                            pqm_ps |          0 |          0 |       0 |    0 |     0 |      0 |      0 |          0 |
|     axi_bram_ctrl_0                                                                          |                                                          pqm_ps_axi_bram_ctrl_0_0 |        228 |        220 |       0 |    8 |   248 |      0 |      0 |          0 |
|       U0                                                                                     |                                            pqm_ps_axi_bram_ctrl_0_0_axi_bram_ctrl |        228 |        220 |       0 |    8 |   248 |      0 |      0 |          0 |
|         gext_inst.abcv4_0_ext_inst                                                           |                                        pqm_ps_axi_bram_ctrl_0_0_axi_bram_ctrl_top |        228 |        220 |       0 |    8 |   248 |      0 |      0 |          0 |
|           GEN_AXI4.I_FULL_AXI                                                                |                                                 pqm_ps_axi_bram_ctrl_0_0_full_axi |        228 |        220 |       0 |    8 |   248 |      0 |      0 |          0 |
|             (GEN_AXI4.I_FULL_AXI)                                                            |                                                 pqm_ps_axi_bram_ctrl_0_0_full_axi |          5 |          5 |       0 |    0 |    14 |      0 |      0 |          0 |
|             GEN_ARB.I_SNG_PORT                                                               |                                             pqm_ps_axi_bram_ctrl_0_0_sng_port_arb |         16 |         16 |       0 |    0 |     7 |      0 |      0 |          0 |
|             I_RD_CHNL                                                                        |                                                  pqm_ps_axi_bram_ctrl_0_0_rd_chnl |        144 |        144 |       0 |    0 |   142 |      0 |      0 |          0 |
|               (I_RD_CHNL)                                                                    |                                                  pqm_ps_axi_bram_ctrl_0_0_rd_chnl |        109 |        109 |       0 |    0 |   126 |      0 |      0 |          0 |
|               GEN_NO_RD_CMD_OPT.I_WRAP_BRST                                                  |                                              pqm_ps_axi_bram_ctrl_0_0_wrap_brst_0 |         36 |         36 |       0 |    0 |    16 |      0 |      0 |          0 |
|             I_WR_CHNL                                                                        |                                                  pqm_ps_axi_bram_ctrl_0_0_wr_chnl |         65 |         57 |       0 |    8 |    85 |      0 |      0 |          0 |
|               (I_WR_CHNL)                                                                    |                                                  pqm_ps_axi_bram_ctrl_0_0_wr_chnl |         18 |         18 |       0 |    0 |    64 |      0 |      0 |          0 |
|               BID_FIFO                                                                       |                                                 pqm_ps_axi_bram_ctrl_0_0_SRL_FIFO |         28 |         20 |       0 |    8 |     5 |      0 |      0 |          0 |
|               I_WRAP_BRST                                                                    |                                                pqm_ps_axi_bram_ctrl_0_0_wrap_brst |         20 |         20 |       0 |    0 |    16 |      0 |      0 |          0 |
|     axi_dma_0                                                                                |                                                                pqm_ps_axi_dma_0_0 |       1391 |       1311 |       8 |   72 |  2800 |      1 |      1 |          0 |
|       (axi_dma_0)                                                                            |                                                                pqm_ps_axi_dma_0_0 |          0 |          0 |       0 |    0 |     0 |      0 |      0 |          0 |
|       U0                                                                                     |                                                        pqm_ps_axi_dma_0_0_axi_dma |       1391 |       1311 |       8 |   72 |  2800 |      1 |      1 |          0 |
|         GEN_SG_ENGINE.I_SG_ENGINE                                                            |                                                         pqm_ps_axi_dma_0_0_axi_sg |        254 |        249 |       0 |    5 |   866 |      0 |      0 |          0 |
|           (GEN_SG_ENGINE.I_SG_ENGINE)                                                        |                                                         pqm_ps_axi_dma_0_0_axi_sg |          0 |          0 |       0 |    0 |    26 |      0 |      0 |          0 |
|           GEN_DESC_UPDATE.I_SG_UPDATE_MNGR                                                   |                                               pqm_ps_axi_dma_0_0_axi_sg_updt_mngr |         20 |         20 |       0 |    0 |    71 |      0 |      0 |          0 |
|             I_UPDT_CMDSTS_IF                                                                 |                                          pqm_ps_axi_dma_0_0_axi_sg_updt_cmdsts_if |          3 |          3 |       0 |    0 |     6 |      0 |      0 |          0 |
|             I_UPDT_SG                                                                        |                                                 pqm_ps_axi_dma_0_0_axi_sg_updt_sm |         17 |         17 |       0 |    0 |    65 |      0 |      0 |          0 |
|           GEN_DESC_UPDATE.I_SG_UPDATE_QUEUE                                                  |                                             pqm_ps_axi_dma_0_0_axi_sg_updt_q_mngr |         13 |         13 |       0 |    0 |   125 |      0 |      0 |          0 |
|             GEN_QUEUE.I_UPDT_DESC_QUEUE                                                      |                                              pqm_ps_axi_dma_0_0_axi_sg_updt_queue |         13 |         13 |       0 |    0 |   125 |      0 |      0 |          0 |
|           GEN_INTERRUPT_LOGIC.I_AXI_SG_INTRPT                                                |                                                  pqm_ps_axi_dma_0_0_axi_sg_intrpt |         31 |         31 |       0 |    0 |    27 |      0 |      0 |          0 |
|           I_SG_AXI_DATAMOVER                                                                 |                                               pqm_ps_axi_dma_0_0_axi_sg_datamover |         83 |         78 |       0 |    5 |   261 |      0 |      0 |          0 |
|             GEN_MM2S_BASIC.I_MM2S_BASIC_WRAPPER                                              |                                         pqm_ps_axi_dma_0_0_axi_sg_mm2s_basic_wrap |         23 |         23 |       0 |    0 |   111 |      0 |      0 |          0 |
|               I_ADDR_CNTL                                                                    |                                               pqm_ps_axi_dma_0_0_axi_sg_addr_cntl |          2 |          2 |       0 |    0 |    31 |      0 |      0 |          0 |
|               I_CMD_STATUS                                                                   |                                           pqm_ps_axi_dma_0_0_axi_sg_cmd_status_20 |         11 |         11 |       0 |    0 |    38 |      0 |      0 |          0 |
|                 GEN_INCLUDE_STATUS_FIFO.I_STS_FIFO                                           |                                 pqm_ps_axi_dma_0_0_axi_sg_fifo__parameterized0_21 |          5 |          5 |       0 |    0 |     6 |      0 |      0 |          0 |
|                 I_CMD_FIFO                                                                   |                                                 pqm_ps_axi_dma_0_0_axi_sg_fifo_22 |          6 |          6 |       0 |    0 |    32 |      0 |      0 |          0 |
|               I_MSTR_SCC                                                                     |                                                     pqm_ps_axi_dma_0_0_axi_sg_scc |          2 |          2 |       0 |    0 |    31 |      0 |      0 |          0 |
|               I_RD_DATA_CNTL                                                                 |                                             pqm_ps_axi_dma_0_0_axi_sg_rddata_cntl |          6 |          6 |       0 |    0 |     5 |      0 |      0 |          0 |
|               I_RD_STATUS_CNTLR                                                              |                                          pqm_ps_axi_dma_0_0_axi_sg_rd_status_cntl |          2 |          2 |       0 |    0 |     5 |      0 |      0 |          0 |
|               I_RESET                                                                        |                                                   pqm_ps_axi_dma_0_0_axi_sg_reset |          1 |          1 |       0 |    0 |     1 |      0 |      0 |          0 |
|             GEN_S2MM_BASIC.I_S2MM_BASIC_WRAPPER                                              |                                         pqm_ps_axi_dma_0_0_axi_sg_s2mm_basic_wrap |         60 |         55 |       0 |    5 |   150 |      0 |      0 |          0 |
|               I_ADDR_CNTL                                                                    |                               pqm_ps_axi_dma_0_0_axi_sg_addr_cntl__parameterized0 |          2 |          2 |       0 |    0 |    34 |      0 |      0 |          0 |
|               I_CMD_STATUS                                                                   |                                              pqm_ps_axi_dma_0_0_axi_sg_cmd_status |          7 |          7 |       0 |    0 |    38 |      0 |      0 |          0 |
|                 GEN_INCLUDE_STATUS_FIFO.I_STS_FIFO                                           |                                    pqm_ps_axi_dma_0_0_axi_sg_fifo__parameterized0 |          5 |          5 |       0 |    0 |     7 |      0 |      0 |          0 |
|                 I_CMD_FIFO                                                                   |                                                    pqm_ps_axi_dma_0_0_axi_sg_fifo |          2 |          2 |       0 |    0 |    31 |      0 |      0 |          0 |
|               I_MSTR_SCC                                                                     |                                                  pqm_ps_axi_dma_0_0_axi_sg_scc_wr |          3 |          3 |       0 |    0 |    32 |      0 |      0 |          0 |
|               I_WR_DATA_CNTL                                                                 |                                             pqm_ps_axi_dma_0_0_axi_sg_wrdata_cntl |         26 |         26 |       0 |    0 |    24 |      0 |      0 |          0 |
|               I_WR_STATUS_CNTLR                                                              |                                          pqm_ps_axi_dma_0_0_axi_sg_wr_status_cntl |         23 |         18 |       0 |    5 |    22 |      0 |      0 |          0 |
|                 (I_WR_STATUS_CNTLR)                                                          |                                          pqm_ps_axi_dma_0_0_axi_sg_wr_status_cntl |          3 |          3 |       0 |    0 |    10 |      0 |      0 |          0 |
|                 GEN_OMIT_INDET_BTT.I_DATA_CNTL_STATUS_FIFO                                   |                                    pqm_ps_axi_dma_0_0_axi_sg_fifo__parameterized2 |         12 |          9 |       0 |    3 |     6 |      0 |      0 |          0 |
|                   (GEN_OMIT_INDET_BTT.I_DATA_CNTL_STATUS_FIFO)                               |                                    pqm_ps_axi_dma_0_0_axi_sg_fifo__parameterized2 |          1 |          1 |       0 |    0 |     2 |      0 |      0 |          0 |
|                   USE_SRL_FIFO.I_SYNC_FIFO                                                   |                                     pqm_ps_axi_dma_0_0_srl_fifo_f__parameterized0 |         11 |          8 |       0 |    3 |     4 |      0 |      0 |          0 |
|                     I_SRL_FIFO_RBU_F                                                         |                                 pqm_ps_axi_dma_0_0_srl_fifo_rbu_f__parameterized0 |         11 |          8 |       0 |    3 |     4 |      0 |      0 |          0 |
|                       (I_SRL_FIFO_RBU_F)                                                     |                                 pqm_ps_axi_dma_0_0_srl_fifo_rbu_f__parameterized0 |          0 |          0 |       0 |    0 |     1 |      0 |      0 |          0 |
|                       CNTR_INCR_DECR_ADDN_F_I                                                |                                       pqm_ps_axi_dma_0_0_cntr_incr_decr_addn_f_19 |          3 |          3 |       0 |    0 |     3 |      0 |      0 |          0 |
|                       DYNSHREG_F_I                                                           |                                     pqm_ps_axi_dma_0_0_dynshreg_f__parameterized0 |          8 |          5 |       0 |    3 |     0 |      0 |      0 |          0 |
|                 I_WRESP_STATUS_FIFO                                                          |                                    pqm_ps_axi_dma_0_0_axi_sg_fifo__parameterized1 |          8 |          6 |       0 |    2 |     6 |      0 |      0 |          0 |
|                   (I_WRESP_STATUS_FIFO)                                                      |                                    pqm_ps_axi_dma_0_0_axi_sg_fifo__parameterized1 |          1 |          1 |       0 |    0 |     2 |      0 |      0 |          0 |
|                   USE_SRL_FIFO.I_SYNC_FIFO                                                   |                                                     pqm_ps_axi_dma_0_0_srl_fifo_f |          7 |          5 |       0 |    2 |     4 |      0 |      0 |          0 |
|                     I_SRL_FIFO_RBU_F                                                         |                                                 pqm_ps_axi_dma_0_0_srl_fifo_rbu_f |          7 |          5 |       0 |    2 |     4 |      0 |      0 |          0 |
|                       (I_SRL_FIFO_RBU_F)                                                     |                                                 pqm_ps_axi_dma_0_0_srl_fifo_rbu_f |          1 |          1 |       0 |    0 |     1 |      0 |      0 |          0 |
|                       CNTR_INCR_DECR_ADDN_F_I                                                |                                       pqm_ps_axi_dma_0_0_cntr_incr_decr_addn_f_18 |          3 |          3 |       0 |    0 |     3 |      0 |      0 |          0 |
|                       DYNSHREG_F_I                                                           |                                                     pqm_ps_axi_dma_0_0_dynshreg_f |          4 |          2 |       0 |    2 |     0 |      0 |      0 |          0 |
|           I_SG_FETCH_MNGR                                                                    |                                               pqm_ps_axi_dma_0_0_axi_sg_ftch_mngr |         48 |         48 |       0 |    0 |    72 |      0 |      0 |          0 |
|             I_FTCH_CMDSTS_IF                                                                 |                                          pqm_ps_axi_dma_0_0_axi_sg_ftch_cmdsts_if |          7 |          7 |       0 |    0 |     9 |      0 |      0 |          0 |
|             I_FTCH_PNTR_MNGR                                                                 |                                               pqm_ps_axi_dma_0_0_axi_sg_ftch_pntr |          2 |          2 |       0 |    0 |    29 |      0 |      0 |          0 |
|             I_FTCH_SG                                                                        |                                                 pqm_ps_axi_dma_0_0_axi_sg_ftch_sm |         39 |         39 |       0 |    0 |    34 |      0 |      0 |          0 |
|           I_SG_FETCH_QUEUE                                                                   |                                             pqm_ps_axi_dma_0_0_axi_sg_ftch_q_mngr |         60 |         60 |       0 |    0 |   284 |      0 |      0 |          0 |
|             (I_SG_FETCH_QUEUE)                                                               |                                             pqm_ps_axi_dma_0_0_axi_sg_ftch_q_mngr |         27 |         27 |       0 |    0 |    91 |      0 |      0 |          0 |
|             GEN_QUEUE.FTCH_QUEUE_I                                                           |                                              pqm_ps_axi_dma_0_0_axi_sg_ftch_queue |         34 |         34 |       0 |    0 |   193 |      0 |      0 |          0 |
|         INCLUDE_S2MM_SOF_EOF_GENERATOR.I_S2MM_DMA_MNGR                                       |                                              pqm_ps_axi_dma_0_0_axi_dma_s2mm_mngr |         26 |         26 |       0 |    0 |   105 |      0 |      0 |          0 |
|           (INCLUDE_S2MM_SOF_EOF_GENERATOR.I_S2MM_DMA_MNGR)                                   |                                              pqm_ps_axi_dma_0_0_axi_dma_s2mm_mngr |          1 |          1 |       0 |    0 |     2 |      0 |      0 |          0 |
|           GEN_S2MM_DMA_CONTROL.GEN_SCATTER_GATHER_MODE.I_S2MM_SG_IF                          |                                             pqm_ps_axi_dma_0_0_axi_dma_s2mm_sg_if |         12 |         12 |       0 |    0 |    64 |      0 |      0 |          0 |
|           GEN_S2MM_DMA_CONTROL.GEN_SCATTER_GATHER_MODE.I_S2MM_SM                             |                                                pqm_ps_axi_dma_0_0_axi_dma_s2mm_sm |          6 |          6 |       0 |    0 |     5 |      0 |      0 |          0 |
|           GEN_S2MM_DMA_CONTROL.I_S2MM_CMDSTS                                                 |                                         pqm_ps_axi_dma_0_0_axi_dma_s2mm_cmdsts_if |          5 |          5 |       0 |    0 |    31 |      0 |      0 |          0 |
|           GEN_S2MM_DMA_CONTROL.I_S2MM_STS_MNGR                                               |                                          pqm_ps_axi_dma_0_0_axi_dma_s2mm_sts_mngr |          2 |          2 |       0 |    0 |     3 |      0 |      0 |          0 |
|         INCLUDE_S2MM_SOF_EOF_GENERATOR.I_S2MM_SOFEOF_GEN                                     |                                             pqm_ps_axi_dma_0_0_axi_dma_sofeof_gen |          5 |          5 |       0 |    0 |     7 |      0 |      0 |          0 |
|         I_AXI_DMA_REG_MODULE                                                                 |                                             pqm_ps_axi_dma_0_0_axi_dma_reg_module |        148 |        148 |       0 |    0 |   435 |      0 |      0 |          0 |
|           GEN_AXI_LITE_IF.AXI_LITE_IF_I                                                      |                                                pqm_ps_axi_dma_0_0_axi_dma_lite_if |        115 |        115 |       0 |    0 |   336 |      0 |      0 |          0 |
|             (GEN_AXI_LITE_IF.AXI_LITE_IF_I)                                                  |                                                pqm_ps_axi_dma_0_0_axi_dma_lite_if |         95 |         95 |       0 |    0 |   113 |      0 |      0 |          0 |
|             GEN_ASYNC_READ.REG_ARVALID_TO_IPCLK                                              |                                       pqm_ps_axi_dma_0_0_cdc_sync__parameterized3 |          1 |          1 |       0 |    0 |     4 |      0 |      0 |          0 |
|             GEN_ASYNC_READ.REG_DATA2LITE_CLOCK                                               |                                       pqm_ps_axi_dma_0_0_cdc_sync__parameterized4 |          0 |          0 |       0 |    0 |   128 |      0 |      0 |          0 |
|             GEN_ASYNC_READ.REG_RADDR_TO_IPCLK                                                |                                       pqm_ps_axi_dma_0_0_cdc_sync__parameterized2 |          0 |          0 |       0 |    0 |    40 |      0 |      0 |          0 |
|             GEN_ASYNC_WRITE.AWVLD_CDC_TO                                                     |                                                    pqm_ps_axi_dma_0_0_cdc_sync_14 |          1 |          1 |       0 |    0 |     4 |      0 |      0 |          0 |
|             GEN_ASYNC_WRITE.REG2_WREADY                                                      |                                                    pqm_ps_axi_dma_0_0_cdc_sync_15 |          1 |          1 |       0 |    0 |     4 |      0 |      0 |          0 |
|             GEN_ASYNC_WRITE.REG3_WREADY                                                      |                                                    pqm_ps_axi_dma_0_0_cdc_sync_16 |          1 |          1 |       0 |    0 |     4 |      0 |      0 |          0 |
|             GEN_ASYNC_WRITE.REG_WADDR_TO_IPCLK                                               |                                       pqm_ps_axi_dma_0_0_cdc_sync__parameterized0 |          4 |          4 |       0 |    0 |     5 |      0 |      0 |          0 |
|             GEN_ASYNC_WRITE.REG_WADDR_TO_IPCLK1                                              |                                       pqm_ps_axi_dma_0_0_cdc_sync__parameterized1 |         11 |         11 |       0 |    0 |    30 |      0 |      0 |          0 |
|             GEN_ASYNC_WRITE.WVLD_CDC_TO                                                      |                                                    pqm_ps_axi_dma_0_0_cdc_sync_17 |          1 |          1 |       0 |    0 |     4 |      0 |      0 |          0 |
|           GEN_S2MM_REGISTERS.GEN_INTROUT_ASYNC.PROC_REG_INTR2LITE                            |                                                    pqm_ps_axi_dma_0_0_cdc_sync_13 |          0 |          0 |       0 |    0 |     4 |      0 |      0 |          0 |
|           GEN_S2MM_REGISTERS.I_S2MM_DMA_REGISTER                                             |                                          pqm_ps_axi_dma_0_0_axi_dma_register_s2mm |         33 |         33 |       0 |    0 |    95 |      0 |      0 |          0 |
|         I_PRMRY_DATAMOVER                                                                    |                                                  pqm_ps_axi_dma_0_0_axi_datamover |        949 |        874 |       8 |   67 |  1339 |      1 |      1 |          0 |
|           (I_PRMRY_DATAMOVER)                                                                |                                                  pqm_ps_axi_dma_0_0_axi_datamover |         21 |         21 |       0 |    0 |     0 |      0 |      0 |          0 |
|           GEN_S2MM_FULL.I_S2MM_FULL_WRAPPER                                                  |                                   pqm_ps_axi_dma_0_0_axi_datamover_s2mm_full_wrap |        929 |        854 |       8 |   67 |  1339 |      1 |      1 |          0 |
|             ENABLE_AXIS_SKID.I_S2MM_STRM_SKID_BUF                                            |                                         pqm_ps_axi_dma_0_0_axi_datamover_skid_buf |         83 |         83 |       0 |    0 |   152 |      0 |      0 |          0 |
|             GEN_ENABLE_INDET_BTT_SF.I_INDET_BTT                                              |                                        pqm_ps_axi_dma_0_0_axi_datamover_indet_btt |        206 |        198 |       8 |    0 |   270 |      1 |      1 |          0 |
|               (GEN_ENABLE_INDET_BTT_SF.I_INDET_BTT)                                          |                                        pqm_ps_axi_dma_0_0_axi_datamover_indet_btt |         11 |         11 |       0 |    0 |    15 |      0 |      0 |          0 |
|               ENABLE_AXIS_SKID.I_INDET_BTT_SKID_BUF                                          |                         pqm_ps_axi_dma_0_0_axi_datamover_skid_buf__parameterized0 |         84 |         84 |       0 |    0 |   160 |      0 |      0 |          0 |
|               I_DATA_FIFO                                                                    |                     pqm_ps_axi_dma_0_0_axi_datamover_sfifo_autord__parameterized0 |         50 |         50 |       0 |    0 |    39 |      1 |      1 |          0 |
|                 BLK_MEM.I_SYNC_FIFOGEN_FIFO                                                  |                                   pqm_ps_axi_dma_0_0_sync_fifo_fg__parameterized0 |         50 |         50 |       0 |    0 |    39 |      1 |      1 |          0 |
|                   (BLK_MEM.I_SYNC_FIFOGEN_FIFO)                                              |                                   pqm_ps_axi_dma_0_0_sync_fifo_fg__parameterized0 |          8 |          8 |       0 |    0 |     0 |      0 |      0 |          0 |
|                   xpm_fifo_instance.xpm_fifo_sync_inst                                       |                                  pqm_ps_axi_dma_0_0_xpm_fifo_sync__parameterized1 |         42 |         42 |       0 |    0 |    39 |      1 |      1 |          0 |
|                     xpm_fifo_base_inst                                                       |                                  pqm_ps_axi_dma_0_0_xpm_fifo_base__parameterized0 |         42 |         42 |       0 |    0 |    39 |      1 |      1 |          0 |
|                       (xpm_fifo_base_inst)                                                   |                                  pqm_ps_axi_dma_0_0_xpm_fifo_base__parameterized0 |          3 |          3 |       0 |    0 |     5 |      0 |      0 |          0 |
|                       gen_sdpram.xpm_memory_base_inst                                        |                                pqm_ps_axi_dma_0_0_xpm_memory_base__parameterized0 |          2 |          2 |       0 |    0 |     0 |      1 |      1 |          0 |
|                       rdp_inst                                                               |                               pqm_ps_axi_dma_0_0_xpm_counter_updn__parameterized6 |         14 |         14 |       0 |    0 |     7 |      0 |      0 |          0 |
|                       rdpp1_inst                                                             |                               pqm_ps_axi_dma_0_0_xpm_counter_updn__parameterized7 |          7 |          7 |       0 |    0 |     7 |      0 |      0 |          0 |
|                       rst_d1_inst                                                            |                                             pqm_ps_axi_dma_0_0_xpm_fifo_reg_bit_9 |          1 |          1 |       0 |    0 |     1 |      0 |      0 |          0 |
|                       wrp_inst                                                               |                            pqm_ps_axi_dma_0_0_xpm_counter_updn__parameterized6_10 |         10 |         10 |       0 |    0 |     7 |      0 |      0 |          0 |
|                       wrpp1_inst                                                             |                            pqm_ps_axi_dma_0_0_xpm_counter_updn__parameterized7_11 |          6 |          6 |       0 |    0 |     7 |      0 |      0 |          0 |
|                       xpm_fifo_rst_inst                                                      |                                                pqm_ps_axi_dma_0_0_xpm_fifo_rst_12 |          2 |          2 |       0 |    0 |     5 |      0 |      0 |          0 |
|               I_XD_FIFO                                                                      |                                     pqm_ps_axi_dma_0_0_axi_datamover_sfifo_autord |         61 |         53 |       8 |    0 |    56 |      0 |      0 |          0 |
|                 NON_BLK_MEM.I_SYNC_FIFOGEN_FIFO                                              |                                                   pqm_ps_axi_dma_0_0_sync_fifo_fg |         61 |         53 |       8 |    0 |    56 |      0 |      0 |          0 |
|                   (NON_BLK_MEM.I_SYNC_FIFOGEN_FIFO)                                          |                                                   pqm_ps_axi_dma_0_0_sync_fifo_fg |         17 |         17 |       0 |    0 |     0 |      0 |      0 |          0 |
|                   xpm_fifo_instance.xpm_fifo_sync_inst                                       |                                                  pqm_ps_axi_dma_0_0_xpm_fifo_sync |         44 |         36 |       8 |    0 |    56 |      0 |      0 |          0 |
|                     xpm_fifo_base_inst                                                       |                                                  pqm_ps_axi_dma_0_0_xpm_fifo_base |         44 |         36 |       8 |    0 |    56 |      0 |      0 |          0 |
|                       (xpm_fifo_base_inst)                                                   |                                                  pqm_ps_axi_dma_0_0_xpm_fifo_base |          3 |          3 |       0 |    0 |    10 |      0 |      0 |          0 |
|                       gen_fwft.rdpp1_inst                                                    |                               pqm_ps_axi_dma_0_0_xpm_counter_updn__parameterized1 |          4 |          4 |       0 |    0 |     2 |      0 |      0 |          0 |
|                       gen_sdpram.xpm_memory_base_inst                                        |                                                pqm_ps_axi_dma_0_0_xpm_memory_base |          8 |          0 |       8 |    0 |    20 |      0 |      0 |          0 |
|                       rdp_inst                                                               |                               pqm_ps_axi_dma_0_0_xpm_counter_updn__parameterized2 |         11 |         11 |       0 |    0 |     5 |      0 |      0 |          0 |
|                       rdpp1_inst                                                             |                               pqm_ps_axi_dma_0_0_xpm_counter_updn__parameterized3 |          3 |          3 |       0 |    0 |     4 |      0 |      0 |          0 |
|                       rst_d1_inst                                                            |                                               pqm_ps_axi_dma_0_0_xpm_fifo_reg_bit |          1 |          1 |       0 |    0 |     1 |      0 |      0 |          0 |
|                       wrp_inst                                                               |                             pqm_ps_axi_dma_0_0_xpm_counter_updn__parameterized2_7 |         10 |         10 |       0 |    0 |     5 |      0 |      0 |          0 |
|                       wrpp1_inst                                                             |                             pqm_ps_axi_dma_0_0_xpm_counter_updn__parameterized3_8 |          3 |          3 |       0 |    0 |     4 |      0 |      0 |          0 |
|                       xpm_fifo_rst_inst                                                      |                                                   pqm_ps_axi_dma_0_0_xpm_fifo_rst |          2 |          2 |       0 |    0 |     5 |      0 |      0 |          0 |
|             GEN_INCLUDE_IBTTCC.I_S2MM_MSTR_IBTTCC                                            |                                           pqm_ps_axi_dma_0_0_axi_datamover_ibttcc |        149 |        149 |       0 |    0 |   240 |      0 |      0 |          0 |
|             GEN_INCLUDE_REALIGNER.I_S2MM_REALIGNER                                           |                                     pqm_ps_axi_dma_0_0_axi_datamover_s2mm_realign |        260 |        238 |       0 |   22 |   263 |      0 |      0 |          0 |
|               (GEN_INCLUDE_REALIGNER.I_S2MM_REALIGNER)                                       |                                     pqm_ps_axi_dma_0_0_axi_datamover_s2mm_realign |          0 |          0 |       0 |    0 |     7 |      0 |      0 |          0 |
|               GEN_INCLUDE_SCATTER.I_S2MM_SCATTER                                             |                                     pqm_ps_axi_dma_0_0_axi_datamover_s2mm_scatter |        234 |        225 |       0 |    9 |   249 |      0 |      0 |          0 |
|                 (GEN_INCLUDE_SCATTER.I_S2MM_SCATTER)                                         |                                     pqm_ps_axi_dma_0_0_axi_datamover_s2mm_scatter |         77 |         77 |       0 |    0 |    67 |      0 |      0 |          0 |
|                 I_MSSAI_SKID_BUF                                                             |                                   pqm_ps_axi_dma_0_0_axi_datamover_mssai_skid_buf |         97 |         97 |       0 |    0 |   156 |      0 |      0 |          0 |
|                 I_TSTRB_FIFO                                                                 |                             pqm_ps_axi_dma_0_0_axi_datamover_fifo__parameterized4 |         35 |         26 |       0 |    9 |    10 |      0 |      0 |          0 |
|                   (I_TSTRB_FIFO)                                                             |                             pqm_ps_axi_dma_0_0_axi_datamover_fifo__parameterized4 |          2 |          2 |       0 |    0 |     4 |      0 |      0 |          0 |
|                   USE_SRL_FIFO.I_SYNC_FIFO                                                   |                                     pqm_ps_axi_dma_0_0_srl_fifo_f__parameterized4 |         33 |         24 |       0 |    9 |     6 |      0 |      0 |          0 |
|                     I_SRL_FIFO_RBU_F                                                         |                                 pqm_ps_axi_dma_0_0_srl_fifo_rbu_f__parameterized4 |         33 |         24 |       0 |    9 |     6 |      0 |      0 |          0 |
|                       (I_SRL_FIFO_RBU_F)                                                     |                                 pqm_ps_axi_dma_0_0_srl_fifo_rbu_f__parameterized4 |          0 |          0 |       0 |    0 |     1 |      0 |      0 |          0 |
|                       CNTR_INCR_DECR_ADDN_F_I                                                |                          pqm_ps_axi_dma_0_0_cntr_incr_decr_addn_f__parameterized1 |          9 |          9 |       0 |    0 |     5 |      0 |      0 |          0 |
|                       DYNSHREG_F_I                                                           |                                     pqm_ps_axi_dma_0_0_dynshreg_f__parameterized4 |         24 |         15 |       0 |    9 |     0 |      0 |      0 |          0 |
|                 SLICE_INSERTION                                                              |                                            pqm_ps_axi_dma_0_0_axi_datamover_slice |         29 |         29 |       0 |    0 |    16 |      0 |      0 |          0 |
|               I_DRE_CNTL_FIFO                                                                |                             pqm_ps_axi_dma_0_0_axi_datamover_fifo__parameterized3 |         27 |         14 |       0 |   13 |     7 |      0 |      0 |          0 |
|                 (I_DRE_CNTL_FIFO)                                                            |                             pqm_ps_axi_dma_0_0_axi_datamover_fifo__parameterized3 |          2 |          2 |       0 |    0 |     3 |      0 |      0 |          0 |
|                 USE_SRL_FIFO.I_SYNC_FIFO                                                     |                                     pqm_ps_axi_dma_0_0_srl_fifo_f__parameterized3 |         25 |         12 |       0 |   13 |     4 |      0 |      0 |          0 |
|                   I_SRL_FIFO_RBU_F                                                           |                                 pqm_ps_axi_dma_0_0_srl_fifo_rbu_f__parameterized3 |         25 |         12 |       0 |   13 |     4 |      0 |      0 |          0 |
|                     (I_SRL_FIFO_RBU_F)                                                       |                                 pqm_ps_axi_dma_0_0_srl_fifo_rbu_f__parameterized3 |          0 |          0 |       0 |    0 |     1 |      0 |      0 |          0 |
|                     CNTR_INCR_DECR_ADDN_F_I                                                  |                                        pqm_ps_axi_dma_0_0_cntr_incr_decr_addn_f_6 |          7 |          7 |       0 |    0 |     3 |      0 |      0 |          0 |
|                     DYNSHREG_F_I                                                             |                                     pqm_ps_axi_dma_0_0_dynshreg_f__parameterized3 |         18 |          5 |       0 |   13 |     0 |      0 |      0 |          0 |
|             I_ADDR_CNTL                                                                      |                                        pqm_ps_axi_dma_0_0_axi_datamover_addr_cntl |         29 |          8 |       0 |   21 |    51 |      0 |      0 |          0 |
|               (I_ADDR_CNTL)                                                                  |                                        pqm_ps_axi_dma_0_0_axi_datamover_addr_cntl |          1 |          1 |       0 |    0 |    45 |      0 |      0 |          0 |
|               GEN_ADDR_FIFO.I_ADDR_QUAL_FIFO                                                 |                             pqm_ps_axi_dma_0_0_axi_datamover_fifo__parameterized5 |         28 |          7 |       0 |   21 |     6 |      0 |      0 |          0 |
|                 (GEN_ADDR_FIFO.I_ADDR_QUAL_FIFO)                                             |                             pqm_ps_axi_dma_0_0_axi_datamover_fifo__parameterized5 |          1 |          1 |       0 |    0 |     2 |      0 |      0 |          0 |
|                 USE_SRL_FIFO.I_SYNC_FIFO                                                     |                                     pqm_ps_axi_dma_0_0_srl_fifo_f__parameterized5 |         27 |          6 |       0 |   21 |     4 |      0 |      0 |          0 |
|                   I_SRL_FIFO_RBU_F                                                           |                                 pqm_ps_axi_dma_0_0_srl_fifo_rbu_f__parameterized5 |         27 |          6 |       0 |   21 |     4 |      0 |      0 |          0 |
|                     (I_SRL_FIFO_RBU_F)                                                       |                                 pqm_ps_axi_dma_0_0_srl_fifo_rbu_f__parameterized5 |          0 |          0 |       0 |    0 |     1 |      0 |      0 |          0 |
|                     CNTR_INCR_DECR_ADDN_F_I                                                  |                                        pqm_ps_axi_dma_0_0_cntr_incr_decr_addn_f_5 |          5 |          5 |       0 |    0 |     3 |      0 |      0 |          0 |
|                     DYNSHREG_F_I                                                             |                                     pqm_ps_axi_dma_0_0_dynshreg_f__parameterized5 |         22 |          1 |       0 |   21 |     0 |      0 |      0 |          0 |
|             I_CMD_STATUS                                                                     |                                       pqm_ps_axi_dma_0_0_axi_datamover_cmd_status |         16 |         16 |       0 |    0 |    89 |      0 |      0 |          0 |
|               GEN_INCLUDE_STATUS_FIFO.I_STS_FIFO                                             |                             pqm_ps_axi_dma_0_0_axi_datamover_fifo__parameterized0 |         15 |         15 |       0 |    0 |    30 |      0 |      0 |          0 |
|               I_CMD_FIFO                                                                     |                                             pqm_ps_axi_dma_0_0_axi_datamover_fifo |          1 |          1 |       0 |    0 |    59 |      0 |      0 |          0 |
|             I_RESET                                                                          |                                            pqm_ps_axi_dma_0_0_axi_datamover_reset |          2 |          2 |       0 |    0 |     3 |      0 |      0 |          0 |
|             I_S2MM_MMAP_SKID_BUF                                                             |                                      pqm_ps_axi_dma_0_0_axi_datamover_skid2mm_buf |         65 |         65 |       0 |    0 |   150 |      0 |      0 |          0 |
|             I_WR_DATA_CNTL                                                                   |                                      pqm_ps_axi_dma_0_0_axi_datamover_wrdata_cntl |         87 |         79 |       0 |    8 |    67 |      0 |      0 |          0 |
|               (I_WR_DATA_CNTL)                                                               |                                      pqm_ps_axi_dma_0_0_axi_datamover_wrdata_cntl |         54 |         54 |       0 |    0 |    61 |      0 |      0 |          0 |
|               GEN_DATA_CNTL_FIFO.I_DATA_CNTL_FIFO                                            |                             pqm_ps_axi_dma_0_0_axi_datamover_fifo__parameterized6 |         30 |         22 |       0 |    8 |     6 |      0 |      0 |          0 |
|                 (GEN_DATA_CNTL_FIFO.I_DATA_CNTL_FIFO)                                        |                             pqm_ps_axi_dma_0_0_axi_datamover_fifo__parameterized6 |          1 |          1 |       0 |    0 |     2 |      0 |      0 |          0 |
|                 USE_SRL_FIFO.I_SYNC_FIFO                                                     |                                     pqm_ps_axi_dma_0_0_srl_fifo_f__parameterized6 |         29 |         21 |       0 |    8 |     4 |      0 |      0 |          0 |
|                   I_SRL_FIFO_RBU_F                                                           |                                 pqm_ps_axi_dma_0_0_srl_fifo_rbu_f__parameterized6 |         29 |         21 |       0 |    8 |     4 |      0 |      0 |          0 |
|                     (I_SRL_FIFO_RBU_F)                                                       |                                 pqm_ps_axi_dma_0_0_srl_fifo_rbu_f__parameterized6 |          0 |          0 |       0 |    0 |     1 |      0 |      0 |          0 |
|                     CNTR_INCR_DECR_ADDN_F_I                                                  |                                          pqm_ps_axi_dma_0_0_cntr_incr_decr_addn_f |         13 |         13 |       0 |    0 |     3 |      0 |      0 |          0 |
|                     DYNSHREG_F_I                                                             |                                     pqm_ps_axi_dma_0_0_dynshreg_f__parameterized6 |         16 |          8 |       0 |    8 |     0 |      0 |      0 |          0 |
|               GEN_INDET_BTT.I_STRT_STRB_GEN                                                  |                                        pqm_ps_axi_dma_0_0_axi_datamover_strb_gen2 |          3 |          3 |       0 |    0 |     0 |      0 |      0 |          0 |
|             I_WR_STATUS_CNTLR                                                                |                                   pqm_ps_axi_dma_0_0_axi_datamover_wr_status_cntl |         51 |         35 |       0 |   16 |    54 |      0 |      0 |          0 |
|               (I_WR_STATUS_CNTLR)                                                            |                                   pqm_ps_axi_dma_0_0_axi_datamover_wr_status_cntl |          5 |          5 |       0 |    0 |    39 |      0 |      0 |          0 |
|               GEN_ENABLE_INDET_BTT.I_SF_DATA_CNTL_STATUS_FIFO                                |                             pqm_ps_axi_dma_0_0_axi_datamover_fifo__parameterized2 |         28 |         14 |       0 |   14 |     7 |      0 |      0 |          0 |
|                 (GEN_ENABLE_INDET_BTT.I_SF_DATA_CNTL_STATUS_FIFO)                            |                             pqm_ps_axi_dma_0_0_axi_datamover_fifo__parameterized2 |          1 |          1 |       0 |    0 |     2 |      0 |      0 |          0 |
|                 USE_SRL_FIFO.I_SYNC_FIFO                                                     |                                     pqm_ps_axi_dma_0_0_srl_fifo_f__parameterized2 |         27 |         13 |       0 |   14 |     5 |      0 |      0 |          0 |
|                   I_SRL_FIFO_RBU_F                                                           |                                 pqm_ps_axi_dma_0_0_srl_fifo_rbu_f__parameterized2 |         27 |         13 |       0 |   14 |     5 |      0 |      0 |          0 |
|                     (I_SRL_FIFO_RBU_F)                                                       |                                 pqm_ps_axi_dma_0_0_srl_fifo_rbu_f__parameterized2 |          0 |          0 |       0 |    0 |     1 |      0 |      0 |          0 |
|                     CNTR_INCR_DECR_ADDN_F_I                                                  |                        pqm_ps_axi_dma_0_0_cntr_incr_decr_addn_f__parameterized0_4 |          5 |          5 |       0 |    0 |     4 |      0 |      0 |          0 |
|                     DYNSHREG_F_I                                                             |                                     pqm_ps_axi_dma_0_0_dynshreg_f__parameterized2 |         22 |          8 |       0 |   14 |     0 |      0 |      0 |          0 |
|               I_WRESP_STATUS_FIFO                                                            |                             pqm_ps_axi_dma_0_0_axi_datamover_fifo__parameterized1 |         18 |         16 |       0 |    2 |     8 |      0 |      0 |          0 |
|                 (I_WRESP_STATUS_FIFO)                                                        |                             pqm_ps_axi_dma_0_0_axi_datamover_fifo__parameterized1 |          5 |          5 |       0 |    0 |     3 |      0 |      0 |          0 |
|                 USE_SRL_FIFO.I_SYNC_FIFO                                                     |                                     pqm_ps_axi_dma_0_0_srl_fifo_f__parameterized1 |         13 |         11 |       0 |    2 |     5 |      0 |      0 |          0 |
|                   I_SRL_FIFO_RBU_F                                                           |                                 pqm_ps_axi_dma_0_0_srl_fifo_rbu_f__parameterized1 |         13 |         11 |       0 |    2 |     5 |      0 |      0 |          0 |
|                     (I_SRL_FIFO_RBU_F)                                                       |                                 pqm_ps_axi_dma_0_0_srl_fifo_rbu_f__parameterized1 |          5 |          5 |       0 |    0 |     1 |      0 |      0 |          0 |
|                     CNTR_INCR_DECR_ADDN_F_I                                                  |                          pqm_ps_axi_dma_0_0_cntr_incr_decr_addn_f__parameterized0 |          6 |          6 |       0 |    0 |     4 |      0 |      0 |          0 |
|                     DYNSHREG_F_I                                                             |                                     pqm_ps_axi_dma_0_0_dynshreg_f__parameterized1 |          3 |          1 |       0 |    2 |     0 |      0 |      0 |          0 |
|         I_RST_MODULE                                                                         |                                             pqm_ps_axi_dma_0_0_axi_dma_rst_module |         12 |         12 |       0 |    0 |    48 |      0 |      0 |          0 |
|           (I_RST_MODULE)                                                                     |                                             pqm_ps_axi_dma_0_0_axi_dma_rst_module |          3 |          3 |       0 |    0 |     1 |      0 |      0 |          0 |
|           GEN_RESET_FOR_S2MM.RESET_I                                                         |                                                  pqm_ps_axi_dma_0_0_axi_dma_reset |          9 |          9 |       0 |    0 |    39 |      0 |      0 |          0 |
|             (GEN_RESET_FOR_S2MM.RESET_I)                                                     |                                                  pqm_ps_axi_dma_0_0_axi_dma_reset |          7 |          7 |       0 |    0 |    27 |      0 |      0 |          0 |
|             GEN_ASYNC_RESET.GEN_PRMRY_GRTR_EQL_SCNDRY.HALT_PROCESS                           |                                                     pqm_ps_axi_dma_0_0_cdc_sync_1 |          0 |          0 |       0 |    0 |     4 |      0 |      0 |          0 |
|             GEN_ASYNC_RESET.REG_HALT_CMPLT_IN                                                |                                                     pqm_ps_axi_dma_0_0_cdc_sync_2 |          1 |          1 |       0 |    0 |     4 |      0 |      0 |          0 |
|             GEN_ASYNC_RESET.REG_RESET_OUT                                                    |                                                     pqm_ps_axi_dma_0_0_cdc_sync_3 |          1 |          1 |       0 |    0 |     4 |      0 |      0 |          0 |
|           REG_HRD_RST                                                                        |                                                       pqm_ps_axi_dma_0_0_cdc_sync |          0 |          0 |       0 |    0 |     4 |      0 |      0 |          0 |
|           REG_HRD_RST_OUT                                                                    |                                                     pqm_ps_axi_dma_0_0_cdc_sync_0 |          0 |          0 |       0 |    0 |     4 |      0 |      0 |          0 |
|     axi_interconnect_ctrl                                                                    |                                                    pqm_ps_axi_interconnect_ctrl_0 |       1827 |       1646 |       0 |  181 |  2332 |      0 |      0 |          0 |
|       m01_couplers                                                                           |                                                          m01_couplers_imp_1AC1HNL |        372 |        313 |       0 |   59 |   448 |      0 |      0 |          0 |
|         auto_pc                                                                              |                                                                  pqm_ps_auto_pc_0 |        372 |        313 |       0 |   59 |   448 |      0 |      0 |          0 |
|           inst                                                                               |            pqm_ps_auto_pc_0_axi_protocol_converter_v2_1_27_axi_protocol_converter |        372 |        313 |       0 |   59 |   448 |      0 |      0 |          0 |
|             gen_axilite.gen_b2s_conv.axilite_b2s                                             |                               pqm_ps_auto_pc_0_axi_protocol_converter_v2_1_27_b2s |        372 |        313 |       0 |   59 |   448 |      0 |      0 |          0 |
|               (gen_axilite.gen_b2s_conv.axilite_b2s)                                         |                               pqm_ps_auto_pc_0_axi_protocol_converter_v2_1_27_b2s |          1 |          1 |       0 |    0 |     1 |      0 |      0 |          0 |
|               RD.ar_channel_0                                                                |                    pqm_ps_auto_pc_0_axi_protocol_converter_v2_1_27_b2s_ar_channel |         66 |         66 |       0 |    0 |    83 |      0 |      0 |          0 |
|                 (RD.ar_channel_0)                                                            |                    pqm_ps_auto_pc_0_axi_protocol_converter_v2_1_27_b2s_ar_channel |          0 |          0 |       0 |    0 |    12 |      0 |      0 |          0 |
|                 ar_cmd_fsm_0                                                                 |                    pqm_ps_auto_pc_0_axi_protocol_converter_v2_1_27_b2s_rd_cmd_fsm |         23 |         23 |       0 |    0 |     2 |      0 |      0 |          0 |
|                 cmd_translator_0                                                             |              pqm_ps_auto_pc_0_axi_protocol_converter_v2_1_27_b2s_cmd_translator_1 |         43 |         43 |       0 |    0 |    69 |      0 |      0 |          0 |
|                   (cmd_translator_0)                                                         |              pqm_ps_auto_pc_0_axi_protocol_converter_v2_1_27_b2s_cmd_translator_1 |          1 |          1 |       0 |    0 |     3 |      0 |      0 |          0 |
|                   incr_cmd_0                                                                 |                    pqm_ps_auto_pc_0_axi_protocol_converter_v2_1_27_b2s_incr_cmd_2 |         27 |         27 |       0 |    0 |    23 |      0 |      0 |          0 |
|                   wrap_cmd_0                                                                 |                    pqm_ps_auto_pc_0_axi_protocol_converter_v2_1_27_b2s_wrap_cmd_3 |         15 |         15 |       0 |    0 |    43 |      0 |      0 |          0 |
|               RD.r_channel_0                                                                 |                     pqm_ps_auto_pc_0_axi_protocol_converter_v2_1_27_b2s_r_channel |         59 |         14 |       0 |   45 |    24 |      0 |      0 |          0 |
|                 (RD.r_channel_0)                                                             |                     pqm_ps_auto_pc_0_axi_protocol_converter_v2_1_27_b2s_r_channel |          0 |          0 |       0 |    0 |    14 |      0 |      0 |          0 |
|                 rd_data_fifo_0                                                               |   pqm_ps_auto_pc_0_axi_protocol_converter_v2_1_27_b2s_simple_fifo__parameterized1 |         40 |          8 |       0 |   32 |     5 |      0 |      0 |          0 |
|                 transaction_fifo_0                                                           |   pqm_ps_auto_pc_0_axi_protocol_converter_v2_1_27_b2s_simple_fifo__parameterized2 |         20 |          7 |       0 |   13 |     5 |      0 |      0 |          0 |
|               SI_REG                                                                         |                    pqm_ps_auto_pc_0_axi_register_slice_v2_1_27_axi_register_slice |        156 |        156 |       0 |    0 |   248 |      0 |      0 |          0 |
|                 ar.ar_pipe                                                                   |                   pqm_ps_auto_pc_0_axi_register_slice_v2_1_27_axic_register_slice |         60 |         60 |       0 |    0 |    67 |      0 |      0 |          0 |
|                 aw.aw_pipe                                                                   |                 pqm_ps_auto_pc_0_axi_register_slice_v2_1_27_axic_register_slice_0 |         59 |         59 |       0 |    0 |    59 |      0 |      0 |          0 |
|                 b.b_pipe                                                                     |   pqm_ps_auto_pc_0_axi_register_slice_v2_1_27_axic_register_slice__parameterized1 |         10 |         10 |       0 |    0 |    30 |      0 |      0 |          0 |
|                 r.r_pipe                                                                     |   pqm_ps_auto_pc_0_axi_register_slice_v2_1_27_axic_register_slice__parameterized2 |         27 |         27 |       0 |    0 |    92 |      0 |      0 |          0 |
|               WR.aw_channel_0                                                                |                    pqm_ps_auto_pc_0_axi_protocol_converter_v2_1_27_b2s_aw_channel |         58 |         58 |       0 |    0 |    75 |      0 |      0 |          0 |
|                 (WR.aw_channel_0)                                                            |                    pqm_ps_auto_pc_0_axi_protocol_converter_v2_1_27_b2s_aw_channel |          0 |          0 |       0 |    0 |    16 |      0 |      0 |          0 |
|                 aw_cmd_fsm_0                                                                 |                    pqm_ps_auto_pc_0_axi_protocol_converter_v2_1_27_b2s_wr_cmd_fsm |         13 |         13 |       0 |    0 |     2 |      0 |      0 |          0 |
|                 cmd_translator_0                                                             |                pqm_ps_auto_pc_0_axi_protocol_converter_v2_1_27_b2s_cmd_translator |         45 |         45 |       0 |    0 |    57 |      0 |      0 |          0 |
|                   (cmd_translator_0)                                                         |                pqm_ps_auto_pc_0_axi_protocol_converter_v2_1_27_b2s_cmd_translator |          0 |          0 |       0 |    0 |     3 |      0 |      0 |          0 |
|                   incr_cmd_0                                                                 |                      pqm_ps_auto_pc_0_axi_protocol_converter_v2_1_27_b2s_incr_cmd |         24 |         24 |       0 |    0 |    19 |      0 |      0 |          0 |
|                   wrap_cmd_0                                                                 |                      pqm_ps_auto_pc_0_axi_protocol_converter_v2_1_27_b2s_wrap_cmd |         22 |         22 |       0 |    0 |    35 |      0 |      0 |          0 |
|               WR.b_channel_0                                                                 |                     pqm_ps_auto_pc_0_axi_protocol_converter_v2_1_27_b2s_b_channel |         35 |         21 |       0 |   14 |    17 |      0 |      0 |          0 |
|                 (WR.b_channel_0)                                                             |                     pqm_ps_auto_pc_0_axi_protocol_converter_v2_1_27_b2s_b_channel |          8 |          8 |       0 |    0 |    13 |      0 |      0 |          0 |
|                 bid_fifo_0                                                                   |                   pqm_ps_auto_pc_0_axi_protocol_converter_v2_1_27_b2s_simple_fifo |         21 |          9 |       0 |   12 |     2 |      0 |      0 |          0 |
|                 bresp_fifo_0                                                                 |   pqm_ps_auto_pc_0_axi_protocol_converter_v2_1_27_b2s_simple_fifo__parameterized0 |          6 |          4 |       0 |    2 |     2 |      0 |      0 |          0 |
|       m02_couplers                                                                           |                                                          m02_couplers_imp_13QIPG3 |        362 |        303 |       0 |   59 |   428 |      0 |      0 |          0 |
|         auto_pc                                                                              |                                                                  pqm_ps_auto_pc_1 |        362 |        303 |       0 |   59 |   428 |      0 |      0 |          0 |
|           inst                                                                               |            pqm_ps_auto_pc_1_axi_protocol_converter_v2_1_27_axi_protocol_converter |        362 |        303 |       0 |   59 |   428 |      0 |      0 |          0 |
|             gen_axilite.gen_b2s_conv.axilite_b2s                                             |                               pqm_ps_auto_pc_1_axi_protocol_converter_v2_1_27_b2s |        362 |        303 |       0 |   59 |   428 |      0 |      0 |          0 |
|               (gen_axilite.gen_b2s_conv.axilite_b2s)                                         |                               pqm_ps_auto_pc_1_axi_protocol_converter_v2_1_27_b2s |          1 |          1 |       0 |    0 |     1 |      0 |      0 |          0 |
|               RD.ar_channel_0                                                                |                    pqm_ps_auto_pc_1_axi_protocol_converter_v2_1_27_b2s_ar_channel |         60 |         60 |       0 |    0 |    71 |      0 |      0 |          0 |
|                 (RD.ar_channel_0)                                                            |                    pqm_ps_auto_pc_1_axi_protocol_converter_v2_1_27_b2s_ar_channel |          0 |          0 |       0 |    0 |    12 |      0 |      0 |          0 |
|                 ar_cmd_fsm_0                                                                 |                    pqm_ps_auto_pc_1_axi_protocol_converter_v2_1_27_b2s_rd_cmd_fsm |         19 |         19 |       0 |    0 |     2 |      0 |      0 |          0 |
|                 cmd_translator_0                                                             |              pqm_ps_auto_pc_1_axi_protocol_converter_v2_1_27_b2s_cmd_translator_1 |         41 |         41 |       0 |    0 |    57 |      0 |      0 |          0 |
|                   (cmd_translator_0)                                                         |              pqm_ps_auto_pc_1_axi_protocol_converter_v2_1_27_b2s_cmd_translator_1 |          1 |          1 |       0 |    0 |     3 |      0 |      0 |          0 |
|                   incr_cmd_0                                                                 |                    pqm_ps_auto_pc_1_axi_protocol_converter_v2_1_27_b2s_incr_cmd_2 |         25 |         25 |       0 |    0 |    19 |      0 |      0 |          0 |
|                   wrap_cmd_0                                                                 |                    pqm_ps_auto_pc_1_axi_protocol_converter_v2_1_27_b2s_wrap_cmd_3 |         15 |         15 |       0 |    0 |    35 |      0 |      0 |          0 |
|               RD.r_channel_0                                                                 |                     pqm_ps_auto_pc_1_axi_protocol_converter_v2_1_27_b2s_r_channel |         59 |         14 |       0 |   45 |    24 |      0 |      0 |          0 |
|                 (RD.r_channel_0)                                                             |                     pqm_ps_auto_pc_1_axi_protocol_converter_v2_1_27_b2s_r_channel |          0 |          0 |       0 |    0 |    14 |      0 |      0 |          0 |
|                 rd_data_fifo_0                                                               |   pqm_ps_auto_pc_1_axi_protocol_converter_v2_1_27_b2s_simple_fifo__parameterized1 |         40 |          8 |       0 |   32 |     5 |      0 |      0 |          0 |
|                 transaction_fifo_0                                                           |   pqm_ps_auto_pc_1_axi_protocol_converter_v2_1_27_b2s_simple_fifo__parameterized2 |         20 |          7 |       0 |   13 |     5 |      0 |      0 |          0 |
|               SI_REG                                                                         |                    pqm_ps_auto_pc_1_axi_register_slice_v2_1_27_axi_register_slice |        151 |        151 |       0 |    0 |   240 |      0 |      0 |          0 |
|                 ar.ar_pipe                                                                   |                   pqm_ps_auto_pc_1_axi_register_slice_v2_1_27_axic_register_slice |         54 |         54 |       0 |    0 |    59 |      0 |      0 |          0 |
|                 aw.aw_pipe                                                                   |                 pqm_ps_auto_pc_1_axi_register_slice_v2_1_27_axic_register_slice_0 |         60 |         60 |       0 |    0 |    59 |      0 |      0 |          0 |
|                 b.b_pipe                                                                     |   pqm_ps_auto_pc_1_axi_register_slice_v2_1_27_axic_register_slice__parameterized1 |         10 |         10 |       0 |    0 |    30 |      0 |      0 |          0 |
|                 r.r_pipe                                                                     |   pqm_ps_auto_pc_1_axi_register_slice_v2_1_27_axic_register_slice__parameterized2 |         27 |         27 |       0 |    0 |    92 |      0 |      0 |          0 |
|               WR.aw_channel_0                                                                |                    pqm_ps_auto_pc_1_axi_protocol_converter_v2_1_27_b2s_aw_channel |         59 |         59 |       0 |    0 |    75 |      0 |      0 |          0 |
|                 (WR.aw_channel_0)                                                            |                    pqm_ps_auto_pc_1_axi_protocol_converter_v2_1_27_b2s_aw_channel |          0 |          0 |       0 |    0 |    16 |      0 |      0 |          0 |
|                 aw_cmd_fsm_0                                                                 |                    pqm_ps_auto_pc_1_axi_protocol_converter_v2_1_27_b2s_wr_cmd_fsm |         14 |         14 |       0 |    0 |     2 |      0 |      0 |          0 |
|                 cmd_translator_0                                                             |                pqm_ps_auto_pc_1_axi_protocol_converter_v2_1_27_b2s_cmd_translator |         45 |         45 |       0 |    0 |    57 |      0 |      0 |          0 |
|                   (cmd_translator_0)                                                         |                pqm_ps_auto_pc_1_axi_protocol_converter_v2_1_27_b2s_cmd_translator |          0 |          0 |       0 |    0 |     3 |      0 |      0 |          0 |
|                   incr_cmd_0                                                                 |                      pqm_ps_auto_pc_1_axi_protocol_converter_v2_1_27_b2s_incr_cmd |         24 |         24 |       0 |    0 |    19 |      0 |      0 |          0 |
|                   wrap_cmd_0                                                                 |                      pqm_ps_auto_pc_1_axi_protocol_converter_v2_1_27_b2s_wrap_cmd |         22 |         22 |       0 |    0 |    35 |      0 |      0 |          0 |
|               WR.b_channel_0                                                                 |                     pqm_ps_auto_pc_1_axi_protocol_converter_v2_1_27_b2s_b_channel |         35 |         21 |       0 |   14 |    17 |      0 |      0 |          0 |
|                 (WR.b_channel_0)                                                             |                     pqm_ps_auto_pc_1_axi_protocol_converter_v2_1_27_b2s_b_channel |          8 |          8 |       0 |    0 |    13 |      0 |      0 |          0 |
|                 bid_fifo_0                                                                   |                   pqm_ps_auto_pc_1_axi_protocol_converter_v2_1_27_b2s_simple_fifo |         21 |          9 |       0 |   12 |     2 |      0 |      0 |          0 |
|                 bresp_fifo_0                                                                 |   pqm_ps_auto_pc_1_axi_protocol_converter_v2_1_27_b2s_simple_fifo__parameterized0 |          6 |          4 |       0 |    2 |     2 |      0 |      0 |          0 |
|       m03_couplers                                                                           |                                                           m03_couplers_imp_99AXTU |        381 |        321 |       0 |   60 |   470 |      0 |      0 |          0 |
|         auto_pc                                                                              |                                                                  pqm_ps_auto_pc_2 |        381 |        321 |       0 |   60 |   470 |      0 |      0 |          0 |
|           inst                                                                               |            pqm_ps_auto_pc_2_axi_protocol_converter_v2_1_27_axi_protocol_converter |        381 |        321 |       0 |   60 |   470 |      0 |      0 |          0 |
|             gen_axilite.gen_b2s_conv.axilite_b2s                                             |                               pqm_ps_auto_pc_2_axi_protocol_converter_v2_1_27_b2s |        381 |        321 |       0 |   60 |   470 |      0 |      0 |          0 |
|               (gen_axilite.gen_b2s_conv.axilite_b2s)                                         |                               pqm_ps_auto_pc_2_axi_protocol_converter_v2_1_27_b2s |          1 |          1 |       0 |    0 |     1 |      0 |      0 |          0 |
|               RD.ar_channel_0                                                                |                    pqm_ps_auto_pc_2_axi_protocol_converter_v2_1_27_b2s_ar_channel |         66 |         66 |       0 |    0 |    83 |      0 |      0 |          0 |
|                 (RD.ar_channel_0)                                                            |                    pqm_ps_auto_pc_2_axi_protocol_converter_v2_1_27_b2s_ar_channel |          0 |          0 |       0 |    0 |    12 |      0 |      0 |          0 |
|                 ar_cmd_fsm_0                                                                 |                    pqm_ps_auto_pc_2_axi_protocol_converter_v2_1_27_b2s_rd_cmd_fsm |         23 |         23 |       0 |    0 |     2 |      0 |      0 |          0 |
|                 cmd_translator_0                                                             |              pqm_ps_auto_pc_2_axi_protocol_converter_v2_1_27_b2s_cmd_translator_1 |         43 |         43 |       0 |    0 |    69 |      0 |      0 |          0 |
|                   (cmd_translator_0)                                                         |              pqm_ps_auto_pc_2_axi_protocol_converter_v2_1_27_b2s_cmd_translator_1 |          1 |          1 |       0 |    0 |     3 |      0 |      0 |          0 |
|                   incr_cmd_0                                                                 |                    pqm_ps_auto_pc_2_axi_protocol_converter_v2_1_27_b2s_incr_cmd_2 |         27 |         27 |       0 |    0 |    23 |      0 |      0 |          0 |
|                   wrap_cmd_0                                                                 |                    pqm_ps_auto_pc_2_axi_protocol_converter_v2_1_27_b2s_wrap_cmd_3 |         15 |         15 |       0 |    0 |    43 |      0 |      0 |          0 |
|               RD.r_channel_0                                                                 |                     pqm_ps_auto_pc_2_axi_protocol_converter_v2_1_27_b2s_r_channel |         60 |         14 |       0 |   46 |    24 |      0 |      0 |          0 |
|                 (RD.r_channel_0)                                                             |                     pqm_ps_auto_pc_2_axi_protocol_converter_v2_1_27_b2s_r_channel |          0 |          0 |       0 |    0 |    14 |      0 |      0 |          0 |
|                 rd_data_fifo_0                                                               |   pqm_ps_auto_pc_2_axi_protocol_converter_v2_1_27_b2s_simple_fifo__parameterized1 |         41 |          8 |       0 |   33 |     5 |      0 |      0 |          0 |
|                 transaction_fifo_0                                                           |   pqm_ps_auto_pc_2_axi_protocol_converter_v2_1_27_b2s_simple_fifo__parameterized2 |         20 |          7 |       0 |   13 |     5 |      0 |      0 |          0 |
|               SI_REG                                                                         |                    pqm_ps_auto_pc_2_axi_register_slice_v2_1_27_axi_register_slice |        157 |        157 |       0 |    0 |   258 |      0 |      0 |          0 |
|                 ar.ar_pipe                                                                   |                   pqm_ps_auto_pc_2_axi_register_slice_v2_1_27_axic_register_slice |         57 |         57 |       0 |    0 |    67 |      0 |      0 |          0 |
|                 aw.aw_pipe                                                                   |                 pqm_ps_auto_pc_2_axi_register_slice_v2_1_27_axic_register_slice_0 |         63 |         63 |       0 |    0 |    67 |      0 |      0 |          0 |
|                 b.b_pipe                                                                     |   pqm_ps_auto_pc_2_axi_register_slice_v2_1_27_axic_register_slice__parameterized1 |         10 |         10 |       0 |    0 |    30 |      0 |      0 |          0 |
|                 r.r_pipe                                                                     |   pqm_ps_auto_pc_2_axi_register_slice_v2_1_27_axic_register_slice__parameterized2 |         27 |         27 |       0 |    0 |    94 |      0 |      0 |          0 |
|               WR.aw_channel_0                                                                |                    pqm_ps_auto_pc_2_axi_protocol_converter_v2_1_27_b2s_aw_channel |         65 |         65 |       0 |    0 |    87 |      0 |      0 |          0 |
|                 (WR.aw_channel_0)                                                            |                    pqm_ps_auto_pc_2_axi_protocol_converter_v2_1_27_b2s_aw_channel |          0 |          0 |       0 |    0 |    16 |      0 |      0 |          0 |
|                 aw_cmd_fsm_0                                                                 |                    pqm_ps_auto_pc_2_axi_protocol_converter_v2_1_27_b2s_wr_cmd_fsm |         14 |         14 |       0 |    0 |     2 |      0 |      0 |          0 |
|                 cmd_translator_0                                                             |                pqm_ps_auto_pc_2_axi_protocol_converter_v2_1_27_b2s_cmd_translator |         51 |         51 |       0 |    0 |    69 |      0 |      0 |          0 |
|                   (cmd_translator_0)                                                         |                pqm_ps_auto_pc_2_axi_protocol_converter_v2_1_27_b2s_cmd_translator |          0 |          0 |       0 |    0 |     3 |      0 |      0 |          0 |
|                   incr_cmd_0                                                                 |                      pqm_ps_auto_pc_2_axi_protocol_converter_v2_1_27_b2s_incr_cmd |         26 |         26 |       0 |    0 |    23 |      0 |      0 |          0 |
|                   wrap_cmd_0                                                                 |                      pqm_ps_auto_pc_2_axi_protocol_converter_v2_1_27_b2s_wrap_cmd |         26 |         26 |       0 |    0 |    43 |      0 |      0 |          0 |
|               WR.b_channel_0                                                                 |                     pqm_ps_auto_pc_2_axi_protocol_converter_v2_1_27_b2s_b_channel |         35 |         21 |       0 |   14 |    17 |      0 |      0 |          0 |
|                 (WR.b_channel_0)                                                             |                     pqm_ps_auto_pc_2_axi_protocol_converter_v2_1_27_b2s_b_channel |          8 |          8 |       0 |    0 |    13 |      0 |      0 |          0 |
|                 bid_fifo_0                                                                   |                   pqm_ps_auto_pc_2_axi_protocol_converter_v2_1_27_b2s_simple_fifo |         21 |          9 |       0 |   12 |     2 |      0 |      0 |          0 |
|                 bresp_fifo_0                                                                 |   pqm_ps_auto_pc_2_axi_protocol_converter_v2_1_27_b2s_simple_fifo__parameterized0 |          6 |          4 |       0 |    2 |     2 |      0 |      0 |          0 |
|       s00_couplers                                                                           |                                                           s00_couplers_imp_HI995T |          0 |          0 |       0 |    0 |     0 |      0 |      0 |          0 |
|         auto_pc                                                                              |                                                                  pqm_ps_auto_pc_3 |          0 |          0 |       0 |    0 |     0 |      0 |      0 |          0 |
|           inst                                                                               |            pqm_ps_auto_pc_3_axi_protocol_converter_v2_1_27_axi_protocol_converter |          0 |          0 |       0 |    0 |     0 |      0 |      0 |          0 |
|       xbar                                                                                   |                                                                     pqm_ps_xbar_0 |        712 |        709 |       0 |    3 |   986 |      0 |      0 |          0 |
|         inst                                                                                 |                                   pqm_ps_xbar_0_axi_crossbar_v2_1_28_axi_crossbar |        712 |        709 |       0 |    3 |   986 |      0 |      0 |          0 |
|           gen_samd.crossbar_samd                                                             |                                       pqm_ps_xbar_0_axi_crossbar_v2_1_28_crossbar |        712 |        709 |       0 |    3 |   986 |      0 |      0 |          0 |
|             (gen_samd.crossbar_samd)                                                         |                                       pqm_ps_xbar_0_axi_crossbar_v2_1_28_crossbar |          8 |          8 |       0 |    0 |    35 |      0 |      0 |          0 |
|             addr_arbiter_ar                                                                  |                                   pqm_ps_xbar_0_axi_crossbar_v2_1_28_addr_arbiter |         33 |         33 |       0 |    0 |    43 |      0 |      0 |          0 |
|             addr_arbiter_aw                                                                  |                                 pqm_ps_xbar_0_axi_crossbar_v2_1_28_addr_arbiter_0 |         36 |         36 |       0 |    0 |    43 |      0 |      0 |          0 |
|             gen_decerr_slave.decerr_slave_inst                                               |                                   pqm_ps_xbar_0_axi_crossbar_v2_1_28_decerr_slave |         24 |         24 |       0 |    0 |    41 |      0 |      0 |          0 |
|             gen_master_slots[0].reg_slice_mi                                                 |                       pqm_ps_xbar_0_axi_register_slice_v2_1_27_axi_register_slice |         35 |         35 |       0 |    0 |   106 |      0 |      0 |          0 |
|               b.b_pipe                                                                       |   pqm_ps_xbar_0_axi_register_slice_v2_1_27_axic_register_slice__parameterized1_15 |          4 |          4 |       0 |    0 |    14 |      0 |      0 |          0 |
|               r.r_pipe                                                                       |   pqm_ps_xbar_0_axi_register_slice_v2_1_27_axic_register_slice__parameterized2_16 |         31 |         31 |       0 |    0 |    92 |      0 |      0 |          0 |
|             gen_master_slots[1].reg_slice_mi                                                 |                     pqm_ps_xbar_0_axi_register_slice_v2_1_27_axi_register_slice_1 |         35 |         35 |       0 |    0 |   108 |      0 |      0 |          0 |
|               b.b_pipe                                                                       |   pqm_ps_xbar_0_axi_register_slice_v2_1_27_axic_register_slice__parameterized1_13 |          4 |          4 |       0 |    0 |    16 |      0 |      0 |          0 |
|               r.r_pipe                                                                       |   pqm_ps_xbar_0_axi_register_slice_v2_1_27_axic_register_slice__parameterized2_14 |         31 |         31 |       0 |    0 |    92 |      0 |      0 |          0 |
|             gen_master_slots[2].reg_slice_mi                                                 |                     pqm_ps_xbar_0_axi_register_slice_v2_1_27_axi_register_slice_2 |         33 |         33 |       0 |    0 |   108 |      0 |      0 |          0 |
|               b.b_pipe                                                                       |   pqm_ps_xbar_0_axi_register_slice_v2_1_27_axic_register_slice__parameterized1_11 |          4 |          4 |       0 |    0 |    16 |      0 |      0 |          0 |
|               r.r_pipe                                                                       |   pqm_ps_xbar_0_axi_register_slice_v2_1_27_axic_register_slice__parameterized2_12 |         29 |         29 |       0 |    0 |    92 |      0 |      0 |          0 |
|             gen_master_slots[3].reg_slice_mi                                                 |                     pqm_ps_xbar_0_axi_register_slice_v2_1_27_axi_register_slice_3 |         37 |         37 |       0 |    0 |   111 |      0 |      0 |          0 |
|               b.b_pipe                                                                       |    pqm_ps_xbar_0_axi_register_slice_v2_1_27_axic_register_slice__parameterized1_9 |          6 |          6 |       0 |    0 |    17 |      0 |      0 |          0 |
|               r.r_pipe                                                                       |   pqm_ps_xbar_0_axi_register_slice_v2_1_27_axic_register_slice__parameterized2_10 |         31 |         31 |       0 |    0 |    94 |      0 |      0 |          0 |
|             gen_master_slots[4].reg_slice_mi                                                 |                     pqm_ps_xbar_0_axi_register_slice_v2_1_27_axi_register_slice_4 |         18 |         18 |       0 |    0 |    43 |      0 |      0 |          0 |
|               b.b_pipe                                                                       |      pqm_ps_xbar_0_axi_register_slice_v2_1_27_axic_register_slice__parameterized1 |          6 |          6 |       0 |    0 |    15 |      0 |      0 |          0 |
|               r.r_pipe                                                                       |      pqm_ps_xbar_0_axi_register_slice_v2_1_27_axic_register_slice__parameterized2 |         12 |         12 |       0 |    0 |    28 |      0 |      0 |          0 |
|             gen_slave_slots[0].gen_si_read.si_transactor_ar                                  |                                  pqm_ps_xbar_0_axi_crossbar_v2_1_28_si_transactor |        245 |        245 |       0 |    0 |   166 |      0 |      0 |          0 |
|               (gen_slave_slots[0].gen_si_read.si_transactor_ar)                              |                                  pqm_ps_xbar_0_axi_crossbar_v2_1_28_si_transactor |         87 |         87 |       0 |    0 |   156 |      0 |      0 |          0 |
|               gen_multi_thread.arbiter_resp_inst                                             |                                 pqm_ps_xbar_0_axi_crossbar_v2_1_28_arbiter_resp_8 |        119 |        119 |       0 |    0 |    10 |      0 |      0 |          0 |
|               gen_multi_thread.mux_resp_multi_thread                                         |                                   pqm_ps_xbar_0_generic_baseblocks_v2_1_0_mux_enc |         39 |         39 |       0 |    0 |     0 |      0 |      0 |          0 |
|             gen_slave_slots[0].gen_si_write.si_transactor_aw                                 |                  pqm_ps_xbar_0_axi_crossbar_v2_1_28_si_transactor__parameterized0 |        186 |        186 |       0 |    0 |   166 |      0 |      0 |          0 |
|               (gen_slave_slots[0].gen_si_write.si_transactor_aw)                             |                  pqm_ps_xbar_0_axi_crossbar_v2_1_28_si_transactor__parameterized0 |         87 |         87 |       0 |    0 |   156 |      0 |      0 |          0 |
|               gen_multi_thread.arbiter_resp_inst                                             |                                   pqm_ps_xbar_0_axi_crossbar_v2_1_28_arbiter_resp |         60 |         60 |       0 |    0 |    10 |      0 |      0 |          0 |
|               gen_multi_thread.mux_resp_multi_thread                                         |                   pqm_ps_xbar_0_generic_baseblocks_v2_1_0_mux_enc__parameterized0 |         39 |         39 |       0 |    0 |     0 |      0 |      0 |          0 |
|             gen_slave_slots[0].gen_si_write.splitter_aw_si                                   |                                       pqm_ps_xbar_0_axi_crossbar_v2_1_28_splitter |          3 |          3 |       0 |    0 |     2 |      0 |      0 |          0 |
|             gen_slave_slots[0].gen_si_write.wdata_router_w                                   |                                   pqm_ps_xbar_0_axi_crossbar_v2_1_28_wdata_router |         24 |         21 |       0 |    3 |    12 |      0 |      0 |          0 |
|               wrouter_aw_fifo                                                                |                             pqm_ps_xbar_0_axi_data_fifo_v2_1_26_axic_reg_srl_fifo |         24 |         21 |       0 |    3 |    12 |      0 |      0 |          0 |
|                 (wrouter_aw_fifo)                                                            |                             pqm_ps_xbar_0_axi_data_fifo_v2_1_26_axic_reg_srl_fifo |         15 |         15 |       0 |    0 |    12 |      0 |      0 |          0 |
|                 gen_srls[0].gen_rep[0].srl_nx1                                               |                     pqm_ps_xbar_0_axi_data_fifo_v2_1_26_ndeep_srl__parameterized0 |          2 |          1 |       0 |    1 |     0 |      0 |      0 |          0 |
|                 gen_srls[0].gen_rep[1].srl_nx1                                               |                   pqm_ps_xbar_0_axi_data_fifo_v2_1_26_ndeep_srl__parameterized0_6 |          2 |          1 |       0 |    1 |     0 |      0 |      0 |          0 |
|                 gen_srls[0].gen_rep[2].srl_nx1                                               |                   pqm_ps_xbar_0_axi_data_fifo_v2_1_26_ndeep_srl__parameterized0_7 |          5 |          4 |       0 |    1 |     0 |      0 |      0 |          0 |
|             splitter_aw_mi                                                                   |                                     pqm_ps_xbar_0_axi_crossbar_v2_1_28_splitter_5 |          1 |          1 |       0 |    0 |     2 |      0 |      0 |          0 |
|     axi_interconnect_hp0                                                                     |                                                     pqm_ps_axi_interconnect_hp0_0 |         43 |         41 |       2 |    0 |    89 |      0 |      0 |          0 |
|       s00_couplers                                                                           |                                                           s00_couplers_imp_VJK2GP |         43 |         41 |       2 |    0 |    89 |      0 |      0 |          0 |
|         auto_pc                                                                              |                                                                  pqm_ps_auto_pc_4 |         43 |         41 |       2 |    0 |    89 |      0 |      0 |          0 |
|           (auto_pc)                                                                          |                                                                  pqm_ps_auto_pc_4 |          0 |          0 |       0 |    0 |     0 |      0 |      0 |          0 |
|           inst                                                                               |            pqm_ps_auto_pc_4_axi_protocol_converter_v2_1_27_axi_protocol_converter |         43 |         41 |       2 |    0 |    89 |      0 |      0 |          0 |
|             gen_axi4_axi3.axi3_conv_inst                                                     |                         pqm_ps_auto_pc_4_axi_protocol_converter_v2_1_27_axi3_conv |         43 |         41 |       2 |    0 |    89 |      0 |      0 |          0 |
|               USE_READ.USE_SPLIT_R.read_addr_inst                                            |                       pqm_ps_auto_pc_4_axi_protocol_converter_v2_1_27_a_axi3_conv |         43 |         41 |       2 |    0 |    89 |      0 |      0 |          0 |
|                 (USE_READ.USE_SPLIT_R.read_addr_inst)                                        |                       pqm_ps_auto_pc_4_axi_protocol_converter_v2_1_27_a_axi3_conv |          5 |          5 |       0 |    0 |    51 |      0 |      0 |          0 |
|                 USE_R_CHANNEL.cmd_queue                                                      |                                  pqm_ps_auto_pc_4_axi_data_fifo_v2_1_26_axic_fifo |         38 |         36 |       2 |    0 |    38 |      0 |      0 |          0 |
|                   inst                                                                       |                                   pqm_ps_auto_pc_4_axi_data_fifo_v2_1_26_fifo_gen |         38 |         36 |       2 |    0 |    38 |      0 |      0 |          0 |
|                     (inst)                                                                   |                                   pqm_ps_auto_pc_4_axi_data_fifo_v2_1_26_fifo_gen |         10 |         10 |       0 |    0 |     0 |      0 |      0 |          0 |
|                     fifo_gen_inst                                                            |                                           pqm_ps_auto_pc_4_fifo_generator_v13_2_7 |         28 |         26 |       2 |    0 |    38 |      0 |      0 |          0 |
|                       inst_fifo_gen                                                          |                                     pqm_ps_auto_pc_4_fifo_generator_v13_2_7_synth |         28 |         26 |       2 |    0 |    38 |      0 |      0 |          0 |
|                         gconvfifo.rf                                                         |                                               pqm_ps_auto_pc_4_fifo_generator_top |         28 |         26 |       2 |    0 |    38 |      0 |      0 |          0 |
|                           grf.rf                                                             |                                           pqm_ps_auto_pc_4_fifo_generator_ramfifo |         28 |         26 |       2 |    0 |    38 |      0 |      0 |          0 |
|                             gntv_or_sync_fifo.gl0.rd                                         |                                                         pqm_ps_auto_pc_4_rd_logic |          9 |          9 |       0 |    0 |    20 |      0 |      0 |          0 |
|                               gr1.gr1_int.rfwft                                              |                                                          pqm_ps_auto_pc_4_rd_fwft |          6 |          6 |       0 |    0 |     8 |      0 |      0 |          0 |
|                               grss.rsts                                                      |                                               pqm_ps_auto_pc_4_rd_status_flags_ss |          0 |          0 |       0 |    0 |     2 |      0 |      0 |          0 |
|                               rpntr                                                          |                                                      pqm_ps_auto_pc_4_rd_bin_cntr |          3 |          3 |       0 |    0 |    10 |      0 |      0 |          0 |
|                             gntv_or_sync_fifo.gl0.wr                                         |                                                         pqm_ps_auto_pc_4_wr_logic |         12 |         12 |       0 |    0 |    12 |      0 |      0 |          0 |
|                               gwss.wsts                                                      |                                               pqm_ps_auto_pc_4_wr_status_flags_ss |          2 |          2 |       0 |    0 |     2 |      0 |      0 |          0 |
|                               wpntr                                                          |                                                      pqm_ps_auto_pc_4_wr_bin_cntr |         11 |         11 |       0 |    0 |    10 |      0 |      0 |          0 |
|                             gntv_or_sync_fifo.mem                                            |                                                           pqm_ps_auto_pc_4_memory |          3 |          1 |       2 |    0 |     2 |      0 |      0 |          0 |
|                               (gntv_or_sync_fifo.mem)                                        |                                                           pqm_ps_auto_pc_4_memory |          0 |          0 |       0 |    0 |     1 |      0 |      0 |          0 |
|                               gdm.dm_gen.dm                                                  |                                                             pqm_ps_auto_pc_4_dmem |          3 |          1 |       2 |    0 |     1 |      0 |      0 |          0 |
|                             rstblk                                                           |                                                pqm_ps_auto_pc_4_reset_blk_ramfifo |          4 |          4 |       0 |    0 |     4 |      0 |      0 |          0 |
|                               (rstblk)                                                       |                                                pqm_ps_auto_pc_4_reset_blk_ramfifo |          4 |          4 |       0 |    0 |     2 |      0 |      0 |          0 |
|                               ngwrdrst.grst.g7serrst.gnsckt_wrst.rst_wr_reg2_inst            |                                                pqm_ps_auto_pc_4_xpm_cdc_async_rst |          0 |          0 |       0 |    0 |     2 |      0 |      0 |          0 |
|               USE_READ.USE_SPLIT_R.read_data_inst                                            |                       pqm_ps_auto_pc_4_axi_protocol_converter_v2_1_27_r_axi3_conv |          1 |          1 |       0 |    0 |     0 |      0 |      0 |          0 |
|     axi_interconnect_hp1                                                                     |                                                     pqm_ps_axi_interconnect_hp1_0 |        854 |        816 |      10 |   28 |  1000 |      0 |      0 |          0 |
|       m00_couplers                                                                           |                                                           m00_couplers_imp_9SCPTA |        254 |        244 |      10 |    0 |   322 |      0 |      0 |          0 |
|         auto_pc                                                                              |                                                                  pqm_ps_auto_pc_5 |        254 |        244 |      10 |    0 |   322 |      0 |      0 |          0 |
|           (auto_pc)                                                                          |                                                                  pqm_ps_auto_pc_5 |          0 |          0 |       0 |    0 |     0 |      0 |      0 |          0 |
|           inst                                                                               |            pqm_ps_auto_pc_5_axi_protocol_converter_v2_1_27_axi_protocol_converter |        254 |        244 |      10 |    0 |   322 |      0 |      0 |          0 |
|             gen_axi4_axi3.axi3_conv_inst                                                     |                         pqm_ps_auto_pc_5_axi_protocol_converter_v2_1_27_axi3_conv |        254 |        244 |      10 |    0 |   322 |      0 |      0 |          0 |
|               USE_READ.USE_SPLIT_R.read_addr_inst                                            |       pqm_ps_auto_pc_5_axi_protocol_converter_v2_1_27_a_axi3_conv__parameterized0 |         53 |         51 |       2 |    0 |    90 |      0 |      0 |          0 |
|                 (USE_READ.USE_SPLIT_R.read_addr_inst)                                        |       pqm_ps_auto_pc_5_axi_protocol_converter_v2_1_27_a_axi3_conv__parameterized0 |          8 |          8 |       0 |    0 |    52 |      0 |      0 |          0 |
|                 USE_R_CHANNEL.cmd_queue                                                      |                  pqm_ps_auto_pc_5_axi_data_fifo_v2_1_26_axic_fifo__parameterized0 |         45 |         43 |       2 |    0 |    38 |      0 |      0 |          0 |
|                   inst                                                                       |                   pqm_ps_auto_pc_5_axi_data_fifo_v2_1_26_fifo_gen__parameterized0 |         45 |         43 |       2 |    0 |    38 |      0 |      0 |          0 |
|                     (inst)                                                                   |                   pqm_ps_auto_pc_5_axi_data_fifo_v2_1_26_fifo_gen__parameterized0 |         17 |         17 |       0 |    0 |     0 |      0 |      0 |          0 |
|                     fifo_gen_inst                                                            |                           pqm_ps_auto_pc_5_fifo_generator_v13_2_7__parameterized0 |         28 |         26 |       2 |    0 |    38 |      0 |      0 |          0 |
|                       inst_fifo_gen                                                          |                     pqm_ps_auto_pc_5_fifo_generator_v13_2_7_synth__parameterized0 |         28 |         26 |       2 |    0 |    38 |      0 |      0 |          0 |
|                         gconvfifo.rf                                                         |                               pqm_ps_auto_pc_5_fifo_generator_top__parameterized0 |         28 |         26 |       2 |    0 |    38 |      0 |      0 |          0 |
|                           grf.rf                                                             |                           pqm_ps_auto_pc_5_fifo_generator_ramfifo__parameterized0 |         28 |         26 |       2 |    0 |    38 |      0 |      0 |          0 |
|                             gntv_or_sync_fifo.gl0.rd                                         |                                                       pqm_ps_auto_pc_5_rd_logic_9 |          9 |          9 |       0 |    0 |    20 |      0 |      0 |          0 |
|                               gr1.gr1_int.rfwft                                              |                                                       pqm_ps_auto_pc_5_rd_fwft_13 |          6 |          6 |       0 |    0 |     8 |      0 |      0 |          0 |
|                               grss.rsts                                                      |                                            pqm_ps_auto_pc_5_rd_status_flags_ss_14 |          0 |          0 |       0 |    0 |     2 |      0 |      0 |          0 |
|                               rpntr                                                          |                                                   pqm_ps_auto_pc_5_rd_bin_cntr_15 |          3 |          3 |       0 |    0 |    10 |      0 |      0 |          0 |
|                             gntv_or_sync_fifo.gl0.wr                                         |                                                      pqm_ps_auto_pc_5_wr_logic_10 |         12 |         12 |       0 |    0 |    12 |      0 |      0 |          0 |
|                               gwss.wsts                                                      |                                            pqm_ps_auto_pc_5_wr_status_flags_ss_11 |          2 |          2 |       0 |    0 |     2 |      0 |      0 |          0 |
|                               wpntr                                                          |                                                   pqm_ps_auto_pc_5_wr_bin_cntr_12 |         11 |         11 |       0 |    0 |    10 |      0 |      0 |          0 |
|                             gntv_or_sync_fifo.mem                                            |                                           pqm_ps_auto_pc_5_memory__parameterized0 |          3 |          1 |       2 |    0 |     2 |      0 |      0 |          0 |
|                               (gntv_or_sync_fifo.mem)                                        |                                           pqm_ps_auto_pc_5_memory__parameterized0 |          0 |          0 |       0 |    0 |     1 |      0 |      0 |          0 |
|                               gdm.dm_gen.dm                                                  |                                             pqm_ps_auto_pc_5_dmem__parameterized0 |          3 |          1 |       2 |    0 |     1 |      0 |      0 |          0 |
|                             rstblk                                                           |                                                pqm_ps_auto_pc_5_reset_blk_ramfifo |          4 |          4 |       0 |    0 |     4 |      0 |      0 |          0 |
|                               (rstblk)                                                       |                                                pqm_ps_auto_pc_5_reset_blk_ramfifo |          4 |          4 |       0 |    0 |     2 |      0 |      0 |          0 |
|                               ngwrdrst.grst.g7serrst.gnsckt_wrst.rst_wr_reg2_inst            |                                                pqm_ps_auto_pc_5_xpm_cdc_async_rst |          0 |          0 |       0 |    0 |     2 |      0 |      0 |          0 |
|               USE_WRITE.USE_SPLIT_W.write_resp_inst                                          |                       pqm_ps_auto_pc_5_axi_protocol_converter_v2_1_27_b_downsizer |          9 |          9 |       0 |    0 |     7 |      0 |      0 |          0 |
|               USE_WRITE.write_addr_inst                                                      |                       pqm_ps_auto_pc_5_axi_protocol_converter_v2_1_27_a_axi3_conv |        180 |        172 |       8 |    0 |   216 |      0 |      0 |          0 |
|                 (USE_WRITE.write_addr_inst)                                                  |                       pqm_ps_auto_pc_5_axi_protocol_converter_v2_1_27_a_axi3_conv |         85 |         85 |       0 |    0 |   124 |      0 |      0 |          0 |
|                 USE_BURSTS.cmd_queue                                                         |                       pqm_ps_auto_pc_5_axi_data_fifo_v2_1_26_axic_fifo__xdcDup__1 |         51 |         47 |       4 |    0 |    46 |      0 |      0 |          0 |
|                   inst                                                                       |                        pqm_ps_auto_pc_5_axi_data_fifo_v2_1_26_fifo_gen__xdcDup__1 |         51 |         47 |       4 |    0 |    46 |      0 |      0 |          0 |
|                     (inst)                                                                   |                        pqm_ps_auto_pc_5_axi_data_fifo_v2_1_26_fifo_gen__xdcDup__1 |         21 |         21 |       0 |    0 |     0 |      0 |      0 |          0 |
|                     fifo_gen_inst                                                            |                                pqm_ps_auto_pc_5_fifo_generator_v13_2_7__xdcDup__1 |         30 |         26 |       4 |    0 |    46 |      0 |      0 |          0 |
|                       inst_fifo_gen                                                          |                          pqm_ps_auto_pc_5_fifo_generator_v13_2_7_synth__xdcDup__1 |         30 |         26 |       4 |    0 |    46 |      0 |      0 |          0 |
|                         gconvfifo.rf                                                         |                                    pqm_ps_auto_pc_5_fifo_generator_top__xdcDup__1 |         30 |         26 |       4 |    0 |    46 |      0 |      0 |          0 |
|                           grf.rf                                                             |                                pqm_ps_auto_pc_5_fifo_generator_ramfifo__xdcDup__1 |         30 |         26 |       4 |    0 |    46 |      0 |      0 |          0 |
|                             gntv_or_sync_fifo.gl0.rd                                         |                                                       pqm_ps_auto_pc_5_rd_logic_0 |          9 |          9 |       0 |    0 |    20 |      0 |      0 |          0 |
|                               gr1.gr1_int.rfwft                                              |                                                        pqm_ps_auto_pc_5_rd_fwft_6 |          6 |          6 |       0 |    0 |     8 |      0 |      0 |          0 |
|                               grss.rsts                                                      |                                             pqm_ps_auto_pc_5_rd_status_flags_ss_7 |          0 |          0 |       0 |    0 |     2 |      0 |      0 |          0 |
|                               rpntr                                                          |                                                    pqm_ps_auto_pc_5_rd_bin_cntr_8 |          3 |          3 |       0 |    0 |    10 |      0 |      0 |          0 |
|                             gntv_or_sync_fifo.gl0.wr                                         |                                                       pqm_ps_auto_pc_5_wr_logic_1 |         12 |         12 |       0 |    0 |    12 |      0 |      0 |          0 |
|                               gwss.wsts                                                      |                                             pqm_ps_auto_pc_5_wr_status_flags_ss_4 |          2 |          2 |       0 |    0 |     2 |      0 |      0 |          0 |
|                               wpntr                                                          |                                                    pqm_ps_auto_pc_5_wr_bin_cntr_5 |         11 |         11 |       0 |    0 |    10 |      0 |      0 |          0 |
|                             gntv_or_sync_fifo.mem                                            |                                                         pqm_ps_auto_pc_5_memory_2 |          4 |          0 |       4 |    0 |    10 |      0 |      0 |          0 |
|                               (gntv_or_sync_fifo.mem)                                        |                                                         pqm_ps_auto_pc_5_memory_2 |          0 |          0 |       0 |    0 |     5 |      0 |      0 |          0 |
|                               gdm.dm_gen.dm                                                  |                                                           pqm_ps_auto_pc_5_dmem_3 |          4 |          0 |       4 |    0 |     5 |      0 |      0 |          0 |
|                             rstblk                                                           |                                     pqm_ps_auto_pc_5_reset_blk_ramfifo__xdcDup__1 |          5 |          5 |       0 |    0 |     4 |      0 |      0 |          0 |
|                               (rstblk)                                                       |                                     pqm_ps_auto_pc_5_reset_blk_ramfifo__xdcDup__1 |          5 |          5 |       0 |    0 |     2 |      0 |      0 |          0 |
|                               ngwrdrst.grst.g7serrst.gnsckt_wrst.rst_wr_reg2_inst            |                                             pqm_ps_auto_pc_5_xpm_cdc_async_rst__3 |          0 |          0 |       0 |    0 |     2 |      0 |      0 |          0 |
|                 USE_B_CHANNEL.cmd_b_queue                                                    |                                  pqm_ps_auto_pc_5_axi_data_fifo_v2_1_26_axic_fifo |         45 |         41 |       4 |    0 |    46 |      0 |      0 |          0 |
|                   inst                                                                       |                                   pqm_ps_auto_pc_5_axi_data_fifo_v2_1_26_fifo_gen |         45 |         41 |       4 |    0 |    46 |      0 |      0 |          0 |
|                     (inst)                                                                   |                                   pqm_ps_auto_pc_5_axi_data_fifo_v2_1_26_fifo_gen |         16 |         16 |       0 |    0 |     0 |      0 |      0 |          0 |
|                     fifo_gen_inst                                                            |                                           pqm_ps_auto_pc_5_fifo_generator_v13_2_7 |         29 |         25 |       4 |    0 |    46 |      0 |      0 |          0 |
|                       inst_fifo_gen                                                          |                                     pqm_ps_auto_pc_5_fifo_generator_v13_2_7_synth |         29 |         25 |       4 |    0 |    46 |      0 |      0 |          0 |
|                         gconvfifo.rf                                                         |                                               pqm_ps_auto_pc_5_fifo_generator_top |         29 |         25 |       4 |    0 |    46 |      0 |      0 |          0 |
|                           grf.rf                                                             |                                           pqm_ps_auto_pc_5_fifo_generator_ramfifo |         29 |         25 |       4 |    0 |    46 |      0 |      0 |          0 |
|                             gntv_or_sync_fifo.gl0.rd                                         |                                                         pqm_ps_auto_pc_5_rd_logic |          8 |          8 |       0 |    0 |    20 |      0 |      0 |          0 |
|                               gr1.gr1_int.rfwft                                              |                                                          pqm_ps_auto_pc_5_rd_fwft |          5 |          5 |       0 |    0 |     8 |      0 |      0 |          0 |
|                               grss.rsts                                                      |                                               pqm_ps_auto_pc_5_rd_status_flags_ss |          0 |          0 |       0 |    0 |     2 |      0 |      0 |          0 |
|                               rpntr                                                          |                                                      pqm_ps_auto_pc_5_rd_bin_cntr |          3 |          3 |       0 |    0 |    10 |      0 |      0 |          0 |
|                             gntv_or_sync_fifo.gl0.wr                                         |                                                         pqm_ps_auto_pc_5_wr_logic |         12 |         12 |       0 |    0 |    12 |      0 |      0 |          0 |
|                               gwss.wsts                                                      |                                               pqm_ps_auto_pc_5_wr_status_flags_ss |          2 |          2 |       0 |    0 |     2 |      0 |      0 |          0 |
|                               wpntr                                                          |                                                      pqm_ps_auto_pc_5_wr_bin_cntr |         11 |         11 |       0 |    0 |    10 |      0 |      0 |          0 |
|                             gntv_or_sync_fifo.mem                                            |                                                           pqm_ps_auto_pc_5_memory |          4 |          0 |       4 |    0 |    10 |      0 |      0 |          0 |
|                               (gntv_or_sync_fifo.mem)                                        |                                                           pqm_ps_auto_pc_5_memory |          0 |          0 |       0 |    0 |     5 |      0 |      0 |          0 |
|                               gdm.dm_gen.dm                                                  |                                                             pqm_ps_auto_pc_5_dmem |          4 |          0 |       4 |    0 |     5 |      0 |      0 |          0 |
|                             rstblk                                                           |                                     pqm_ps_auto_pc_5_reset_blk_ramfifo__xdcDup__2 |          5 |          5 |       0 |    0 |     4 |      0 |      0 |          0 |
|                               (rstblk)                                                       |                                     pqm_ps_auto_pc_5_reset_blk_ramfifo__xdcDup__2 |          5 |          5 |       0 |    0 |     2 |      0 |      0 |          0 |
|                               ngwrdrst.grst.g7serrst.gnsckt_wrst.rst_wr_reg2_inst            |                                             pqm_ps_auto_pc_5_xpm_cdc_async_rst__4 |          0 |          0 |       0 |    0 |     2 |      0 |      0 |          0 |
|               USE_WRITE.write_data_inst                                                      |                       pqm_ps_auto_pc_5_axi_protocol_converter_v2_1_27_w_axi3_conv |         15 |         15 |       0 |    0 |     9 |      0 |      0 |          0 |
|       s01_couplers                                                                           |                                                          s01_couplers_imp_1FS67CE |        256 |        232 |       0 |   24 |   341 |      0 |      0 |          0 |
|         auto_us                                                                              |                                                                  pqm_ps_auto_us_0 |        256 |        232 |       0 |   24 |   341 |      0 |      0 |          0 |
|           inst                                                                               |                                 pqm_ps_auto_us_0_axi_dwidth_converter_v2_1_27_top |        256 |        232 |       0 |   24 |   341 |      0 |      0 |          0 |
|             gen_upsizer.gen_full_upsizer.axi_upsizer_inst                                    |                         pqm_ps_auto_us_0_axi_dwidth_converter_v2_1_27_axi_upsizer |        256 |        232 |       0 |   24 |   341 |      0 |      0 |          0 |
|               USE_READ.gen_non_fifo_r_upsizer.mi_register_slice_inst                         |                    pqm_ps_auto_us_0_axi_register_slice_v2_1_27_axi_register_slice |         36 |         36 |       0 |    0 |   136 |      0 |      0 |          0 |
|                 r.r_pipe                                                                     |   pqm_ps_auto_us_0_axi_register_slice_v2_1_27_axic_register_slice__parameterized2 |         36 |         36 |       0 |    0 |   136 |      0 |      0 |          0 |
|               USE_READ.gen_non_fifo_r_upsizer.read_data_inst                                 |                           pqm_ps_auto_us_0_axi_dwidth_converter_v2_1_27_r_upsizer |         57 |         57 |       0 |    0 |    18 |      0 |      0 |          0 |
|               USE_READ.read_addr_inst                                                        |           pqm_ps_auto_us_0_axi_dwidth_converter_v2_1_27_a_upsizer__parameterized0 |         41 |         26 |       0 |   15 |    24 |      0 |      0 |          0 |
|                 (USE_READ.read_addr_inst)                                                    |           pqm_ps_auto_us_0_axi_dwidth_converter_v2_1_27_a_upsizer__parameterized0 |          0 |          0 |       0 |    0 |     1 |      0 |      0 |          0 |
|                 GEN_CMD_QUEUE.cmd_queue                                                      |                         pqm_ps_auto_us_0_generic_baseblocks_v2_1_0_command_fifo_1 |         41 |         26 |       0 |   15 |    23 |      0 |      0 |          0 |
|               USE_WRITE.gen_non_fifo_w_upsizer.write_data_inst                               |                           pqm_ps_auto_us_0_axi_dwidth_converter_v2_1_27_w_upsizer |         12 |         12 |       0 |    0 |    73 |      0 |      0 |          0 |
|               USE_WRITE.write_addr_inst                                                      |                           pqm_ps_auto_us_0_axi_dwidth_converter_v2_1_27_a_upsizer |        100 |         91 |       0 |    9 |    18 |      0 |      0 |          0 |
|                 (USE_WRITE.write_addr_inst)                                                  |                           pqm_ps_auto_us_0_axi_dwidth_converter_v2_1_27_a_upsizer |          0 |          0 |       0 |    0 |     1 |      0 |      0 |          0 |
|                 GEN_CMD_QUEUE.cmd_queue                                                      |                           pqm_ps_auto_us_0_generic_baseblocks_v2_1_0_command_fifo |        100 |         91 |       0 |    9 |    17 |      0 |      0 |          0 |
|               si_register_slice_inst                                                         |    pqm_ps_auto_us_0_axi_register_slice_v2_1_27_axi_register_slice__parameterized0 |         16 |         16 |       0 |    0 |    72 |      0 |      0 |          0 |
|                 ar.ar_pipe                                                                   |                   pqm_ps_auto_us_0_axi_register_slice_v2_1_27_axic_register_slice |         11 |         11 |       0 |    0 |    36 |      0 |      0 |          0 |
|                 aw.aw_pipe                                                                   |                 pqm_ps_auto_us_0_axi_register_slice_v2_1_27_axic_register_slice_0 |          5 |          5 |       0 |    0 |    36 |      0 |      0 |          0 |
|       xbar                                                                                   |                                                                     pqm_ps_xbar_1 |        344 |        340 |       0 |    4 |   337 |      0 |      0 |          0 |
|         inst                                                                                 |                                   pqm_ps_xbar_1_axi_crossbar_v2_1_28_axi_crossbar |        344 |        340 |       0 |    4 |   337 |      0 |      0 |          0 |
|           gen_samd.crossbar_samd                                                             |                                       pqm_ps_xbar_1_axi_crossbar_v2_1_28_crossbar |        344 |        340 |       0 |    4 |   337 |      0 |      0 |          0 |
|             (gen_samd.crossbar_samd)                                                         |                                       pqm_ps_xbar_1_axi_crossbar_v2_1_28_crossbar |          2 |          2 |       0 |    0 |    11 |      0 |      0 |          0 |
|             addr_arbiter_ar                                                                  |                                   pqm_ps_xbar_1_axi_crossbar_v2_1_28_addr_arbiter |         40 |         40 |       0 |    0 |    44 |      0 |      0 |          0 |
|             addr_arbiter_aw                                                                  |                                 pqm_ps_xbar_1_axi_crossbar_v2_1_28_addr_arbiter_0 |         46 |         46 |       0 |    0 |    56 |      0 |      0 |          0 |
|             gen_decerr_slave.decerr_slave_inst                                               |                                   pqm_ps_xbar_1_axi_crossbar_v2_1_28_decerr_slave |         23 |         23 |       0 |    0 |    19 |      0 |      0 |          0 |
|             gen_master_slots[0].gen_mi_write.wdata_mux_w                                     |                                      pqm_ps_xbar_1_axi_crossbar_v2_1_28_wdata_mux |         52 |         51 |       0 |    1 |     8 |      0 |      0 |          0 |
|               gen_wmux.wmux_aw_fifo                                                          |             pqm_ps_xbar_1_axi_data_fifo_v2_1_26_axic_reg_srl_fifo__parameterized1 |         52 |         51 |       0 |    1 |     8 |      0 |      0 |          0 |
|                 (gen_wmux.wmux_aw_fifo)                                                      |             pqm_ps_xbar_1_axi_data_fifo_v2_1_26_axic_reg_srl_fifo__parameterized1 |         48 |         48 |       0 |    0 |     8 |      0 |      0 |          0 |
|                 gen_srls[0].gen_rep[0].srl_nx1                                               |                   pqm_ps_xbar_1_axi_data_fifo_v2_1_26_ndeep_srl__parameterized0_7 |          5 |          4 |       0 |    1 |     0 |      0 |      0 |          0 |
|             gen_master_slots[0].reg_slice_mi                                                 |                       pqm_ps_xbar_1_axi_register_slice_v2_1_27_axi_register_slice |         71 |         71 |       0 |    0 |   144 |      0 |      0 |          0 |
|               b.b_pipe                                                                       |    pqm_ps_xbar_1_axi_register_slice_v2_1_27_axic_register_slice__parameterized1_5 |         15 |         15 |       0 |    0 |     6 |      0 |      0 |          0 |
|               r.r_pipe                                                                       |    pqm_ps_xbar_1_axi_register_slice_v2_1_27_axic_register_slice__parameterized2_6 |         56 |         56 |       0 |    0 |   138 |      0 |      0 |          0 |
|             gen_master_slots[1].gen_mi_write.wdata_mux_w                                     |                      pqm_ps_xbar_1_axi_crossbar_v2_1_28_wdata_mux__parameterized0 |         13 |         12 |       0 |    1 |     7 |      0 |      0 |          0 |
|               gen_wmux.wmux_aw_fifo                                                          |             pqm_ps_xbar_1_axi_data_fifo_v2_1_26_axic_reg_srl_fifo__parameterized2 |         13 |         12 |       0 |    1 |     7 |      0 |      0 |          0 |
|                 (gen_wmux.wmux_aw_fifo)                                                      |             pqm_ps_xbar_1_axi_data_fifo_v2_1_26_axic_reg_srl_fifo__parameterized2 |         10 |         10 |       0 |    0 |     7 |      0 |      0 |          0 |
|                 gen_srls[0].gen_rep[0].srl_nx1                                               |                   pqm_ps_xbar_1_axi_data_fifo_v2_1_26_ndeep_srl__parameterized1_4 |          4 |          3 |       0 |    1 |     0 |      0 |      0 |          0 |
|             gen_master_slots[1].reg_slice_mi                                                 |                     pqm_ps_xbar_1_axi_register_slice_v2_1_27_axi_register_slice_1 |         12 |         12 |       0 |    0 |    10 |      0 |      0 |          0 |
|               b.b_pipe                                                                       |      pqm_ps_xbar_1_axi_register_slice_v2_1_27_axic_register_slice__parameterized1 |          4 |          4 |       0 |    0 |     4 |      0 |      0 |          0 |
|               r.r_pipe                                                                       |      pqm_ps_xbar_1_axi_register_slice_v2_1_27_axic_register_slice__parameterized2 |          8 |          8 |       0 |    0 |     6 |      0 |      0 |          0 |
|             gen_slave_slots[0].gen_si_write.si_transactor_aw                                 |                                  pqm_ps_xbar_1_axi_crossbar_v2_1_28_si_transactor |         12 |         12 |       0 |    0 |     6 |      0 |      0 |          0 |
|             gen_slave_slots[0].gen_si_write.splitter_aw_si                                   |                                       pqm_ps_xbar_1_axi_crossbar_v2_1_28_splitter |          5 |          5 |       0 |    0 |     2 |      0 |      0 |          0 |
|             gen_slave_slots[0].gen_si_write.wdata_router_w                                   |                                   pqm_ps_xbar_1_axi_crossbar_v2_1_28_wdata_router |         20 |         19 |       0 |    1 |     9 |      0 |      0 |          0 |
|               wrouter_aw_fifo                                                                |                             pqm_ps_xbar_1_axi_data_fifo_v2_1_26_axic_reg_srl_fifo |         20 |         19 |       0 |    1 |     9 |      0 |      0 |          0 |
|                 (wrouter_aw_fifo)                                                            |                             pqm_ps_xbar_1_axi_data_fifo_v2_1_26_axic_reg_srl_fifo |         16 |         16 |       0 |    0 |     9 |      0 |      0 |          0 |
|                 gen_srls[0].gen_rep[0].srl_nx1                                               |                     pqm_ps_xbar_1_axi_data_fifo_v2_1_26_ndeep_srl__parameterized0 |          5 |          4 |       0 |    1 |     0 |      0 |      0 |          0 |
|             gen_slave_slots[1].gen_si_read.si_transactor_ar                                  |                  pqm_ps_xbar_1_axi_crossbar_v2_1_28_si_transactor__parameterized0 |         20 |         20 |       0 |    0 |     4 |      0 |      0 |          0 |
|             gen_slave_slots[1].gen_si_write.si_transactor_aw                                 |                  pqm_ps_xbar_1_axi_crossbar_v2_1_28_si_transactor__parameterized1 |          6 |          6 |       0 |    0 |     4 |      0 |      0 |          0 |
|             gen_slave_slots[1].gen_si_write.splitter_aw_si                                   |                                     pqm_ps_xbar_1_axi_crossbar_v2_1_28_splitter_2 |          5 |          5 |       0 |    0 |     2 |      0 |      0 |          0 |
|             gen_slave_slots[1].gen_si_write.wdata_router_w                                   |                   pqm_ps_xbar_1_axi_crossbar_v2_1_28_wdata_router__parameterized0 |         19 |         18 |       0 |    1 |     9 |      0 |      0 |          0 |
|               wrouter_aw_fifo                                                                |             pqm_ps_xbar_1_axi_data_fifo_v2_1_26_axic_reg_srl_fifo__parameterized0 |         19 |         18 |       0 |    1 |     9 |      0 |      0 |          0 |
|                 (wrouter_aw_fifo)                                                            |             pqm_ps_xbar_1_axi_data_fifo_v2_1_26_axic_reg_srl_fifo__parameterized0 |         15 |         15 |       0 |    0 |     9 |      0 |      0 |          0 |
|                 gen_srls[0].gen_rep[0].srl_nx1                                               |                     pqm_ps_xbar_1_axi_data_fifo_v2_1_26_ndeep_srl__parameterized1 |          5 |          4 |       0 |    1 |     0 |      0 |      0 |          0 |
|             splitter_aw_mi                                                                   |                                     pqm_ps_xbar_1_axi_crossbar_v2_1_28_splitter_3 |          3 |          3 |       0 |    0 |     2 |      0 |      0 |          0 |
|     axi_vdma_0                                                                               |                                                               pqm_ps_axi_vdma_0_0 |        878 |        808 |       0 |   70 |  1318 |      3 |      1 |          0 |
|       (axi_vdma_0)                                                                           |                                                               pqm_ps_axi_vdma_0_0 |          0 |          0 |       0 |    0 |     0 |      0 |      0 |          0 |
|       U0                                                                                     |                                                      pqm_ps_axi_vdma_0_0_axi_vdma |        878 |        808 |       0 |   70 |  1318 |      3 |      1 |          0 |
|         AXI_LITE_REG_INTERFACE_I                                                             |                                               pqm_ps_axi_vdma_0_0_axi_vdma_reg_if |        127 |        125 |       0 |    2 |   236 |      0 |      0 |          0 |
|           (AXI_LITE_REG_INTERFACE_I)                                                         |                                               pqm_ps_axi_vdma_0_0_axi_vdma_reg_if |          0 |          0 |       0 |    0 |    10 |      0 |      0 |          0 |
|           GEN_AXI_LITE_IF.AXI_LITE_IF_I                                                      |                                              pqm_ps_axi_vdma_0_0_axi_vdma_lite_if |        127 |        125 |       0 |    2 |   222 |      0 |      0 |          0 |
|             (GEN_AXI_LITE_IF.AXI_LITE_IF_I)                                                  |                                              pqm_ps_axi_vdma_0_0_axi_vdma_lite_if |        112 |        110 |       0 |    2 |   210 |      0 |      0 |          0 |
|             GEN_LITE_IS_ASYNC.GEN_MM2S_ONLY_ASYNC_LITE_ACCESS.LITE_WVALID_MM2S_CDC_I         |                                   pqm_ps_axi_vdma_0_0_cdc_sync__parameterized1_19 |         16 |         16 |       0 |    0 |    12 |      0 |      0 |          0 |
|           GEN_MM2S_LITE_CROSSINGS.GEN_MM2S_CROSSINGS_ASYNC.MM2S_INTRPT_CROSSING_I            |                                      pqm_ps_axi_vdma_0_0_cdc_sync__parameterized2 |          0 |          0 |       0 |    0 |     4 |      0 |      0 |          0 |
|         GEN_SPRT_FOR_MM2S.ADDR32.I_MM2S_DMA_MNGR                                             |                                                 pqm_ps_axi_vdma_0_0_axi_vdma_mngr |        123 |        123 |       0 |    0 |   263 |      0 |      0 |          0 |
|           (GEN_SPRT_FOR_MM2S.ADDR32.I_MM2S_DMA_MNGR)                                         |                                                 pqm_ps_axi_vdma_0_0_axi_vdma_mngr |          4 |          4 |       0 |    0 |    10 |      0 |      0 |          0 |
|           I_CMDSTS                                                                           |                                            pqm_ps_axi_vdma_0_0_axi_vdma_cmdsts_if |          5 |          5 |       0 |    0 |    55 |      0 |      0 |          0 |
|           I_SM                                                                               |                                                   pqm_ps_axi_vdma_0_0_axi_vdma_sm |         84 |         84 |       0 |    0 |   114 |      0 |      0 |          0 |
|           I_STS_MNGR                                                                         |                                             pqm_ps_axi_vdma_0_0_axi_vdma_sts_mngr |          2 |          2 |       0 |    0 |     4 |      0 |      0 |          0 |
|           VIDEO_GENLOCK_I                                                                    |                                         pqm_ps_axi_vdma_0_0_axi_vdma_genlock_mngr |          1 |          1 |       0 |    0 |     1 |      0 |      0 |          0 |
|           VIDEO_REG_I                                                                        |                                        pqm_ps_axi_vdma_0_0_axi_vdma_vidreg_module |         29 |         29 |       0 |    0 |    79 |      0 |      0 |          0 |
|             (VIDEO_REG_I)                                                                    |                                        pqm_ps_axi_vdma_0_0_axi_vdma_vidreg_module |          4 |          4 |       0 |    0 |     2 |      0 |      0 |          0 |
|             GEN_REGISTER_DIRECT.GEN_REGDIRECT_DRES.VIDREGISTER_I                             |                                            pqm_ps_axi_vdma_0_0_axi_vdma_vregister |         25 |         25 |       0 |    0 |    77 |      0 |      0 |          0 |
|         GEN_SPRT_FOR_MM2S.MM2S_FSYNC_I                                                       |                                            pqm_ps_axi_vdma_0_0_axi_vdma_fsync_gen |          2 |          2 |       0 |    0 |     5 |      0 |      0 |          0 |
|         GEN_SPRT_FOR_MM2S.MM2S_LINEBUFFER_I                                                  |                                         pqm_ps_axi_vdma_0_0_axi_vdma_mm2s_linebuf |         64 |         63 |       0 |    1 |   111 |      2 |      0 |          0 |
|           (GEN_SPRT_FOR_MM2S.MM2S_LINEBUFFER_I)                                              |                                         pqm_ps_axi_vdma_0_0_axi_vdma_mm2s_linebuf |         31 |         31 |       0 |    0 |    45 |      0 |      0 |          0 |
|           GEN_LINEBUF_NO_SOF.GEN_FOR_ASYNC.ALL_LINES_XFRED_P_S_CDC_I                         |                                      pqm_ps_axi_vdma_0_0_cdc_sync__parameterized3 |          0 |          0 |       0 |    0 |     5 |      0 |      0 |          0 |
|           GEN_LINEBUF_NO_SOF.GEN_FOR_ASYNC.HALT_CDC_I                                        |                                   pqm_ps_axi_vdma_0_0_cdc_sync__parameterized3_15 |          1 |          1 |       0 |    0 |     5 |      0 |      0 |          0 |
|           GEN_LINEBUF_NO_SOF.GEN_FOR_ASYNC.SHUTDOWN_RST_CDC_I                                |                                   pqm_ps_axi_vdma_0_0_cdc_sync__parameterized3_16 |          0 |          0 |       0 |    0 |     5 |      0 |      0 |          0 |
|           GEN_LINEBUF_NO_SOF.GEN_LINEBUFFER.GEN_ASYNC_FIFO.LB_BUILT_IN.I_LINEBUFFER_FIFO     |                                        pqm_ps_axi_vdma_0_0_axi_vdma_afifo_builtin |          6 |          5 |       0 |    1 |    10 |      2 |      0 |          0 |
|             (GEN_LINEBUF_NO_SOF.GEN_LINEBUFFER.GEN_ASYNC_FIFO.LB_BUILT_IN.I_LINEBUFFER_FIFO) |                                        pqm_ps_axi_vdma_0_0_axi_vdma_afifo_builtin |          1 |          1 |       0 |    0 |     0 |      0 |      0 |          0 |
|             fg_builtin_fifo_inst                                                             |                                        pqm_ps_axi_vdma_0_0_fifo_generator_v13_2_7 |          5 |          4 |       0 |    1 |    10 |      2 |      0 |          0 |
|               inst_fifo_gen                                                                  |                                  pqm_ps_axi_vdma_0_0_fifo_generator_v13_2_7_synth |          5 |          4 |       0 |    1 |    10 |      2 |      0 |          0 |
|                 gconvfifo.rf                                                                 |                                            pqm_ps_axi_vdma_0_0_fifo_generator_top |          5 |          4 |       0 |    1 |    10 |      2 |      0 |          0 |
|                   gbi.bi                                                                     |                                pqm_ps_axi_vdma_0_0_fifo_generator_v13_2_7_builtin |          5 |          4 |       0 |    1 |    10 |      2 |      0 |          0 |
|                     g7ser_birst.rstbt                                                        |                                                 pqm_ps_axi_vdma_0_0_reset_builtin |          3 |          2 |       0 |    1 |    10 |      0 |      0 |          0 |
|                     v7_bi_fifo.fblk                                                          |                                                pqm_ps_axi_vdma_0_0_builtin_top_v6 |          2 |          2 |       0 |    0 |     0 |      2 |      0 |          0 |
|                       gextw[1].gnll_fifo.inst_extd                                           |                                           pqm_ps_axi_vdma_0_0_builtin_extdepth_v6 |          2 |          2 |       0 |    0 |     0 |      1 |      0 |          0 |
|                         gonep.inst_prim                                                      |                                            pqm_ps_axi_vdma_0_0_builtin_prim_v6_18 |          2 |          2 |       0 |    0 |     0 |      1 |      0 |          0 |
|                       gextw[2].gnll_fifo.inst_extd                                           |                                        pqm_ps_axi_vdma_0_0_builtin_extdepth_v6_17 |          2 |          2 |       0 |    0 |     0 |      1 |      0 |          0 |
|                         gonep.inst_prim                                                      |                                               pqm_ps_axi_vdma_0_0_builtin_prim_v6 |          2 |          2 |       0 |    0 |     0 |      1 |      0 |          0 |
|           GEN_LINEBUF_NO_SOF.GEN_LINEBUFFER.I_MSTR_SKID                                      |                                             pqm_ps_axi_vdma_0_0_axi_vdma_skid_buf |         26 |         26 |       0 |    0 |    41 |      0 |      0 |          0 |
|         GEN_SPRT_FOR_MM2S.MM2S_REGISTER_MODULE_I                                             |                                           pqm_ps_axi_vdma_0_0_axi_vdma_reg_module |         39 |         39 |       0 |    0 |   132 |      0 |      0 |          0 |
|           (GEN_SPRT_FOR_MM2S.MM2S_REGISTER_MODULE_I)                                         |                                           pqm_ps_axi_vdma_0_0_axi_vdma_reg_module |          0 |          0 |       0 |    0 |     5 |      0 |      0 |          0 |
|           GEN_REG_DIRECT_MODE.REGDIRECT_I                                                    |                                            pqm_ps_axi_vdma_0_0_axi_vdma_regdirect |         10 |         10 |       0 |    0 |    80 |      0 |      0 |          0 |
|           I_DMA_REGISTER                                                                     |                                             pqm_ps_axi_vdma_0_0_axi_vdma_register |         29 |         29 |       0 |    0 |    47 |      0 |      0 |          0 |
|           LITE_READ_MUX_I                                                                    |                                              pqm_ps_axi_vdma_0_0_axi_vdma_reg_mux |          0 |          0 |       0 |    0 |     0 |      0 |      0 |          0 |
|         GEN_SPRT_FOR_MM2S.MM2S_SOF_I                                                         |                                              pqm_ps_axi_vdma_0_0_axi_vdma_sof_gen |          2 |          2 |       0 |    0 |     3 |      0 |      0 |          0 |
|         GEN_SPRT_FOR_MM2S.MM2S_VID_CDC_I                                                     |                                              pqm_ps_axi_vdma_0_0_axi_vdma_vid_cdc |          4 |          4 |       0 |    0 |    24 |      0 |      0 |          0 |
|           GEN_CDC_FOR_ASYNC.FSYNC_OUT_CDC_I                                                  |                                      pqm_ps_axi_vdma_0_0_cdc_sync__parameterized1 |          3 |          3 |       0 |    0 |    12 |      0 |      0 |          0 |
|           GEN_CDC_FOR_ASYNC.SOF_CDC_I                                                        |                                   pqm_ps_axi_vdma_0_0_cdc_sync__parameterized1_14 |          1 |          1 |       0 |    0 |    12 |      0 |      0 |          0 |
|         I_AXI_DMA_INTRPT                                                                     |                                               pqm_ps_axi_vdma_0_0_axi_vdma_intrpt |         29 |         29 |       0 |    0 |    27 |      0 |      0 |          0 |
|         I_PRMRY_DATAMOVER                                                                    |                                                 pqm_ps_axi_vdma_0_0_axi_datamover |        450 |        383 |       0 |   67 |   414 |      1 |      1 |          0 |
|           GEN_MM2S_FULL.I_MM2S_FULL_WRAPPER                                                  |                                  pqm_ps_axi_vdma_0_0_axi_datamover_mm2s_full_wrap |        450 |        383 |       0 |   67 |   414 |      1 |      1 |          0 |
|             GEN_INCLUDE_MM2S_DRE.I_DRE_16_to_64                                              |                                        pqm_ps_axi_vdma_0_0_axi_datamover_mm2s_dre |         26 |         26 |       0 |    0 |    54 |      0 |      0 |          0 |
|             GEN_INCLUDE_MM2S_SF.I_RD_SF                                                      |                                           pqm_ps_axi_vdma_0_0_axi_datamover_rd_sf |        109 |        105 |       0 |    4 |    64 |      1 |      1 |          0 |
|               (GEN_INCLUDE_MM2S_SF.I_RD_SF)                                                  |                                           pqm_ps_axi_vdma_0_0_axi_datamover_rd_sf |          5 |          5 |       0 |    0 |    11 |      0 |      0 |          0 |
|               INCLUDE_DRE_CNTL.I_DRE_CNTL_FIFO                                               |                            pqm_ps_axi_vdma_0_0_axi_datamover_fifo__parameterized3 |         13 |          9 |       0 |    4 |     6 |      0 |      0 |          0 |
|                 (INCLUDE_DRE_CNTL.I_DRE_CNTL_FIFO)                                           |                            pqm_ps_axi_vdma_0_0_axi_datamover_fifo__parameterized3 |          1 |          1 |       0 |    0 |     2 |      0 |      0 |          0 |
|                 USE_SRL_FIFO.I_SYNC_FIFO                                                     |                                    pqm_ps_axi_vdma_0_0_srl_fifo_f__parameterized3 |         12 |          8 |       0 |    4 |     4 |      0 |      0 |          0 |
|                   I_SRL_FIFO_RBU_F                                                           |                                pqm_ps_axi_vdma_0_0_srl_fifo_rbu_f__parameterized3 |         12 |          8 |       0 |    4 |     4 |      0 |      0 |          0 |
|                     (I_SRL_FIFO_RBU_F)                                                       |                                pqm_ps_axi_vdma_0_0_srl_fifo_rbu_f__parameterized3 |          0 |          0 |       0 |    0 |     1 |      0 |      0 |          0 |
|                     CNTR_INCR_DECR_ADDN_F_I                                                  |                                      pqm_ps_axi_vdma_0_0_cntr_incr_decr_addn_f_13 |          5 |          5 |       0 |    0 |     3 |      0 |      0 |          0 |
|                     DYNSHREG_F_I                                                             |                                    pqm_ps_axi_vdma_0_0_dynshreg_f__parameterized3 |          7 |          3 |       0 |    4 |     0 |      0 |      0 |          0 |
|               I_DATA_FIFO                                                                    |                                    pqm_ps_axi_vdma_0_0_axi_datamover_sfifo_autord |         91 |         91 |       0 |    0 |    47 |      1 |      1 |          0 |
|                 BLK_MEM.I_SYNC_FIFOGEN_FIFO                                                  |                                                  pqm_ps_axi_vdma_0_0_sync_fifo_fg |         91 |         91 |       0 |    0 |    47 |      1 |      1 |          0 |
|                   (BLK_MEM.I_SYNC_FIFOGEN_FIFO)                                              |                                                  pqm_ps_axi_vdma_0_0_sync_fifo_fg |         35 |         35 |       0 |    0 |     0 |      0 |      0 |          0 |
|                   xpm_fifo_instance.xpm_fifo_sync_inst                                       |                                                 pqm_ps_axi_vdma_0_0_xpm_fifo_sync |         56 |         56 |       0 |    0 |    47 |      1 |      1 |          0 |
|                     xpm_fifo_base_inst                                                       |                                                 pqm_ps_axi_vdma_0_0_xpm_fifo_base |         56 |         56 |       0 |    0 |    47 |      1 |      1 |          0 |
|                       (xpm_fifo_base_inst)                                                   |                                                 pqm_ps_axi_vdma_0_0_xpm_fifo_base |          3 |          3 |       0 |    0 |     9 |      0 |      0 |          0 |
|                       gen_fwft.rdpp1_inst                                                    |                              pqm_ps_axi_vdma_0_0_xpm_counter_updn__parameterized1 |          5 |          5 |       0 |    0 |     2 |      0 |      0 |          0 |
|                       gen_sdpram.xpm_memory_base_inst                                        |                                               pqm_ps_axi_vdma_0_0_xpm_memory_base |          0 |          0 |       0 |    0 |     0 |      1 |      1 |          0 |
|                       rdp_inst                                                               |                              pqm_ps_axi_vdma_0_0_xpm_counter_updn__parameterized2 |         22 |         22 |       0 |    0 |     8 |      0 |      0 |          0 |
|                       rdpp1_inst                                                             |                              pqm_ps_axi_vdma_0_0_xpm_counter_updn__parameterized3 |          7 |          7 |       0 |    0 |     7 |      0 |      0 |          0 |
|                       rst_d1_inst                                                            |                                              pqm_ps_axi_vdma_0_0_xpm_fifo_reg_bit |          1 |          1 |       0 |    0 |     1 |      0 |      0 |          0 |
|                       wrp_inst                                                               |                           pqm_ps_axi_vdma_0_0_xpm_counter_updn__parameterized2_11 |         17 |         17 |       0 |    0 |     8 |      0 |      0 |          0 |
|                       wrpp1_inst                                                             |                           pqm_ps_axi_vdma_0_0_xpm_counter_updn__parameterized3_12 |          6 |          6 |       0 |    0 |     7 |      0 |      0 |          0 |
|                       xpm_fifo_rst_inst                                                      |                                                  pqm_ps_axi_vdma_0_0_xpm_fifo_rst |          2 |          2 |       0 |    0 |     5 |      0 |      0 |          0 |
|             I_ADDR_CNTL                                                                      |                                       pqm_ps_axi_vdma_0_0_axi_datamover_addr_cntl |         28 |          8 |       0 |   20 |    51 |      0 |      0 |          0 |
|               (I_ADDR_CNTL)                                                                  |                                       pqm_ps_axi_vdma_0_0_axi_datamover_addr_cntl |          1 |          1 |       0 |    0 |    45 |      0 |      0 |          0 |
|               GEN_ADDR_FIFO.I_ADDR_QUAL_FIFO                                                 |                            pqm_ps_axi_vdma_0_0_axi_datamover_fifo__parameterized1 |         27 |          7 |       0 |   20 |     6 |      0 |      0 |          0 |
|                 (GEN_ADDR_FIFO.I_ADDR_QUAL_FIFO)                                             |                            pqm_ps_axi_vdma_0_0_axi_datamover_fifo__parameterized1 |          1 |          1 |       0 |    0 |     2 |      0 |      0 |          0 |
|                 USE_SRL_FIFO.I_SYNC_FIFO                                                     |                                    pqm_ps_axi_vdma_0_0_srl_fifo_f__parameterized1 |         26 |          6 |       0 |   20 |     4 |      0 |      0 |          0 |
|                   I_SRL_FIFO_RBU_F                                                           |                                pqm_ps_axi_vdma_0_0_srl_fifo_rbu_f__parameterized1 |         26 |          6 |       0 |   20 |     4 |      0 |      0 |          0 |
|                     (I_SRL_FIFO_RBU_F)                                                       |                                pqm_ps_axi_vdma_0_0_srl_fifo_rbu_f__parameterized1 |          1 |          1 |       0 |    0 |     1 |      0 |      0 |          0 |
|                     CNTR_INCR_DECR_ADDN_F_I                                                  |                                      pqm_ps_axi_vdma_0_0_cntr_incr_decr_addn_f_10 |          4 |          4 |       0 |    0 |     3 |      0 |      0 |          0 |
|                     DYNSHREG_F_I                                                             |                                    pqm_ps_axi_vdma_0_0_dynshreg_f__parameterized1 |         22 |          2 |       0 |   20 |     0 |      0 |      0 |          0 |
|             I_CMD_STATUS                                                                     |                                      pqm_ps_axi_vdma_0_0_axi_datamover_cmd_status |         45 |         15 |       0 |   30 |    14 |      0 |      0 |          0 |
|               GEN_INCLUDE_STATUS_FIFO.I_STS_FIFO                                             |                            pqm_ps_axi_vdma_0_0_axi_datamover_fifo__parameterized0 |         10 |          7 |       0 |    3 |     6 |      0 |      0 |          0 |
|                 (GEN_INCLUDE_STATUS_FIFO.I_STS_FIFO)                                         |                            pqm_ps_axi_vdma_0_0_axi_datamover_fifo__parameterized0 |          1 |          1 |       0 |    0 |     2 |      0 |      0 |          0 |
|                 USE_SRL_FIFO.I_SYNC_FIFO                                                     |                                    pqm_ps_axi_vdma_0_0_srl_fifo_f__parameterized0 |          9 |          6 |       0 |    3 |     4 |      0 |      0 |          0 |
|                   I_SRL_FIFO_RBU_F                                                           |                                pqm_ps_axi_vdma_0_0_srl_fifo_rbu_f__parameterized0 |          9 |          6 |       0 |    3 |     4 |      0 |      0 |          0 |
|                     (I_SRL_FIFO_RBU_F)                                                       |                                pqm_ps_axi_vdma_0_0_srl_fifo_rbu_f__parameterized0 |          1 |          1 |       0 |    0 |     1 |      0 |      0 |          0 |
|                     CNTR_INCR_DECR_ADDN_F_I                                                  |                                       pqm_ps_axi_vdma_0_0_cntr_incr_decr_addn_f_9 |          3 |          3 |       0 |    0 |     3 |      0 |      0 |          0 |
|                     DYNSHREG_F_I                                                             |                                    pqm_ps_axi_vdma_0_0_dynshreg_f__parameterized0 |          6 |          3 |       0 |    3 |     0 |      0 |      0 |          0 |
|               I_CMD_FIFO                                                                     |                                            pqm_ps_axi_vdma_0_0_axi_datamover_fifo |         35 |          8 |       0 |   27 |     8 |      0 |      0 |          0 |
|                 (I_CMD_FIFO)                                                                 |                                            pqm_ps_axi_vdma_0_0_axi_datamover_fifo |          4 |          4 |       0 |    0 |     4 |      0 |      0 |          0 |
|                 USE_SRL_FIFO.I_SYNC_FIFO                                                     |                                                    pqm_ps_axi_vdma_0_0_srl_fifo_f |         31 |          4 |       0 |   27 |     4 |      0 |      0 |          0 |
|                   I_SRL_FIFO_RBU_F                                                           |                                                pqm_ps_axi_vdma_0_0_srl_fifo_rbu_f |         31 |          4 |       0 |   27 |     4 |      0 |      0 |          0 |
|                     (I_SRL_FIFO_RBU_F)                                                       |                                                pqm_ps_axi_vdma_0_0_srl_fifo_rbu_f |          1 |          1 |       0 |    0 |     1 |      0 |      0 |          0 |
|                     CNTR_INCR_DECR_ADDN_F_I                                                  |                                       pqm_ps_axi_vdma_0_0_cntr_incr_decr_addn_f_8 |          3 |          3 |       0 |    0 |     3 |      0 |      0 |          0 |
|                     DYNSHREG_F_I                                                             |                                                    pqm_ps_axi_vdma_0_0_dynshreg_f |         28 |          1 |       0 |   27 |     0 |      0 |      0 |          0 |
|             I_MSTR_PCC                                                                       |                                             pqm_ps_axi_vdma_0_0_axi_datamover_pcc |        175 |        175 |       0 |    0 |   172 |      0 |      0 |          0 |
|             I_RD_DATA_CNTL                                                                   |                                     pqm_ps_axi_vdma_0_0_axi_datamover_rddata_cntl |         63 |         50 |       0 |   13 |    51 |      0 |      0 |          0 |
|               (I_RD_DATA_CNTL)                                                               |                                     pqm_ps_axi_vdma_0_0_axi_datamover_rddata_cntl |         30 |         30 |       0 |    0 |    45 |      0 |      0 |          0 |
|               GEN_DATA_CNTL_FIFO.I_DATA_CNTL_FIFO                                            |                            pqm_ps_axi_vdma_0_0_axi_datamover_fifo__parameterized2 |         35 |         22 |       0 |   13 |     6 |      0 |      0 |          0 |
|                 (GEN_DATA_CNTL_FIFO.I_DATA_CNTL_FIFO)                                        |                            pqm_ps_axi_vdma_0_0_axi_datamover_fifo__parameterized2 |          1 |          1 |       0 |    0 |     2 |      0 |      0 |          0 |
|                 USE_SRL_FIFO.I_SYNC_FIFO                                                     |                                    pqm_ps_axi_vdma_0_0_srl_fifo_f__parameterized2 |         34 |         21 |       0 |   13 |     4 |      0 |      0 |          0 |
|                   I_SRL_FIFO_RBU_F                                                           |                                pqm_ps_axi_vdma_0_0_srl_fifo_rbu_f__parameterized2 |         34 |         21 |       0 |   13 |     4 |      0 |      0 |          0 |
|                     (I_SRL_FIFO_RBU_F)                                                       |                                pqm_ps_axi_vdma_0_0_srl_fifo_rbu_f__parameterized2 |          1 |          1 |       0 |    0 |     1 |      0 |      0 |          0 |
|                     CNTR_INCR_DECR_ADDN_F_I                                                  |                                         pqm_ps_axi_vdma_0_0_cntr_incr_decr_addn_f |         16 |         16 |       0 |    0 |     3 |      0 |      0 |          0 |
|                     DYNSHREG_F_I                                                             |                                    pqm_ps_axi_vdma_0_0_dynshreg_f__parameterized2 |         18 |          5 |       0 |   13 |     0 |      0 |      0 |          0 |
|             I_RD_STATUS_CNTLR                                                                |                                  pqm_ps_axi_vdma_0_0_axi_datamover_rd_status_cntl |          2 |          2 |       0 |    0 |     5 |      0 |      0 |          0 |
|             I_RESET                                                                          |                                           pqm_ps_axi_vdma_0_0_axi_datamover_reset |          3 |          3 |       0 |    0 |     3 |      0 |      0 |          0 |
|         I_RST_MODULE                                                                         |                                           pqm_ps_axi_vdma_0_0_axi_vdma_rst_module |         40 |         40 |       0 |    0 |   103 |      0 |      0 |          0 |
|           (I_RST_MODULE)                                                                     |                                           pqm_ps_axi_vdma_0_0_axi_vdma_rst_module |          3 |          3 |       0 |    0 |     1 |      0 |      0 |          0 |
|           GEN_RESET_FOR_MM2S.RESET_I                                                         |                                                pqm_ps_axi_vdma_0_0_axi_vdma_reset |         37 |         37 |       0 |    0 |   102 |      0 |      0 |          0 |
|             (GEN_RESET_FOR_MM2S.RESET_I)                                                     |                                                pqm_ps_axi_vdma_0_0_axi_vdma_reset |         16 |         16 |       0 |    0 |    24 |      0 |      0 |          0 |
|             GEN_MIN_FOR_ASYNC.AXIS_CLR_CDC_I                                                 |                                                      pqm_ps_axi_vdma_0_0_cdc_sync |          3 |          3 |       0 |    0 |    12 |      0 |      0 |          0 |
|             GEN_MIN_FOR_ASYNC.AXIS_IDLE_CDC_I                                                |                                      pqm_ps_axi_vdma_0_0_cdc_sync__parameterized0 |          0 |          0 |       0 |    0 |     5 |      0 |      0 |          0 |
|             GEN_MIN_FOR_ASYNC.AXIS_MIN_CDC_I                                                 |                                    pqm_ps_axi_vdma_0_0_cdc_sync__parameterized0_0 |          3 |          3 |       0 |    0 |     5 |      0 |      0 |          0 |
|             GEN_MIN_FOR_ASYNC.AXIS_RESET_CDC_I                                               |                                                    pqm_ps_axi_vdma_0_0_cdc_sync_1 |          3 |          3 |       0 |    0 |    12 |      0 |      0 |          0 |
|             GEN_MIN_FOR_ASYNC.LITE_CLR_CDC_I                                                 |                                                    pqm_ps_axi_vdma_0_0_cdc_sync_2 |          3 |          3 |       0 |    0 |    12 |      0 |      0 |          0 |
|             GEN_MIN_FOR_ASYNC.LITE_IDLE_CDC_I                                                |                                    pqm_ps_axi_vdma_0_0_cdc_sync__parameterized0_3 |          0 |          0 |       0 |    0 |     5 |      0 |      0 |          0 |
|             GEN_MIN_FOR_ASYNC.LITE_MIN_CDC_I                                                 |                                    pqm_ps_axi_vdma_0_0_cdc_sync__parameterized0_4 |          0 |          0 |       0 |    0 |     5 |      0 |      0 |          0 |
|             GEN_MIN_FOR_ASYNC.LITE_RESET_CDC_I                                               |                                                    pqm_ps_axi_vdma_0_0_cdc_sync_5 |          3 |          3 |       0 |    0 |    12 |      0 |      0 |          0 |
|             GEN_RESET_FOR_ASYNC.AXIS_RESET_CDC_I                                             |                                    pqm_ps_axi_vdma_0_0_cdc_sync__parameterized0_6 |          0 |          0 |       0 |    0 |     5 |      0 |      0 |          0 |
|             GEN_RESET_FOR_ASYNC.HARD_RESET_CDC_I                                             |                                    pqm_ps_axi_vdma_0_0_cdc_sync__parameterized0_7 |          6 |          6 |       0 |    0 |     5 |      0 |      0 |          0 |
|     axis_sample_cdc                                                                          |                                                          pqm_ps_axis_sample_cdc_0 |         92 |         42 |      50 |    0 |   206 |      0 |      0 |          0 |
|       inst                                                                                   |        pqm_ps_axis_sample_cdc_0_axis_clock_converter_v1_1_28_axis_clock_converter |         92 |         42 |      50 |    0 |   206 |      0 |      0 |          0 |
|         gen_async_conv.axisc_async_clock_converter_0                                         | pqm_ps_axis_sample_cdc_0_axis_clock_converter_v1_1_28_axisc_async_clock_converter |         92 |         42 |      50 |    0 |   206 |      0 |      0 |          0 |
|           (gen_async_conv.axisc_async_clock_converter_0)                                     | pqm_ps_axis_sample_cdc_0_axis_clock_converter_v1_1_28_axisc_async_clock_converter |          2 |          2 |       0 |    0 |     1 |      0 |      0 |          0 |
|           inst_xpm_cdc_sync_rst                                                              |                                         pqm_ps_axis_sample_cdc_0_xpm_cdc_sync_rst |          0 |          0 |       0 |    0 |     2 |      0 |      0 |          0 |
|           xpm_fifo_async_inst                                                                |                                           pqm_ps_axis_sample_cdc_0_xpm_fifo_async |         90 |         40 |      50 |    0 |   203 |      0 |      0 |          0 |
|             gnuram_async_fifo.xpm_fifo_base_inst                                             |                                            pqm_ps_axis_sample_cdc_0_xpm_fifo_base |         90 |         40 |      50 |    0 |   203 |      0 |      0 |          0 |
|               (gnuram_async_fifo.xpm_fifo_base_inst)                                         |                                            pqm_ps_axis_sample_cdc_0_xpm_fifo_base |          3 |          3 |       0 |    0 |     5 |      0 |      0 |          0 |
|               gen_cdc_pntr.wpr_gray_reg                                                      |                                       pqm_ps_axis_sample_cdc_0_xpm_fifo_reg_vec_0 |          4 |          4 |       0 |    0 |     5 |      0 |      0 |          0 |
|               gen_cdc_pntr.wr_pntr_cdc_inst                                                  |                                          pqm_ps_axis_sample_cdc_0_xpm_cdc_gray__2 |          6 |          6 |       0 |    0 |    15 |      0 |      0 |          0 |
|               gen_sdpram.xpm_memory_base_inst                                                |                                          pqm_ps_axis_sample_cdc_0_xpm_memory_base |         50 |          0 |      50 |    0 |   146 |      0 |      0 |          0 |
|               rdp_inst                                                                       |                         pqm_ps_axis_sample_cdc_0_xpm_counter_updn__parameterized0 |          5 |          5 |       0 |    0 |     5 |      0 |      0 |          0 |
|               rdpp1_inst                                                                     |                         pqm_ps_axis_sample_cdc_0_xpm_counter_updn__parameterized1 |          4 |          4 |       0 |    0 |     5 |      0 |      0 |          0 |
|               rst_d1_inst                                                                    |                                         pqm_ps_axis_sample_cdc_0_xpm_fifo_reg_bit |          0 |          0 |       0 |    0 |     0 |      0 |      0 |          0 |
|               wrp_inst                                                                       |                       pqm_ps_axis_sample_cdc_0_xpm_counter_updn__parameterized0_1 |          3 |          3 |       0 |    0 |     5 |      0 |      0 |          0 |
|               xpm_fifo_rst_inst                                                              |                                             pqm_ps_axis_sample_cdc_0_xpm_fifo_rst |         15 |         15 |       0 |    0 |    17 |      0 |      0 |          0 |
|                 (xpm_fifo_rst_inst)                                                          |                                             pqm_ps_axis_sample_cdc_0_xpm_fifo_rst |         15 |         15 |       0 |    0 |    13 |      0 |      0 |          0 |
|                 gen_rst_ic.rrst_wr_inst                                                      |                         pqm_ps_axis_sample_cdc_0_xpm_cdc_sync_rst__parameterized0 |          0 |          0 |       0 |    0 |     2 |      0 |      0 |          0 |
|                 gen_rst_ic.wrst_rd_inst                                                      |                      pqm_ps_axis_sample_cdc_0_xpm_cdc_sync_rst__parameterized0__2 |          0 |          0 |       0 |    0 |     2 |      0 |      0 |          0 |
|     axis_sample_slice                                                                        |                                                        pqm_ps_axis_sample_slice_0 |         42 |         42 |       0 |    0 |   151 |      0 |      0 |          0 |
|       inst                                                                                   |        pqm_ps_axis_sample_slice_0_axis_register_slice_v1_1_27_axis_register_slice |         42 |         42 |       0 |    0 |   151 |      0 |      0 |          0 |
|         (inst)                                                                               |        pqm_ps_axis_sample_slice_0_axis_register_slice_v1_1_27_axis_register_slice |          1 |          1 |       0 |    0 |     1 |      0 |      0 |          0 |
|         axisc_register_slice_0                                                               |       pqm_ps_axis_sample_slice_0_axis_register_slice_v1_1_27_axisc_register_slice |         41 |         41 |       0 |    0 |   150 |      0 |      0 |          0 |
|     blk_mem_gen_shared                                                                       |                                                       pqm_ps_blk_mem_gen_shared_0 |          7 |          5 |       0 |    2 |     8 |     16 |      0 |          0 |
|       U0                                                                                     |                                    pqm_ps_blk_mem_gen_shared_0_blk_mem_gen_v8_4_5 |          7 |          5 |       0 |    2 |     8 |     16 |      0 |          0 |
|         inst_blk_mem_gen                                                                     |                              pqm_ps_blk_mem_gen_shared_0_blk_mem_gen_v8_4_5_synth |          7 |          5 |       0 |    2 |     8 |     16 |      0 |          0 |
|           gnbram.gnative_mem_map_bmg.native_mem_map_blk_mem_gen                              |                                       pqm_ps_blk_mem_gen_shared_0_blk_mem_gen_top |          7 |          5 |       0 |    2 |     8 |     16 |      0 |          0 |
|             valid.cstr                                                                       |                              pqm_ps_blk_mem_gen_shared_0_blk_mem_gen_generic_cstr |          7 |          5 |       0 |    2 |     8 |     16 |      0 |          0 |
|               ramloop[0].ram.r                                                               |                                pqm_ps_blk_mem_gen_shared_0_blk_mem_gen_prim_width |          0 |          0 |       0 |    0 |     0 |      1 |      0 |          0 |
|                 prim_noinit.ram                                                              |                              pqm_ps_blk_mem_gen_shared_0_blk_mem_gen_prim_wrapper |          0 |          0 |       0 |    0 |     0 |      1 |      0 |          0 |
|               ramloop[10].ram.r                                                              |                pqm_ps_blk_mem_gen_shared_0_blk_mem_gen_prim_width__parameterized9 |          0 |          0 |       0 |    0 |     0 |      1 |      0 |          0 |
|                 prim_noinit.ram                                                              |              pqm_ps_blk_mem_gen_shared_0_blk_mem_gen_prim_wrapper__parameterized9 |          0 |          0 |       0 |    0 |     0 |      1 |      0 |          0 |
|               ramloop[11].ram.r                                                              |               pqm_ps_blk_mem_gen_shared_0_blk_mem_gen_prim_width__parameterized10 |          0 |          0 |       0 |    0 |     0 |      1 |      0 |          0 |
|                 prim_noinit.ram                                                              |             pqm_ps_blk_mem_gen_shared_0_blk_mem_gen_prim_wrapper__parameterized10 |          0 |          0 |       0 |    0 |     0 |      1 |      0 |          0 |
|               ramloop[12].ram.r                                                              |               pqm_ps_blk_mem_gen_shared_0_blk_mem_gen_prim_width__parameterized11 |          0 |          0 |       0 |    0 |     0 |      1 |      0 |          0 |
|                 prim_noinit.ram                                                              |             pqm_ps_blk_mem_gen_shared_0_blk_mem_gen_prim_wrapper__parameterized11 |          0 |          0 |       0 |    0 |     0 |      1 |      0 |          0 |
|               ramloop[13].ram.r                                                              |               pqm_ps_blk_mem_gen_shared_0_blk_mem_gen_prim_width__parameterized12 |          0 |          0 |       0 |    0 |     0 |      1 |      0 |          0 |
|                 prim_noinit.ram                                                              |             pqm_ps_blk_mem_gen_shared_0_blk_mem_gen_prim_wrapper__parameterized12 |          0 |          0 |       0 |    0 |     0 |      1 |      0 |          0 |
|               ramloop[14].ram.r                                                              |               pqm_ps_blk_mem_gen_shared_0_blk_mem_gen_prim_width__parameterized13 |          0 |          0 |       0 |    0 |     0 |      1 |      0 |          0 |
|                 prim_noinit.ram                                                              |             pqm_ps_blk_mem_gen_shared_0_blk_mem_gen_prim_wrapper__parameterized13 |          0 |          0 |       0 |    0 |     0 |      1 |      0 |          0 |
|               ramloop[15].ram.r                                                              |               pqm_ps_blk_mem_gen_shared_0_blk_mem_gen_prim_width__parameterized14 |          7 |          5 |       0 |    2 |     8 |      1 |      0 |          0 |
|                 (ramloop[15].ram.r)                                                          |               pqm_ps_blk_mem_gen_shared_0_blk_mem_gen_prim_width__parameterized14 |          4 |          2 |       0 |    2 |     8 |      0 |      0 |          0 |
|                 prim_noinit.ram                                                              |             pqm_ps_blk_mem_gen_shared_0_blk_mem_gen_prim_wrapper__parameterized14 |          3 |          3 |       0 |    0 |     0 |      1 |      0 |          0 |
|               ramloop[1].ram.r                                                               |                pqm_ps_blk_mem_gen_shared_0_blk_mem_gen_prim_width__parameterized0 |          0 |          0 |       0 |    0 |     0 |      1 |      0 |          0 |
|                 prim_noinit.ram                                                              |              pqm_ps_blk_mem_gen_shared_0_blk_mem_gen_prim_wrapper__parameterized0 |          0 |          0 |       0 |    0 |     0 |      1 |      0 |          0 |
|               ramloop[2].ram.r                                                               |                pqm_ps_blk_mem_gen_shared_0_blk_mem_gen_prim_width__parameterized1 |          0 |          0 |       0 |    0 |     0 |      1 |      0 |          0 |
|                 prim_noinit.ram                                                              |              pqm_ps_blk_mem_gen_shared_0_blk_mem_gen_prim_wrapper__parameterized1 |          0 |          0 |       0 |    0 |     0 |      1 |      0 |          0 |
|               ramloop[3].ram.r                                                               |                pqm_ps_blk_mem_gen_shared_0_blk_mem_gen_prim_width__parameterized2 |          0 |          0 |       0 |    0 |     0 |      1 |      0 |          0 |
|                 prim_noinit.ram                                                              |              pqm_ps_blk_mem_gen_shared_0_blk_mem_gen_prim_wrapper__parameterized2 |          0 |          0 |       0 |    0 |     0 |      1 |      0 |          0 |
|               ramloop[4].ram.r                                                               |                pqm_ps_blk_mem_gen_shared_0_blk_mem_gen_prim_width__parameterized3 |          0 |          0 |       0 |    0 |     0 |      1 |      0 |          0 |
|                 prim_noinit.ram                                                              |              pqm_ps_blk_mem_gen_shared_0_blk_mem_gen_prim_wrapper__parameterized3 |          0 |          0 |       0 |    0 |     0 |      1 |      0 |          0 |
|               ramloop[5].ram.r                                                               |                pqm_ps_blk_mem_gen_shared_0_blk_mem_gen_prim_width__parameterized4 |          0 |          0 |       0 |    0 |     0 |      1 |      0 |          0 |
|                 prim_noinit.ram                                                              |              pqm_ps_blk_mem_gen_shared_0_blk_mem_gen_prim_wrapper__parameterized4 |          0 |          0 |       0 |    0 |     0 |      1 |      0 |          0 |
|               ramloop[6].ram.r                                                               |                pqm_ps_blk_mem_gen_shared_0_blk_mem_gen_prim_width__parameterized5 |          0 |          0 |       0 |    0 |     0 |      1 |      0 |          0 |
|                 prim_noinit.ram                                                              |              pqm_ps_blk_mem_gen_shared_0_blk_mem_gen_prim_wrapper__parameterized5 |          0 |          0 |       0 |    0 |     0 |      1 |      0 |          0 |
|               ramloop[7].ram.r                                                               |                pqm_ps_blk_mem_gen_shared_0_blk_mem_gen_prim_width__parameterized6 |          0 |          0 |       0 |    0 |     0 |      1 |      0 |          0 |
|                 prim_noinit.ram                                                              |              pqm_ps_blk_mem_gen_shared_0_blk_mem_gen_prim_wrapper__parameterized6 |          0 |          0 |       0 |    0 |     0 |      1 |      0 |          0 |
|               ramloop[8].ram.r                                                               |                pqm_ps_blk_mem_gen_shared_0_blk_mem_gen_prim_width__parameterized7 |          0 |          0 |       0 |    0 |     0 |      1 |      0 |          0 |
|                 prim_noinit.ram                                                              |              pqm_ps_blk_mem_gen_shared_0_blk_mem_gen_prim_wrapper__parameterized7 |          0 |          0 |       0 |    0 |     0 |      1 |      0 |          0 |
|               ramloop[9].ram.r                                                               |                pqm_ps_blk_mem_gen_shared_0_blk_mem_gen_prim_width__parameterized8 |          0 |          0 |       0 |    0 |     0 |      1 |      0 |          0 |
|                 prim_noinit.ram                                                              |              pqm_ps_blk_mem_gen_shared_0_blk_mem_gen_prim_wrapper__parameterized8 |          0 |          0 |       0 |    0 |     0 |      1 |      0 |          0 |
|     clk_wiz_pixel                                                                            |                                                            pqm_ps_clk_wiz_pixel_0 |          0 |          0 |       0 |    0 |     0 |      0 |      0 |          0 |
|       inst                                                                                   |                                                    pqm_ps_clk_wiz_pixel_0_clk_wiz |          0 |          0 |       0 |    0 |     0 |      0 |      0 |          0 |
|     invert_fclk_reset                                                                        |                                                        pqm_ps_invert_fclk_reset_0 |          0 |          0 |       0 |    0 |     0 |      0 |      0 |          0 |
|     processing_system7_0                                                                     |                                                     pqm_ps_processing_system7_0_0 |          1 |          1 |       0 |    0 |     0 |      0 |      0 |          0 |
|       inst                                                                                   |          pqm_ps_processing_system7_0_0_processing_system7_v5_5_processing_system7 |          1 |          1 |       0 |    0 |     0 |      0 |      0 |          0 |
|     v_axi4s_vid_out_0                                                                        |                                                        pqm_ps_v_axi4s_vid_out_0_0 |        128 |        128 |       0 |    0 |   173 |      1 |      0 |          0 |
|       inst                                                                                   |                                pqm_ps_v_axi4s_vid_out_0_0_v_axi4s_vid_out_v4_0_15 |        128 |        128 |       0 |    0 |   173 |      1 |      0 |          0 |
|         (inst)                                                                               |                                pqm_ps_v_axi4s_vid_out_0_0_v_axi4s_vid_out_v4_0_15 |          0 |          0 |       0 |    0 |     2 |      0 |      0 |          0 |
|         CDC_SINGLE_LOCKED_INST                                                               |                     pqm_ps_v_axi4s_vid_out_0_0_v_axi4s_vid_out_v4_0_15_cdc_single |          0 |          0 |       0 |    0 |     4 |      0 |      0 |          0 |
|           xpm_cdc_single_inst                                                                |                                         pqm_ps_v_axi4s_vid_out_0_0_xpm_cdc_single |          0 |          0 |       0 |    0 |     4 |      0 |      0 |          0 |
|         COUPLER_INST                                                                         |                        pqm_ps_v_axi4s_vid_out_0_0_v_axi4s_vid_out_v4_0_15_coupler |         63 |         63 |       0 |    0 |    63 |      1 |      0 |          0 |
|           generate_sync_fifo.FIFO_INST                                                       |                      pqm_ps_v_axi4s_vid_out_0_0_v_axi4s_vid_out_v4_0_15_fifo_sync |         63 |         63 |       0 |    0 |    63 |      1 |      0 |          0 |
|             (generate_sync_fifo.FIFO_INST)                                                   |                      pqm_ps_v_axi4s_vid_out_0_0_v_axi4s_vid_out_v4_0_15_fifo_sync |          8 |          8 |       0 |    0 |     0 |      0 |      0 |          0 |
|             XPM_FIFO_SYNC_INST                                                               |                                          pqm_ps_v_axi4s_vid_out_0_0_xpm_fifo_sync |         55 |         55 |       0 |    0 |    63 |      1 |      0 |          0 |
|               xpm_fifo_base_inst                                                             |                                          pqm_ps_v_axi4s_vid_out_0_0_xpm_fifo_base |         55 |         55 |       0 |    0 |    63 |      1 |      0 |          0 |
|                 (xpm_fifo_base_inst)                                                         |                                          pqm_ps_v_axi4s_vid_out_0_0_xpm_fifo_base |          2 |          2 |       0 |    0 |    13 |      0 |      0 |          0 |
|                 gen_fwft.rdpp1_inst                                                          |                                       pqm_ps_v_axi4s_vid_out_0_0_xpm_counter_updn |          5 |          5 |       0 |    0 |     2 |      0 |      0 |          0 |
|                 gen_sdpram.xpm_memory_base_inst                                              |                                        pqm_ps_v_axi4s_vid_out_0_0_xpm_memory_base |          0 |          0 |       0 |    0 |     0 |      1 |      0 |          0 |
|                 rdp_inst                                                                     |                       pqm_ps_v_axi4s_vid_out_0_0_xpm_counter_updn__parameterized0 |         17 |         17 |       0 |    0 |    11 |      0 |      0 |          0 |
|                 rdpp1_inst                                                                   |                       pqm_ps_v_axi4s_vid_out_0_0_xpm_counter_updn__parameterized1 |         12 |         12 |       0 |    0 |    10 |      0 |      0 |          0 |
|                 rst_d1_inst                                                                  |                                       pqm_ps_v_axi4s_vid_out_0_0_xpm_fifo_reg_bit |          2 |          2 |       0 |    0 |     1 |      0 |      0 |          0 |
|                 wrp_inst                                                                     |                     pqm_ps_v_axi4s_vid_out_0_0_xpm_counter_updn__parameterized0_0 |         13 |         13 |       0 |    0 |    11 |      0 |      0 |          0 |
|                 wrpp1_inst                                                                   |                     pqm_ps_v_axi4s_vid_out_0_0_xpm_counter_updn__parameterized1_1 |         10 |         10 |       0 |    0 |    10 |      0 |      0 |          0 |
|                 xpm_fifo_rst_inst                                                            |                                           pqm_ps_v_axi4s_vid_out_0_0_xpm_fifo_rst |          4 |          4 |       0 |    0 |     5 |      0 |      0 |          0 |
|         FORMATTER_INST                                                                       |                      pqm_ps_v_axi4s_vid_out_0_0_v_axi4s_vid_out_v4_0_15_formatter |          2 |          2 |       0 |    0 |    30 |      0 |      0 |          0 |
|         SYNC_INST                                                                            |                           pqm_ps_v_axi4s_vid_out_0_0_v_axi4s_vid_out_v4_0_15_sync |         64 |         64 |       0 |    0 |    74 |      0 |      0 |          0 |
|     v_tc_0                                                                                   |                                                                   pqm_ps_v_tc_0_0 |        958 |        953 |       0 |    5 |  2597 |      0 |      0 |          0 |
|       U0                                                                                     |                                                              pqm_ps_v_tc_0_0_v_tc |        958 |        953 |       0 |    5 |  2597 |      0 |      0 |          0 |
|         (U0)                                                                                 |                                                              pqm_ps_v_tc_0_0_v_tc |          1 |          1 |       0 |    0 |     1 |      0 |      0 |          0 |
|         U_TC_TOP                                                                             |                                                            pqm_ps_v_tc_0_0_tc_top |        197 |        195 |       0 |    2 |   239 |      0 |      0 |          0 |
|           (U_TC_TOP)                                                                         |                                                            pqm_ps_v_tc_0_0_tc_top |          8 |          6 |       0 |    2 |    14 |      0 |      0 |          0 |
|           GEN_GENERATOR.U_TC_GEN                                                             |                                                      pqm_ps_v_tc_0_0_tc_generator |        189 |        189 |       0 |    0 |   225 |      0 |      0 |          0 |
|         U_VIDEO_CTRL                                                                         |                                                        pqm_ps_v_tc_0_0_video_ctrl |        760 |        757 |       0 |    3 |  2355 |      0 |      0 |          0 |
|           (U_VIDEO_CTRL)                                                                     |                                                        pqm_ps_v_tc_0_0_video_ctrl |         71 |         71 |       0 |    0 |  1251 |      0 |      0 |          0 |
|           AXI4_LITE_INTERFACE.AXI_LITE_IPIF_I                                                |                                                     pqm_ps_v_tc_0_0_axi_lite_ipif |         34 |         34 |       0 |    0 |    66 |      0 |      0 |          0 |
|             I_SLAVE_ATTACHMENT                                                               |                                                  pqm_ps_v_tc_0_0_slave_attachment |         34 |         34 |       0 |    0 |    66 |      0 |      0 |          0 |
|               (I_SLAVE_ATTACHMENT)                                                           |                                                  pqm_ps_v_tc_0_0_slave_attachment |         27 |         27 |       0 |    0 |    64 |      0 |      0 |          0 |
|               I_DECODER                                                                      |                                                   pqm_ps_v_tc_0_0_address_decoder |          7 |          7 |       0 |    0 |     2 |      0 |      0 |          0 |
|           AXI4_LITE_INTERFACE.CORE_MUX0                                                      |                                          pqm_ps_v_tc_0_0_mux_tree__parameterized0 |         33 |         32 |       0 |    1 |    97 |      0 |      0 |          0 |
|           AXI4_LITE_INTERFACE.GENR_MUX0                                                      |                                                          pqm_ps_v_tc_0_0_mux_tree |        291 |        289 |       0 |    2 |   713 |      0 |      0 |          0 |
|           AXI4_LITE_INTERFACE.SYNC2PROCCLK_I                                                 |                                 pqm_ps_v_tc_0_0_video_clock_cross__parameterized0 |          5 |          5 |       0 |    0 |   102 |      0 |      0 |          0 |
|           AXI4_LITE_INTERFACE.SYNC2VIDCLK_I                                                  |                                                 pqm_ps_v_tc_0_0_video_clock_cross |        327 |        327 |       0 |    0 |   126 |      0 |      0 |          0 |
|         xpm_cdc_single_inst                                                                  |                                                    pqm_ps_v_tc_0_0_xpm_cdc_single |          0 |          0 |       0 |    0 |     2 |      0 |      0 |          0 |
|     xlconcat_irq                                                                             |                                                             pqm_ps_xlconcat_irq_0 |          0 |          0 |       0 |    0 |     0 |      0 |      0 |          0 |
|   u_pqm_touch_iobuf                                                                          |                                                                   pqm_touch_iobuf |          0 |          0 |       0 |    0 |     0 |      0 |      0 |          0 |
|   u_rgb565_to_rgb888                                                                         |                                                         pqm_axis_rgb565_to_rgb888 |          3 |          3 |       0 |    0 |    19 |      0 |      0 |          0 |
+----------------------------------------------------------------------------------------------+-----------------------------------------------------------------------------------+------------+------------+---------+------+-------+--------+--------+------------+
* Note: The sum of lower-level cells may be larger than their parent cells total, due to cross-hierarchy LUT combining


