Copyright 1986-2022 Xilinx, Inc. All Rights Reserved.
------------------------------------------------------------------------------------------------------------------
| Tool Version : Vivado v.2022.2 (win64) Build 3671981 Fri Oct 14 05:00:03 MDT 2022
| Date         : Sun Sep 27 20:21:00 2026
| Host         : DESKTOP-6DUCG5H running 64-bit major release  (build 9200)
| Command      : report_methodology -file C:/Users/zhangtao/Desktop/PQM2/vivado/reports/post_impl_methodology.rpt
| Design       : pqm2_top
| Device       : xc7z020clg400-2
| Speed File   : -2
| Design State : Fully Routed
------------------------------------------------------------------------------------------------------------------

Report Methodology

Table of Contents
-----------------
1. REPORT SUMMARY
2. REPORT DETAILS

1. REPORT SUMMARY
-----------------
            Netlist: netlist
          Floorplan: impl_1
      Design limits: <entire design considered>
             Max violations: <unlimited>
             Violations found: 1023
+-----------+------------------+--------------------------------------------------------+------------+
| Rule      | Severity         | Description                                            | Violations |
+-----------+------------------+--------------------------------------------------------+------------+
| TIMING-4  | Critical Warning | Invalid primary clock redefinition on a clock tree     | 1          |
| TIMING-27 | Critical Warning | Invalid primary clock on hierarchical pin              | 1          |
| DPIR-1    | Warning          | Asynchronous driver check                              | 931        |
| LUTAR-1   | Warning          | LUT drives async reset alert                           | 7          |
| SYNTH-10  | Warning          | Wide multiplier                                        | 56         |
| TIMING-18 | Warning          | Missing input or output delay                          | 25         |
| XDCC-1    | Warning          | Scoped Clock constraint overwritten with the same name | 1          |
| XDCC-7    | Warning          | Scoped Clock constraint overwritten on the same source | 1          |
+-----------+------------------+--------------------------------------------------------+------------+

2. REPORT DETAILS
-----------------
TIMING-4#1 Critical Warning
Invalid primary clock redefinition on a clock tree  
Invalid clock redefinition on a clock tree. The primary clock u_pqm_ps/clk_wiz_pixel/inst/clk_in1 is defined downstream of clock clk_fpga_0 and overrides its insertion delay and/or waveform definition
Related violations: <none>

TIMING-27#1 Critical Warning
Invalid primary clock on hierarchical pin  
A primary clock u_pqm_ps/clk_wiz_pixel/inst/clk_in1 is created on an inappropriate internal pin u_pqm_ps/clk_wiz_pixel/inst/clk_in1. It is not recommended to create a primary clock on a hierarchical pin when its driver pin has a fanout connected to multiple clock pins
Related violations: <none>

DPIR-1#1 Warning
Asynchronous driver check  
DSP u_pqm_pl_top/u_measurement_core/u_freq_analysis/u_harmonic_stats/u_mul_i_percent/product input pin u_pqm_pl_top/u_measurement_core/u_freq_analysis/u_harmonic_stats/u_mul_i_percent/product/A[0] is connected to registers with an asynchronous reset. This is preventing the possibility of merging these registers in to the DSP Block since the DSP block registers only possess synchronous reset capability.  It is suggested to recode or change these registers to remove the reset or use a synchronous reset to get the best optimization for performance, power and area.
Related violations: <none>

DPIR-1#2 Warning
Asynchronous driver check  
DSP u_pqm_pl_top/u_measurement_core/u_freq_analysis/u_harmonic_stats/u_mul_i_percent/product input pin u_pqm_pl_top/u_measurement_core/u_freq_analysis/u_harmonic_stats/u_mul_i_percent/product/A[10] is connected to registers with an asynchronous reset. This is preventing the possibility of merging these registers in to the DSP Block since the DSP block registers only possess synchronous reset capability.  It is suggested to recode or change these registers to remove the reset or use a synchronous reset to get the best optimization for performance, power and area.
Related violations: <none>

DPIR-1#3 Warning
Asynchronous driver check  
DSP u_pqm_pl_top/u_measurement_core/u_freq_analysis/u_harmonic_stats/u_mul_i_percent/product input pin u_pqm_pl_top/u_measurement_core/u_freq_analysis/u_harmonic_stats/u_mul_i_percent/product/A[11] is connected to registers with an asynchronous reset. This is preventing the possibility of merging these registers in to the DSP Block since the DSP block registers only possess synchronous reset capability.  It is suggested to recode or change these registers to remove the reset or use a synchronous reset to get the best optimization for performance, power and area.
Related violations: <none>

DPIR-1#4 Warning
Asynchronous driver check  
DSP u_pqm_pl_top/u_measurement_core/u_freq_analysis/u_harmonic_stats/u_mul_i_percent/product input pin u_pqm_pl_top/u_measurement_core/u_freq_analysis/u_harmonic_stats/u_mul_i_percent/product/A[12] is connected to registers with an asynchronous reset. This is preventing the possibility of merging these registers in to the DSP Block since the DSP block registers only possess synchronous reset capability.  It is suggested to recode or change these registers to remove the reset or use a synchronous reset to get the best optimization for performance, power and area.
Related violations: <none>

DPIR-1#5 Warning
Asynchronous driver check  
DSP u_pqm_pl_top/u_measurement_core/u_freq_analysis/u_harmonic_stats/u_mul_i_percent/product input pin u_pqm_pl_top/u_measurement_core/u_freq_analysis/u_harmonic_stats/u_mul_i_percent/product/A[13] is connected to registers with an asynchronous reset. This is preventing the possibility of merging these registers in to the DSP Block since the DSP block registers only possess synchronous reset capability.  It is suggested to recode or change these registers to remove the reset or use a synchronous reset to get the best optimization for performance, power and area.
Related violations: <none>

DPIR-1#6 Warning
Asynchronous driver check  
DSP u_pqm_pl_top/u_measurement_core/u_freq_analysis/u_harmonic_stats/u_mul_i_percent/product input pin u_pqm_pl_top/u_measurement_core/u_freq_analysis/u_harmonic_stats/u_mul_i_percent/product/A[14] is connected to registers with an asynchronous reset. This is preventing the possibility of merging these registers in to the DSP Block since the DSP block registers only possess synchronous reset capability.  It is suggested to recode or change these registers to remove the reset or use a synchronous reset to get the best optimization for performance, power and area.
Related violations: <none>

DPIR-1#7 Warning
Asynchronous driver check  
DSP u_pqm_pl_top/u_measurement_core/u_freq_analysis/u_harmonic_stats/u_mul_i_percent/product input pin u_pqm_pl_top/u_measurement_core/u_freq_analysis/u_harmonic_stats/u_mul_i_percent/product/A[15] is connected to registers with an asynchronous reset. This is preventing the possibility of merging these registers in to the DSP Block since the DSP block registers only possess synchronous reset capability.  It is suggested to recode or change these registers to remove the reset or use a synchronous reset to get the best optimization for performance, power and area.
Related violations: <none>

DPIR-1#8 Warning
Asynchronous driver check  
DSP u_pqm_pl_top/u_measurement_core/u_freq_analysis/u_harmonic_stats/u_mul_i_percent/product input pin u_pqm_pl_top/u_measurement_core/u_freq_analysis/u_harmonic_stats/u_mul_i_percent/product/A[16] is connected to registers with an asynchronous reset. This is preventing the possibility of merging these registers in to the DSP Block since the DSP block registers only possess synchronous reset capability.  It is suggested to recode or change these registers to remove the reset or use a synchronous reset to get the best optimization for performance, power and area.
Related violations: <none>

DPIR-1#9 Warning
Asynchronous driver check  
DSP u_pqm_pl_top/u_measurement_core/u_freq_analysis/u_harmonic_stats/u_mul_i_percent/product input pin u_pqm_pl_top/u_measurement_core/u_freq_analysis/u_harmonic_stats/u_mul_i_percent/product/A[17] is connected to registers with an asynchronous reset. This is preventing the possibility of merging these registers in to the DSP Block since the DSP block registers only possess synchronous reset capability.  It is suggested to recode or change these registers to remove the reset or use a synchronous reset to get the best optimization for performance, power and area.
Related violations: <none>

DPIR-1#10 Warning
Asynchronous driver check  
DSP u_pqm_pl_top/u_measurement_core/u_freq_analysis/u_harmonic_stats/u_mul_i_percent/product input pin u_pqm_pl_top/u_measurement_core/u_freq_analysis/u_harmonic_stats/u_mul_i_percent/product/A[18] is connected to registers with an asynchronous reset. This is preventing the possibility of merging these registers in to the DSP Block since the DSP block registers only possess synchronous reset capability.  It is suggested to recode or change these registers to remove the reset or use a synchronous reset to get the best optimization for performance, power and area.
Related violations: <none>

DPIR-1#11 Warning
Asynchronous driver check  
DSP u_pqm_pl_top/u_measurement_core/u_freq_analysis/u_harmonic_stats/u_mul_i_percent/product input pin u_pqm_pl_top/u_measurement_core/u_freq_analysis/u_harmonic_stats/u_mul_i_percent/product/A[19] is connected to registers with an asynchronous reset. This is preventing the possibility of merging these registers in to the DSP Block since the DSP block registers only possess synchronous reset capability.  It is suggested to recode or change these registers to remove the reset or use a synchronous reset to get the best optimization for performance, power and area.
Related violations: <none>

DPIR-1#12 Warning
Asynchronous driver check  
DSP u_pqm_pl_top/u_measurement_core/u_freq_analysis/u_harmonic_stats/u_mul_i_percent/product input pin u_pqm_pl_top/u_measurement_core/u_freq_analysis/u_harmonic_stats/u_mul_i_percent/product/A[1] is connected to registers with an asynchronous reset. This is preventing the possibility of merging these registers in to the DSP Block since the DSP block registers only possess synchronous reset capability.  It is suggested to recode or change these registers to remove the reset or use a synchronous reset to get the best optimization for performance, power and area.
Related violations: <none>

DPIR-1#13 Warning
Asynchronous driver check  
DSP u_pqm_pl_top/u_measurement_core/u_freq_analysis/u_harmonic_stats/u_mul_i_percent/product input pin u_pqm_pl_top/u_measurement_core/u_freq_analysis/u_harmonic_stats/u_mul_i_percent/product/A[20] is connected to registers with an asynchronous reset. This is preventing the possibility of merging these registers in to the DSP Block since the DSP block registers only possess synchronous reset capability.  It is suggested to recode or change these registers to remove the reset or use a synchronous reset to get the best optimization for performance, power and area.
Related violations: <none>

DPIR-1#14 Warning
Asynchronous driver check  
DSP u_pqm_pl_top/u_measurement_core/u_freq_analysis/u_harmonic_stats/u_mul_i_percent/product input pin u_pqm_pl_top/u_measurement_core/u_freq_analysis/u_harmonic_stats/u_mul_i_percent/product/A[21] is connected to registers with an asynchronous reset. This is preventing the possibility of merging these registers in to the DSP Block since the DSP block registers only possess synchronous reset capability.  It is suggested to recode or change these registers to remove the reset or use a synchronous reset to get the best optimization for performance, power and area.
Related violations: <none>

DPIR-1#15 Warning
Asynchronous driver check  
DSP u_pqm_pl_top/u_measurement_core/u_freq_analysis/u_harmonic_stats/u_mul_i_percent/product input pin u_pqm_pl_top/u_measurement_core/u_freq_analysis/u_harmonic_stats/u_mul_i_percent/product/A[22] is connected to registers with an asynchronous reset. This is preventing the possibility of merging these registers in to the DSP Block since the DSP block registers only possess synchronous reset capability.  It is suggested to recode or change these registers to remove the reset or use a synchronous reset to get the best optimization for performance, power and area.
Related violations: <none>

DPIR-1#16 Warning
Asynchronous driver check  
DSP u_pqm_pl_top/u_measurement_core/u_freq_analysis/u_harmonic_stats/u_mul_i_percent/product input pin u_pqm_pl_top/u_measurement_core/u_freq_analysis/u_harmonic_stats/u_mul_i_percent/product/A[23] is connected to registers with an asynchronous reset. This is preventing the possibility of merging these registers in to the DSP Block since the DSP block registers only possess synchronous reset capability.  It is suggested to recode or change these registers to remove the reset or use a synchronous reset to get the best optimization for performance, power and area.
Related violations: <none>

DPIR-1#17 Warning
Asynchronous driver check  
DSP u_pqm_pl_top/u_measurement_core/u_freq_analysis/u_harmonic_stats/u_mul_i_percent/product input pin u_pqm_pl_top/u_measurement_core/u_freq_analysis/u_harmonic_stats/u_mul_i_percent/product/A[24] is connected to registers with an asynchronous reset. This is preventing the possibility of merging these registers in to the DSP Block since the DSP block registers only possess synchronous reset capability.  It is suggested to recode or change these registers to remove the reset or use a synchronous reset to get the best optimization for performance, power and area.
Related violations: <none>

DPIR-1#18 Warning
Asynchronous driver check  
DSP u_pqm_pl_top/u_measurement_core/u_freq_analysis/u_harmonic_stats/u_mul_i_percent/product input pin u_pqm_pl_top/u_measurement_core/u_freq_analysis/u_harmonic_stats/u_mul_i_percent/product/A[25] is connected to registers with an asynchronous reset. This is preventing the possibility of merging these registers in to the DSP Block since the DSP block registers only possess synchronous reset capability.  It is suggested to recode or change these registers to remove the reset or use a synchronous reset to get the best optimization for performance, power and area.
Related violations: <none>

DPIR-1#19 Warning
Asynchronous driver check  
DSP u_pqm_pl_top/u_measurement_core/u_freq_analysis/u_harmonic_stats/u_mul_i_percent/product input pin u_pqm_pl_top/u_measurement_core/u_freq_analysis/u_harmonic_stats/u_mul_i_percent/product/A[26] is connected to registers with an asynchronous reset. This is preventing the possibility of merging these registers in to the DSP Block since the DSP block registers only possess synchronous reset capability.  It is suggested to recode or change these registers to remove the reset or use a synchronous reset to get the best optimization for performance, power and area.
Related violations: <none>

DPIR-1#20 Warning
Asynchronous driver check  
DSP u_pqm_pl_top/u_measurement_core/u_freq_analysis/u_harmonic_stats/u_mul_i_percent/product input pin u_pqm_pl_top/u_measurement_core/u_freq_analysis/u_harmonic_stats/u_mul_i_percent/product/A[27] is connected to registers with an asynchronous reset. This is preventing the possibility of merging these registers in to the DSP Block since the DSP block registers only possess synchronous reset capability.  It is suggested to recode or change these registers to remove the reset or use a synchronous reset to get the best optimization for performance, power and area.
Related violations: <none>

DPIR-1#21 Warning
Asynchronous driver check  
DSP u_pqm_pl_top/u_measurement_core/u_freq_analysis/u_harmonic_stats/u_mul_i_percent/product input pin u_pqm_pl_top/u_measurement_core/u_freq_analysis/u_harmonic_stats/u_mul_i_percent/product/A[28] is connected to registers with an asynchronous reset. This is preventing the possibility of merging these registers in to the DSP Block since the DSP block registers only possess synchronous reset capability.  It is suggested to recode or change these registers to remove the reset or use a synchronous reset to get the best optimization for performance, power and area.
Related violations: <none>

DPIR-1#22 Warning
Asynchronous driver check  
DSP u_pqm_pl_top/u_measurement_core/u_freq_analysis/u_harmonic_stats/u_mul_i_percent/product input pin u_pqm_pl_top/u_measurement_core/u_freq_analysis/u_harmonic_stats/u_mul_i_percent/product/A[29] is connected to registers with an asynchronous reset. This is preventing the possibility of merging these registers in to the DSP Block since the DSP block registers only possess synchronous reset capability.  It is suggested to recode or change these registers to remove the reset or use a synchronous reset to get the best optimization for performance, power and area.
Related violations: <none>

DPIR-1#23 Warning
Asynchronous driver check  
DSP u_pqm_pl_top/u_measurement_core/u_freq_analysis/u_harmonic_stats/u_mul_i_percent/product input pin u_pqm_pl_top/u_measurement_core/u_freq_analysis/u_harmonic_stats/u_mul_i_percent/product/A[2] is connected to registers with an asynchronous reset. This is preventing the possibility of merging these registers in to the DSP Block since the DSP block registers only possess synchronous reset capability.  It is suggested to recode or change these registers to remove the reset or use a synchronous reset to get the best optimization for performance, power and area.
Related violations: <none>

DPIR-1#24 Warning
Asynchronous driver check  
DSP u_pqm_pl_top/u_measurement_core/u_freq_analysis/u_harmonic_stats/u_mul_i_percent/product input pin u_pqm_pl_top/u_measurement_core/u_freq_analysis/u_harmonic_stats/u_mul_i_percent/product/A[3] is connected to registers with an asynchronous reset. This is preventing the possibility of merging these registers in to the DSP Block since the DSP block registers only possess synchronous reset capability.  It is suggested to recode or change these registers to remove the reset or use a synchronous reset to get the best optimization for performance, power and area.
Related violations: <none>

DPIR-1#25 Warning
Asynchronous driver check  
DSP u_pqm_pl_top/u_measurement_core/u_freq_analysis/u_harmonic_stats/u_mul_i_percent/product input pin u_pqm_pl_top/u_measurement_core/u_freq_analysis/u_harmonic_stats/u_mul_i_percent/product/A[4] is connected to registers with an asynchronous reset. This is preventing the possibility of merging these registers in to the DSP Block since the DSP block registers only possess synchronous reset capability.  It is suggested to recode or change these registers to remove the reset or use a synchronous reset to get the best optimization for performance, power and area.
Related violations: <none>

DPIR-1#26 Warning
Asynchronous driver check  
DSP u_pqm_pl_top/u_measurement_core/u_freq_analysis/u_harmonic_stats/u_mul_i_percent/product input pin u_pqm_pl_top/u_measurement_core/u_freq_analysis/u_harmonic_stats/u_mul_i_percent/product/A[5] is connected to registers with an asynchronous reset. This is preventing the possibility of merging these registers in to the DSP Block since the DSP block registers only possess synchronous reset capability.  It is suggested to recode or change these registers to remove the reset or use a synchronous reset to get the best optimization for performance, power and area.
Related violations: <none>

DPIR-1#27 Warning
Asynchronous driver check  
DSP u_pqm_pl_top/u_measurement_core/u_freq_analysis/u_harmonic_stats/u_mul_i_percent/product input pin u_pqm_pl_top/u_measurement_core/u_freq_analysis/u_harmonic_stats/u_mul_i_percent/product/A[6] is connected to registers with an asynchronous reset. This is preventing the possibility of merging these registers in to the DSP Block since the DSP block registers only possess synchronous reset capability.  It is suggested to recode or change these registers to remove the reset or use a synchronous reset to get the best optimization for performance, power and area.
Related violations: <none>

DPIR-1#28 Warning
Asynchronous driver check  
DSP u_pqm_pl_top/u_measurement_core/u_freq_analysis/u_harmonic_stats/u_mul_i_percent/product input pin u_pqm_pl_top/u_measurement_core/u_freq_analysis/u_harmonic_stats/u_mul_i_percent/product/A[7] is connected to registers with an asynchronous reset. This is preventing the possibility of merging these registers in to the DSP Block since the DSP block registers only possess synchronous reset capability.  It is suggested to recode or change these registers to remove the reset or use a synchronous reset to get the best optimization for performance, power and area.
Related violations: <none>

DPIR-1#29 Warning
Asynchronous driver check  
DSP u_pqm_pl_top/u_measurement_core/u_freq_analysis/u_harmonic_stats/u_mul_i_percent/product input pin u_pqm_pl_top/u_measurement_core/u_freq_analysis/u_harmonic_stats/u_mul_i_percent/product/A[8] is connected to registers with an asynchronous reset. This is preventing the possibility of merging these registers in to the DSP Block since the DSP block registers only possess synchronous reset capability.  It is suggested to recode or change these registers to remove the reset or use a synchronous reset to get the best optimization for performance, power and area.
Related violations: <none>

DPIR-1#30 Warning
Asynchronous driver check  
DSP u_pqm_pl_top/u_measurement_core/u_freq_analysis/u_harmonic_stats/u_mul_i_percent/product input pin u_pqm_pl_top/u_measurement_core/u_freq_analysis/u_harmonic_stats/u_mul_i_percent/product/A[9] is connected to registers with an asynchronous reset. This is preventing the possibility of merging these registers in to the DSP Block since the DSP block registers only possess synchronous reset capability.  It is suggested to recode or change these registers to remove the reset or use a synchronous reset to get the best optimization for performance, power and area.
Related violations: <none>

DPIR-1#31 Warning
Asynchronous driver check  
DSP u_pqm_pl_top/u_measurement_core/u_freq_analysis/u_harmonic_stats/u_mul_u_percent/product input pin u_pqm_pl_top/u_measurement_core/u_freq_analysis/u_harmonic_stats/u_mul_u_percent/product/A[0] is connected to registers with an asynchronous reset. This is preventing the possibility of merging these registers in to the DSP Block since the DSP block registers only possess synchronous reset capability.  It is suggested to recode or change these registers to remove the reset or use a synchronous reset to get the best optimization for performance, power and area.
Related violations: <none>

DPIR-1#32 Warning
Asynchronous driver check  
DSP u_pqm_pl_top/u_measurement_core/u_freq_analysis/u_harmonic_stats/u_mul_u_percent/product input pin u_pqm_pl_top/u_measurement_core/u_freq_analysis/u_harmonic_stats/u_mul_u_percent/product/A[10] is connected to registers with an asynchronous reset. This is preventing the possibility of merging these registers in to the DSP Block since the DSP block registers only possess synchronous reset capability.  It is suggested to recode or change these registers to remove the reset or use a synchronous reset to get the best optimization for performance, power and area.
Related violations: <none>

DPIR-1#33 Warning
Asynchronous driver check  
DSP u_pqm_pl_top/u_measurement_core/u_freq_analysis/u_harmonic_stats/u_mul_u_percent/product input pin u_pqm_pl_top/u_measurement_core/u_freq_analysis/u_harmonic_stats/u_mul_u_percent/product/A[11] is connected to registers with an asynchronous reset. This is preventing the possibility of merging these registers in to the DSP Block since the DSP block registers only possess synchronous reset capability.  It is suggested to recode or change these registers to remove the reset or use a synchronous reset to get the best optimization for performance, power and area.
Related violations: <none>

DPIR-1#34 Warning
Asynchronous driver check  
DSP u_pqm_pl_top/u_measurement_core/u_freq_analysis/u_harmonic_stats/u_mul_u_percent/product input pin u_pqm_pl_top/u_measurement_core/u_freq_analysis/u_harmonic_stats/u_mul_u_percent/product/A[12] is connected to registers with an asynchronous reset. This is preventing the possibility of merging these registers in to the DSP Block since the DSP block registers only possess synchronous reset capability.  It is suggested to recode or change these registers to remove the reset or use a synchronous reset to get the best optimization for performance, power and area.
Related violations: <none>

DPIR-1#35 Warning
Asynchronous driver check  
DSP u_pqm_pl_top/u_measurement_core/u_freq_analysis/u_harmonic_stats/u_mul_u_percent/product input pin u_pqm_pl_top/u_measurement_core/u_freq_analysis/u_harmonic_stats/u_mul_u_percent/product/A[13] is connected to registers with an asynchronous reset. This is preventing the possibility of merging these registers in to the DSP Block since the DSP block registers only possess synchronous reset capability.  It is suggested to recode or change these registers to remove the reset or use a synchronous reset to get the best optimization for performance, power and area.
Related violations: <none>

DPIR-1#36 Warning
Asynchronous driver check  
DSP u_pqm_pl_top/u_measurement_core/u_freq_analysis/u_harmonic_stats/u_mul_u_percent/product input pin u_pqm_pl_top/u_measurement_core/u_freq_analysis/u_harmonic_stats/u_mul_u_percent/product/A[14] is connected to registers with an asynchronous reset. This is preventing the possibility of merging these registers in to the DSP Block since the DSP block registers only possess synchronous reset capability.  It is suggested to recode or change these registers to remove the reset or use a synchronous reset to get the best optimization for performance, power and area.
Related violations: <none>

DPIR-1#37 Warning
Asynchronous driver check  
DSP u_pqm_pl_top/u_measurement_core/u_freq_analysis/u_harmonic_stats/u_mul_u_percent/product input pin u_pqm_pl_top/u_measurement_core/u_freq_analysis/u_harmonic_stats/u_mul_u_percent/product/A[15] is connected to registers with an asynchronous reset. This is preventing the possibility of merging these registers in to the DSP Block since the DSP block registers only possess synchronous reset capability.  It is suggested to recode or change these registers to remove the reset or use a synchronous reset to get the best optimization for performance, power and area.
Related violations: <none>

DPIR-1#38 Warning
Asynchronous driver check  
DSP u_pqm_pl_top/u_measurement_core/u_freq_analysis/u_harmonic_stats/u_mul_u_percent/product input pin u_pqm_pl_top/u_measurement_core/u_freq_analysis/u_harmonic_stats/u_mul_u_percent/product/A[16] is connected to registers with an asynchronous reset. This is preventing the possibility of merging these registers in to the DSP Block since the DSP block registers only possess synchronous reset capability.  It is suggested to recode or change these registers to remove the reset or use a synchronous reset to get the best optimization for performance, power and area.
Related violations: <none>

DPIR-1#39 Warning
Asynchronous driver check  
DSP u_pqm_pl_top/u_measurement_core/u_freq_analysis/u_harmonic_stats/u_mul_u_percent/product input pin u_pqm_pl_top/u_measurement_core/u_freq_analysis/u_harmonic_stats/u_mul_u_percent/product/A[17] is connected to registers with an asynchronous reset. This is preventing the possibility of merging these registers in to the DSP Block since the DSP block registers only possess synchronous reset capability.  It is suggested to recode or change these registers to remove the reset or use a synchronous reset to get the best optimization for performance, power and area.
Related violations: <none>

DPIR-1#40 Warning
Asynchronous driver check  
DSP u_pqm_pl_top/u_measurement_core/u_freq_analysis/u_harmonic_stats/u_mul_u_percent/product input pin u_pqm_pl_top/u_measurement_core/u_freq_analysis/u_harmonic_stats/u_mul_u_percent/product/A[18] is connected to registers with an asynchronous reset. This is preventing the possibility of merging these registers in to the DSP Block since the DSP block registers only possess synchronous reset capability.  It is suggested to recode or change these registers to remove the reset or use a synchronous reset to get the best optimization for performance, power and area.
Related violations: <none>

DPIR-1#41 Warning
Asynchronous driver check  
DSP u_pqm_pl_top/u_measurement_core/u_freq_analysis/u_harmonic_stats/u_mul_u_percent/product input pin u_pqm_pl_top/u_measurement_core/u_freq_analysis/u_harmonic_stats/u_mul_u_percent/product/A[19] is connected to registers with an asynchronous reset. This is preventing the possibility of merging these registers in to the DSP Block since the DSP block registers only possess synchronous reset capability.  It is suggested to recode or change these registers to remove the reset or use a synchronous reset to get the best optimization for performance, power and area.
Related violations: <none>

DPIR-1#42 Warning
Asynchronous driver check  
DSP u_pqm_pl_top/u_measurement_core/u_freq_analysis/u_harmonic_stats/u_mul_u_percent/product input pin u_pqm_pl_top/u_measurement_core/u_freq_analysis/u_harmonic_stats/u_mul_u_percent/product/A[1] is connected to registers with an asynchronous reset. This is preventing the possibility of merging these registers in to the DSP Block since the DSP block registers only possess synchronous reset capability.  It is suggested to recode or change these registers to remove the reset or use a synchronous reset to get the best optimization for performance, power and area.
Related violations: <none>

DPIR-1#43 Warning
Asynchronous driver check  
DSP u_pqm_pl_top/u_measurement_core/u_freq_analysis/u_harmonic_stats/u_mul_u_percent/product input pin u_pqm_pl_top/u_measurement_core/u_freq_analysis/u_harmonic_stats/u_mul_u_percent/product/A[20] is connected to registers with an asynchronous reset. This is preventing the possibility of merging these registers in to the DSP Block since the DSP block registers only possess synchronous reset capability.  It is suggested to recode or change these registers to remove the reset or use a synchronous reset to get the best optimization for performance, power and area.
Related violations: <none>

DPIR-1#44 Warning
Asynchronous driver check  
DSP u_pqm_pl_top/u_measurement_core/u_freq_analysis/u_harmonic_stats/u_mul_u_percent/product input pin u_pqm_pl_top/u_measurement_core/u_freq_analysis/u_harmonic_stats/u_mul_u_percent/product/A[21] is connected to registers with an asynchronous reset. This is preventing the possibility of merging these registers in to the DSP Block since the DSP block registers only possess synchronous reset capability.  It is suggested to recode or change these registers to remove the reset or use a synchronous reset to get the best optimization for performance, power and area.
Related violations: <none>

DPIR-1#45 Warning
Asynchronous driver check  
DSP u_pqm_pl_top/u_measurement_core/u_freq_analysis/u_harmonic_stats/u_mul_u_percent/product input pin u_pqm_pl_top/u_measurement_core/u_freq_analysis/u_harmonic_stats/u_mul_u_percent/product/A[22] is connected to registers with an asynchronous reset. This is preventing the possibility of merging these registers in to the DSP Block since the DSP block registers only possess synchronous reset capability.  It is suggested to recode or change these registers to remove the reset or use a synchronous reset to get the best optimization for performance, power and area.
Related violations: <none>

DPIR-1#46 Warning
Asynchronous driver check  
DSP u_pqm_pl_top/u_measurement_core/u_freq_analysis/u_harmonic_stats/u_mul_u_percent/product input pin u_pqm_pl_top/u_measurement_core/u_freq_analysis/u_harmonic_stats/u_mul_u_percent/product/A[23] is connected to registers with an asynchronous reset. This is preventing the possibility of merging these registers in to the DSP Block since the DSP block registers only possess synchronous reset capability.  It is suggested to recode or change these registers to remove the reset or use a synchronous reset to get the best optimization for performance, power and area.
Related violations: <none>

DPIR-1#47 Warning
Asynchronous driver check  
DSP u_pqm_pl_top/u_measurement_core/u_freq_analysis/u_harmonic_stats/u_mul_u_percent/product input pin u_pqm_pl_top/u_measurement_core/u_freq_analysis/u_harmonic_stats/u_mul_u_percent/product/A[24] is connected to registers with an asynchronous reset. This is preventing the possibility of merging these registers in to the DSP Block since the DSP block registers only possess synchronous reset capability.  It is suggested to recode or change these registers to remove the reset or use a synchronous reset to get the best optimization for performance, power and area.
Related violations: <none>

DPIR-1#48 Warning
Asynchronous driver check  
DSP u_pqm_pl_top/u_measurement_core/u_freq_analysis/u_harmonic_stats/u_mul_u_percent/product input pin u_pqm_pl_top/u_measurement_core/u_freq_analysis/u_harmonic_stats/u_mul_u_percent/product/A[25] is connected to registers with an asynchronous reset. This is preventing the possibility of merging these registers in to the DSP Block since the DSP block registers only possess synchronous reset capability.  It is suggested to recode or change these registers to remove the reset or use a synchronous reset to get the best optimization for performance, power and area.
Related violations: <none>

DPIR-1#49 Warning
Asynchronous driver check  
DSP u_pqm_pl_top/u_measurement_core/u_freq_analysis/u_harmonic_stats/u_mul_u_percent/product input pin u_pqm_pl_top/u_measurement_core/u_freq_analysis/u_harmonic_stats/u_mul_u_percent/product/A[26] is connected to registers with an asynchronous reset. This is preventing the possibility of merging these registers in to the DSP Block since the DSP block registers only possess synchronous reset capability.  It is suggested to recode or change these registers to remove the reset or use a synchronous reset to get the best optimization for performance, power and area.
Related violations: <none>

DPIR-1#50 Warning
Asynchronous driver check  
DSP u_pqm_pl_top/u_measurement_core/u_freq_analysis/u_harmonic_stats/u_mul_u_percent/product input pin u_pqm_pl_top/u_measurement_core/u_freq_analysis/u_harmonic_stats/u_mul_u_percent/product/A[27] is connected to registers with an asynchronous reset. This is preventing the possibility of merging these registers in to the DSP Block since the DSP block registers only possess synchronous reset capability.  It is suggested to recode or change these registers to remove the reset or use a synchronous reset to get the best optimization for performance, power and area.
Related violations: <none>

DPIR-1#51 Warning
Asynchronous driver check  
DSP u_pqm_pl_top/u_measurement_core/u_freq_analysis/u_harmonic_stats/u_mul_u_percent/product input pin u_pqm_pl_top/u_measurement_core/u_freq_analysis/u_harmonic_stats/u_mul_u_percent/product/A[28] is connected to registers with an asynchronous reset. This is preventing the possibility of merging these registers in to the DSP Block since the DSP block registers only possess synchronous reset capability.  It is suggested to recode or change these registers to remove the reset or use a synchronous reset to get the best optimization for performance, power and area.
Related violations: <none>

DPIR-1#52 Warning
Asynchronous driver check  
DSP u_pqm_pl_top/u_measurement_core/u_freq_analysis/u_harmonic_stats/u_mul_u_percent/product input pin u_pqm_pl_top/u_measurement_core/u_freq_analysis/u_harmonic_stats/u_mul_u_percent/product/A[29] is connected to registers with an asynchronous reset. This is preventing the possibility of merging these registers in to the DSP Block since the DSP block registers only possess synchronous reset capability.  It is suggested to recode or change these registers to remove the reset or use a synchronous reset to get the best optimization for performance, power and area.
Related violations: <none>

DPIR-1#53 Warning
Asynchronous driver check  
DSP u_pqm_pl_top/u_measurement_core/u_freq_analysis/u_harmonic_stats/u_mul_u_percent/product input pin u_pqm_pl_top/u_measurement_core/u_freq_analysis/u_harmonic_stats/u_mul_u_percent/product/A[2] is connected to registers with an asynchronous reset. This is preventing the possibility of merging these registers in to the DSP Block since the DSP block registers only possess synchronous reset capability.  It is suggested to recode or change these registers to remove the reset or use a synchronous reset to get the best optimization for performance, power and area.
Related violations: <none>

DPIR-1#54 Warning
Asynchronous driver check  
DSP u_pqm_pl_top/u_measurement_core/u_freq_analysis/u_harmonic_stats/u_mul_u_percent/product input pin u_pqm_pl_top/u_measurement_core/u_freq_analysis/u_harmonic_stats/u_mul_u_percent/product/A[3] is connected to registers with an asynchronous reset. This is preventing the possibility of merging these registers in to the DSP Block since the DSP block registers only possess synchronous reset capability.  It is suggested to recode or change these registers to remove the reset or use a synchronous reset to get the best optimization for performance, power and area.
Related violations: <none>

DPIR-1#55 Warning
Asynchronous driver check  
DSP u_pqm_pl_top/u_measurement_core/u_freq_analysis/u_harmonic_stats/u_mul_u_percent/product input pin u_pqm_pl_top/u_measurement_core/u_freq_analysis/u_harmonic_stats/u_mul_u_percent/product/A[4] is connected to registers with an asynchronous reset. This is preventing the possibility of merging these registers in to the DSP Block since the DSP block registers only possess synchronous reset capability.  It is suggested to recode or change these registers to remove the reset or use a synchronous reset to get the best optimization for performance, power and area.
Related violations: <none>

DPIR-1#56 Warning
Asynchronous driver check  
DSP u_pqm_pl_top/u_measurement_core/u_freq_analysis/u_harmonic_stats/u_mul_u_percent/product input pin u_pqm_pl_top/u_measurement_core/u_freq_analysis/u_harmonic_stats/u_mul_u_percent/product/A[5] is connected to registers with an asynchronous reset. This is preventing the possibility of merging these registers in to the DSP Block since the DSP block registers only possess synchronous reset capability.  It is suggested to recode or change these registers to remove the reset or use a synchronous reset to get the best optimization for performance, power and area.
Related violations: <none>

DPIR-1#57 Warning
Asynchronous driver check  
DSP u_pqm_pl_top/u_measurement_core/u_freq_analysis/u_harmonic_stats/u_mul_u_percent/product input pin u_pqm_pl_top/u_measurement_core/u_freq_analysis/u_harmonic_stats/u_mul_u_percent/product/A[6] is connected to registers with an asynchronous reset. This is preventing the possibility of merging these registers in to the DSP Block since the DSP block registers only possess synchronous reset capability.  It is suggested to recode or change these registers to remove the reset or use a synchronous reset to get the best optimization for performance, power and area.
Related violations: <none>

DPIR-1#58 Warning
Asynchronous driver check  
DSP u_pqm_pl_top/u_measurement_core/u_freq_analysis/u_harmonic_stats/u_mul_u_percent/product input pin u_pqm_pl_top/u_measurement_core/u_freq_analysis/u_harmonic_stats/u_mul_u_percent/product/A[7] is connected to registers with an asynchronous reset. This is preventing the possibility of merging these registers in to the DSP Block since the DSP block registers only possess synchronous reset capability.  It is suggested to recode or change these registers to remove the reset or use a synchronous reset to get the best optimization for performance, power and area.
Related violations: <none>

DPIR-1#59 Warning
Asynchronous driver check  
DSP u_pqm_pl_top/u_measurement_core/u_freq_analysis/u_harmonic_stats/u_mul_u_percent/product input pin u_pqm_pl_top/u_measurement_core/u_freq_analysis/u_harmonic_stats/u_mul_u_percent/product/A[8] is connected to registers with an asynchronous reset. This is preventing the possibility of merging these registers in to the DSP Block since the DSP block registers only possess synchronous reset capability.  It is suggested to recode or change these registers to remove the reset or use a synchronous reset to get the best optimization for performance, power and area.
Related violations: <none>

DPIR-1#60 Warning
Asynchronous driver check  
DSP u_pqm_pl_top/u_measurement_core/u_freq_analysis/u_harmonic_stats/u_mul_u_percent/product input pin u_pqm_pl_top/u_measurement_core/u_freq_analysis/u_harmonic_stats/u_mul_u_percent/product/A[9] is connected to registers with an asynchronous reset. This is preventing the possibility of merging these registers in to the DSP Block since the DSP block registers only possess synchronous reset capability.  It is suggested to recode or change these registers to remove the reset or use a synchronous reset to get the best optimization for performance, power and area.
Related violations: <none>

DPIR-1#61 Warning
Asynchronous driver check  
DSP u_pqm_pl_top/u_measurement_core/u_freq_analysis/u_phase_vector_calc/phase_cross_next input pin u_pqm_pl_top/u_measurement_core/u_freq_analysis/u_phase_vector_calc/phase_cross_next/A[0] is connected to registers with an asynchronous reset. This is preventing the possibility of merging these registers in to the DSP Block since the DSP block registers only possess synchronous reset capability.  It is suggested to recode or change these registers to remove the reset or use a synchronous reset to get the best optimization for performance, power and area.
Related violations: <none>

DPIR-1#62 Warning
Asynchronous driver check  
DSP u_pqm_pl_top/u_measurement_core/u_freq_analysis/u_phase_vector_calc/phase_cross_next input pin u_pqm_pl_top/u_measurement_core/u_freq_analysis/u_phase_vector_calc/phase_cross_next/A[10] is connected to registers with an asynchronous reset. This is preventing the possibility of merging these registers in to the DSP Block since the DSP block registers only possess synchronous reset capability.  It is suggested to recode or change these registers to remove the reset or use a synchronous reset to get the best optimization for performance, power and area.
Related violations: <none>

DPIR-1#63 Warning
Asynchronous driver check  
DSP u_pqm_pl_top/u_measurement_core/u_freq_analysis/u_phase_vector_calc/phase_cross_next input pin u_pqm_pl_top/u_measurement_core/u_freq_analysis/u_phase_vector_calc/phase_cross_next/A[11] is connected to registers with an asynchronous reset. This is preventing the possibility of merging these registers in to the DSP Block since the DSP block registers only possess synchronous reset capability.  It is suggested to recode or change these registers to remove the reset or use a synchronous reset to get the best optimization for performance, power and area.
Related violations: <none>

DPIR-1#64 Warning
Asynchronous driver check  
DSP u_pqm_pl_top/u_measurement_core/u_freq_analysis/u_phase_vector_calc/phase_cross_next input pin u_pqm_pl_top/u_measurement_core/u_freq_analysis/u_phase_vector_calc/phase_cross_next/A[12] is connected to registers with an asynchronous reset. This is preventing the possibility of merging these registers in to the DSP Block since the DSP block registers only possess synchronous reset capability.  It is suggested to recode or change these registers to remove the reset or use a synchronous reset to get the best optimization for performance, power and area.
Related violations: <none>

DPIR-1#65 Warning
Asynchronous driver check  
DSP u_pqm_pl_top/u_measurement_core/u_freq_analysis/u_phase_vector_calc/phase_cross_next input pin u_pqm_pl_top/u_measurement_core/u_freq_analysis/u_phase_vector_calc/phase_cross_next/A[13] is connected to registers with an asynchronous reset. This is preventing the possibility of merging these registers in to the DSP Block since the DSP block registers only possess synchronous reset capability.  It is suggested to recode or change these registers to remove the reset or use a synchronous reset to get the best optimization for performance, power and area.
Related violations: <none>

DPIR-1#66 Warning
Asynchronous driver check  
DSP u_pqm_pl_top/u_measurement_core/u_freq_analysis/u_phase_vector_calc/phase_cross_next input pin u_pqm_pl_top/u_measurement_core/u_freq_analysis/u_phase_vector_calc/phase_cross_next/A[14] is connected to registers with an asynchronous reset. This is preventing the possibility of merging these registers in to the DSP Block since the DSP block registers only possess synchronous reset capability.  It is suggested to recode or change these registers to remove the reset or use a synchronous reset to get the best optimization for performance, power and area.
Related violations: <none>

DPIR-1#67 Warning
Asynchronous driver check  
DSP u_pqm_pl_top/u_measurement_core/u_freq_analysis/u_phase_vector_calc/phase_cross_next input pin u_pqm_pl_top/u_measurement_core/u_freq_analysis/u_phase_vector_calc/phase_cross_next/A[15] is connected to registers with an asynchronous reset. This is preventing the possibility of merging these registers in to the DSP Block since the DSP block registers only possess synchronous reset capability.  It is suggested to recode or change these registers to remove the reset or use a synchronous reset to get the best optimization for performance, power and area.
Related violations: <none>

DPIR-1#68 Warning
Asynchronous driver check  
DSP u_pqm_pl_top/u_measurement_core/u_freq_analysis/u_phase_vector_calc/phase_cross_next input pin u_pqm_pl_top/u_measurement_core/u_freq_analysis/u_phase_vector_calc/phase_cross_next/A[16] is connected to registers with an asynchronous reset. This is preventing the possibility of merging these registers in to the DSP Block since the DSP block registers only possess synchronous reset capability.  It is suggested to recode or change these registers to remove the reset or use a synchronous reset to get the best optimization for performance, power and area.
Related violations: <none>

DPIR-1#69 Warning
Asynchronous driver check  
DSP u_pqm_pl_top/u_measurement_core/u_freq_analysis/u_phase_vector_calc/phase_cross_next input pin u_pqm_pl_top/u_measurement_core/u_freq_analysis/u_phase_vector_calc/phase_cross_next/A[17] is connected to registers with an asynchronous reset. This is preventing the possibility of merging these registers in to the DSP Block since the DSP block registers only possess synchronous reset capability.  It is suggested to recode or change these registers to remove the reset or use a synchronous reset to get the best optimization for performance, power and area.
Related violations: <none>

DPIR-1#70 Warning
Asynchronous driver check  
DSP u_pqm_pl_top/u_measurement_core/u_freq_analysis/u_phase_vector_calc/phase_cross_next input pin u_pqm_pl_top/u_measurement_core/u_freq_analysis/u_phase_vector_calc/phase_cross_next/A[18] is connected to registers with an asynchronous reset. This is preventing the possibility of merging these registers in to the DSP Block since the DSP block registers only possess synchronous reset capability.  It is suggested to recode or change these registers to remove the reset or use a synchronous reset to get the best optimization for performance, power and area.
Related violations: <none>

DPIR-1#71 Warning
Asynchronous driver check  
DSP u_pqm_pl_top/u_measurement_core/u_freq_analysis/u_phase_vector_calc/phase_cross_next input pin u_pqm_pl_top/u_measurement_core/u_freq_analysis/u_phase_vector_calc/phase_cross_next/A[19] is connected to registers with an asynchronous reset. This is preventing the possibility of merging these registers in to the DSP Block since the DSP block registers only possess synchronous reset capability.  It is suggested to recode or change these registers to remove the reset or use a synchronous reset to get the best optimization for performance, power and area.
Related violations: <none>

DPIR-1#72 Warning
Asynchronous driver check  
DSP u_pqm_pl_top/u_measurement_core/u_freq_analysis/u_phase_vector_calc/phase_cross_next input pin u_pqm_pl_top/u_measurement_core/u_freq_analysis/u_phase_vector_calc/phase_cross_next/A[1] is connected to registers with an asynchronous reset. This is preventing the possibility of merging these registers in to the DSP Block since the DSP block registers only possess synchronous reset capability.  It is suggested to recode or change these registers to remove the reset or use a synchronous reset to get the best optimization for performance, power and area.
Related violations: <none>

DPIR-1#73 Warning
Asynchronous driver check  
DSP u_pqm_pl_top/u_measurement_core/u_freq_analysis/u_phase_vector_calc/phase_cross_next input pin u_pqm_pl_top/u_measurement_core/u_freq_analysis/u_phase_vector_calc/phase_cross_next/A[20] is connected to registers with an asynchronous reset. This is preventing the possibility of merging these registers in to the DSP Block since the DSP block registers only possess synchronous reset capability.  It is suggested to recode or change these registers to remove the reset or use a synchronous reset to get the best optimization for performance, power and area.
Related violations: <none>

DPIR-1#74 Warning
Asynchronous driver check  
DSP u_pqm_pl_top/u_measurement_core/u_freq_analysis/u_phase_vector_calc/phase_cross_next input pin u_pqm_pl_top/u_measurement_core/u_freq_analysis/u_phase_vector_calc/phase_cross_next/A[21] is connected to registers with an asynchronous reset. This is preventing the possibility of merging these registers in to the DSP Block since the DSP block registers only possess synchronous reset capability.  It is suggested to recode or change these registers to remove the reset or use a synchronous reset to get the best optimization for performance, power and area.
Related violations: <none>

DPIR-1#75 Warning
Asynchronous driver check  
DSP u_pqm_pl_top/u_measurement_core/u_freq_analysis/u_phase_vector_calc/phase_cross_next input pin u_pqm_pl_top/u_measurement_core/u_freq_analysis/u_phase_vector_calc/phase_cross_next/A[22] is connected to registers with an asynchronous reset. This is preventing the possibility of merging these registers in to the DSP Block since the DSP block registers only possess synchronous reset capability.  It is suggested to recode or change these registers to remove the reset or use a synchronous reset to get the best optimization for performance, power and area.
Related violations: <none>

DPIR-1#76 Warning
Asynchronous driver check  
DSP u_pqm_pl_top/u_measurement_core/u_freq_analysis/u_phase_vector_calc/phase_cross_next input pin u_pqm_pl_top/u_measurement_core/u_freq_analysis/u_phase_vector_calc/phase_cross_next/A[23] is connected to registers with an asynchronous reset. This is preventing the possibility of merging these registers in to the DSP Block since the DSP block registers only possess synchronous reset capability.  It is suggested to recode or change these registers to remove the reset or use a synchronous reset to get the best optimization for performance, power and area.
Related violations: <none>

DPIR-1#77 Warning
Asynchronous driver check  
DSP u_pqm_pl_top/u_measurement_core/u_freq_analysis/u_phase_vector_calc/phase_cross_next input pin u_pqm_pl_top/u_measurement_core/u_freq_analysis/u_phase_vector_calc/phase_cross_next/A[24] is connected to registers with an asynchronous reset. This is preventing the possibility of merging these registers in to the DSP Block since the DSP block registers only possess synchronous reset capability.  It is suggested to recode or change these registers to remove the reset or use a synchronous reset to get the best optimization for performance, power and area.
Related violations: <none>

DPIR-1#78 Warning
Asynchronous driver check  
DSP u_pqm_pl_top/u_measurement_core/u_freq_analysis/u_phase_vector_calc/phase_cross_next input pin u_pqm_pl_top/u_measurement_core/u_freq_analysis/u_phase_vector_calc/phase_cross_next/A[25] is connected to registers with an asynchronous reset. This is preventing the possibility of merging these registers in to the DSP Block since the DSP block registers only possess synchronous reset capability.  It is suggested to recode or change these registers to remove the reset or use a synchronous reset to get the best optimization for performance, power and area.
Related violations: <none>

DPIR-1#79 Warning
Asynchronous driver check  
DSP u_pqm_pl_top/u_measurement_core/u_freq_analysis/u_phase_vector_calc/phase_cross_next input pin u_pqm_pl_top/u_measurement_core/u_freq_analysis/u_phase_vector_calc/phase_cross_next/A[26] is connected to registers with an asynchronous reset. This is preventing the possibility of merging these registers in to the DSP Block since the DSP block registers only possess synchronous reset capability.  It is suggested to recode or change these registers to remove the reset or use a synchronous reset to get the best optimization for performance, power and area.
Related violations: <none>

DPIR-1#80 Warning
Asynchronous driver check  
DSP u_pqm_pl_top/u_measurement_core/u_freq_analysis/u_phase_vector_calc/phase_cross_next input pin u_pqm_pl_top/u_measurement_core/u_freq_analysis/u_phase_vector_calc/phase_cross_next/A[27] is connected to registers with an asynchronous reset. This is preventing the possibility of merging these registers in to the DSP Block since the DSP block registers only possess synchronous reset capability.  It is suggested to recode or change these registers to remove the reset or use a synchronous reset to get the best optimization for performance, power and area.
Related violations: <none>

DPIR-1#81 Warning
Asynchronous driver check  
DSP u_pqm_pl_top/u_measurement_core/u_freq_analysis/u_phase_vector_calc/phase_cross_next input pin u_pqm_pl_top/u_measurement_core/u_freq_analysis/u_phase_vector_calc/phase_cross_next/A[28] is connected to registers with an asynchronous reset. This is preventing the possibility of merging these registers in to the DSP Block since the DSP block registers only possess synchronous reset capability.  It is suggested to recode or change these registers to remove the reset or use a synchronous reset to get the best optimization for performance, power and area.
Related violations: <none>

DPIR-1#82 Warning
Asynchronous driver check  
DSP u_pqm_pl_top/u_measurement_core/u_freq_analysis/u_phase_vector_calc/phase_cross_next input pin u_pqm_pl_top/u_measurement_core/u_freq_analysis/u_phase_vector_calc/phase_cross_next/A[29] is connected to registers with an asynchronous reset. This is preventing the possibility of merging these registers in to the DSP Block since the DSP block registers only possess synchronous reset capability.  It is suggested to recode or change these registers to remove the reset or use a synchronous reset to get the best optimization for performance, power and area.
Related violations: <none>

DPIR-1#83 Warning
Asynchronous driver check  
DSP u_pqm_pl_top/u_measurement_core/u_freq_analysis/u_phase_vector_calc/phase_cross_next input pin u_pqm_pl_top/u_measurement_core/u_freq_analysis/u_phase_vector_calc/phase_cross_next/A[2] is connected to registers with an asynchronous reset. This is preventing the possibility of merging these registers in to the DSP Block since the DSP block registers only possess synchronous reset capability.  It is suggested to recode or change these registers to remove the reset or use a synchronous reset to get the best optimization for performance, power and area.
Related violations: <none>

DPIR-1#84 Warning
Asynchronous driver check  
DSP u_pqm_pl_top/u_measurement_core/u_freq_analysis/u_phase_vector_calc/phase_cross_next input pin u_pqm_pl_top/u_measurement_core/u_freq_analysis/u_phase_vector_calc/phase_cross_next/A[3] is connected to registers with an asynchronous reset. This is preventing the possibility of merging these registers in to the DSP Block since the DSP block registers only possess synchronous reset capability.  It is suggested to recode or change these registers to remove the reset or use a synchronous reset to get the best optimization for performance, power and area.
Related violations: <none>

DPIR-1#85 Warning
Asynchronous driver check  
DSP u_pqm_pl_top/u_measurement_core/u_freq_analysis/u_phase_vector_calc/phase_cross_next input pin u_pqm_pl_top/u_measurement_core/u_freq_analysis/u_phase_vector_calc/phase_cross_next/A[4] is connected to registers with an asynchronous reset. This is preventing the possibility of merging these registers in to the DSP Block since the DSP block registers only possess synchronous reset capability.  It is suggested to recode or change these registers to remove the reset or use a synchronous reset to get the best optimization for performance, power and area.
Related violations: <none>

DPIR-1#86 Warning
Asynchronous driver check  
DSP u_pqm_pl_top/u_measurement_core/u_freq_analysis/u_phase_vector_calc/phase_cross_next input pin u_pqm_pl_top/u_measurement_core/u_freq_analysis/u_phase_vector_calc/phase_cross_next/A[5] is connected to registers with an asynchronous reset. This is preventing the possibility of merging these registers in to the DSP Block since the DSP block registers only possess synchronous reset capability.  It is suggested to recode or change these registers to remove the reset or use a synchronous reset to get the best optimization for performance, power and area.
Related violations: <none>

DPIR-1#87 Warning
Asynchronous driver check  
DSP u_pqm_pl_top/u_measurement_core/u_freq_analysis/u_phase_vector_calc/phase_cross_next input pin u_pqm_pl_top/u_measurement_core/u_freq_analysis/u_phase_vector_calc/phase_cross_next/A[6] is connected to registers with an asynchronous reset. This is preventing the possibility of merging these registers in to the DSP Block since the DSP block registers only possess synchronous reset capability.  It is suggested to recode or change these registers to remove the reset or use a synchronous reset to get the best optimization for performance, power and area.
Related violations: <none>

DPIR-1#88 Warning
Asynchronous driver check  
DSP u_pqm_pl_top/u_measurement_core/u_freq_analysis/u_phase_vector_calc/phase_cross_next input pin u_pqm_pl_top/u_measurement_core/u_freq_analysis/u_phase_vector_calc/phase_cross_next/A[7] is connected to registers with an asynchronous reset. This is preventing the possibility of merging these registers in to the DSP Block since the DSP block registers only possess synchronous reset capability.  It is suggested to recode or change these registers to remove the reset or use a synchronous reset to get the best optimization for performance, power and area.
Related violations: <none>

DPIR-1#89 Warning
Asynchronous driver check  
DSP u_pqm_pl_top/u_measurement_core/u_freq_analysis/u_phase_vector_calc/phase_cross_next input pin u_pqm_pl_top/u_measurement_core/u_freq_analysis/u_phase_vector_calc/phase_cross_next/A[8] is connected to registers with an asynchronous reset. This is preventing the possibility of merging these registers in to the DSP Block since the DSP block registers only possess synchronous reset capability.  It is suggested to recode or change these registers to remove the reset or use a synchronous reset to get the best optimization for performance, power and area.
Related violations: <none>

DPIR-1#90 Warning
Asynchronous driver check  
DSP u_pqm_pl_top/u_measurement_core/u_freq_analysis/u_phase_vector_calc/phase_cross_next input pin u_pqm_pl_top/u_measurement_core/u_freq_analysis/u_phase_vector_calc/phase_cross_next/A[9] is connected to registers with an asynchronous reset. This is preventing the possibility of merging these registers in to the DSP Block since the DSP block registers only possess synchronous reset capability.  It is suggested to recode or change these registers to remove the reset or use a synchronous reset to get the best optimization for performance, power and area.
Related violations: <none>

DPIR-1#91 Warning
Asynchronous driver check  
DSP u_pqm_pl_top/u_measurement_core/u_freq_analysis/u_phase_vector_calc/phase_cross_next input pin u_pqm_pl_top/u_measurement_core/u_freq_analysis/u_phase_vector_calc/phase_cross_next/B[0] is connected to registers with an asynchronous reset. This is preventing the possibility of merging these registers in to the DSP Block since the DSP block registers only possess synchronous reset capability.  It is suggested to recode or change these registers to remove the reset or use a synchronous reset to get the best optimization for performance, power and area.
Related violations: <none>

DPIR-1#92 Warning
Asynchronous driver check  
DSP u_pqm_pl_top/u_measurement_core/u_freq_analysis/u_phase_vector_calc/phase_cross_next input pin u_pqm_pl_top/u_measurement_core/u_freq_analysis/u_phase_vector_calc/phase_cross_next/B[10] is connected to registers with an asynchronous reset. This is preventing the possibility of merging these registers in to the DSP Block since the DSP block registers only possess synchronous reset capability.  It is suggested to recode or change these registers to remove the reset or use a synchronous reset to get the best optimization for performance, power and area.
Related violations: <none>

DPIR-1#93 Warning
Asynchronous driver check  
DSP u_pqm_pl_top/u_measurement_core/u_freq_analysis/u_phase_vector_calc/phase_cross_next input pin u_pqm_pl_top/u_measurement_core/u_freq_analysis/u_phase_vector_calc/phase_cross_next/B[11] is connected to registers with an asynchronous reset. This is preventing the possibility of merging these registers in to the DSP Block since the DSP block registers only possess synchronous reset capability.  It is suggested to recode or change these registers to remove the reset or use a synchronous reset to get the best optimization for performance, power and area.
Related violations: <none>

DPIR-1#94 Warning
Asynchronous driver check  
DSP u_pqm_pl_top/u_measurement_core/u_freq_analysis/u_phase_vector_calc/phase_cross_next input pin u_pqm_pl_top/u_measurement_core/u_freq_analysis/u_phase_vector_calc/phase_cross_next/B[12] is connected to registers with an asynchronous reset. This is preventing the possibility of merging these registers in to the DSP Block since the DSP block registers only possess synchronous reset capability.  It is suggested to recode or change these registers to remove the reset or use a synchronous reset to get the best optimization for performance, power and area.
Related violations: <none>

DPIR-1#95 Warning
Asynchronous driver check  
DSP u_pqm_pl_top/u_measurement_core/u_freq_analysis/u_phase_vector_calc/phase_cross_next input pin u_pqm_pl_top/u_measurement_core/u_freq_analysis/u_phase_vector_calc/phase_cross_next/B[13] is connected to registers with an asynchronous reset. This is preventing the possibility of merging these registers in to the DSP Block since the DSP block registers only possess synchronous reset capability.  It is suggested to recode or change these registers to remove the reset or use a synchronous reset to get the best optimization for performance, power and area.
Related violations: <none>

DPIR-1#96 Warning
Asynchronous driver check  
DSP u_pqm_pl_top/u_measurement_core/u_freq_analysis/u_phase_vector_calc/phase_cross_next input pin u_pqm_pl_top/u_measurement_core/u_freq_analysis/u_phase_vector_calc/phase_cross_next/B[14] is connected to registers with an asynchronous reset. This is preventing the possibility of merging these registers in to the DSP Block since the DSP block registers only possess synchronous reset capability.  It is suggested to recode or change these registers to remove the reset or use a synchronous reset to get the best optimization for performance, power and area.
Related violations: <none>

DPIR-1#97 Warning
Asynchronous driver check  
DSP u_pqm_pl_top/u_measurement_core/u_freq_analysis/u_phase_vector_calc/phase_cross_next input pin u_pqm_pl_top/u_measurement_core/u_freq_analysis/u_phase_vector_calc/phase_cross_next/B[15] is connected to registers with an asynchronous reset. This is preventing the possibility of merging these registers in to the DSP Block since the DSP block registers only possess synchronous reset capability.  It is suggested to recode or change these registers to remove the reset or use a synchronous reset to get the best optimization for performance, power and area.
Related violations: <none>

DPIR-1#98 Warning
Asynchronous driver check  
DSP u_pqm_pl_top/u_measurement_core/u_freq_analysis/u_phase_vector_calc/phase_cross_next input pin u_pqm_pl_top/u_measurement_core/u_freq_analysis/u_phase_vector_calc/phase_cross_next/B[16] is connected to registers with an asynchronous reset. This is preventing the possibility of merging these registers in to the DSP Block since the DSP block registers only possess synchronous reset capability.  It is suggested to recode or change these registers to remove the reset or use a synchronous reset to get the best optimization for performance, power and area.
Related violations: <none>

DPIR-1#99 Warning
Asynchronous driver check  
DSP u_pqm_pl_top/u_measurement_core/u_freq_analysis/u_phase_vector_calc/phase_cross_next input pin u_pqm_pl_top/u_measurement_core/u_freq_analysis/u_phase_vector_calc/phase_cross_next/B[17] is connected to registers with an asynchronous reset. This is preventing the possibility of merging these registers in to the DSP Block since the DSP block registers only possess synchronous reset capability.  It is suggested to recode or change these registers to remove the reset or use a synchronous reset to get the best optimization for performance, power and area.
Related violations: <none>

DPIR-1#100 Warning
Asynchronous driver check  
DSP u_pqm_pl_top/u_measurement_core/u_freq_analysis/u_phase_vector_calc/phase_cross_next input pin u_pqm_pl_top/u_measurement_core/u_freq_analysis/u_phase_vector_calc/phase_cross_next/B[1] is connected to registers with an asynchronous reset. This is preventing the possibility of merging these registers in to the DSP Block since the DSP block registers only possess synchronous reset capability.  It is suggested to recode or change these registers to remove the reset or use a synchronous reset to get the best optimization for performance, power and area.
Related violations: <none>

DPIR-1#101 Warning
Asynchronous driver check  
DSP u_pqm_pl_top/u_measurement_core/u_freq_analysis/u_phase_vector_calc/phase_cross_next input pin u_pqm_pl_top/u_measurement_core/u_freq_analysis/u_phase_vector_calc/phase_cross_next/B[2] is connected to registers with an asynchronous reset. This is preventing the possibility of merging these registers in to the DSP Block since the DSP block registers only possess synchronous reset capability.  It is suggested to recode or change these registers to remove the reset or use a synchronous reset to get the best optimization for performance, power and area.
Related violations: <none>

DPIR-1#102 Warning
Asynchronous driver check  
DSP u_pqm_pl_top/u_measurement_core/u_freq_analysis/u_phase_vector_calc/phase_cross_next input pin u_pqm_pl_top/u_measurement_core/u_freq_analysis/u_phase_vector_calc/phase_cross_next/B[3] is connected to registers with an asynchronous reset. This is preventing the possibility of merging these registers in to the DSP Block since the DSP block registers only possess synchronous reset capability.  It is suggested to recode or change these registers to remove the reset or use a synchronous reset to get the best optimization for performance, power and area.
Related violations: <none>

DPIR-1#103 Warning
Asynchronous driver check  
DSP u_pqm_pl_top/u_measurement_core/u_freq_analysis/u_phase_vector_calc/phase_cross_next input pin u_pqm_pl_top/u_measurement_core/u_freq_analysis/u_phase_vector_calc/phase_cross_next/B[4] is connected to registers with an asynchronous reset. This is preventing the possibility of merging these registers in to the DSP Block since the DSP block registers only possess synchronous reset capability.  It is suggested to recode or change these registers to remove the reset or use a synchronous reset to get the best optimization for performance, power and area.
Related violations: <none>

DPIR-1#104 Warning
Asynchronous driver check  
DSP u_pqm_pl_top/u_measurement_core/u_freq_analysis/u_phase_vector_calc/phase_cross_next input pin u_pqm_pl_top/u_measurement_core/u_freq_analysis/u_phase_vector_calc/phase_cross_next/B[5] is connected to registers with an asynchronous reset. This is preventing the possibility of merging these registers in to the DSP Block since the DSP block registers only possess synchronous reset capability.  It is suggested to recode or change these registers to remove the reset or use a synchronous reset to get the best optimization for performance, power and area.
Related violations: <none>

DPIR-1#105 Warning
Asynchronous driver check  
DSP u_pqm_pl_top/u_measurement_core/u_freq_analysis/u_phase_vector_calc/phase_cross_next input pin u_pqm_pl_top/u_measurement_core/u_freq_analysis/u_phase_vector_calc/phase_cross_next/B[6] is connected to registers with an asynchronous reset. This is preventing the possibility of merging these registers in to the DSP Block since the DSP block registers only possess synchronous reset capability.  It is suggested to recode or change these registers to remove the reset or use a synchronous reset to get the best optimization for performance, power and area.
Related violations: <none>

DPIR-1#106 Warning
Asynchronous driver check  
DSP u_pqm_pl_top/u_measurement_core/u_freq_analysis/u_phase_vector_calc/phase_cross_next input pin u_pqm_pl_top/u_measurement_core/u_freq_analysis/u_phase_vector_calc/phase_cross_next/B[7] is connected to registers with an asynchronous reset. This is preventing the possibility of merging these registers in to the DSP Block since the DSP block registers only possess synchronous reset capability.  It is suggested to recode or change these registers to remove the reset or use a synchronous reset to get the best optimization for performance, power and area.
Related violations: <none>

DPIR-1#107 Warning
Asynchronous driver check  
DSP u_pqm_pl_top/u_measurement_core/u_freq_analysis/u_phase_vector_calc/phase_cross_next input pin u_pqm_pl_top/u_measurement_core/u_freq_analysis/u_phase_vector_calc/phase_cross_next/B[8] is connected to registers with an asynchronous reset. This is preventing the possibility of merging these registers in to the DSP Block since the DSP block registers only possess synchronous reset capability.  It is suggested to recode or change these registers to remove the reset or use a synchronous reset to get the best optimization for performance, power and area.
Related violations: <none>

DPIR-1#108 Warning
Asynchronous driver check  
DSP u_pqm_pl_top/u_measurement_core/u_freq_analysis/u_phase_vector_calc/phase_cross_next input pin u_pqm_pl_top/u_measurement_core/u_freq_analysis/u_phase_vector_calc/phase_cross_next/B[9] is connected to registers with an asynchronous reset. This is preventing the possibility of merging these registers in to the DSP Block since the DSP block registers only possess synchronous reset capability.  It is suggested to recode or change these registers to remove the reset or use a synchronous reset to get the best optimization for performance, power and area.
Related violations: <none>

DPIR-1#109 Warning
Asynchronous driver check  
DSP u_pqm_pl_top/u_measurement_core/u_freq_analysis/u_phase_vector_calc/phase_dot_next input pin u_pqm_pl_top/u_measurement_core/u_freq_analysis/u_phase_vector_calc/phase_dot_next/A[0] is connected to registers with an asynchronous reset. This is preventing the possibility of merging these registers in to the DSP Block since the DSP block registers only possess synchronous reset capability.  It is suggested to recode or change these registers to remove the reset or use a synchronous reset to get the best optimization for performance, power and area.
Related violations: <none>

DPIR-1#110 Warning
Asynchronous driver check  
DSP u_pqm_pl_top/u_measurement_core/u_freq_analysis/u_phase_vector_calc/phase_dot_next input pin u_pqm_pl_top/u_measurement_core/u_freq_analysis/u_phase_vector_calc/phase_dot_next/A[10] is connected to registers with an asynchronous reset. This is preventing the possibility of merging these registers in to the DSP Block since the DSP block registers only possess synchronous reset capability.  It is suggested to recode or change these registers to remove the reset or use a synchronous reset to get the best optimization for performance, power and area.
Related violations: <none>

DPIR-1#111 Warning
Asynchronous driver check  
DSP u_pqm_pl_top/u_measurement_core/u_freq_analysis/u_phase_vector_calc/phase_dot_next input pin u_pqm_pl_top/u_measurement_core/u_freq_analysis/u_phase_vector_calc/phase_dot_next/A[11] is connected to registers with an asynchronous reset. This is preventing the possibility of merging these registers in to the DSP Block since the DSP block registers only possess synchronous reset capability.  It is suggested to recode or change these registers to remove the reset or use a synchronous reset to get the best optimization for performance, power and area.
Related violations: <none>

DPIR-1#112 Warning
Asynchronous driver check  
DSP u_pqm_pl_top/u_measurement_core/u_freq_analysis/u_phase_vector_calc/phase_dot_next input pin u_pqm_pl_top/u_measurement_core/u_freq_analysis/u_phase_vector_calc/phase_dot_next/A[12] is connected to registers with an asynchronous reset. This is preventing the possibility of merging these registers in to the DSP Block since the DSP block registers only possess synchronous reset capability.  It is suggested to recode or change these registers to remove the reset or use a synchronous reset to get the best optimization for performance, power and area.
Related violations: <none>

DPIR-1#113 Warning
Asynchronous driver check  
DSP u_pqm_pl_top/u_measurement_core/u_freq_analysis/u_phase_vector_calc/phase_dot_next input pin u_pqm_pl_top/u_measurement_core/u_freq_analysis/u_phase_vector_calc/phase_dot_next/A[13] is connected to registers with an asynchronous reset. This is preventing the possibility of merging these registers in to the DSP Block since the DSP block registers only possess synchronous reset capability.  It is suggested to recode or change these registers to remove the reset or use a synchronous reset to get the best optimization for performance, power and area.
Related violations: <none>

DPIR-1#114 Warning
Asynchronous driver check  
DSP u_pqm_pl_top/u_measurement_core/u_freq_analysis/u_phase_vector_calc/phase_dot_next input pin u_pqm_pl_top/u_measurement_core/u_freq_analysis/u_phase_vector_calc/phase_dot_next/A[14] is connected to registers with an asynchronous reset. This is preventing the possibility of merging these registers in to the DSP Block since the DSP block registers only possess synchronous reset capability.  It is suggested to recode or change these registers to remove the reset or use a synchronous reset to get the best optimization for performance, power and area.
Related violations: <none>

DPIR-1#115 Warning
Asynchronous driver check  
DSP u_pqm_pl_top/u_measurement_core/u_freq_analysis/u_phase_vector_calc/phase_dot_next input pin u_pqm_pl_top/u_measurement_core/u_freq_analysis/u_phase_vector_calc/phase_dot_next/A[15] is connected to registers with an asynchronous reset. This is preventing the possibility of merging these registers in to the DSP Block since the DSP block registers only possess synchronous reset capability.  It is suggested to recode or change these registers to remove the reset or use a synchronous reset to get the best optimization for performance, power and area.
Related violations: <none>

DPIR-1#116 Warning
Asynchronous driver check  
DSP u_pqm_pl_top/u_measurement_core/u_freq_analysis/u_phase_vector_calc/phase_dot_next input pin u_pqm_pl_top/u_measurement_core/u_freq_analysis/u_phase_vector_calc/phase_dot_next/A[16] is connected to registers with an asynchronous reset. This is preventing the possibility of merging these registers in to the DSP Block since the DSP block registers only possess synchronous reset capability.  It is suggested to recode or change these registers to remove the reset or use a synchronous reset to get the best optimization for performance, power and area.
Related violations: <none>

DPIR-1#117 Warning
Asynchronous driver check  
DSP u_pqm_pl_top/u_measurement_core/u_freq_analysis/u_phase_vector_calc/phase_dot_next input pin u_pqm_pl_top/u_measurement_core/u_freq_analysis/u_phase_vector_calc/phase_dot_next/A[17] is connected to registers with an asynchronous reset. This is preventing the possibility of merging these registers in to the DSP Block since the DSP block registers only possess synchronous reset capability.  It is suggested to recode or change these registers to remove the reset or use a synchronous reset to get the best optimization for performance, power and area.
Related violations: <none>

DPIR-1#118 Warning
Asynchronous driver check  
DSP u_pqm_pl_top/u_measurement_core/u_freq_analysis/u_phase_vector_calc/phase_dot_next input pin u_pqm_pl_top/u_measurement_core/u_freq_analysis/u_phase_vector_calc/phase_dot_next/A[18] is connected to registers with an asynchronous reset. This is preventing the possibility of merging these registers in to the DSP Block since the DSP block registers only possess synchronous reset capability.  It is suggested to recode or change these registers to remove the reset or use a synchronous reset to get the best optimization for performance, power and area.
Related violations: <none>

DPIR-1#119 Warning
Asynchronous driver check  
DSP u_pqm_pl_top/u_measurement_core/u_freq_analysis/u_phase_vector_calc/phase_dot_next input pin u_pqm_pl_top/u_measurement_core/u_freq_analysis/u_phase_vector_calc/phase_dot_next/A[19] is connected to registers with an asynchronous reset. This is preventing the possibility of merging these registers in to the DSP Block since the DSP block registers only possess synchronous reset capability.  It is suggested to recode or change these registers to remove the reset or use a synchronous reset to get the best optimization for performance, power and area.
Related violations: <none>

DPIR-1#120 Warning
Asynchronous driver check  
DSP u_pqm_pl_top/u_measurement_core/u_freq_analysis/u_phase_vector_calc/phase_dot_next input pin u_pqm_pl_top/u_measurement_core/u_freq_analysis/u_phase_vector_calc/phase_dot_next/A[1] is connected to registers with an asynchronous reset. This is preventing the possibility of merging these registers in to the DSP Block since the DSP block registers only possess synchronous reset capability.  It is suggested to recode or change these registers to remove the reset or use a synchronous reset to get the best optimization for performance, power and area.
Related violations: <none>

DPIR-1#121 Warning
Asynchronous driver check  
DSP u_pqm_pl_top/u_measurement_core/u_freq_analysis/u_phase_vector_calc/phase_dot_next input pin u_pqm_pl_top/u_measurement_core/u_freq_analysis/u_phase_vector_calc/phase_dot_next/A[20] is connected to registers with an asynchronous reset. This is preventing the possibility of merging these registers in to the DSP Block since the DSP block registers only possess synchronous reset capability.  It is suggested to recode or change these registers to remove the reset or use a synchronous reset to get the best optimization for performance, power and area.
Related violations: <none>

DPIR-1#122 Warning
Asynchronous driver check  
DSP u_pqm_pl_top/u_measurement_core/u_freq_analysis/u_phase_vector_calc/phase_dot_next input pin u_pqm_pl_top/u_measurement_core/u_freq_analysis/u_phase_vector_calc/phase_dot_next/A[21] is connected to registers with an asynchronous reset. This is preventing the possibility of merging these registers in to the DSP Block since the DSP block registers only possess synchronous reset capability.  It is suggested to recode or change these registers to remove the reset or use a synchronous reset to get the best optimization for performance, power and area.
Related violations: <none>

DPIR-1#123 Warning
Asynchronous driver check  
DSP u_pqm_pl_top/u_measurement_core/u_freq_analysis/u_phase_vector_calc/phase_dot_next input pin u_pqm_pl_top/u_measurement_core/u_freq_analysis/u_phase_vector_calc/phase_dot_next/A[22] is connected to registers with an asynchronous reset. This is preventing the possibility of merging these registers in to the DSP Block since the DSP block registers only possess synchronous reset capability.  It is suggested to recode or change these registers to remove the reset or use a synchronous reset to get the best optimization for performance, power and area.
Related violations: <none>

DPIR-1#124 Warning
Asynchronous driver check  
DSP u_pqm_pl_top/u_measurement_core/u_freq_analysis/u_phase_vector_calc/phase_dot_next input pin u_pqm_pl_top/u_measurement_core/u_freq_analysis/u_phase_vector_calc/phase_dot_next/A[23] is connected to registers with an asynchronous reset. This is preventing the possibility of merging these registers in to the DSP Block since the DSP block registers only possess synchronous reset capability.  It is suggested to recode or change these registers to remove the reset or use a synchronous reset to get the best optimization for performance, power and area.
Related violations: <none>

DPIR-1#125 Warning
Asynchronous driver check  
DSP u_pqm_pl_top/u_measurement_core/u_freq_analysis/u_phase_vector_calc/phase_dot_next input pin u_pqm_pl_top/u_measurement_core/u_freq_analysis/u_phase_vector_calc/phase_dot_next/A[24] is connected to registers with an asynchronous reset. This is preventing the possibility of merging these registers in to the DSP Block since the DSP block registers only possess synchronous reset capability.  It is suggested to recode or change these registers to remove the reset or use a synchronous reset to get the best optimization for performance, power and area.
Related violations: <none>

DPIR-1#126 Warning
Asynchronous driver check  
DSP u_pqm_pl_top/u_measurement_core/u_freq_analysis/u_phase_vector_calc/phase_dot_next input pin u_pqm_pl_top/u_measurement_core/u_freq_analysis/u_phase_vector_calc/phase_dot_next/A[25] is connected to registers with an asynchronous reset. This is preventing the possibility of merging these registers in to the DSP Block since the DSP block registers only possess synchronous reset capability.  It is suggested to recode or change these registers to remove the reset or use a synchronous reset to get the best optimization for performance, power and area.
Related violations: <none>

DPIR-1#127 Warning
Asynchronous driver check  
DSP u_pqm_pl_top/u_measurement_core/u_freq_analysis/u_phase_vector_calc/phase_dot_next input pin u_pqm_pl_top/u_measurement_core/u_freq_analysis/u_phase_vector_calc/phase_dot_next/A[26] is connected to registers with an asynchronous reset. This is preventing the possibility of merging these registers in to the DSP Block since the DSP block registers only possess synchronous reset capability.  It is suggested to recode or change these registers to remove the reset or use a synchronous reset to get the best optimization for performance, power and area.
Related violations: <none>

DPIR-1#128 Warning
Asynchronous driver check  
DSP u_pqm_pl_top/u_measurement_core/u_freq_analysis/u_phase_vector_calc/phase_dot_next input pin u_pqm_pl_top/u_measurement_core/u_freq_analysis/u_phase_vector_calc/phase_dot_next/A[27] is connected to registers with an asynchronous reset. This is preventing the possibility of merging these registers in to the DSP Block since the DSP block registers only possess synchronous reset capability.  It is suggested to recode or change these registers to remove the reset or use a synchronous reset to get the best optimization for performance, power and area.
Related violations: <none>

DPIR-1#129 Warning
Asynchronous driver check  
DSP u_pqm_pl_top/u_measurement_core/u_freq_analysis/u_phase_vector_calc/phase_dot_next input pin u_pqm_pl_top/u_measurement_core/u_freq_analysis/u_phase_vector_calc/phase_dot_next/A[28] is connected to registers with an asynchronous reset. This is preventing the possibility of merging these registers in to the DSP Block since the DSP block registers only possess synchronous reset capability.  It is suggested to recode or change these registers to remove the reset or use a synchronous reset to get the best optimization for performance, power and area.
Related violations: <none>

DPIR-1#130 Warning
Asynchronous driver check  
DSP u_pqm_pl_top/u_measurement_core/u_freq_analysis/u_phase_vector_calc/phase_dot_next input pin u_pqm_pl_top/u_measurement_core/u_freq_analysis/u_phase_vector_calc/phase_dot_next/A[29] is connected to registers with an asynchronous reset. This is preventing the possibility of merging these registers in to the DSP Block since the DSP block registers only possess synchronous reset capability.  It is suggested to recode or change these registers to remove the reset or use a synchronous reset to get the best optimization for performance, power and area.
Related violations: <none>

DPIR-1#131 Warning
Asynchronous driver check  
DSP u_pqm_pl_top/u_measurement_core/u_freq_analysis/u_phase_vector_calc/phase_dot_next input pin u_pqm_pl_top/u_measurement_core/u_freq_analysis/u_phase_vector_calc/phase_dot_next/A[2] is connected to registers with an asynchronous reset. This is preventing the possibility of merging these registers in to the DSP Block since the DSP block registers only possess synchronous reset capability.  It is suggested to recode or change these registers to remove the reset or use a synchronous reset to get the best optimization for performance, power and area.
Related violations: <none>

DPIR-1#132 Warning
Asynchronous driver check  
DSP u_pqm_pl_top/u_measurement_core/u_freq_analysis/u_phase_vector_calc/phase_dot_next input pin u_pqm_pl_top/u_measurement_core/u_freq_analysis/u_phase_vector_calc/phase_dot_next/A[3] is connected to registers with an asynchronous reset. This is preventing the possibility of merging these registers in to the DSP Block since the DSP block registers only possess synchronous reset capability.  It is suggested to recode or change these registers to remove the reset or use a synchronous reset to get the best optimization for performance, power and area.
Related violations: <none>

DPIR-1#133 Warning
Asynchronous driver check  
DSP u_pqm_pl_top/u_measurement_core/u_freq_analysis/u_phase_vector_calc/phase_dot_next input pin u_pqm_pl_top/u_measurement_core/u_freq_analysis/u_phase_vector_calc/phase_dot_next/A[4] is connected to registers with an asynchronous reset. This is preventing the possibility of merging these registers in to the DSP Block since the DSP block registers only possess synchronous reset capability.  It is suggested to recode or change these registers to remove the reset or use a synchronous reset to get the best optimization for performance, power and area.
Related violations: <none>

DPIR-1#134 Warning
Asynchronous driver check  
DSP u_pqm_pl_top/u_measurement_core/u_freq_analysis/u_phase_vector_calc/phase_dot_next input pin u_pqm_pl_top/u_measurement_core/u_freq_analysis/u_phase_vector_calc/phase_dot_next/A[5] is connected to registers with an asynchronous reset. This is preventing the possibility of merging these registers in to the DSP Block since the DSP block registers only possess synchronous reset capability.  It is suggested to recode or change these registers to remove the reset or use a synchronous reset to get the best optimization for performance, power and area.
Related violations: <none>

DPIR-1#135 Warning
Asynchronous driver check  
DSP u_pqm_pl_top/u_measurement_core/u_freq_analysis/u_phase_vector_calc/phase_dot_next input pin u_pqm_pl_top/u_measurement_core/u_freq_analysis/u_phase_vector_calc/phase_dot_next/A[6] is connected to registers with an asynchronous reset. This is preventing the possibility of merging these registers in to the DSP Block since the DSP block registers only possess synchronous reset capability.  It is suggested to recode or change these registers to remove the reset or use a synchronous reset to get the best optimization for performance, power and area.
Related violations: <none>

DPIR-1#136 Warning
Asynchronous driver check  
DSP u_pqm_pl_top/u_measurement_core/u_freq_analysis/u_phase_vector_calc/phase_dot_next input pin u_pqm_pl_top/u_measurement_core/u_freq_analysis/u_phase_vector_calc/phase_dot_next/A[7] is connected to registers with an asynchronous reset. This is preventing the possibility of merging these registers in to the DSP Block since the DSP block registers only possess synchronous reset capability.  It is suggested to recode or change these registers to remove the reset or use a synchronous reset to get the best optimization for performance, power and area.
Related violations: <none>

DPIR-1#137 Warning
Asynchronous driver check  
DSP u_pqm_pl_top/u_measurement_core/u_freq_analysis/u_phase_vector_calc/phase_dot_next input pin u_pqm_pl_top/u_measurement_core/u_freq_analysis/u_phase_vector_calc/phase_dot_next/A[8] is connected to registers with an asynchronous reset. This is preventing the possibility of merging these registers in to the DSP Block since the DSP block registers only possess synchronous reset capability.  It is suggested to recode or change these registers to remove the reset or use a synchronous reset to get the best optimization for performance, power and area.
Related violations: <none>

DPIR-1#138 Warning
Asynchronous driver check  
DSP u_pqm_pl_top/u_measurement_core/u_freq_analysis/u_phase_vector_calc/phase_dot_next input pin u_pqm_pl_top/u_measurement_core/u_freq_analysis/u_phase_vector_calc/phase_dot_next/A[9] is connected to registers with an asynchronous reset. This is preventing the possibility of merging these registers in to the DSP Block since the DSP block registers only possess synchronous reset capability.  It is suggested to recode or change these registers to remove the reset or use a synchronous reset to get the best optimization for performance, power and area.
Related violations: <none>

DPIR-1#139 Warning
Asynchronous driver check  
DSP u_pqm_pl_top/u_measurement_core/u_freq_analysis/u_phase_vector_calc/phase_dot_next input pin u_pqm_pl_top/u_measurement_core/u_freq_analysis/u_phase_vector_calc/phase_dot_next/B[0] is connected to registers with an asynchronous reset. This is preventing the possibility of merging these registers in to the DSP Block since the DSP block registers only possess synchronous reset capability.  It is suggested to recode or change these registers to remove the reset or use a synchronous reset to get the best optimization for performance, power and area.
Related violations: <none>

DPIR-1#140 Warning
Asynchronous driver check  
DSP u_pqm_pl_top/u_measurement_core/u_freq_analysis/u_phase_vector_calc/phase_dot_next input pin u_pqm_pl_top/u_measurement_core/u_freq_analysis/u_phase_vector_calc/phase_dot_next/B[10] is connected to registers with an asynchronous reset. This is preventing the possibility of merging these registers in to the DSP Block since the DSP block registers only possess synchronous reset capability.  It is suggested to recode or change these registers to remove the reset or use a synchronous reset to get the best optimization for performance, power and area.
Related violations: <none>

DPIR-1#141 Warning
Asynchronous driver check  
DSP u_pqm_pl_top/u_measurement_core/u_freq_analysis/u_phase_vector_calc/phase_dot_next input pin u_pqm_pl_top/u_measurement_core/u_freq_analysis/u_phase_vector_calc/phase_dot_next/B[11] is connected to registers with an asynchronous reset. This is preventing the possibility of merging these registers in to the DSP Block since the DSP block registers only possess synchronous reset capability.  It is suggested to recode or change these registers to remove the reset or use a synchronous reset to get the best optimization for performance, power and area.
Related violations: <none>

DPIR-1#142 Warning
Asynchronous driver check  
DSP u_pqm_pl_top/u_measurement_core/u_freq_analysis/u_phase_vector_calc/phase_dot_next input pin u_pqm_pl_top/u_measurement_core/u_freq_analysis/u_phase_vector_calc/phase_dot_next/B[12] is connected to registers with an asynchronous reset. This is preventing the possibility of merging these registers in to the DSP Block since the DSP block registers only possess synchronous reset capability.  It is suggested to recode or change these registers to remove the reset or use a synchronous reset to get the best optimization for performance, power and area.
Related violations: <none>

DPIR-1#143 Warning
Asynchronous driver check  
DSP u_pqm_pl_top/u_measurement_core/u_freq_analysis/u_phase_vector_calc/phase_dot_next input pin u_pqm_pl_top/u_measurement_core/u_freq_analysis/u_phase_vector_calc/phase_dot_next/B[13] is connected to registers with an asynchronous reset. This is preventing the possibility of merging these registers in to the DSP Block since the DSP block registers only possess synchronous reset capability.  It is suggested to recode or change these registers to remove the reset or use a synchronous reset to get the best optimization for performance, power and area.
Related violations: <none>

DPIR-1#144 Warning
Asynchronous driver check  
DSP u_pqm_pl_top/u_measurement_core/u_freq_analysis/u_phase_vector_calc/phase_dot_next input pin u_pqm_pl_top/u_measurement_core/u_freq_analysis/u_phase_vector_calc/phase_dot_next/B[14] is connected to registers with an asynchronous reset. This is preventing the possibility of merging these registers in to the DSP Block since the DSP block registers only possess synchronous reset capability.  It is suggested to recode or change these registers to remove the reset or use a synchronous reset to get the best optimization for performance, power and area.
Related violations: <none>

DPIR-1#145 Warning
Asynchronous driver check  
DSP u_pqm_pl_top/u_measurement_core/u_freq_analysis/u_phase_vector_calc/phase_dot_next input pin u_pqm_pl_top/u_measurement_core/u_freq_analysis/u_phase_vector_calc/phase_dot_next/B[15] is connected to registers with an asynchronous reset. This is preventing the possibility of merging these registers in to the DSP Block since the DSP block registers only possess synchronous reset capability.  It is suggested to recode or change these registers to remove the reset or use a synchronous reset to get the best optimization for performance, power and area.
Related violations: <none>

DPIR-1#146 Warning
Asynchronous driver check  
DSP u_pqm_pl_top/u_measurement_core/u_freq_analysis/u_phase_vector_calc/phase_dot_next input pin u_pqm_pl_top/u_measurement_core/u_freq_analysis/u_phase_vector_calc/phase_dot_next/B[16] is connected to registers with an asynchronous reset. This is preventing the possibility of merging these registers in to the DSP Block since the DSP block registers only possess synchronous reset capability.  It is suggested to recode or change these registers to remove the reset or use a synchronous reset to get the best optimization for performance, power and area.
Related violations: <none>

DPIR-1#147 Warning
Asynchronous driver check  
DSP u_pqm_pl_top/u_measurement_core/u_freq_analysis/u_phase_vector_calc/phase_dot_next input pin u_pqm_pl_top/u_measurement_core/u_freq_analysis/u_phase_vector_calc/phase_dot_next/B[17] is connected to registers with an asynchronous reset. This is preventing the possibility of merging these registers in to the DSP Block since the DSP block registers only possess synchronous reset capability.  It is suggested to recode or change these registers to remove the reset or use a synchronous reset to get the best optimization for performance, power and area.
Related violations: <none>

DPIR-1#148 Warning
Asynchronous driver check  
DSP u_pqm_pl_top/u_measurement_core/u_freq_analysis/u_phase_vector_calc/phase_dot_next input pin u_pqm_pl_top/u_measurement_core/u_freq_analysis/u_phase_vector_calc/phase_dot_next/B[1] is connected to registers with an asynchronous reset. This is preventing the possibility of merging these registers in to the DSP Block since the DSP block registers only possess synchronous reset capability.  It is suggested to recode or change these registers to remove the reset or use a synchronous reset to get the best optimization for performance, power and area.
Related violations: <none>

DPIR-1#149 Warning
Asynchronous driver check  
DSP u_pqm_pl_top/u_measurement_core/u_freq_analysis/u_phase_vector_calc/phase_dot_next input pin u_pqm_pl_top/u_measurement_core/u_freq_analysis/u_phase_vector_calc/phase_dot_next/B[2] is connected to registers with an asynchronous reset. This is preventing the possibility of merging these registers in to the DSP Block since the DSP block registers only possess synchronous reset capability.  It is suggested to recode or change these registers to remove the reset or use a synchronous reset to get the best optimization for performance, power and area.
Related violations: <none>

DPIR-1#150 Warning
Asynchronous driver check  
DSP u_pqm_pl_top/u_measurement_core/u_freq_analysis/u_phase_vector_calc/phase_dot_next input pin u_pqm_pl_top/u_measurement_core/u_freq_analysis/u_phase_vector_calc/phase_dot_next/B[3] is connected to registers with an asynchronous reset. This is preventing the possibility of merging these registers in to the DSP Block since the DSP block registers only possess synchronous reset capability.  It is suggested to recode or change these registers to remove the reset or use a synchronous reset to get the best optimization for performance, power and area.
Related violations: <none>

DPIR-1#151 Warning
Asynchronous driver check  
DSP u_pqm_pl_top/u_measurement_core/u_freq_analysis/u_phase_vector_calc/phase_dot_next input pin u_pqm_pl_top/u_measurement_core/u_freq_analysis/u_phase_vector_calc/phase_dot_next/B[4] is connected to registers with an asynchronous reset. This is preventing the possibility of merging these registers in to the DSP Block since the DSP block registers only possess synchronous reset capability.  It is suggested to recode or change these registers to remove the reset or use a synchronous reset to get the best optimization for performance, power and area.
Related violations: <none>

DPIR-1#152 Warning
Asynchronous driver check  
DSP u_pqm_pl_top/u_measurement_core/u_freq_analysis/u_phase_vector_calc/phase_dot_next input pin u_pqm_pl_top/u_measurement_core/u_freq_analysis/u_phase_vector_calc/phase_dot_next/B[5] is connected to registers with an asynchronous reset. This is preventing the possibility of merging these registers in to the DSP Block since the DSP block registers only possess synchronous reset capability.  It is suggested to recode or change these registers to remove the reset or use a synchronous reset to get the best optimization for performance, power and area.
Related violations: <none>

DPIR-1#153 Warning
Asynchronous driver check  
DSP u_pqm_pl_top/u_measurement_core/u_freq_analysis/u_phase_vector_calc/phase_dot_next input pin u_pqm_pl_top/u_measurement_core/u_freq_analysis/u_phase_vector_calc/phase_dot_next/B[6] is connected to registers with an asynchronous reset. This is preventing the possibility of merging these registers in to the DSP Block since the DSP block registers only possess synchronous reset capability.  It is suggested to recode or change these registers to remove the reset or use a synchronous reset to get the best optimization for performance, power and area.
Related violations: <none>

DPIR-1#154 Warning
Asynchronous driver check  
DSP u_pqm_pl_top/u_measurement_core/u_freq_analysis/u_phase_vector_calc/phase_dot_next input pin u_pqm_pl_top/u_measurement_core/u_freq_analysis/u_phase_vector_calc/phase_dot_next/B[7] is connected to registers with an asynchronous reset. This is preventing the possibility of merging these registers in to the DSP Block since the DSP block registers only possess synchronous reset capability.  It is suggested to recode or change these registers to remove the reset or use a synchronous reset to get the best optimization for performance, power and area.
Related violations: <none>

DPIR-1#155 Warning
Asynchronous driver check  
DSP u_pqm_pl_top/u_measurement_core/u_freq_analysis/u_phase_vector_calc/phase_dot_next input pin u_pqm_pl_top/u_measurement_core/u_freq_analysis/u_phase_vector_calc/phase_dot_next/B[8] is connected to registers with an asynchronous reset. This is preventing the possibility of merging these registers in to the DSP Block since the DSP block registers only possess synchronous reset capability.  It is suggested to recode or change these registers to remove the reset or use a synchronous reset to get the best optimization for performance, power and area.
Related violations: <none>

DPIR-1#156 Warning
Asynchronous driver check  
DSP u_pqm_pl_top/u_measurement_core/u_freq_analysis/u_phase_vector_calc/phase_dot_next input pin u_pqm_pl_top/u_measurement_core/u_freq_analysis/u_phase_vector_calc/phase_dot_next/B[9] is connected to registers with an asynchronous reset. This is preventing the possibility of merging these registers in to the DSP Block since the DSP block registers only possess synchronous reset capability.  It is suggested to recode or change these registers to remove the reset or use a synchronous reset to get the best optimization for performance, power and area.
Related violations: <none>

DPIR-1#157 Warning
Asynchronous driver check  
DSP u_pqm_pl_top/u_measurement_core/u_freq_analysis/u_phase_vector_calc/u_mul_ur_ii/product input pin u_pqm_pl_top/u_measurement_core/u_freq_analysis/u_phase_vector_calc/u_mul_ur_ii/product/A[0] is connected to registers with an asynchronous reset. This is preventing the possibility of merging these registers in to the DSP Block since the DSP block registers only possess synchronous reset capability.  It is suggested to recode or change these registers to remove the reset or use a synchronous reset to get the best optimization for performance, power and area.
Related violations: <none>

DPIR-1#158 Warning
Asynchronous driver check  
DSP u_pqm_pl_top/u_measurement_core/u_freq_analysis/u_phase_vector_calc/u_mul_ur_ii/product input pin u_pqm_pl_top/u_measurement_core/u_freq_analysis/u_phase_vector_calc/u_mul_ur_ii/product/A[10] is connected to registers with an asynchronous reset. This is preventing the possibility of merging these registers in to the DSP Block since the DSP block registers only possess synchronous reset capability.  It is suggested to recode or change these registers to remove the reset or use a synchronous reset to get the best optimization for performance, power and area.
Related violations: <none>

DPIR-1#159 Warning
Asynchronous driver check  
DSP u_pqm_pl_top/u_measurement_core/u_freq_analysis/u_phase_vector_calc/u_mul_ur_ii/product input pin u_pqm_pl_top/u_measurement_core/u_freq_analysis/u_phase_vector_calc/u_mul_ur_ii/product/A[11] is connected to registers with an asynchronous reset. This is preventing the possibility of merging these registers in to the DSP Block since the DSP block registers only possess synchronous reset capability.  It is suggested to recode or change these registers to remove the reset or use a synchronous reset to get the best optimization for performance, power and area.
Related violations: <none>

DPIR-1#160 Warning
Asynchronous driver check  
DSP u_pqm_pl_top/u_measurement_core/u_freq_analysis/u_phase_vector_calc/u_mul_ur_ii/product input pin u_pqm_pl_top/u_measurement_core/u_freq_analysis/u_phase_vector_calc/u_mul_ur_ii/product/A[12] is connected to registers with an asynchronous reset. This is preventing the possibility of merging these registers in to the DSP Block since the DSP block registers only possess synchronous reset capability.  It is suggested to recode or change these registers to remove the reset or use a synchronous reset to get the best optimization for performance, power and area.
Related violations: <none>

DPIR-1#161 Warning
Asynchronous driver check  
DSP u_pqm_pl_top/u_measurement_core/u_freq_analysis/u_phase_vector_calc/u_mul_ur_ii/product input pin u_pqm_pl_top/u_measurement_core/u_freq_analysis/u_phase_vector_calc/u_mul_ur_ii/product/A[13] is connected to registers with an asynchronous reset. This is preventing the possibility of merging these registers in to the DSP Block since the DSP block registers only possess synchronous reset capability.  It is suggested to recode or change these registers to remove the reset or use a synchronous reset to get the best optimization for performance, power and area.
Related violations: <none>

DPIR-1#162 Warning
Asynchronous driver check  
DSP u_pqm_pl_top/u_measurement_core/u_freq_analysis/u_phase_vector_calc/u_mul_ur_ii/product input pin u_pqm_pl_top/u_measurement_core/u_freq_analysis/u_phase_vector_calc/u_mul_ur_ii/product/A[14] is connected to registers with an asynchronous reset. This is preventing the possibility of merging these registers in to the DSP Block since the DSP block registers only possess synchronous reset capability.  It is suggested to recode or change these registers to remove the reset or use a synchronous reset to get the best optimization for performance, power and area.
Related violations: <none>

DPIR-1#163 Warning
Asynchronous driver check  
DSP u_pqm_pl_top/u_measurement_core/u_freq_analysis/u_phase_vector_calc/u_mul_ur_ii/product input pin u_pqm_pl_top/u_measurement_core/u_freq_analysis/u_phase_vector_calc/u_mul_ur_ii/product/A[15] is connected to registers with an asynchronous reset. This is preventing the possibility of merging these registers in to the DSP Block since the DSP block registers only possess synchronous reset capability.  It is suggested to recode or change these registers to remove the reset or use a synchronous reset to get the best optimization for performance, power and area.
Related violations: <none>

DPIR-1#164 Warning
Asynchronous driver check  
DSP u_pqm_pl_top/u_measurement_core/u_freq_analysis/u_phase_vector_calc/u_mul_ur_ii/product input pin u_pqm_pl_top/u_measurement_core/u_freq_analysis/u_phase_vector_calc/u_mul_ur_ii/product/A[16] is connected to registers with an asynchronous reset. This is preventing the possibility of merging these registers in to the DSP Block since the DSP block registers only possess synchronous reset capability.  It is suggested to recode or change these registers to remove the reset or use a synchronous reset to get the best optimization for performance, power and area.
Related violations: <none>

DPIR-1#165 Warning
Asynchronous driver check  
DSP u_pqm_pl_top/u_measurement_core/u_freq_analysis/u_phase_vector_calc/u_mul_ur_ii/product input pin u_pqm_pl_top/u_measurement_core/u_freq_analysis/u_phase_vector_calc/u_mul_ur_ii/product/A[17] is connected to registers with an asynchronous reset. This is preventing the possibility of merging these registers in to the DSP Block since the DSP block registers only possess synchronous reset capability.  It is suggested to recode or change these registers to remove the reset or use a synchronous reset to get the best optimization for performance, power and area.
Related violations: <none>

DPIR-1#166 Warning
Asynchronous driver check  
DSP u_pqm_pl_top/u_measurement_core/u_freq_analysis/u_phase_vector_calc/u_mul_ur_ii/product input pin u_pqm_pl_top/u_measurement_core/u_freq_analysis/u_phase_vector_calc/u_mul_ur_ii/product/A[18] is connected to registers with an asynchronous reset. This is preventing the possibility of merging these registers in to the DSP Block since the DSP block registers only possess synchronous reset capability.  It is suggested to recode or change these registers to remove the reset or use a synchronous reset to get the best optimization for performance, power and area.
Related violations: <none>

DPIR-1#167 Warning
Asynchronous driver check  
DSP u_pqm_pl_top/u_measurement_core/u_freq_analysis/u_phase_vector_calc/u_mul_ur_ii/product input pin u_pqm_pl_top/u_measurement_core/u_freq_analysis/u_phase_vector_calc/u_mul_ur_ii/product/A[19] is connected to registers with an asynchronous reset. This is preventing the possibility of merging these registers in to the DSP Block since the DSP block registers only possess synchronous reset capability.  It is suggested to recode or change these registers to remove the reset or use a synchronous reset to get the best optimization for performance, power and area.
Related violations: <none>

DPIR-1#168 Warning
Asynchronous driver check  
DSP u_pqm_pl_top/u_measurement_core/u_freq_analysis/u_phase_vector_calc/u_mul_ur_ii/product input pin u_pqm_pl_top/u_measurement_core/u_freq_analysis/u_phase_vector_calc/u_mul_ur_ii/product/A[1] is connected to registers with an asynchronous reset. This is preventing the possibility of merging these registers in to the DSP Block since the DSP block registers only possess synchronous reset capability.  It is suggested to recode or change these registers to remove the reset or use a synchronous reset to get the best optimization for performance, power and area.
Related violations: <none>

DPIR-1#169 Warning
Asynchronous driver check  
DSP u_pqm_pl_top/u_measurement_core/u_freq_analysis/u_phase_vector_calc/u_mul_ur_ii/product input pin u_pqm_pl_top/u_measurement_core/u_freq_analysis/u_phase_vector_calc/u_mul_ur_ii/product/A[20] is connected to registers with an asynchronous reset. This is preventing the possibility of merging these registers in to the DSP Block since the DSP block registers only possess synchronous reset capability.  It is suggested to recode or change these registers to remove the reset or use a synchronous reset to get the best optimization for performance, power and area.
Related violations: <none>

DPIR-1#170 Warning
Asynchronous driver check  
DSP u_pqm_pl_top/u_measurement_core/u_freq_analysis/u_phase_vector_calc/u_mul_ur_ii/product input pin u_pqm_pl_top/u_measurement_core/u_freq_analysis/u_phase_vector_calc/u_mul_ur_ii/product/A[21] is connected to registers with an asynchronous reset. This is preventing the possibility of merging these registers in to the DSP Block since the DSP block registers only possess synchronous reset capability.  It is suggested to recode or change these registers to remove the reset or use a synchronous reset to get the best optimization for performance, power and area.
Related violations: <none>

DPIR-1#171 Warning
Asynchronous driver check  
DSP u_pqm_pl_top/u_measurement_core/u_freq_analysis/u_phase_vector_calc/u_mul_ur_ii/product input pin u_pqm_pl_top/u_measurement_core/u_freq_analysis/u_phase_vector_calc/u_mul_ur_ii/product/A[22] is connected to registers with an asynchronous reset. This is preventing the possibility of merging these registers in to the DSP Block since the DSP block registers only possess synchronous reset capability.  It is suggested to recode or change these registers to remove the reset or use a synchronous reset to get the best optimization for performance, power and area.
Related violations: <none>

DPIR-1#172 Warning
Asynchronous driver check  
DSP u_pqm_pl_top/u_measurement_core/u_freq_analysis/u_phase_vector_calc/u_mul_ur_ii/product input pin u_pqm_pl_top/u_measurement_core/u_freq_analysis/u_phase_vector_calc/u_mul_ur_ii/product/A[23] is connected to registers with an asynchronous reset. This is preventing the possibility of merging these registers in to the DSP Block since the DSP block registers only possess synchronous reset capability.  It is suggested to recode or change these registers to remove the reset or use a synchronous reset to get the best optimization for performance, power and area.
Related violations: <none>

DPIR-1#173 Warning
Asynchronous driver check  
DSP u_pqm_pl_top/u_measurement_core/u_freq_analysis/u_phase_vector_calc/u_mul_ur_ii/product input pin u_pqm_pl_top/u_measurement_core/u_freq_analysis/u_phase_vector_calc/u_mul_ur_ii/product/A[24] is connected to registers with an asynchronous reset. This is preventing the possibility of merging these registers in to the DSP Block since the DSP block registers only possess synchronous reset capability.  It is suggested to recode or change these registers to remove the reset or use a synchronous reset to get the best optimization for performance, power and area.
Related violations: <none>

DPIR-1#174 Warning
Asynchronous driver check  
DSP u_pqm_pl_top/u_measurement_core/u_freq_analysis/u_phase_vector_calc/u_mul_ur_ii/product input pin u_pqm_pl_top/u_measurement_core/u_freq_analysis/u_phase_vector_calc/u_mul_ur_ii/product/A[25] is connected to registers with an asynchronous reset. This is preventing the possibility of merging these registers in to the DSP Block since the DSP block registers only possess synchronous reset capability.  It is suggested to recode or change these registers to remove the reset or use a synchronous reset to get the best optimization for performance, power and area.
Related violations: <none>

DPIR-1#175 Warning
Asynchronous driver check  
DSP u_pqm_pl_top/u_measurement_core/u_freq_analysis/u_phase_vector_calc/u_mul_ur_ii/product input pin u_pqm_pl_top/u_measurement_core/u_freq_analysis/u_phase_vector_calc/u_mul_ur_ii/product/A[26] is connected to registers with an asynchronous reset. This is preventing the possibility of merging these registers in to the DSP Block since the DSP block registers only possess synchronous reset capability.  It is suggested to recode or change these registers to remove the reset or use a synchronous reset to get the best optimization for performance, power and area.
Related violations: <none>

DPIR-1#176 Warning
Asynchronous driver check  
DSP u_pqm_pl_top/u_measurement_core/u_freq_analysis/u_phase_vector_calc/u_mul_ur_ii/product input pin u_pqm_pl_top/u_measurement_core/u_freq_analysis/u_phase_vector_calc/u_mul_ur_ii/product/A[27] is connected to registers with an asynchronous reset. This is preventing the possibility of merging these registers in to the DSP Block since the DSP block registers only possess synchronous reset capability.  It is suggested to recode or change these registers to remove the reset or use a synchronous reset to get the best optimization for performance, power and area.
Related violations: <none>

DPIR-1#177 Warning
Asynchronous driver check  
DSP u_pqm_pl_top/u_measurement_core/u_freq_analysis/u_phase_vector_calc/u_mul_ur_ii/product input pin u_pqm_pl_top/u_measurement_core/u_freq_analysis/u_phase_vector_calc/u_mul_ur_ii/product/A[28] is connected to registers with an asynchronous reset. This is preventing the possibility of merging these registers in to the DSP Block since the DSP block registers only possess synchronous reset capability.  It is suggested to recode or change these registers to remove the reset or use a synchronous reset to get the best optimization for performance, power and area.
Related violations: <none>

DPIR-1#178 Warning
Asynchronous driver check  
DSP u_pqm_pl_top/u_measurement_core/u_freq_analysis/u_phase_vector_calc/u_mul_ur_ii/product input pin u_pqm_pl_top/u_measurement_core/u_freq_analysis/u_phase_vector_calc/u_mul_ur_ii/product/A[29] is connected to registers with an asynchronous reset. This is preventing the possibility of merging these registers in to the DSP Block since the DSP block registers only possess synchronous reset capability.  It is suggested to recode or change these registers to remove the reset or use a synchronous reset to get the best optimization for performance, power and area.
Related violations: <none>

DPIR-1#179 Warning
Asynchronous driver check  
DSP u_pqm_pl_top/u_measurement_core/u_freq_analysis/u_phase_vector_calc/u_mul_ur_ii/product input pin u_pqm_pl_top/u_measurement_core/u_freq_analysis/u_phase_vector_calc/u_mul_ur_ii/product/A[2] is connected to registers with an asynchronous reset. This is preventing the possibility of merging these registers in to the DSP Block since the DSP block registers only possess synchronous reset capability.  It is suggested to recode or change these registers to remove the reset or use a synchronous reset to get the best optimization for performance, power and area.
Related violations: <none>

DPIR-1#180 Warning
Asynchronous driver check  
DSP u_pqm_pl_top/u_measurement_core/u_freq_analysis/u_phase_vector_calc/u_mul_ur_ii/product input pin u_pqm_pl_top/u_measurement_core/u_freq_analysis/u_phase_vector_calc/u_mul_ur_ii/product/A[3] is connected to registers with an asynchronous reset. This is preventing the possibility of merging these registers in to the DSP Block since the DSP block registers only possess synchronous reset capability.  It is suggested to recode or change these registers to remove the reset or use a synchronous reset to get the best optimization for performance, power and area.
Related violations: <none>

DPIR-1#181 Warning
Asynchronous driver check  
DSP u_pqm_pl_top/u_measurement_core/u_freq_analysis/u_phase_vector_calc/u_mul_ur_ii/product input pin u_pqm_pl_top/u_measurement_core/u_freq_analysis/u_phase_vector_calc/u_mul_ur_ii/product/A[4] is connected to registers with an asynchronous reset. This is preventing the possibility of merging these registers in to the DSP Block since the DSP block registers only possess synchronous reset capability.  It is suggested to recode or change these registers to remove the reset or use a synchronous reset to get the best optimization for performance, power and area.
Related violations: <none>

DPIR-1#182 Warning
Asynchronous driver check  
DSP u_pqm_pl_top/u_measurement_core/u_freq_analysis/u_phase_vector_calc/u_mul_ur_ii/product input pin u_pqm_pl_top/u_measurement_core/u_freq_analysis/u_phase_vector_calc/u_mul_ur_ii/product/A[5] is connected to registers with an asynchronous reset. This is preventing the possibility of merging these registers in to the DSP Block since the DSP block registers only possess synchronous reset capability.  It is suggested to recode or change these registers to remove the reset or use a synchronous reset to get the best optimization for performance, power and area.
Related violations: <none>

DPIR-1#183 Warning
Asynchronous driver check  
DSP u_pqm_pl_top/u_measurement_core/u_freq_analysis/u_phase_vector_calc/u_mul_ur_ii/product input pin u_pqm_pl_top/u_measurement_core/u_freq_analysis/u_phase_vector_calc/u_mul_ur_ii/product/A[6] is connected to registers with an asynchronous reset. This is preventing the possibility of merging these registers in to the DSP Block since the DSP block registers only possess synchronous reset capability.  It is suggested to recode or change these registers to remove the reset or use a synchronous reset to get the best optimization for performance, power and area.
Related violations: <none>

DPIR-1#184 Warning
Asynchronous driver check  
DSP u_pqm_pl_top/u_measurement_core/u_freq_analysis/u_phase_vector_calc/u_mul_ur_ii/product input pin u_pqm_pl_top/u_measurement_core/u_freq_analysis/u_phase_vector_calc/u_mul_ur_ii/product/A[7] is connected to registers with an asynchronous reset. This is preventing the possibility of merging these registers in to the DSP Block since the DSP block registers only possess synchronous reset capability.  It is suggested to recode or change these registers to remove the reset or use a synchronous reset to get the best optimization for performance, power and area.
Related violations: <none>

DPIR-1#185 Warning
Asynchronous driver check  
DSP u_pqm_pl_top/u_measurement_core/u_freq_analysis/u_phase_vector_calc/u_mul_ur_ii/product input pin u_pqm_pl_top/u_measurement_core/u_freq_analysis/u_phase_vector_calc/u_mul_ur_ii/product/A[8] is connected to registers with an asynchronous reset. This is preventing the possibility of merging these registers in to the DSP Block since the DSP block registers only possess synchronous reset capability.  It is suggested to recode or change these registers to remove the reset or use a synchronous reset to get the best optimization for performance, power and area.
Related violations: <none>

DPIR-1#186 Warning
Asynchronous driver check  
DSP u_pqm_pl_top/u_measurement_core/u_freq_analysis/u_phase_vector_calc/u_mul_ur_ii/product input pin u_pqm_pl_top/u_measurement_core/u_freq_analysis/u_phase_vector_calc/u_mul_ur_ii/product/A[9] is connected to registers with an asynchronous reset. This is preventing the possibility of merging these registers in to the DSP Block since the DSP block registers only possess synchronous reset capability.  It is suggested to recode or change these registers to remove the reset or use a synchronous reset to get the best optimization for performance, power and area.
Related violations: <none>

DPIR-1#187 Warning
Asynchronous driver check  
DSP u_pqm_pl_top/u_measurement_core/u_freq_analysis/u_phase_vector_calc/u_mul_ur_ii/product input pin u_pqm_pl_top/u_measurement_core/u_freq_analysis/u_phase_vector_calc/u_mul_ur_ii/product/B[0] is connected to registers with an asynchronous reset. This is preventing the possibility of merging these registers in to the DSP Block since the DSP block registers only possess synchronous reset capability.  It is suggested to recode or change these registers to remove the reset or use a synchronous reset to get the best optimization for performance, power and area.
Related violations: <none>

DPIR-1#188 Warning
Asynchronous driver check  
DSP u_pqm_pl_top/u_measurement_core/u_freq_analysis/u_phase_vector_calc/u_mul_ur_ii/product input pin u_pqm_pl_top/u_measurement_core/u_freq_analysis/u_phase_vector_calc/u_mul_ur_ii/product/B[10] is connected to registers with an asynchronous reset. This is preventing the possibility of merging these registers in to the DSP Block since the DSP block registers only possess synchronous reset capability.  It is suggested to recode or change these registers to remove the reset or use a synchronous reset to get the best optimization for performance, power and area.
Related violations: <none>

DPIR-1#189 Warning
Asynchronous driver check  
DSP u_pqm_pl_top/u_measurement_core/u_freq_analysis/u_phase_vector_calc/u_mul_ur_ii/product input pin u_pqm_pl_top/u_measurement_core/u_freq_analysis/u_phase_vector_calc/u_mul_ur_ii/product/B[11] is connected to registers with an asynchronous reset. This is preventing the possibility of merging these registers in to the DSP Block since the DSP block registers only possess synchronous reset capability.  It is suggested to recode or change these registers to remove the reset or use a synchronous reset to get the best optimization for performance, power and area.
Related violations: <none>

DPIR-1#190 Warning
Asynchronous driver check  
DSP u_pqm_pl_top/u_measurement_core/u_freq_analysis/u_phase_vector_calc/u_mul_ur_ii/product input pin u_pqm_pl_top/u_measurement_core/u_freq_analysis/u_phase_vector_calc/u_mul_ur_ii/product/B[12] is connected to registers with an asynchronous reset. This is preventing the possibility of merging these registers in to the DSP Block since the DSP block registers only possess synchronous reset capability.  It is suggested to recode or change these registers to remove the reset or use a synchronous reset to get the best optimization for performance, power and area.
Related violations: <none>

DPIR-1#191 Warning
Asynchronous driver check  
DSP u_pqm_pl_top/u_measurement_core/u_freq_analysis/u_phase_vector_calc/u_mul_ur_ii/product input pin u_pqm_pl_top/u_measurement_core/u_freq_analysis/u_phase_vector_calc/u_mul_ur_ii/product/B[13] is connected to registers with an asynchronous reset. This is preventing the possibility of merging these registers in to the DSP Block since the DSP block registers only possess synchronous reset capability.  It is suggested to recode or change these registers to remove the reset or use a synchronous reset to get the best optimization for performance, power and area.
Related violations: <none>

DPIR-1#192 Warning
Asynchronous driver check  
DSP u_pqm_pl_top/u_measurement_core/u_freq_analysis/u_phase_vector_calc/u_mul_ur_ii/product input pin u_pqm_pl_top/u_measurement_core/u_freq_analysis/u_phase_vector_calc/u_mul_ur_ii/product/B[14] is connected to registers with an asynchronous reset. This is preventing the possibility of merging these registers in to the DSP Block since the DSP block registers only possess synchronous reset capability.  It is suggested to recode or change these registers to remove the reset or use a synchronous reset to get the best optimization for performance, power and area.
Related violations: <none>

DPIR-1#193 Warning
Asynchronous driver check  
DSP u_pqm_pl_top/u_measurement_core/u_freq_analysis/u_phase_vector_calc/u_mul_ur_ii/product input pin u_pqm_pl_top/u_measurement_core/u_freq_analysis/u_phase_vector_calc/u_mul_ur_ii/product/B[15] is connected to registers with an asynchronous reset. This is preventing the possibility of merging these registers in to the DSP Block since the DSP block registers only possess synchronous reset capability.  It is suggested to recode or change these registers to remove the reset or use a synchronous reset to get the best optimization for performance, power and area.
Related violations: <none>

DPIR-1#194 Warning
Asynchronous driver check  
DSP u_pqm_pl_top/u_measurement_core/u_freq_analysis/u_phase_vector_calc/u_mul_ur_ii/product input pin u_pqm_pl_top/u_measurement_core/u_freq_analysis/u_phase_vector_calc/u_mul_ur_ii/product/B[16] is connected to registers with an asynchronous reset. This is preventing the possibility of merging these registers in to the DSP Block since the DSP block registers only possess synchronous reset capability.  It is suggested to recode or change these registers to remove the reset or use a synchronous reset to get the best optimization for performance, power and area.
Related violations: <none>

DPIR-1#195 Warning
Asynchronous driver check  
DSP u_pqm_pl_top/u_measurement_core/u_freq_analysis/u_phase_vector_calc/u_mul_ur_ii/product input pin u_pqm_pl_top/u_measurement_core/u_freq_analysis/u_phase_vector_calc/u_mul_ur_ii/product/B[17] is connected to registers with an asynchronous reset. This is preventing the possibility of merging these registers in to the DSP Block since the DSP block registers only possess synchronous reset capability.  It is suggested to recode or change these registers to remove the reset or use a synchronous reset to get the best optimization for performance, power and area.
Related violations: <none>

DPIR-1#196 Warning
Asynchronous driver check  
DSP u_pqm_pl_top/u_measurement_core/u_freq_analysis/u_phase_vector_calc/u_mul_ur_ii/product input pin u_pqm_pl_top/u_measurement_core/u_freq_analysis/u_phase_vector_calc/u_mul_ur_ii/product/B[1] is connected to registers with an asynchronous reset. This is preventing the possibility of merging these registers in to the DSP Block since the DSP block registers only possess synchronous reset capability.  It is suggested to recode or change these registers to remove the reset or use a synchronous reset to get the best optimization for performance, power and area.
Related violations: <none>

DPIR-1#197 Warning
Asynchronous driver check  
DSP u_pqm_pl_top/u_measurement_core/u_freq_analysis/u_phase_vector_calc/u_mul_ur_ii/product input pin u_pqm_pl_top/u_measurement_core/u_freq_analysis/u_phase_vector_calc/u_mul_ur_ii/product/B[2] is connected to registers with an asynchronous reset. This is preventing the possibility of merging these registers in to the DSP Block since the DSP block registers only possess synchronous reset capability.  It is suggested to recode or change these registers to remove the reset or use a synchronous reset to get the best optimization for performance, power and area.
Related violations: <none>

DPIR-1#198 Warning
Asynchronous driver check  
DSP u_pqm_pl_top/u_measurement_core/u_freq_analysis/u_phase_vector_calc/u_mul_ur_ii/product input pin u_pqm_pl_top/u_measurement_core/u_freq_analysis/u_phase_vector_calc/u_mul_ur_ii/product/B[3] is connected to registers with an asynchronous reset. This is preventing the possibility of merging these registers in to the DSP Block since the DSP block registers only possess synchronous reset capability.  It is suggested to recode or change these registers to remove the reset or use a synchronous reset to get the best optimization for performance, power and area.
Related violations: <none>

DPIR-1#199 Warning
Asynchronous driver check  
DSP u_pqm_pl_top/u_measurement_core/u_freq_analysis/u_phase_vector_calc/u_mul_ur_ii/product input pin u_pqm_pl_top/u_measurement_core/u_freq_analysis/u_phase_vector_calc/u_mul_ur_ii/product/B[4] is connected to registers with an asynchronous reset. This is preventing the possibility of merging these registers in to the DSP Block since the DSP block registers only possess synchronous reset capability.  It is suggested to recode or change these registers to remove the reset or use a synchronous reset to get the best optimization for performance, power and area.
Related violations: <none>

DPIR-1#200 Warning
Asynchronous driver check  
DSP u_pqm_pl_top/u_measurement_core/u_freq_analysis/u_phase_vector_calc/u_mul_ur_ii/product input pin u_pqm_pl_top/u_measurement_core/u_freq_analysis/u_phase_vector_calc/u_mul_ur_ii/product/B[5] is connected to registers with an asynchronous reset. This is preventing the possibility of merging these registers in to the DSP Block since the DSP block registers only possess synchronous reset capability.  It is suggested to recode or change these registers to remove the reset or use a synchronous reset to get the best optimization for performance, power and area.
Related violations: <none>

DPIR-1#201 Warning
Asynchronous driver check  
DSP u_pqm_pl_top/u_measurement_core/u_freq_analysis/u_phase_vector_calc/u_mul_ur_ii/product input pin u_pqm_pl_top/u_measurement_core/u_freq_analysis/u_phase_vector_calc/u_mul_ur_ii/product/B[6] is connected to registers with an asynchronous reset. This is preventing the possibility of merging these registers in to the DSP Block since the DSP block registers only possess synchronous reset capability.  It is suggested to recode or change these registers to remove the reset or use a synchronous reset to get the best optimization for performance, power and area.
Related violations: <none>

DPIR-1#202 Warning
Asynchronous driver check  
DSP u_pqm_pl_top/u_measurement_core/u_freq_analysis/u_phase_vector_calc/u_mul_ur_ii/product input pin u_pqm_pl_top/u_measurement_core/u_freq_analysis/u_phase_vector_calc/u_mul_ur_ii/product/B[7] is connected to registers with an asynchronous reset. This is preventing the possibility of merging these registers in to the DSP Block since the DSP block registers only possess synchronous reset capability.  It is suggested to recode or change these registers to remove the reset or use a synchronous reset to get the best optimization for performance, power and area.
Related violations: <none>

DPIR-1#203 Warning
Asynchronous driver check  
DSP u_pqm_pl_top/u_measurement_core/u_freq_analysis/u_phase_vector_calc/u_mul_ur_ii/product input pin u_pqm_pl_top/u_measurement_core/u_freq_analysis/u_phase_vector_calc/u_mul_ur_ii/product/B[8] is connected to registers with an asynchronous reset. This is preventing the possibility of merging these registers in to the DSP Block since the DSP block registers only possess synchronous reset capability.  It is suggested to recode or change these registers to remove the reset or use a synchronous reset to get the best optimization for performance, power and area.
Related violations: <none>

DPIR-1#204 Warning
Asynchronous driver check  
DSP u_pqm_pl_top/u_measurement_core/u_freq_analysis/u_phase_vector_calc/u_mul_ur_ii/product input pin u_pqm_pl_top/u_measurement_core/u_freq_analysis/u_phase_vector_calc/u_mul_ur_ii/product/B[9] is connected to registers with an asynchronous reset. This is preventing the possibility of merging these registers in to the DSP Block since the DSP block registers only possess synchronous reset capability.  It is suggested to recode or change these registers to remove the reset or use a synchronous reset to get the best optimization for performance, power and area.
Related violations: <none>

DPIR-1#205 Warning
Asynchronous driver check  
DSP u_pqm_pl_top/u_measurement_core/u_freq_analysis/u_phase_vector_calc/u_mul_ur_ir/product input pin u_pqm_pl_top/u_measurement_core/u_freq_analysis/u_phase_vector_calc/u_mul_ur_ir/product/A[0] is connected to registers with an asynchronous reset. This is preventing the possibility of merging these registers in to the DSP Block since the DSP block registers only possess synchronous reset capability.  It is suggested to recode or change these registers to remove the reset or use a synchronous reset to get the best optimization for performance, power and area.
Related violations: <none>

DPIR-1#206 Warning
Asynchronous driver check  
DSP u_pqm_pl_top/u_measurement_core/u_freq_analysis/u_phase_vector_calc/u_mul_ur_ir/product input pin u_pqm_pl_top/u_measurement_core/u_freq_analysis/u_phase_vector_calc/u_mul_ur_ir/product/A[10] is connected to registers with an asynchronous reset. This is preventing the possibility of merging these registers in to the DSP Block since the DSP block registers only possess synchronous reset capability.  It is suggested to recode or change these registers to remove the reset or use a synchronous reset to get the best optimization for performance, power and area.
Related violations: <none>

DPIR-1#207 Warning
Asynchronous driver check  
DSP u_pqm_pl_top/u_measurement_core/u_freq_analysis/u_phase_vector_calc/u_mul_ur_ir/product input pin u_pqm_pl_top/u_measurement_core/u_freq_analysis/u_phase_vector_calc/u_mul_ur_ir/product/A[11] is connected to registers with an asynchronous reset. This is preventing the possibility of merging these registers in to the DSP Block since the DSP block registers only possess synchronous reset capability.  It is suggested to recode or change these registers to remove the reset or use a synchronous reset to get the best optimization for performance, power and area.
Related violations: <none>

DPIR-1#208 Warning
Asynchronous driver check  
DSP u_pqm_pl_top/u_measurement_core/u_freq_analysis/u_phase_vector_calc/u_mul_ur_ir/product input pin u_pqm_pl_top/u_measurement_core/u_freq_analysis/u_phase_vector_calc/u_mul_ur_ir/product/A[12] is connected to registers with an asynchronous reset. This is preventing the possibility of merging these registers in to the DSP Block since the DSP block registers only possess synchronous reset capability.  It is suggested to recode or change these registers to remove the reset or use a synchronous reset to get the best optimization for performance, power and area.
Related violations: <none>

DPIR-1#209 Warning
Asynchronous driver check  
DSP u_pqm_pl_top/u_measurement_core/u_freq_analysis/u_phase_vector_calc/u_mul_ur_ir/product input pin u_pqm_pl_top/u_measurement_core/u_freq_analysis/u_phase_vector_calc/u_mul_ur_ir/product/A[13] is connected to registers with an asynchronous reset. This is preventing the possibility of merging these registers in to the DSP Block since the DSP block registers only possess synchronous reset capability.  It is suggested to recode or change these registers to remove the reset or use a synchronous reset to get the best optimization for performance, power and area.
Related violations: <none>

DPIR-1#210 Warning
Asynchronous driver check  
DSP u_pqm_pl_top/u_measurement_core/u_freq_analysis/u_phase_vector_calc/u_mul_ur_ir/product input pin u_pqm_pl_top/u_measurement_core/u_freq_analysis/u_phase_vector_calc/u_mul_ur_ir/product/A[14] is connected to registers with an asynchronous reset. This is preventing the possibility of merging these registers in to the DSP Block since the DSP block registers only possess synchronous reset capability.  It is suggested to recode or change these registers to remove the reset or use a synchronous reset to get the best optimization for performance, power and area.
Related violations: <none>

DPIR-1#211 Warning
Asynchronous driver check  
DSP u_pqm_pl_top/u_measurement_core/u_freq_analysis/u_phase_vector_calc/u_mul_ur_ir/product input pin u_pqm_pl_top/u_measurement_core/u_freq_analysis/u_phase_vector_calc/u_mul_ur_ir/product/A[15] is connected to registers with an asynchronous reset. This is preventing the possibility of merging these registers in to the DSP Block since the DSP block registers only possess synchronous reset capability.  It is suggested to recode or change these registers to remove the reset or use a synchronous reset to get the best optimization for performance, power and area.
Related violations: <none>

DPIR-1#212 Warning
Asynchronous driver check  
DSP u_pqm_pl_top/u_measurement_core/u_freq_analysis/u_phase_vector_calc/u_mul_ur_ir/product input pin u_pqm_pl_top/u_measurement_core/u_freq_analysis/u_phase_vector_calc/u_mul_ur_ir/product/A[16] is connected to registers with an asynchronous reset. This is preventing the possibility of merging these registers in to the DSP Block since the DSP block registers only possess synchronous reset capability.  It is suggested to recode or change these registers to remove the reset or use a synchronous reset to get the best optimization for performance, power and area.
Related violations: <none>

DPIR-1#213 Warning
Asynchronous driver check  
DSP u_pqm_pl_top/u_measurement_core/u_freq_analysis/u_phase_vector_calc/u_mul_ur_ir/product input pin u_pqm_pl_top/u_measurement_core/u_freq_analysis/u_phase_vector_calc/u_mul_ur_ir/product/A[17] is connected to registers with an asynchronous reset. This is preventing the possibility of merging these registers in to the DSP Block since the DSP block registers only possess synchronous reset capability.  It is suggested to recode or change these registers to remove the reset or use a synchronous reset to get the best optimization for performance, power and area.
Related violations: <none>

DPIR-1#214 Warning
Asynchronous driver check  
DSP u_pqm_pl_top/u_measurement_core/u_freq_analysis/u_phase_vector_calc/u_mul_ur_ir/product input pin u_pqm_pl_top/u_measurement_core/u_freq_analysis/u_phase_vector_calc/u_mul_ur_ir/product/A[18] is connected to registers with an asynchronous reset. This is preventing the possibility of merging these registers in to the DSP Block since the DSP block registers only possess synchronous reset capability.  It is suggested to recode or change these registers to remove the reset or use a synchronous reset to get the best optimization for performance, power and area.
Related violations: <none>

DPIR-1#215 Warning
Asynchronous driver check  
DSP u_pqm_pl_top/u_measurement_core/u_freq_analysis/u_phase_vector_calc/u_mul_ur_ir/product input pin u_pqm_pl_top/u_measurement_core/u_freq_analysis/u_phase_vector_calc/u_mul_ur_ir/product/A[19] is connected to registers with an asynchronous reset. This is preventing the possibility of merging these registers in to the DSP Block since the DSP block registers only possess synchronous reset capability.  It is suggested to recode or change these registers to remove the reset or use a synchronous reset to get the best optimization for performance, power and area.
Related violations: <none>

DPIR-1#216 Warning
Asynchronous driver check  
DSP u_pqm_pl_top/u_measurement_core/u_freq_analysis/u_phase_vector_calc/u_mul_ur_ir/product input pin u_pqm_pl_top/u_measurement_core/u_freq_analysis/u_phase_vector_calc/u_mul_ur_ir/product/A[1] is connected to registers with an asynchronous reset. This is preventing the possibility of merging these registers in to the DSP Block since the DSP block registers only possess synchronous reset capability.  It is suggested to recode or change these registers to remove the reset or use a synchronous reset to get the best optimization for performance, power and area.
Related violations: <none>

DPIR-1#217 Warning
Asynchronous driver check  
DSP u_pqm_pl_top/u_measurement_core/u_freq_analysis/u_phase_vector_calc/u_mul_ur_ir/product input pin u_pqm_pl_top/u_measurement_core/u_freq_analysis/u_phase_vector_calc/u_mul_ur_ir/product/A[20] is connected to registers with an asynchronous reset. This is preventing the possibility of merging these registers in to the DSP Block since the DSP block registers only possess synchronous reset capability.  It is suggested to recode or change these registers to remove the reset or use a synchronous reset to get the best optimization for performance, power and area.
Related violations: <none>

DPIR-1#218 Warning
Asynchronous driver check  
DSP u_pqm_pl_top/u_measurement_core/u_freq_analysis/u_phase_vector_calc/u_mul_ur_ir/product input pin u_pqm_pl_top/u_measurement_core/u_freq_analysis/u_phase_vector_calc/u_mul_ur_ir/product/A[21] is connected to registers with an asynchronous reset. This is preventing the possibility of merging these registers in to the DSP Block since the DSP block registers only possess synchronous reset capability.  It is suggested to recode or change these registers to remove the reset or use a synchronous reset to get the best optimization for performance, power and area.
Related violations: <none>

DPIR-1#219 Warning
Asynchronous driver check  
DSP u_pqm_pl_top/u_measurement_core/u_freq_analysis/u_phase_vector_calc/u_mul_ur_ir/product input pin u_pqm_pl_top/u_measurement_core/u_freq_analysis/u_phase_vector_calc/u_mul_ur_ir/product/A[22] is connected to registers with an asynchronous reset. This is preventing the possibility of merging these registers in to the DSP Block since the DSP block registers only possess synchronous reset capability.  It is suggested to recode or change these registers to remove the reset or use a synchronous reset to get the best optimization for performance, power and area.
Related violations: <none>

DPIR-1#220 Warning
Asynchronous driver check  
DSP u_pqm_pl_top/u_measurement_core/u_freq_analysis/u_phase_vector_calc/u_mul_ur_ir/product input pin u_pqm_pl_top/u_measurement_core/u_freq_analysis/u_phase_vector_calc/u_mul_ur_ir/product/A[23] is connected to registers with an asynchronous reset. This is preventing the possibility of merging these registers in to the DSP Block since the DSP block registers only possess synchronous reset capability.  It is suggested to recode or change these registers to remove the reset or use a synchronous reset to get the best optimization for performance, power and area.
Related violations: <none>

DPIR-1#221 Warning
Asynchronous driver check  
DSP u_pqm_pl_top/u_measurement_core/u_freq_analysis/u_phase_vector_calc/u_mul_ur_ir/product input pin u_pqm_pl_top/u_measurement_core/u_freq_analysis/u_phase_vector_calc/u_mul_ur_ir/product/A[24] is connected to registers with an asynchronous reset. This is preventing the possibility of merging these registers in to the DSP Block since the DSP block registers only possess synchronous reset capability.  It is suggested to recode or change these registers to remove the reset or use a synchronous reset to get the best optimization for performance, power and area.
Related violations: <none>

DPIR-1#222 Warning
Asynchronous driver check  
DSP u_pqm_pl_top/u_measurement_core/u_freq_analysis/u_phase_vector_calc/u_mul_ur_ir/product input pin u_pqm_pl_top/u_measurement_core/u_freq_analysis/u_phase_vector_calc/u_mul_ur_ir/product/A[25] is connected to registers with an asynchronous reset. This is preventing the possibility of merging these registers in to the DSP Block since the DSP block registers only possess synchronous reset capability.  It is suggested to recode or change these registers to remove the reset or use a synchronous reset to get the best optimization for performance, power and area.
Related violations: <none>

DPIR-1#223 Warning
Asynchronous driver check  
DSP u_pqm_pl_top/u_measurement_core/u_freq_analysis/u_phase_vector_calc/u_mul_ur_ir/product input pin u_pqm_pl_top/u_measurement_core/u_freq_analysis/u_phase_vector_calc/u_mul_ur_ir/product/A[26] is connected to registers with an asynchronous reset. This is preventing the possibility of merging these registers in to the DSP Block since the DSP block registers only possess synchronous reset capability.  It is suggested to recode or change these registers to remove the reset or use a synchronous reset to get the best optimization for performance, power and area.
Related violations: <none>

DPIR-1#224 Warning
Asynchronous driver check  
DSP u_pqm_pl_top/u_measurement_core/u_freq_analysis/u_phase_vector_calc/u_mul_ur_ir/product input pin u_pqm_pl_top/u_measurement_core/u_freq_analysis/u_phase_vector_calc/u_mul_ur_ir/product/A[27] is connected to registers with an asynchronous reset. This is preventing the possibility of merging these registers in to the DSP Block since the DSP block registers only possess synchronous reset capability.  It is suggested to recode or change these registers to remove the reset or use a synchronous reset to get the best optimization for performance, power and area.
Related violations: <none>

DPIR-1#225 Warning
Asynchronous driver check  
DSP u_pqm_pl_top/u_measurement_core/u_freq_analysis/u_phase_vector_calc/u_mul_ur_ir/product input pin u_pqm_pl_top/u_measurement_core/u_freq_analysis/u_phase_vector_calc/u_mul_ur_ir/product/A[28] is connected to registers with an asynchronous reset. This is preventing the possibility of merging these registers in to the DSP Block since the DSP block registers only possess synchronous reset capability.  It is suggested to recode or change these registers to remove the reset or use a synchronous reset to get the best optimization for performance, power and area.
Related violations: <none>

DPIR-1#226 Warning
Asynchronous driver check  
DSP u_pqm_pl_top/u_measurement_core/u_freq_analysis/u_phase_vector_calc/u_mul_ur_ir/product input pin u_pqm_pl_top/u_measurement_core/u_freq_analysis/u_phase_vector_calc/u_mul_ur_ir/product/A[29] is connected to registers with an asynchronous reset. This is preventing the possibility of merging these registers in to the DSP Block since the DSP block registers only possess synchronous reset capability.  It is suggested to recode or change these registers to remove the reset or use a synchronous reset to get the best optimization for performance, power and area.
Related violations: <none>

DPIR-1#227 Warning
Asynchronous driver check  
DSP u_pqm_pl_top/u_measurement_core/u_freq_analysis/u_phase_vector_calc/u_mul_ur_ir/product input pin u_pqm_pl_top/u_measurement_core/u_freq_analysis/u_phase_vector_calc/u_mul_ur_ir/product/A[2] is connected to registers with an asynchronous reset. This is preventing the possibility of merging these registers in to the DSP Block since the DSP block registers only possess synchronous reset capability.  It is suggested to recode or change these registers to remove the reset or use a synchronous reset to get the best optimization for performance, power and area.
Related violations: <none>

DPIR-1#228 Warning
Asynchronous driver check  
DSP u_pqm_pl_top/u_measurement_core/u_freq_analysis/u_phase_vector_calc/u_mul_ur_ir/product input pin u_pqm_pl_top/u_measurement_core/u_freq_analysis/u_phase_vector_calc/u_mul_ur_ir/product/A[3] is connected to registers with an asynchronous reset. This is preventing the possibility of merging these registers in to the DSP Block since the DSP block registers only possess synchronous reset capability.  It is suggested to recode or change these registers to remove the reset or use a synchronous reset to get the best optimization for performance, power and area.
Related violations: <none>

DPIR-1#229 Warning
Asynchronous driver check  
DSP u_pqm_pl_top/u_measurement_core/u_freq_analysis/u_phase_vector_calc/u_mul_ur_ir/product input pin u_pqm_pl_top/u_measurement_core/u_freq_analysis/u_phase_vector_calc/u_mul_ur_ir/product/A[4] is connected to registers with an asynchronous reset. This is preventing the possibility of merging these registers in to the DSP Block since the DSP block registers only possess synchronous reset capability.  It is suggested to recode or change these registers to remove the reset or use a synchronous reset to get the best optimization for performance, power and area.
Related violations: <none>

DPIR-1#230 Warning
Asynchronous driver check  
DSP u_pqm_pl_top/u_measurement_core/u_freq_analysis/u_phase_vector_calc/u_mul_ur_ir/product input pin u_pqm_pl_top/u_measurement_core/u_freq_analysis/u_phase_vector_calc/u_mul_ur_ir/product/A[5] is connected to registers with an asynchronous reset. This is preventing the possibility of merging these registers in to the DSP Block since the DSP block registers only possess synchronous reset capability.  It is suggested to recode or change these registers to remove the reset or use a synchronous reset to get the best optimization for performance, power and area.
Related violations: <none>

DPIR-1#231 Warning
Asynchronous driver check  
DSP u_pqm_pl_top/u_measurement_core/u_freq_analysis/u_phase_vector_calc/u_mul_ur_ir/product input pin u_pqm_pl_top/u_measurement_core/u_freq_analysis/u_phase_vector_calc/u_mul_ur_ir/product/A[6] is connected to registers with an asynchronous reset. This is preventing the possibility of merging these registers in to the DSP Block since the DSP block registers only possess synchronous reset capability.  It is suggested to recode or change these registers to remove the reset or use a synchronous reset to get the best optimization for performance, power and area.
Related violations: <none>

DPIR-1#232 Warning
Asynchronous driver check  
DSP u_pqm_pl_top/u_measurement_core/u_freq_analysis/u_phase_vector_calc/u_mul_ur_ir/product input pin u_pqm_pl_top/u_measurement_core/u_freq_analysis/u_phase_vector_calc/u_mul_ur_ir/product/A[7] is connected to registers with an asynchronous reset. This is preventing the possibility of merging these registers in to the DSP Block since the DSP block registers only possess synchronous reset capability.  It is suggested to recode or change these registers to remove the reset or use a synchronous reset to get the best optimization for performance, power and area.
Related violations: <none>

DPIR-1#233 Warning
Asynchronous driver check  
DSP u_pqm_pl_top/u_measurement_core/u_freq_analysis/u_phase_vector_calc/u_mul_ur_ir/product input pin u_pqm_pl_top/u_measurement_core/u_freq_analysis/u_phase_vector_calc/u_mul_ur_ir/product/A[8] is connected to registers with an asynchronous reset. This is preventing the possibility of merging these registers in to the DSP Block since the DSP block registers only possess synchronous reset capability.  It is suggested to recode or change these registers to remove the reset or use a synchronous reset to get the best optimization for performance, power and area.
Related violations: <none>

DPIR-1#234 Warning
Asynchronous driver check  
DSP u_pqm_pl_top/u_measurement_core/u_freq_analysis/u_phase_vector_calc/u_mul_ur_ir/product input pin u_pqm_pl_top/u_measurement_core/u_freq_analysis/u_phase_vector_calc/u_mul_ur_ir/product/A[9] is connected to registers with an asynchronous reset. This is preventing the possibility of merging these registers in to the DSP Block since the DSP block registers only possess synchronous reset capability.  It is suggested to recode or change these registers to remove the reset or use a synchronous reset to get the best optimization for performance, power and area.
Related violations: <none>

DPIR-1#235 Warning
Asynchronous driver check  
DSP u_pqm_pl_top/u_measurement_core/u_freq_analysis/u_phase_vector_calc/u_mul_ur_ir/product input pin u_pqm_pl_top/u_measurement_core/u_freq_analysis/u_phase_vector_calc/u_mul_ur_ir/product/B[0] is connected to registers with an asynchronous reset. This is preventing the possibility of merging these registers in to the DSP Block since the DSP block registers only possess synchronous reset capability.  It is suggested to recode or change these registers to remove the reset or use a synchronous reset to get the best optimization for performance, power and area.
Related violations: <none>

DPIR-1#236 Warning
Asynchronous driver check  
DSP u_pqm_pl_top/u_measurement_core/u_freq_analysis/u_phase_vector_calc/u_mul_ur_ir/product input pin u_pqm_pl_top/u_measurement_core/u_freq_analysis/u_phase_vector_calc/u_mul_ur_ir/product/B[10] is connected to registers with an asynchronous reset. This is preventing the possibility of merging these registers in to the DSP Block since the DSP block registers only possess synchronous reset capability.  It is suggested to recode or change these registers to remove the reset or use a synchronous reset to get the best optimization for performance, power and area.
Related violations: <none>

DPIR-1#237 Warning
Asynchronous driver check  
DSP u_pqm_pl_top/u_measurement_core/u_freq_analysis/u_phase_vector_calc/u_mul_ur_ir/product input pin u_pqm_pl_top/u_measurement_core/u_freq_analysis/u_phase_vector_calc/u_mul_ur_ir/product/B[11] is connected to registers with an asynchronous reset. This is preventing the possibility of merging these registers in to the DSP Block since the DSP block registers only possess synchronous reset capability.  It is suggested to recode or change these registers to remove the reset or use a synchronous reset to get the best optimization for performance, power and area.
Related violations: <none>

DPIR-1#238 Warning
Asynchronous driver check  
DSP u_pqm_pl_top/u_measurement_core/u_freq_analysis/u_phase_vector_calc/u_mul_ur_ir/product input pin u_pqm_pl_top/u_measurement_core/u_freq_analysis/u_phase_vector_calc/u_mul_ur_ir/product/B[12] is connected to registers with an asynchronous reset. This is preventing the possibility of merging these registers in to the DSP Block since the DSP block registers only possess synchronous reset capability.  It is suggested to recode or change these registers to remove the reset or use a synchronous reset to get the best optimization for performance, power and area.
Related violations: <none>

DPIR-1#239 Warning
Asynchronous driver check  
DSP u_pqm_pl_top/u_measurement_core/u_freq_analysis/u_phase_vector_calc/u_mul_ur_ir/product input pin u_pqm_pl_top/u_measurement_core/u_freq_analysis/u_phase_vector_calc/u_mul_ur_ir/product/B[13] is connected to registers with an asynchronous reset. This is preventing the possibility of merging these registers in to the DSP Block since the DSP block registers only possess synchronous reset capability.  It is suggested to recode or change these registers to remove the reset or use a synchronous reset to get the best optimization for performance, power and area.
Related violations: <none>

DPIR-1#240 Warning
Asynchronous driver check  
DSP u_pqm_pl_top/u_measurement_core/u_freq_analysis/u_phase_vector_calc/u_mul_ur_ir/product input pin u_pqm_pl_top/u_measurement_core/u_freq_analysis/u_phase_vector_calc/u_mul_ur_ir/product/B[14] is connected to registers with an asynchronous reset. This is preventing the possibility of merging these registers in to the DSP Block since the DSP block registers only possess synchronous reset capability.  It is suggested to recode or change these registers to remove the reset or use a synchronous reset to get the best optimization for performance, power and area.
Related violations: <none>

DPIR-1#241 Warning
Asynchronous driver check  
DSP u_pqm_pl_top/u_measurement_core/u_freq_analysis/u_phase_vector_calc/u_mul_ur_ir/product input pin u_pqm_pl_top/u_measurement_core/u_freq_analysis/u_phase_vector_calc/u_mul_ur_ir/product/B[15] is connected to registers with an asynchronous reset. This is preventing the possibility of merging these registers in to the DSP Block since the DSP block registers only possess synchronous reset capability.  It is suggested to recode or change these registers to remove the reset or use a synchronous reset to get the best optimization for performance, power and area.
Related violations: <none>

DPIR-1#242 Warning
Asynchronous driver check  
DSP u_pqm_pl_top/u_measurement_core/u_freq_analysis/u_phase_vector_calc/u_mul_ur_ir/product input pin u_pqm_pl_top/u_measurement_core/u_freq_analysis/u_phase_vector_calc/u_mul_ur_ir/product/B[16] is connected to registers with an asynchronous reset. This is preventing the possibility of merging these registers in to the DSP Block since the DSP block registers only possess synchronous reset capability.  It is suggested to recode or change these registers to remove the reset or use a synchronous reset to get the best optimization for performance, power and area.
Related violations: <none>

DPIR-1#243 Warning
Asynchronous driver check  
DSP u_pqm_pl_top/u_measurement_core/u_freq_analysis/u_phase_vector_calc/u_mul_ur_ir/product input pin u_pqm_pl_top/u_measurement_core/u_freq_analysis/u_phase_vector_calc/u_mul_ur_ir/product/B[17] is connected to registers with an asynchronous reset. This is preventing the possibility of merging these registers in to the DSP Block since the DSP block registers only possess synchronous reset capability.  It is suggested to recode or change these registers to remove the reset or use a synchronous reset to get the best optimization for performance, power and area.
Related violations: <none>

DPIR-1#244 Warning
Asynchronous driver check  
DSP u_pqm_pl_top/u_measurement_core/u_freq_analysis/u_phase_vector_calc/u_mul_ur_ir/product input pin u_pqm_pl_top/u_measurement_core/u_freq_analysis/u_phase_vector_calc/u_mul_ur_ir/product/B[1] is connected to registers with an asynchronous reset. This is preventing the possibility of merging these registers in to the DSP Block since the DSP block registers only possess synchronous reset capability.  It is suggested to recode or change these registers to remove the reset or use a synchronous reset to get the best optimization for performance, power and area.
Related violations: <none>

DPIR-1#245 Warning
Asynchronous driver check  
DSP u_pqm_pl_top/u_measurement_core/u_freq_analysis/u_phase_vector_calc/u_mul_ur_ir/product input pin u_pqm_pl_top/u_measurement_core/u_freq_analysis/u_phase_vector_calc/u_mul_ur_ir/product/B[2] is connected to registers with an asynchronous reset. This is preventing the possibility of merging these registers in to the DSP Block since the DSP block registers only possess synchronous reset capability.  It is suggested to recode or change these registers to remove the reset or use a synchronous reset to get the best optimization for performance, power and area.
Related violations: <none>

DPIR-1#246 Warning
Asynchronous driver check  
DSP u_pqm_pl_top/u_measurement_core/u_freq_analysis/u_phase_vector_calc/u_mul_ur_ir/product input pin u_pqm_pl_top/u_measurement_core/u_freq_analysis/u_phase_vector_calc/u_mul_ur_ir/product/B[3] is connected to registers with an asynchronous reset. This is preventing the possibility of merging these registers in to the DSP Block since the DSP block registers only possess synchronous reset capability.  It is suggested to recode or change these registers to remove the reset or use a synchronous reset to get the best optimization for performance, power and area.
Related violations: <none>

DPIR-1#247 Warning
Asynchronous driver check  
DSP u_pqm_pl_top/u_measurement_core/u_freq_analysis/u_phase_vector_calc/u_mul_ur_ir/product input pin u_pqm_pl_top/u_measurement_core/u_freq_analysis/u_phase_vector_calc/u_mul_ur_ir/product/B[4] is connected to registers with an asynchronous reset. This is preventing the possibility of merging these registers in to the DSP Block since the DSP block registers only possess synchronous reset capability.  It is suggested to recode or change these registers to remove the reset or use a synchronous reset to get the best optimization for performance, power and area.
Related violations: <none>

DPIR-1#248 Warning
Asynchronous driver check  
DSP u_pqm_pl_top/u_measurement_core/u_freq_analysis/u_phase_vector_calc/u_mul_ur_ir/product input pin u_pqm_pl_top/u_measurement_core/u_freq_analysis/u_phase_vector_calc/u_mul_ur_ir/product/B[5] is connected to registers with an asynchronous reset. This is preventing the possibility of merging these registers in to the DSP Block since the DSP block registers only possess synchronous reset capability.  It is suggested to recode or change these registers to remove the reset or use a synchronous reset to get the best optimization for performance, power and area.
Related violations: <none>

DPIR-1#249 Warning
Asynchronous driver check  
DSP u_pqm_pl_top/u_measurement_core/u_freq_analysis/u_phase_vector_calc/u_mul_ur_ir/product input pin u_pqm_pl_top/u_measurement_core/u_freq_analysis/u_phase_vector_calc/u_mul_ur_ir/product/B[6] is connected to registers with an asynchronous reset. This is preventing the possibility of merging these registers in to the DSP Block since the DSP block registers only possess synchronous reset capability.  It is suggested to recode or change these registers to remove the reset or use a synchronous reset to get the best optimization for performance, power and area.
Related violations: <none>

DPIR-1#250 Warning
Asynchronous driver check  
DSP u_pqm_pl_top/u_measurement_core/u_freq_analysis/u_phase_vector_calc/u_mul_ur_ir/product input pin u_pqm_pl_top/u_measurement_core/u_freq_analysis/u_phase_vector_calc/u_mul_ur_ir/product/B[7] is connected to registers with an asynchronous reset. This is preventing the possibility of merging these registers in to the DSP Block since the DSP block registers only possess synchronous reset capability.  It is suggested to recode or change these registers to remove the reset or use a synchronous reset to get the best optimization for performance, power and area.
Related violations: <none>

DPIR-1#251 Warning
Asynchronous driver check  
DSP u_pqm_pl_top/u_measurement_core/u_freq_analysis/u_phase_vector_calc/u_mul_ur_ir/product input pin u_pqm_pl_top/u_measurement_core/u_freq_analysis/u_phase_vector_calc/u_mul_ur_ir/product/B[8] is connected to registers with an asynchronous reset. This is preventing the possibility of merging these registers in to the DSP Block since the DSP block registers only possess synchronous reset capability.  It is suggested to recode or change these registers to remove the reset or use a synchronous reset to get the best optimization for performance, power and area.
Related violations: <none>

DPIR-1#252 Warning
Asynchronous driver check  
DSP u_pqm_pl_top/u_measurement_core/u_freq_analysis/u_phase_vector_calc/u_mul_ur_ir/product input pin u_pqm_pl_top/u_measurement_core/u_freq_analysis/u_phase_vector_calc/u_mul_ur_ir/product/B[9] is connected to registers with an asynchronous reset. This is preventing the possibility of merging these registers in to the DSP Block since the DSP block registers only possess synchronous reset capability.  It is suggested to recode or change these registers to remove the reset or use a synchronous reset to get the best optimization for performance, power and area.
Related violations: <none>

DPIR-1#253 Warning
Asynchronous driver check  
DSP u_pqm_pl_top/u_measurement_core/u_freq_metrics_raw_calc/u_freq_thd_raw_calc/u_i_thd_scale_multiplier/product input pin u_pqm_pl_top/u_measurement_core/u_freq_metrics_raw_calc/u_freq_thd_raw_calc/u_i_thd_scale_multiplier/product/A[0] is connected to registers with an asynchronous reset. This is preventing the possibility of merging these registers in to the DSP Block since the DSP block registers only possess synchronous reset capability.  It is suggested to recode or change these registers to remove the reset or use a synchronous reset to get the best optimization for performance, power and area.
Related violations: <none>

DPIR-1#254 Warning
Asynchronous driver check  
DSP u_pqm_pl_top/u_measurement_core/u_freq_metrics_raw_calc/u_freq_thd_raw_calc/u_i_thd_scale_multiplier/product input pin u_pqm_pl_top/u_measurement_core/u_freq_metrics_raw_calc/u_freq_thd_raw_calc/u_i_thd_scale_multiplier/product/A[10] is connected to registers with an asynchronous reset. This is preventing the possibility of merging these registers in to the DSP Block since the DSP block registers only possess synchronous reset capability.  It is suggested to recode or change these registers to remove the reset or use a synchronous reset to get the best optimization for performance, power and area.
Related violations: <none>

DPIR-1#255 Warning
Asynchronous driver check  
DSP u_pqm_pl_top/u_measurement_core/u_freq_metrics_raw_calc/u_freq_thd_raw_calc/u_i_thd_scale_multiplier/product input pin u_pqm_pl_top/u_measurement_core/u_freq_metrics_raw_calc/u_freq_thd_raw_calc/u_i_thd_scale_multiplier/product/A[11] is connected to registers with an asynchronous reset. This is preventing the possibility of merging these registers in to the DSP Block since the DSP block registers only possess synchronous reset capability.  It is suggested to recode or change these registers to remove the reset or use a synchronous reset to get the best optimization for performance, power and area.
Related violations: <none>

DPIR-1#256 Warning
Asynchronous driver check  
DSP u_pqm_pl_top/u_measurement_core/u_freq_metrics_raw_calc/u_freq_thd_raw_calc/u_i_thd_scale_multiplier/product input pin u_pqm_pl_top/u_measurement_core/u_freq_metrics_raw_calc/u_freq_thd_raw_calc/u_i_thd_scale_multiplier/product/A[12] is connected to registers with an asynchronous reset. This is preventing the possibility of merging these registers in to the DSP Block since the DSP block registers only possess synchronous reset capability.  It is suggested to recode or change these registers to remove the reset or use a synchronous reset to get the best optimization for performance, power and area.
Related violations: <none>

DPIR-1#257 Warning
Asynchronous driver check  
DSP u_pqm_pl_top/u_measurement_core/u_freq_metrics_raw_calc/u_freq_thd_raw_calc/u_i_thd_scale_multiplier/product input pin u_pqm_pl_top/u_measurement_core/u_freq_metrics_raw_calc/u_freq_thd_raw_calc/u_i_thd_scale_multiplier/product/A[13] is connected to registers with an asynchronous reset. This is preventing the possibility of merging these registers in to the DSP Block since the DSP block registers only possess synchronous reset capability.  It is suggested to recode or change these registers to remove the reset or use a synchronous reset to get the best optimization for performance, power and area.
Related violations: <none>

DPIR-1#258 Warning
Asynchronous driver check  
DSP u_pqm_pl_top/u_measurement_core/u_freq_metrics_raw_calc/u_freq_thd_raw_calc/u_i_thd_scale_multiplier/product input pin u_pqm_pl_top/u_measurement_core/u_freq_metrics_raw_calc/u_freq_thd_raw_calc/u_i_thd_scale_multiplier/product/A[14] is connected to registers with an asynchronous reset. This is preventing the possibility of merging these registers in to the DSP Block since the DSP block registers only possess synchronous reset capability.  It is suggested to recode or change these registers to remove the reset or use a synchronous reset to get the best optimization for performance, power and area.
Related violations: <none>

DPIR-1#259 Warning
Asynchronous driver check  
DSP u_pqm_pl_top/u_measurement_core/u_freq_metrics_raw_calc/u_freq_thd_raw_calc/u_i_thd_scale_multiplier/product input pin u_pqm_pl_top/u_measurement_core/u_freq_metrics_raw_calc/u_freq_thd_raw_calc/u_i_thd_scale_multiplier/product/A[15] is connected to registers with an asynchronous reset. This is preventing the possibility of merging these registers in to the DSP Block since the DSP block registers only possess synchronous reset capability.  It is suggested to recode or change these registers to remove the reset or use a synchronous reset to get the best optimization for performance, power and area.
Related violations: <none>

DPIR-1#260 Warning
Asynchronous driver check  
DSP u_pqm_pl_top/u_measurement_core/u_freq_metrics_raw_calc/u_freq_thd_raw_calc/u_i_thd_scale_multiplier/product input pin u_pqm_pl_top/u_measurement_core/u_freq_metrics_raw_calc/u_freq_thd_raw_calc/u_i_thd_scale_multiplier/product/A[16] is connected to registers with an asynchronous reset. This is preventing the possibility of merging these registers in to the DSP Block since the DSP block registers only possess synchronous reset capability.  It is suggested to recode or change these registers to remove the reset or use a synchronous reset to get the best optimization for performance, power and area.
Related violations: <none>

DPIR-1#261 Warning
Asynchronous driver check  
DSP u_pqm_pl_top/u_measurement_core/u_freq_metrics_raw_calc/u_freq_thd_raw_calc/u_i_thd_scale_multiplier/product input pin u_pqm_pl_top/u_measurement_core/u_freq_metrics_raw_calc/u_freq_thd_raw_calc/u_i_thd_scale_multiplier/product/A[17] is connected to registers with an asynchronous reset. This is preventing the possibility of merging these registers in to the DSP Block since the DSP block registers only possess synchronous reset capability.  It is suggested to recode or change these registers to remove the reset or use a synchronous reset to get the best optimization for performance, power and area.
Related violations: <none>

DPIR-1#262 Warning
Asynchronous driver check  
DSP u_pqm_pl_top/u_measurement_core/u_freq_metrics_raw_calc/u_freq_thd_raw_calc/u_i_thd_scale_multiplier/product input pin u_pqm_pl_top/u_measurement_core/u_freq_metrics_raw_calc/u_freq_thd_raw_calc/u_i_thd_scale_multiplier/product/A[18] is connected to registers with an asynchronous reset. This is preventing the possibility of merging these registers in to the DSP Block since the DSP block registers only possess synchronous reset capability.  It is suggested to recode or change these registers to remove the reset or use a synchronous reset to get the best optimization for performance, power and area.
Related violations: <none>

DPIR-1#263 Warning
Asynchronous driver check  
DSP u_pqm_pl_top/u_measurement_core/u_freq_metrics_raw_calc/u_freq_thd_raw_calc/u_i_thd_scale_multiplier/product input pin u_pqm_pl_top/u_measurement_core/u_freq_metrics_raw_calc/u_freq_thd_raw_calc/u_i_thd_scale_multiplier/product/A[19] is connected to registers with an asynchronous reset. This is preventing the possibility of merging these registers in to the DSP Block since the DSP block registers only possess synchronous reset capability.  It is suggested to recode or change these registers to remove the reset or use a synchronous reset to get the best optimization for performance, power and area.
Related violations: <none>

DPIR-1#264 Warning
Asynchronous driver check  
DSP u_pqm_pl_top/u_measurement_core/u_freq_metrics_raw_calc/u_freq_thd_raw_calc/u_i_thd_scale_multiplier/product input pin u_pqm_pl_top/u_measurement_core/u_freq_metrics_raw_calc/u_freq_thd_raw_calc/u_i_thd_scale_multiplier/product/A[1] is connected to registers with an asynchronous reset. This is preventing the possibility of merging these registers in to the DSP Block since the DSP block registers only possess synchronous reset capability.  It is suggested to recode or change these registers to remove the reset or use a synchronous reset to get the best optimization for performance, power and area.
Related violations: <none>

DPIR-1#265 Warning
Asynchronous driver check  
DSP u_pqm_pl_top/u_measurement_core/u_freq_metrics_raw_calc/u_freq_thd_raw_calc/u_i_thd_scale_multiplier/product input pin u_pqm_pl_top/u_measurement_core/u_freq_metrics_raw_calc/u_freq_thd_raw_calc/u_i_thd_scale_multiplier/product/A[20] is connected to registers with an asynchronous reset. This is preventing the possibility of merging these registers in to the DSP Block since the DSP block registers only possess synchronous reset capability.  It is suggested to recode or change these registers to remove the reset or use a synchronous reset to get the best optimization for performance, power and area.
Related violations: <none>

DPIR-1#266 Warning
Asynchronous driver check  
DSP u_pqm_pl_top/u_measurement_core/u_freq_metrics_raw_calc/u_freq_thd_raw_calc/u_i_thd_scale_multiplier/product input pin u_pqm_pl_top/u_measurement_core/u_freq_metrics_raw_calc/u_freq_thd_raw_calc/u_i_thd_scale_multiplier/product/A[21] is connected to registers with an asynchronous reset. This is preventing the possibility of merging these registers in to the DSP Block since the DSP block registers only possess synchronous reset capability.  It is suggested to recode or change these registers to remove the reset or use a synchronous reset to get the best optimization for performance, power and area.
Related violations: <none>

DPIR-1#267 Warning
Asynchronous driver check  
DSP u_pqm_pl_top/u_measurement_core/u_freq_metrics_raw_calc/u_freq_thd_raw_calc/u_i_thd_scale_multiplier/product input pin u_pqm_pl_top/u_measurement_core/u_freq_metrics_raw_calc/u_freq_thd_raw_calc/u_i_thd_scale_multiplier/product/A[22] is connected to registers with an asynchronous reset. This is preventing the possibility of merging these registers in to the DSP Block since the DSP block registers only possess synchronous reset capability.  It is suggested to recode or change these registers to remove the reset or use a synchronous reset to get the best optimization for performance, power and area.
Related violations: <none>

DPIR-1#268 Warning
Asynchronous driver check  
DSP u_pqm_pl_top/u_measurement_core/u_freq_metrics_raw_calc/u_freq_thd_raw_calc/u_i_thd_scale_multiplier/product input pin u_pqm_pl_top/u_measurement_core/u_freq_metrics_raw_calc/u_freq_thd_raw_calc/u_i_thd_scale_multiplier/product/A[2] is connected to registers with an asynchronous reset. This is preventing the possibility of merging these registers in to the DSP Block since the DSP block registers only possess synchronous reset capability.  It is suggested to recode or change these registers to remove the reset or use a synchronous reset to get the best optimization for performance, power and area.
Related violations: <none>

DPIR-1#269 Warning
Asynchronous driver check  
DSP u_pqm_pl_top/u_measurement_core/u_freq_metrics_raw_calc/u_freq_thd_raw_calc/u_i_thd_scale_multiplier/product input pin u_pqm_pl_top/u_measurement_core/u_freq_metrics_raw_calc/u_freq_thd_raw_calc/u_i_thd_scale_multiplier/product/A[3] is connected to registers with an asynchronous reset. This is preventing the possibility of merging these registers in to the DSP Block since the DSP block registers only possess synchronous reset capability.  It is suggested to recode or change these registers to remove the reset or use a synchronous reset to get the best optimization for performance, power and area.
Related violations: <none>

DPIR-1#270 Warning
Asynchronous driver check  
DSP u_pqm_pl_top/u_measurement_core/u_freq_metrics_raw_calc/u_freq_thd_raw_calc/u_i_thd_scale_multiplier/product input pin u_pqm_pl_top/u_measurement_core/u_freq_metrics_raw_calc/u_freq_thd_raw_calc/u_i_thd_scale_multiplier/product/A[4] is connected to registers with an asynchronous reset. This is preventing the possibility of merging these registers in to the DSP Block since the DSP block registers only possess synchronous reset capability.  It is suggested to recode or change these registers to remove the reset or use a synchronous reset to get the best optimization for performance, power and area.
Related violations: <none>

DPIR-1#271 Warning
Asynchronous driver check  
DSP u_pqm_pl_top/u_measurement_core/u_freq_metrics_raw_calc/u_freq_thd_raw_calc/u_i_thd_scale_multiplier/product input pin u_pqm_pl_top/u_measurement_core/u_freq_metrics_raw_calc/u_freq_thd_raw_calc/u_i_thd_scale_multiplier/product/A[5] is connected to registers with an asynchronous reset. This is preventing the possibility of merging these registers in to the DSP Block since the DSP block registers only possess synchronous reset capability.  It is suggested to recode or change these registers to remove the reset or use a synchronous reset to get the best optimization for performance, power and area.
Related violations: <none>

DPIR-1#272 Warning
Asynchronous driver check  
DSP u_pqm_pl_top/u_measurement_core/u_freq_metrics_raw_calc/u_freq_thd_raw_calc/u_i_thd_scale_multiplier/product input pin u_pqm_pl_top/u_measurement_core/u_freq_metrics_raw_calc/u_freq_thd_raw_calc/u_i_thd_scale_multiplier/product/A[6] is connected to registers with an asynchronous reset. This is preventing the possibility of merging these registers in to the DSP Block since the DSP block registers only possess synchronous reset capability.  It is suggested to recode or change these registers to remove the reset or use a synchronous reset to get the best optimization for performance, power and area.
Related violations: <none>

DPIR-1#273 Warning
Asynchronous driver check  
DSP u_pqm_pl_top/u_measurement_core/u_freq_metrics_raw_calc/u_freq_thd_raw_calc/u_i_thd_scale_multiplier/product input pin u_pqm_pl_top/u_measurement_core/u_freq_metrics_raw_calc/u_freq_thd_raw_calc/u_i_thd_scale_multiplier/product/A[7] is connected to registers with an asynchronous reset. This is preventing the possibility of merging these registers in to the DSP Block since the DSP block registers only possess synchronous reset capability.  It is suggested to recode or change these registers to remove the reset or use a synchronous reset to get the best optimization for performance, power and area.
Related violations: <none>

DPIR-1#274 Warning
Asynchronous driver check  
DSP u_pqm_pl_top/u_measurement_core/u_freq_metrics_raw_calc/u_freq_thd_raw_calc/u_i_thd_scale_multiplier/product input pin u_pqm_pl_top/u_measurement_core/u_freq_metrics_raw_calc/u_freq_thd_raw_calc/u_i_thd_scale_multiplier/product/A[8] is connected to registers with an asynchronous reset. This is preventing the possibility of merging these registers in to the DSP Block since the DSP block registers only possess synchronous reset capability.  It is suggested to recode or change these registers to remove the reset or use a synchronous reset to get the best optimization for performance, power and area.
Related violations: <none>

DPIR-1#275 Warning
Asynchronous driver check  
DSP u_pqm_pl_top/u_measurement_core/u_freq_metrics_raw_calc/u_freq_thd_raw_calc/u_i_thd_scale_multiplier/product input pin u_pqm_pl_top/u_measurement_core/u_freq_metrics_raw_calc/u_freq_thd_raw_calc/u_i_thd_scale_multiplier/product/A[9] is connected to registers with an asynchronous reset. This is preventing the possibility of merging these registers in to the DSP Block since the DSP block registers only possess synchronous reset capability.  It is suggested to recode or change these registers to remove the reset or use a synchronous reset to get the best optimization for performance, power and area.
Related violations: <none>

DPIR-1#276 Warning
Asynchronous driver check  
DSP u_pqm_pl_top/u_measurement_core/u_freq_metrics_raw_calc/u_freq_thd_raw_calc/u_u_thd_scale_multiplier/product input pin u_pqm_pl_top/u_measurement_core/u_freq_metrics_raw_calc/u_freq_thd_raw_calc/u_u_thd_scale_multiplier/product/A[0] is connected to registers with an asynchronous reset. This is preventing the possibility of merging these registers in to the DSP Block since the DSP block registers only possess synchronous reset capability.  It is suggested to recode or change these registers to remove the reset or use a synchronous reset to get the best optimization for performance, power and area.
Related violations: <none>

DPIR-1#277 Warning
Asynchronous driver check  
DSP u_pqm_pl_top/u_measurement_core/u_freq_metrics_raw_calc/u_freq_thd_raw_calc/u_u_thd_scale_multiplier/product input pin u_pqm_pl_top/u_measurement_core/u_freq_metrics_raw_calc/u_freq_thd_raw_calc/u_u_thd_scale_multiplier/product/A[10] is connected to registers with an asynchronous reset. This is preventing the possibility of merging these registers in to the DSP Block since the DSP block registers only possess synchronous reset capability.  It is suggested to recode or change these registers to remove the reset or use a synchronous reset to get the best optimization for performance, power and area.
Related violations: <none>

DPIR-1#278 Warning
Asynchronous driver check  
DSP u_pqm_pl_top/u_measurement_core/u_freq_metrics_raw_calc/u_freq_thd_raw_calc/u_u_thd_scale_multiplier/product input pin u_pqm_pl_top/u_measurement_core/u_freq_metrics_raw_calc/u_freq_thd_raw_calc/u_u_thd_scale_multiplier/product/A[11] is connected to registers with an asynchronous reset. This is preventing the possibility of merging these registers in to the DSP Block since the DSP block registers only possess synchronous reset capability.  It is suggested to recode or change these registers to remove the reset or use a synchronous reset to get the best optimization for performance, power and area.
Related violations: <none>

DPIR-1#279 Warning
Asynchronous driver check  
DSP u_pqm_pl_top/u_measurement_core/u_freq_metrics_raw_calc/u_freq_thd_raw_calc/u_u_thd_scale_multiplier/product input pin u_pqm_pl_top/u_measurement_core/u_freq_metrics_raw_calc/u_freq_thd_raw_calc/u_u_thd_scale_multiplier/product/A[12] is connected to registers with an asynchronous reset. This is preventing the possibility of merging these registers in to the DSP Block since the DSP block registers only possess synchronous reset capability.  It is suggested to recode or change these registers to remove the reset or use a synchronous reset to get the best optimization for performance, power and area.
Related violations: <none>

DPIR-1#280 Warning
Asynchronous driver check  
DSP u_pqm_pl_top/u_measurement_core/u_freq_metrics_raw_calc/u_freq_thd_raw_calc/u_u_thd_scale_multiplier/product input pin u_pqm_pl_top/u_measurement_core/u_freq_metrics_raw_calc/u_freq_thd_raw_calc/u_u_thd_scale_multiplier/product/A[13] is connected to registers with an asynchronous reset. This is preventing the possibility of merging these registers in to the DSP Block since the DSP block registers only possess synchronous reset capability.  It is suggested to recode or change these registers to remove the reset or use a synchronous reset to get the best optimization for performance, power and area.
Related violations: <none>

DPIR-1#281 Warning
Asynchronous driver check  
DSP u_pqm_pl_top/u_measurement_core/u_freq_metrics_raw_calc/u_freq_thd_raw_calc/u_u_thd_scale_multiplier/product input pin u_pqm_pl_top/u_measurement_core/u_freq_metrics_raw_calc/u_freq_thd_raw_calc/u_u_thd_scale_multiplier/product/A[14] is connected to registers with an asynchronous reset. This is preventing the possibility of merging these registers in to the DSP Block since the DSP block registers only possess synchronous reset capability.  It is suggested to recode or change these registers to remove the reset or use a synchronous reset to get the best optimization for performance, power and area.
Related violations: <none>

DPIR-1#282 Warning
Asynchronous driver check  
DSP u_pqm_pl_top/u_measurement_core/u_freq_metrics_raw_calc/u_freq_thd_raw_calc/u_u_thd_scale_multiplier/product input pin u_pqm_pl_top/u_measurement_core/u_freq_metrics_raw_calc/u_freq_thd_raw_calc/u_u_thd_scale_multiplier/product/A[15] is connected to registers with an asynchronous reset. This is preventing the possibility of merging these registers in to the DSP Block since the DSP block registers only possess synchronous reset capability.  It is suggested to recode or change these registers to remove the reset or use a synchronous reset to get the best optimization for performance, power and area.
Related violations: <none>

DPIR-1#283 Warning
Asynchronous driver check  
DSP u_pqm_pl_top/u_measurement_core/u_freq_metrics_raw_calc/u_freq_thd_raw_calc/u_u_thd_scale_multiplier/product input pin u_pqm_pl_top/u_measurement_core/u_freq_metrics_raw_calc/u_freq_thd_raw_calc/u_u_thd_scale_multiplier/product/A[16] is connected to registers with an asynchronous reset. This is preventing the possibility of merging these registers in to the DSP Block since the DSP block registers only possess synchronous reset capability.  It is suggested to recode or change these registers to remove the reset or use a synchronous reset to get the best optimization for performance, power and area.
Related violations: <none>

DPIR-1#284 Warning
Asynchronous driver check  
DSP u_pqm_pl_top/u_measurement_core/u_freq_metrics_raw_calc/u_freq_thd_raw_calc/u_u_thd_scale_multiplier/product input pin u_pqm_pl_top/u_measurement_core/u_freq_metrics_raw_calc/u_freq_thd_raw_calc/u_u_thd_scale_multiplier/product/A[17] is connected to registers with an asynchronous reset. This is preventing the possibility of merging these registers in to the DSP Block since the DSP block registers only possess synchronous reset capability.  It is suggested to recode or change these registers to remove the reset or use a synchronous reset to get the best optimization for performance, power and area.
Related violations: <none>

DPIR-1#285 Warning
Asynchronous driver check  
DSP u_pqm_pl_top/u_measurement_core/u_freq_metrics_raw_calc/u_freq_thd_raw_calc/u_u_thd_scale_multiplier/product input pin u_pqm_pl_top/u_measurement_core/u_freq_metrics_raw_calc/u_freq_thd_raw_calc/u_u_thd_scale_multiplier/product/A[18] is connected to registers with an asynchronous reset. This is preventing the possibility of merging these registers in to the DSP Block since the DSP block registers only possess synchronous reset capability.  It is suggested to recode or change these registers to remove the reset or use a synchronous reset to get the best optimization for performance, power and area.
Related violations: <none>

DPIR-1#286 Warning
Asynchronous driver check  
DSP u_pqm_pl_top/u_measurement_core/u_freq_metrics_raw_calc/u_freq_thd_raw_calc/u_u_thd_scale_multiplier/product input pin u_pqm_pl_top/u_measurement_core/u_freq_metrics_raw_calc/u_freq_thd_raw_calc/u_u_thd_scale_multiplier/product/A[19] is connected to registers with an asynchronous reset. This is preventing the possibility of merging these registers in to the DSP Block since the DSP block registers only possess synchronous reset capability.  It is suggested to recode or change these registers to remove the reset or use a synchronous reset to get the best optimization for performance, power and area.
Related violations: <none>

DPIR-1#287 Warning
Asynchronous driver check  
DSP u_pqm_pl_top/u_measurement_core/u_freq_metrics_raw_calc/u_freq_thd_raw_calc/u_u_thd_scale_multiplier/product input pin u_pqm_pl_top/u_measurement_core/u_freq_metrics_raw_calc/u_freq_thd_raw_calc/u_u_thd_scale_multiplier/product/A[1] is connected to registers with an asynchronous reset. This is preventing the possibility of merging these registers in to the DSP Block since the DSP block registers only possess synchronous reset capability.  It is suggested to recode or change these registers to remove the reset or use a synchronous reset to get the best optimization for performance, power and area.
Related violations: <none>

DPIR-1#288 Warning
Asynchronous driver check  
DSP u_pqm_pl_top/u_measurement_core/u_freq_metrics_raw_calc/u_freq_thd_raw_calc/u_u_thd_scale_multiplier/product input pin u_pqm_pl_top/u_measurement_core/u_freq_metrics_raw_calc/u_freq_thd_raw_calc/u_u_thd_scale_multiplier/product/A[20] is connected to registers with an asynchronous reset. This is preventing the possibility of merging these registers in to the DSP Block since the DSP block registers only possess synchronous reset capability.  It is suggested to recode or change these registers to remove the reset or use a synchronous reset to get the best optimization for performance, power and area.
Related violations: <none>

DPIR-1#289 Warning
Asynchronous driver check  
DSP u_pqm_pl_top/u_measurement_core/u_freq_metrics_raw_calc/u_freq_thd_raw_calc/u_u_thd_scale_multiplier/product input pin u_pqm_pl_top/u_measurement_core/u_freq_metrics_raw_calc/u_freq_thd_raw_calc/u_u_thd_scale_multiplier/product/A[21] is connected to registers with an asynchronous reset. This is preventing the possibility of merging these registers in to the DSP Block since the DSP block registers only possess synchronous reset capability.  It is suggested to recode or change these registers to remove the reset or use a synchronous reset to get the best optimization for performance, power and area.
Related violations: <none>

DPIR-1#290 Warning
Asynchronous driver check  
DSP u_pqm_pl_top/u_measurement_core/u_freq_metrics_raw_calc/u_freq_thd_raw_calc/u_u_thd_scale_multiplier/product input pin u_pqm_pl_top/u_measurement_core/u_freq_metrics_raw_calc/u_freq_thd_raw_calc/u_u_thd_scale_multiplier/product/A[22] is connected to registers with an asynchronous reset. This is preventing the possibility of merging these registers in to the DSP Block since the DSP block registers only possess synchronous reset capability.  It is suggested to recode or change these registers to remove the reset or use a synchronous reset to get the best optimization for performance, power and area.
Related violations: <none>

DPIR-1#291 Warning
Asynchronous driver check  
DSP u_pqm_pl_top/u_measurement_core/u_freq_metrics_raw_calc/u_freq_thd_raw_calc/u_u_thd_scale_multiplier/product input pin u_pqm_pl_top/u_measurement_core/u_freq_metrics_raw_calc/u_freq_thd_raw_calc/u_u_thd_scale_multiplier/product/A[2] is connected to registers with an asynchronous reset. This is preventing the possibility of merging these registers in to the DSP Block since the DSP block registers only possess synchronous reset capability.  It is suggested to recode or change these registers to remove the reset or use a synchronous reset to get the best optimization for performance, power and area.
Related violations: <none>

DPIR-1#292 Warning
Asynchronous driver check  
DSP u_pqm_pl_top/u_measurement_core/u_freq_metrics_raw_calc/u_freq_thd_raw_calc/u_u_thd_scale_multiplier/product input pin u_pqm_pl_top/u_measurement_core/u_freq_metrics_raw_calc/u_freq_thd_raw_calc/u_u_thd_scale_multiplier/product/A[3] is connected to registers with an asynchronous reset. This is preventing the possibility of merging these registers in to the DSP Block since the DSP block registers only possess synchronous reset capability.  It is suggested to recode or change these registers to remove the reset or use a synchronous reset to get the best optimization for performance, power and area.
Related violations: <none>

DPIR-1#293 Warning
Asynchronous driver check  
DSP u_pqm_pl_top/u_measurement_core/u_freq_metrics_raw_calc/u_freq_thd_raw_calc/u_u_thd_scale_multiplier/product input pin u_pqm_pl_top/u_measurement_core/u_freq_metrics_raw_calc/u_freq_thd_raw_calc/u_u_thd_scale_multiplier/product/A[4] is connected to registers with an asynchronous reset. This is preventing the possibility of merging these registers in to the DSP Block since the DSP block registers only possess synchronous reset capability.  It is suggested to recode or change these registers to remove the reset or use a synchronous reset to get the best optimization for performance, power and area.
Related violations: <none>

DPIR-1#294 Warning
Asynchronous driver check  
DSP u_pqm_pl_top/u_measurement_core/u_freq_metrics_raw_calc/u_freq_thd_raw_calc/u_u_thd_scale_multiplier/product input pin u_pqm_pl_top/u_measurement_core/u_freq_metrics_raw_calc/u_freq_thd_raw_calc/u_u_thd_scale_multiplier/product/A[5] is connected to registers with an asynchronous reset. This is preventing the possibility of merging these registers in to the DSP Block since the DSP block registers only possess synchronous reset capability.  It is suggested to recode or change these registers to remove the reset or use a synchronous reset to get the best optimization for performance, power and area.
Related violations: <none>

DPIR-1#295 Warning
Asynchronous driver check  
DSP u_pqm_pl_top/u_measurement_core/u_freq_metrics_raw_calc/u_freq_thd_raw_calc/u_u_thd_scale_multiplier/product input pin u_pqm_pl_top/u_measurement_core/u_freq_metrics_raw_calc/u_freq_thd_raw_calc/u_u_thd_scale_multiplier/product/A[6] is connected to registers with an asynchronous reset. This is preventing the possibility of merging these registers in to the DSP Block since the DSP block registers only possess synchronous reset capability.  It is suggested to recode or change these registers to remove the reset or use a synchronous reset to get the best optimization for performance, power and area.
Related violations: <none>

DPIR-1#296 Warning
Asynchronous driver check  
DSP u_pqm_pl_top/u_measurement_core/u_freq_metrics_raw_calc/u_freq_thd_raw_calc/u_u_thd_scale_multiplier/product input pin u_pqm_pl_top/u_measurement_core/u_freq_metrics_raw_calc/u_freq_thd_raw_calc/u_u_thd_scale_multiplier/product/A[7] is connected to registers with an asynchronous reset. This is preventing the possibility of merging these registers in to the DSP Block since the DSP block registers only possess synchronous reset capability.  It is suggested to recode or change these registers to remove the reset or use a synchronous reset to get the best optimization for performance, power and area.
Related violations: <none>

DPIR-1#297 Warning
Asynchronous driver check  
DSP u_pqm_pl_top/u_measurement_core/u_freq_metrics_raw_calc/u_freq_thd_raw_calc/u_u_thd_scale_multiplier/product input pin u_pqm_pl_top/u_measurement_core/u_freq_metrics_raw_calc/u_freq_thd_raw_calc/u_u_thd_scale_multiplier/product/A[8] is connected to registers with an asynchronous reset. This is preventing the possibility of merging these registers in to the DSP Block since the DSP block registers only possess synchronous reset capability.  It is suggested to recode or change these registers to remove the reset or use a synchronous reset to get the best optimization for performance, power and area.
Related violations: <none>

DPIR-1#298 Warning
Asynchronous driver check  
DSP u_pqm_pl_top/u_measurement_core/u_freq_metrics_raw_calc/u_freq_thd_raw_calc/u_u_thd_scale_multiplier/product input pin u_pqm_pl_top/u_measurement_core/u_freq_metrics_raw_calc/u_freq_thd_raw_calc/u_u_thd_scale_multiplier/product/A[9] is connected to registers with an asynchronous reset. This is preventing the possibility of merging these registers in to the DSP Block since the DSP block registers only possess synchronous reset capability.  It is suggested to recode or change these registers to remove the reset or use a synchronous reset to get the best optimization for performance, power and area.
Related violations: <none>

DPIR-1#299 Warning
Asynchronous driver check  
DSP u_pqm_pl_top/u_measurement_core/u_freq_metrics_raw_calc/u_i_mag_square_multiplier/product input pin u_pqm_pl_top/u_measurement_core/u_freq_metrics_raw_calc/u_i_mag_square_multiplier/product/A[0] is connected to registers with an asynchronous reset. This is preventing the possibility of merging these registers in to the DSP Block since the DSP block registers only possess synchronous reset capability.  It is suggested to recode or change these registers to remove the reset or use a synchronous reset to get the best optimization for performance, power and area.
Related violations: <none>

DPIR-1#300 Warning
Asynchronous driver check  
DSP u_pqm_pl_top/u_measurement_core/u_freq_metrics_raw_calc/u_i_mag_square_multiplier/product input pin u_pqm_pl_top/u_measurement_core/u_freq_metrics_raw_calc/u_i_mag_square_multiplier/product/A[10] is connected to registers with an asynchronous reset. This is preventing the possibility of merging these registers in to the DSP Block since the DSP block registers only possess synchronous reset capability.  It is suggested to recode or change these registers to remove the reset or use a synchronous reset to get the best optimization for performance, power and area.
Related violations: <none>

DPIR-1#301 Warning
Asynchronous driver check  
DSP u_pqm_pl_top/u_measurement_core/u_freq_metrics_raw_calc/u_i_mag_square_multiplier/product input pin u_pqm_pl_top/u_measurement_core/u_freq_metrics_raw_calc/u_i_mag_square_multiplier/product/A[11] is connected to registers with an asynchronous reset. This is preventing the possibility of merging these registers in to the DSP Block since the DSP block registers only possess synchronous reset capability.  It is suggested to recode or change these registers to remove the reset or use a synchronous reset to get the best optimization for performance, power and area.
Related violations: <none>

DPIR-1#302 Warning
Asynchronous driver check  
DSP u_pqm_pl_top/u_measurement_core/u_freq_metrics_raw_calc/u_i_mag_square_multiplier/product input pin u_pqm_pl_top/u_measurement_core/u_freq_metrics_raw_calc/u_i_mag_square_multiplier/product/A[12] is connected to registers with an asynchronous reset. This is preventing the possibility of merging these registers in to the DSP Block since the DSP block registers only possess synchronous reset capability.  It is suggested to recode or change these registers to remove the reset or use a synchronous reset to get the best optimization for performance, power and area.
Related violations: <none>

DPIR-1#303 Warning
Asynchronous driver check  
DSP u_pqm_pl_top/u_measurement_core/u_freq_metrics_raw_calc/u_i_mag_square_multiplier/product input pin u_pqm_pl_top/u_measurement_core/u_freq_metrics_raw_calc/u_i_mag_square_multiplier/product/A[13] is connected to registers with an asynchronous reset. This is preventing the possibility of merging these registers in to the DSP Block since the DSP block registers only possess synchronous reset capability.  It is suggested to recode or change these registers to remove the reset or use a synchronous reset to get the best optimization for performance, power and area.
Related violations: <none>

DPIR-1#304 Warning
Asynchronous driver check  
DSP u_pqm_pl_top/u_measurement_core/u_freq_metrics_raw_calc/u_i_mag_square_multiplier/product input pin u_pqm_pl_top/u_measurement_core/u_freq_metrics_raw_calc/u_i_mag_square_multiplier/product/A[14] is connected to registers with an asynchronous reset. This is preventing the possibility of merging these registers in to the DSP Block since the DSP block registers only possess synchronous reset capability.  It is suggested to recode or change these registers to remove the reset or use a synchronous reset to get the best optimization for performance, power and area.
Related violations: <none>

DPIR-1#305 Warning
Asynchronous driver check  
DSP u_pqm_pl_top/u_measurement_core/u_freq_metrics_raw_calc/u_i_mag_square_multiplier/product input pin u_pqm_pl_top/u_measurement_core/u_freq_metrics_raw_calc/u_i_mag_square_multiplier/product/A[15] is connected to registers with an asynchronous reset. This is preventing the possibility of merging these registers in to the DSP Block since the DSP block registers only possess synchronous reset capability.  It is suggested to recode or change these registers to remove the reset or use a synchronous reset to get the best optimization for performance, power and area.
Related violations: <none>

DPIR-1#306 Warning
Asynchronous driver check  
DSP u_pqm_pl_top/u_measurement_core/u_freq_metrics_raw_calc/u_i_mag_square_multiplier/product input pin u_pqm_pl_top/u_measurement_core/u_freq_metrics_raw_calc/u_i_mag_square_multiplier/product/A[16] is connected to registers with an asynchronous reset. This is preventing the possibility of merging these registers in to the DSP Block since the DSP block registers only possess synchronous reset capability.  It is suggested to recode or change these registers to remove the reset or use a synchronous reset to get the best optimization for performance, power and area.
Related violations: <none>

DPIR-1#307 Warning
Asynchronous driver check  
DSP u_pqm_pl_top/u_measurement_core/u_freq_metrics_raw_calc/u_i_mag_square_multiplier/product input pin u_pqm_pl_top/u_measurement_core/u_freq_metrics_raw_calc/u_i_mag_square_multiplier/product/A[1] is connected to registers with an asynchronous reset. This is preventing the possibility of merging these registers in to the DSP Block since the DSP block registers only possess synchronous reset capability.  It is suggested to recode or change these registers to remove the reset or use a synchronous reset to get the best optimization for performance, power and area.
Related violations: <none>

DPIR-1#308 Warning
Asynchronous driver check  
DSP u_pqm_pl_top/u_measurement_core/u_freq_metrics_raw_calc/u_i_mag_square_multiplier/product input pin u_pqm_pl_top/u_measurement_core/u_freq_metrics_raw_calc/u_i_mag_square_multiplier/product/A[2] is connected to registers with an asynchronous reset. This is preventing the possibility of merging these registers in to the DSP Block since the DSP block registers only possess synchronous reset capability.  It is suggested to recode or change these registers to remove the reset or use a synchronous reset to get the best optimization for performance, power and area.
Related violations: <none>

DPIR-1#309 Warning
Asynchronous driver check  
DSP u_pqm_pl_top/u_measurement_core/u_freq_metrics_raw_calc/u_i_mag_square_multiplier/product input pin u_pqm_pl_top/u_measurement_core/u_freq_metrics_raw_calc/u_i_mag_square_multiplier/product/A[3] is connected to registers with an asynchronous reset. This is preventing the possibility of merging these registers in to the DSP Block since the DSP block registers only possess synchronous reset capability.  It is suggested to recode or change these registers to remove the reset or use a synchronous reset to get the best optimization for performance, power and area.
Related violations: <none>

DPIR-1#310 Warning
Asynchronous driver check  
DSP u_pqm_pl_top/u_measurement_core/u_freq_metrics_raw_calc/u_i_mag_square_multiplier/product input pin u_pqm_pl_top/u_measurement_core/u_freq_metrics_raw_calc/u_i_mag_square_multiplier/product/A[4] is connected to registers with an asynchronous reset. This is preventing the possibility of merging these registers in to the DSP Block since the DSP block registers only possess synchronous reset capability.  It is suggested to recode or change these registers to remove the reset or use a synchronous reset to get the best optimization for performance, power and area.
Related violations: <none>

DPIR-1#311 Warning
Asynchronous driver check  
DSP u_pqm_pl_top/u_measurement_core/u_freq_metrics_raw_calc/u_i_mag_square_multiplier/product input pin u_pqm_pl_top/u_measurement_core/u_freq_metrics_raw_calc/u_i_mag_square_multiplier/product/A[5] is connected to registers with an asynchronous reset. This is preventing the possibility of merging these registers in to the DSP Block since the DSP block registers only possess synchronous reset capability.  It is suggested to recode or change these registers to remove the reset or use a synchronous reset to get the best optimization for performance, power and area.
Related violations: <none>

DPIR-1#312 Warning
Asynchronous driver check  
DSP u_pqm_pl_top/u_measurement_core/u_freq_metrics_raw_calc/u_i_mag_square_multiplier/product input pin u_pqm_pl_top/u_measurement_core/u_freq_metrics_raw_calc/u_i_mag_square_multiplier/product/A[6] is connected to registers with an asynchronous reset. This is preventing the possibility of merging these registers in to the DSP Block since the DSP block registers only possess synchronous reset capability.  It is suggested to recode or change these registers to remove the reset or use a synchronous reset to get the best optimization for performance, power and area.
Related violations: <none>

DPIR-1#313 Warning
Asynchronous driver check  
DSP u_pqm_pl_top/u_measurement_core/u_freq_metrics_raw_calc/u_i_mag_square_multiplier/product input pin u_pqm_pl_top/u_measurement_core/u_freq_metrics_raw_calc/u_i_mag_square_multiplier/product/A[7] is connected to registers with an asynchronous reset. This is preventing the possibility of merging these registers in to the DSP Block since the DSP block registers only possess synchronous reset capability.  It is suggested to recode or change these registers to remove the reset or use a synchronous reset to get the best optimization for performance, power and area.
Related violations: <none>

DPIR-1#314 Warning
Asynchronous driver check  
DSP u_pqm_pl_top/u_measurement_core/u_freq_metrics_raw_calc/u_i_mag_square_multiplier/product input pin u_pqm_pl_top/u_measurement_core/u_freq_metrics_raw_calc/u_i_mag_square_multiplier/product/A[8] is connected to registers with an asynchronous reset. This is preventing the possibility of merging these registers in to the DSP Block since the DSP block registers only possess synchronous reset capability.  It is suggested to recode or change these registers to remove the reset or use a synchronous reset to get the best optimization for performance, power and area.
Related violations: <none>

DPIR-1#315 Warning
Asynchronous driver check  
DSP u_pqm_pl_top/u_measurement_core/u_freq_metrics_raw_calc/u_i_mag_square_multiplier/product input pin u_pqm_pl_top/u_measurement_core/u_freq_metrics_raw_calc/u_i_mag_square_multiplier/product/A[9] is connected to registers with an asynchronous reset. This is preventing the possibility of merging these registers in to the DSP Block since the DSP block registers only possess synchronous reset capability.  It is suggested to recode or change these registers to remove the reset or use a synchronous reset to get the best optimization for performance, power and area.
Related violations: <none>

DPIR-1#316 Warning
Asynchronous driver check  
DSP u_pqm_pl_top/u_measurement_core/u_freq_metrics_raw_calc/u_i_mag_square_multiplier/product input pin u_pqm_pl_top/u_measurement_core/u_freq_metrics_raw_calc/u_i_mag_square_multiplier/product/B[0] is connected to registers with an asynchronous reset. This is preventing the possibility of merging these registers in to the DSP Block since the DSP block registers only possess synchronous reset capability.  It is suggested to recode or change these registers to remove the reset or use a synchronous reset to get the best optimization for performance, power and area.
Related violations: <none>

DPIR-1#317 Warning
Asynchronous driver check  
DSP u_pqm_pl_top/u_measurement_core/u_freq_metrics_raw_calc/u_i_mag_square_multiplier/product input pin u_pqm_pl_top/u_measurement_core/u_freq_metrics_raw_calc/u_i_mag_square_multiplier/product/B[10] is connected to registers with an asynchronous reset. This is preventing the possibility of merging these registers in to the DSP Block since the DSP block registers only possess synchronous reset capability.  It is suggested to recode or change these registers to remove the reset or use a synchronous reset to get the best optimization for performance, power and area.
Related violations: <none>

DPIR-1#318 Warning
Asynchronous driver check  
DSP u_pqm_pl_top/u_measurement_core/u_freq_metrics_raw_calc/u_i_mag_square_multiplier/product input pin u_pqm_pl_top/u_measurement_core/u_freq_metrics_raw_calc/u_i_mag_square_multiplier/product/B[11] is connected to registers with an asynchronous reset. This is preventing the possibility of merging these registers in to the DSP Block since the DSP block registers only possess synchronous reset capability.  It is suggested to recode or change these registers to remove the reset or use a synchronous reset to get the best optimization for performance, power and area.
Related violations: <none>

DPIR-1#319 Warning
Asynchronous driver check  
DSP u_pqm_pl_top/u_measurement_core/u_freq_metrics_raw_calc/u_i_mag_square_multiplier/product input pin u_pqm_pl_top/u_measurement_core/u_freq_metrics_raw_calc/u_i_mag_square_multiplier/product/B[12] is connected to registers with an asynchronous reset. This is preventing the possibility of merging these registers in to the DSP Block since the DSP block registers only possess synchronous reset capability.  It is suggested to recode or change these registers to remove the reset or use a synchronous reset to get the best optimization for performance, power and area.
Related violations: <none>

DPIR-1#320 Warning
Asynchronous driver check  
DSP u_pqm_pl_top/u_measurement_core/u_freq_metrics_raw_calc/u_i_mag_square_multiplier/product input pin u_pqm_pl_top/u_measurement_core/u_freq_metrics_raw_calc/u_i_mag_square_multiplier/product/B[13] is connected to registers with an asynchronous reset. This is preventing the possibility of merging these registers in to the DSP Block since the DSP block registers only possess synchronous reset capability.  It is suggested to recode or change these registers to remove the reset or use a synchronous reset to get the best optimization for performance, power and area.
Related violations: <none>

DPIR-1#321 Warning
Asynchronous driver check  
DSP u_pqm_pl_top/u_measurement_core/u_freq_metrics_raw_calc/u_i_mag_square_multiplier/product input pin u_pqm_pl_top/u_measurement_core/u_freq_metrics_raw_calc/u_i_mag_square_multiplier/product/B[14] is connected to registers with an asynchronous reset. This is preventing the possibility of merging these registers in to the DSP Block since the DSP block registers only possess synchronous reset capability.  It is suggested to recode or change these registers to remove the reset or use a synchronous reset to get the best optimization for performance, power and area.
Related violations: <none>

DPIR-1#322 Warning
Asynchronous driver check  
DSP u_pqm_pl_top/u_measurement_core/u_freq_metrics_raw_calc/u_i_mag_square_multiplier/product input pin u_pqm_pl_top/u_measurement_core/u_freq_metrics_raw_calc/u_i_mag_square_multiplier/product/B[15] is connected to registers with an asynchronous reset. This is preventing the possibility of merging these registers in to the DSP Block since the DSP block registers only possess synchronous reset capability.  It is suggested to recode or change these registers to remove the reset or use a synchronous reset to get the best optimization for performance, power and area.
Related violations: <none>

DPIR-1#323 Warning
Asynchronous driver check  
DSP u_pqm_pl_top/u_measurement_core/u_freq_metrics_raw_calc/u_i_mag_square_multiplier/product input pin u_pqm_pl_top/u_measurement_core/u_freq_metrics_raw_calc/u_i_mag_square_multiplier/product/B[16] is connected to registers with an asynchronous reset. This is preventing the possibility of merging these registers in to the DSP Block since the DSP block registers only possess synchronous reset capability.  It is suggested to recode or change these registers to remove the reset or use a synchronous reset to get the best optimization for performance, power and area.
Related violations: <none>

DPIR-1#324 Warning
Asynchronous driver check  
DSP u_pqm_pl_top/u_measurement_core/u_freq_metrics_raw_calc/u_i_mag_square_multiplier/product input pin u_pqm_pl_top/u_measurement_core/u_freq_metrics_raw_calc/u_i_mag_square_multiplier/product/B[1] is connected to registers with an asynchronous reset. This is preventing the possibility of merging these registers in to the DSP Block since the DSP block registers only possess synchronous reset capability.  It is suggested to recode or change these registers to remove the reset or use a synchronous reset to get the best optimization for performance, power and area.
Related violations: <none>

DPIR-1#325 Warning
Asynchronous driver check  
DSP u_pqm_pl_top/u_measurement_core/u_freq_metrics_raw_calc/u_i_mag_square_multiplier/product input pin u_pqm_pl_top/u_measurement_core/u_freq_metrics_raw_calc/u_i_mag_square_multiplier/product/B[2] is connected to registers with an asynchronous reset. This is preventing the possibility of merging these registers in to the DSP Block since the DSP block registers only possess synchronous reset capability.  It is suggested to recode or change these registers to remove the reset or use a synchronous reset to get the best optimization for performance, power and area.
Related violations: <none>

DPIR-1#326 Warning
Asynchronous driver check  
DSP u_pqm_pl_top/u_measurement_core/u_freq_metrics_raw_calc/u_i_mag_square_multiplier/product input pin u_pqm_pl_top/u_measurement_core/u_freq_metrics_raw_calc/u_i_mag_square_multiplier/product/B[3] is connected to registers with an asynchronous reset. This is preventing the possibility of merging these registers in to the DSP Block since the DSP block registers only possess synchronous reset capability.  It is suggested to recode or change these registers to remove the reset or use a synchronous reset to get the best optimization for performance, power and area.
Related violations: <none>

DPIR-1#327 Warning
Asynchronous driver check  
DSP u_pqm_pl_top/u_measurement_core/u_freq_metrics_raw_calc/u_i_mag_square_multiplier/product input pin u_pqm_pl_top/u_measurement_core/u_freq_metrics_raw_calc/u_i_mag_square_multiplier/product/B[4] is connected to registers with an asynchronous reset. This is preventing the possibility of merging these registers in to the DSP Block since the DSP block registers only possess synchronous reset capability.  It is suggested to recode or change these registers to remove the reset or use a synchronous reset to get the best optimization for performance, power and area.
Related violations: <none>

DPIR-1#328 Warning
Asynchronous driver check  
DSP u_pqm_pl_top/u_measurement_core/u_freq_metrics_raw_calc/u_i_mag_square_multiplier/product input pin u_pqm_pl_top/u_measurement_core/u_freq_metrics_raw_calc/u_i_mag_square_multiplier/product/B[5] is connected to registers with an asynchronous reset. This is preventing the possibility of merging these registers in to the DSP Block since the DSP block registers only possess synchronous reset capability.  It is suggested to recode or change these registers to remove the reset or use a synchronous reset to get the best optimization for performance, power and area.
Related violations: <none>

DPIR-1#329 Warning
Asynchronous driver check  
DSP u_pqm_pl_top/u_measurement_core/u_freq_metrics_raw_calc/u_i_mag_square_multiplier/product input pin u_pqm_pl_top/u_measurement_core/u_freq_metrics_raw_calc/u_i_mag_square_multiplier/product/B[6] is connected to registers with an asynchronous reset. This is preventing the possibility of merging these registers in to the DSP Block since the DSP block registers only possess synchronous reset capability.  It is suggested to recode or change these registers to remove the reset or use a synchronous reset to get the best optimization for performance, power and area.
Related violations: <none>

DPIR-1#330 Warning
Asynchronous driver check  
DSP u_pqm_pl_top/u_measurement_core/u_freq_metrics_raw_calc/u_i_mag_square_multiplier/product input pin u_pqm_pl_top/u_measurement_core/u_freq_metrics_raw_calc/u_i_mag_square_multiplier/product/B[7] is connected to registers with an asynchronous reset. This is preventing the possibility of merging these registers in to the DSP Block since the DSP block registers only possess synchronous reset capability.  It is suggested to recode or change these registers to remove the reset or use a synchronous reset to get the best optimization for performance, power and area.
Related violations: <none>

DPIR-1#331 Warning
Asynchronous driver check  
DSP u_pqm_pl_top/u_measurement_core/u_freq_metrics_raw_calc/u_i_mag_square_multiplier/product input pin u_pqm_pl_top/u_measurement_core/u_freq_metrics_raw_calc/u_i_mag_square_multiplier/product/B[8] is connected to registers with an asynchronous reset. This is preventing the possibility of merging these registers in to the DSP Block since the DSP block registers only possess synchronous reset capability.  It is suggested to recode or change these registers to remove the reset or use a synchronous reset to get the best optimization for performance, power and area.
Related violations: <none>

DPIR-1#332 Warning
Asynchronous driver check  
DSP u_pqm_pl_top/u_measurement_core/u_freq_metrics_raw_calc/u_i_mag_square_multiplier/product input pin u_pqm_pl_top/u_measurement_core/u_freq_metrics_raw_calc/u_i_mag_square_multiplier/product/B[9] is connected to registers with an asynchronous reset. This is preventing the possibility of merging these registers in to the DSP Block since the DSP block registers only possess synchronous reset capability.  It is suggested to recode or change these registers to remove the reset or use a synchronous reset to get the best optimization for performance, power and area.
Related violations: <none>

DPIR-1#333 Warning
Asynchronous driver check  
DSP u_pqm_pl_top/u_measurement_core/u_freq_metrics_raw_calc/u_u_mag_square_multiplier/product input pin u_pqm_pl_top/u_measurement_core/u_freq_metrics_raw_calc/u_u_mag_square_multiplier/product/A[0] is connected to registers with an asynchronous reset. This is preventing the possibility of merging these registers in to the DSP Block since the DSP block registers only possess synchronous reset capability.  It is suggested to recode or change these registers to remove the reset or use a synchronous reset to get the best optimization for performance, power and area.
Related violations: <none>

DPIR-1#334 Warning
Asynchronous driver check  
DSP u_pqm_pl_top/u_measurement_core/u_freq_metrics_raw_calc/u_u_mag_square_multiplier/product input pin u_pqm_pl_top/u_measurement_core/u_freq_metrics_raw_calc/u_u_mag_square_multiplier/product/A[10] is connected to registers with an asynchronous reset. This is preventing the possibility of merging these registers in to the DSP Block since the DSP block registers only possess synchronous reset capability.  It is suggested to recode or change these registers to remove the reset or use a synchronous reset to get the best optimization for performance, power and area.
Related violations: <none>

DPIR-1#335 Warning
Asynchronous driver check  
DSP u_pqm_pl_top/u_measurement_core/u_freq_metrics_raw_calc/u_u_mag_square_multiplier/product input pin u_pqm_pl_top/u_measurement_core/u_freq_metrics_raw_calc/u_u_mag_square_multiplier/product/A[11] is connected to registers with an asynchronous reset. This is preventing the possibility of merging these registers in to the DSP Block since the DSP block registers only possess synchronous reset capability.  It is suggested to recode or change these registers to remove the reset or use a synchronous reset to get the best optimization for performance, power and area.
Related violations: <none>

DPIR-1#336 Warning
Asynchronous driver check  
DSP u_pqm_pl_top/u_measurement_core/u_freq_metrics_raw_calc/u_u_mag_square_multiplier/product input pin u_pqm_pl_top/u_measurement_core/u_freq_metrics_raw_calc/u_u_mag_square_multiplier/product/A[12] is connected to registers with an asynchronous reset. This is preventing the possibility of merging these registers in to the DSP Block since the DSP block registers only possess synchronous reset capability.  It is suggested to recode or change these registers to remove the reset or use a synchronous reset to get the best optimization for performance, power and area.
Related violations: <none>

DPIR-1#337 Warning
Asynchronous driver check  
DSP u_pqm_pl_top/u_measurement_core/u_freq_metrics_raw_calc/u_u_mag_square_multiplier/product input pin u_pqm_pl_top/u_measurement_core/u_freq_metrics_raw_calc/u_u_mag_square_multiplier/product/A[13] is connected to registers with an asynchronous reset. This is preventing the possibility of merging these registers in to the DSP Block since the DSP block registers only possess synchronous reset capability.  It is suggested to recode or change these registers to remove the reset or use a synchronous reset to get the best optimization for performance, power and area.
Related violations: <none>

DPIR-1#338 Warning
Asynchronous driver check  
DSP u_pqm_pl_top/u_measurement_core/u_freq_metrics_raw_calc/u_u_mag_square_multiplier/product input pin u_pqm_pl_top/u_measurement_core/u_freq_metrics_raw_calc/u_u_mag_square_multiplier/product/A[14] is connected to registers with an asynchronous reset. This is preventing the possibility of merging these registers in to the DSP Block since the DSP block registers only possess synchronous reset capability.  It is suggested to recode or change these registers to remove the reset or use a synchronous reset to get the best optimization for performance, power and area.
Related violations: <none>

DPIR-1#339 Warning
Asynchronous driver check  
DSP u_pqm_pl_top/u_measurement_core/u_freq_metrics_raw_calc/u_u_mag_square_multiplier/product input pin u_pqm_pl_top/u_measurement_core/u_freq_metrics_raw_calc/u_u_mag_square_multiplier/product/A[15] is connected to registers with an asynchronous reset. This is preventing the possibility of merging these registers in to the DSP Block since the DSP block registers only possess synchronous reset capability.  It is suggested to recode or change these registers to remove the reset or use a synchronous reset to get the best optimization for performance, power and area.
Related violations: <none>

DPIR-1#340 Warning
Asynchronous driver check  
DSP u_pqm_pl_top/u_measurement_core/u_freq_metrics_raw_calc/u_u_mag_square_multiplier/product input pin u_pqm_pl_top/u_measurement_core/u_freq_metrics_raw_calc/u_u_mag_square_multiplier/product/A[16] is connected to registers with an asynchronous reset. This is preventing the possibility of merging these registers in to the DSP Block since the DSP block registers only possess synchronous reset capability.  It is suggested to recode or change these registers to remove the reset or use a synchronous reset to get the best optimization for performance, power and area.
Related violations: <none>

DPIR-1#341 Warning
Asynchronous driver check  
DSP u_pqm_pl_top/u_measurement_core/u_freq_metrics_raw_calc/u_u_mag_square_multiplier/product input pin u_pqm_pl_top/u_measurement_core/u_freq_metrics_raw_calc/u_u_mag_square_multiplier/product/A[1] is connected to registers with an asynchronous reset. This is preventing the possibility of merging these registers in to the DSP Block since the DSP block registers only possess synchronous reset capability.  It is suggested to recode or change these registers to remove the reset or use a synchronous reset to get the best optimization for performance, power and area.
Related violations: <none>

DPIR-1#342 Warning
Asynchronous driver check  
DSP u_pqm_pl_top/u_measurement_core/u_freq_metrics_raw_calc/u_u_mag_square_multiplier/product input pin u_pqm_pl_top/u_measurement_core/u_freq_metrics_raw_calc/u_u_mag_square_multiplier/product/A[2] is connected to registers with an asynchronous reset. This is preventing the possibility of merging these registers in to the DSP Block since the DSP block registers only possess synchronous reset capability.  It is suggested to recode or change these registers to remove the reset or use a synchronous reset to get the best optimization for performance, power and area.
Related violations: <none>

DPIR-1#343 Warning
Asynchronous driver check  
DSP u_pqm_pl_top/u_measurement_core/u_freq_metrics_raw_calc/u_u_mag_square_multiplier/product input pin u_pqm_pl_top/u_measurement_core/u_freq_metrics_raw_calc/u_u_mag_square_multiplier/product/A[3] is connected to registers with an asynchronous reset. This is preventing the possibility of merging these registers in to the DSP Block since the DSP block registers only possess synchronous reset capability.  It is suggested to recode or change these registers to remove the reset or use a synchronous reset to get the best optimization for performance, power and area.
Related violations: <none>

DPIR-1#344 Warning
Asynchronous driver check  
DSP u_pqm_pl_top/u_measurement_core/u_freq_metrics_raw_calc/u_u_mag_square_multiplier/product input pin u_pqm_pl_top/u_measurement_core/u_freq_metrics_raw_calc/u_u_mag_square_multiplier/product/A[4] is connected to registers with an asynchronous reset. This is preventing the possibility of merging these registers in to the DSP Block since the DSP block registers only possess synchronous reset capability.  It is suggested to recode or change these registers to remove the reset or use a synchronous reset to get the best optimization for performance, power and area.
Related violations: <none>

DPIR-1#345 Warning
Asynchronous driver check  
DSP u_pqm_pl_top/u_measurement_core/u_freq_metrics_raw_calc/u_u_mag_square_multiplier/product input pin u_pqm_pl_top/u_measurement_core/u_freq_metrics_raw_calc/u_u_mag_square_multiplier/product/A[5] is connected to registers with an asynchronous reset. This is preventing the possibility of merging these registers in to the DSP Block since the DSP block registers only possess synchronous reset capability.  It is suggested to recode or change these registers to remove the reset or use a synchronous reset to get the best optimization for performance, power and area.
Related violations: <none>

DPIR-1#346 Warning
Asynchronous driver check  
DSP u_pqm_pl_top/u_measurement_core/u_freq_metrics_raw_calc/u_u_mag_square_multiplier/product input pin u_pqm_pl_top/u_measurement_core/u_freq_metrics_raw_calc/u_u_mag_square_multiplier/product/A[6] is connected to registers with an asynchronous reset. This is preventing the possibility of merging these registers in to the DSP Block since the DSP block registers only possess synchronous reset capability.  It is suggested to recode or change these registers to remove the reset or use a synchronous reset to get the best optimization for performance, power and area.
Related violations: <none>

DPIR-1#347 Warning
Asynchronous driver check  
DSP u_pqm_pl_top/u_measurement_core/u_freq_metrics_raw_calc/u_u_mag_square_multiplier/product input pin u_pqm_pl_top/u_measurement_core/u_freq_metrics_raw_calc/u_u_mag_square_multiplier/product/A[7] is connected to registers with an asynchronous reset. This is preventing the possibility of merging these registers in to the DSP Block since the DSP block registers only possess synchronous reset capability.  It is suggested to recode or change these registers to remove the reset or use a synchronous reset to get the best optimization for performance, power and area.
Related violations: <none>

DPIR-1#348 Warning
Asynchronous driver check  
DSP u_pqm_pl_top/u_measurement_core/u_freq_metrics_raw_calc/u_u_mag_square_multiplier/product input pin u_pqm_pl_top/u_measurement_core/u_freq_metrics_raw_calc/u_u_mag_square_multiplier/product/A[8] is connected to registers with an asynchronous reset. This is preventing the possibility of merging these registers in to the DSP Block since the DSP block registers only possess synchronous reset capability.  It is suggested to recode or change these registers to remove the reset or use a synchronous reset to get the best optimization for performance, power and area.
Related violations: <none>

DPIR-1#349 Warning
Asynchronous driver check  
DSP u_pqm_pl_top/u_measurement_core/u_freq_metrics_raw_calc/u_u_mag_square_multiplier/product input pin u_pqm_pl_top/u_measurement_core/u_freq_metrics_raw_calc/u_u_mag_square_multiplier/product/A[9] is connected to registers with an asynchronous reset. This is preventing the possibility of merging these registers in to the DSP Block since the DSP block registers only possess synchronous reset capability.  It is suggested to recode or change these registers to remove the reset or use a synchronous reset to get the best optimization for performance, power and area.
Related violations: <none>

DPIR-1#350 Warning
Asynchronous driver check  
DSP u_pqm_pl_top/u_measurement_core/u_freq_metrics_raw_calc/u_u_mag_square_multiplier/product input pin u_pqm_pl_top/u_measurement_core/u_freq_metrics_raw_calc/u_u_mag_square_multiplier/product/B[0] is connected to registers with an asynchronous reset. This is preventing the possibility of merging these registers in to the DSP Block since the DSP block registers only possess synchronous reset capability.  It is suggested to recode or change these registers to remove the reset or use a synchronous reset to get the best optimization for performance, power and area.
Related violations: <none>

DPIR-1#351 Warning
Asynchronous driver check  
DSP u_pqm_pl_top/u_measurement_core/u_freq_metrics_raw_calc/u_u_mag_square_multiplier/product input pin u_pqm_pl_top/u_measurement_core/u_freq_metrics_raw_calc/u_u_mag_square_multiplier/product/B[10] is connected to registers with an asynchronous reset. This is preventing the possibility of merging these registers in to the DSP Block since the DSP block registers only possess synchronous reset capability.  It is suggested to recode or change these registers to remove the reset or use a synchronous reset to get the best optimization for performance, power and area.
Related violations: <none>

DPIR-1#352 Warning
Asynchronous driver check  
DSP u_pqm_pl_top/u_measurement_core/u_freq_metrics_raw_calc/u_u_mag_square_multiplier/product input pin u_pqm_pl_top/u_measurement_core/u_freq_metrics_raw_calc/u_u_mag_square_multiplier/product/B[11] is connected to registers with an asynchronous reset. This is preventing the possibility of merging these registers in to the DSP Block since the DSP block registers only possess synchronous reset capability.  It is suggested to recode or change these registers to remove the reset or use a synchronous reset to get the best optimization for performance, power and area.
Related violations: <none>

DPIR-1#353 Warning
Asynchronous driver check  
DSP u_pqm_pl_top/u_measurement_core/u_freq_metrics_raw_calc/u_u_mag_square_multiplier/product input pin u_pqm_pl_top/u_measurement_core/u_freq_metrics_raw_calc/u_u_mag_square_multiplier/product/B[12] is connected to registers with an asynchronous reset. This is preventing the possibility of merging these registers in to the DSP Block since the DSP block registers only possess synchronous reset capability.  It is suggested to recode or change these registers to remove the reset or use a synchronous reset to get the best optimization for performance, power and area.
Related violations: <none>

DPIR-1#354 Warning
Asynchronous driver check  
DSP u_pqm_pl_top/u_measurement_core/u_freq_metrics_raw_calc/u_u_mag_square_multiplier/product input pin u_pqm_pl_top/u_measurement_core/u_freq_metrics_raw_calc/u_u_mag_square_multiplier/product/B[13] is connected to registers with an asynchronous reset. This is preventing the possibility of merging these registers in to the DSP Block since the DSP block registers only possess synchronous reset capability.  It is suggested to recode or change these registers to remove the reset or use a synchronous reset to get the best optimization for performance, power and area.
Related violations: <none>

DPIR-1#355 Warning
Asynchronous driver check  
DSP u_pqm_pl_top/u_measurement_core/u_freq_metrics_raw_calc/u_u_mag_square_multiplier/product input pin u_pqm_pl_top/u_measurement_core/u_freq_metrics_raw_calc/u_u_mag_square_multiplier/product/B[14] is connected to registers with an asynchronous reset. This is preventing the possibility of merging these registers in to the DSP Block since the DSP block registers only possess synchronous reset capability.  It is suggested to recode or change these registers to remove the reset or use a synchronous reset to get the best optimization for performance, power and area.
Related violations: <none>

DPIR-1#356 Warning
Asynchronous driver check  
DSP u_pqm_pl_top/u_measurement_core/u_freq_metrics_raw_calc/u_u_mag_square_multiplier/product input pin u_pqm_pl_top/u_measurement_core/u_freq_metrics_raw_calc/u_u_mag_square_multiplier/product/B[15] is connected to registers with an asynchronous reset. This is preventing the possibility of merging these registers in to the DSP Block since the DSP block registers only possess synchronous reset capability.  It is suggested to recode or change these registers to remove the reset or use a synchronous reset to get the best optimization for performance, power and area.
Related violations: <none>

DPIR-1#357 Warning
Asynchronous driver check  
DSP u_pqm_pl_top/u_measurement_core/u_freq_metrics_raw_calc/u_u_mag_square_multiplier/product input pin u_pqm_pl_top/u_measurement_core/u_freq_metrics_raw_calc/u_u_mag_square_multiplier/product/B[16] is connected to registers with an asynchronous reset. This is preventing the possibility of merging these registers in to the DSP Block since the DSP block registers only possess synchronous reset capability.  It is suggested to recode or change these registers to remove the reset or use a synchronous reset to get the best optimization for performance, power and area.
Related violations: <none>

DPIR-1#358 Warning
Asynchronous driver check  
DSP u_pqm_pl_top/u_measurement_core/u_freq_metrics_raw_calc/u_u_mag_square_multiplier/product input pin u_pqm_pl_top/u_measurement_core/u_freq_metrics_raw_calc/u_u_mag_square_multiplier/product/B[1] is connected to registers with an asynchronous reset. This is preventing the possibility of merging these registers in to the DSP Block since the DSP block registers only possess synchronous reset capability.  It is suggested to recode or change these registers to remove the reset or use a synchronous reset to get the best optimization for performance, power and area.
Related violations: <none>

DPIR-1#359 Warning
Asynchronous driver check  
DSP u_pqm_pl_top/u_measurement_core/u_freq_metrics_raw_calc/u_u_mag_square_multiplier/product input pin u_pqm_pl_top/u_measurement_core/u_freq_metrics_raw_calc/u_u_mag_square_multiplier/product/B[2] is connected to registers with an asynchronous reset. This is preventing the possibility of merging these registers in to the DSP Block since the DSP block registers only possess synchronous reset capability.  It is suggested to recode or change these registers to remove the reset or use a synchronous reset to get the best optimization for performance, power and area.
Related violations: <none>

DPIR-1#360 Warning
Asynchronous driver check  
DSP u_pqm_pl_top/u_measurement_core/u_freq_metrics_raw_calc/u_u_mag_square_multiplier/product input pin u_pqm_pl_top/u_measurement_core/u_freq_metrics_raw_calc/u_u_mag_square_multiplier/product/B[3] is connected to registers with an asynchronous reset. This is preventing the possibility of merging these registers in to the DSP Block since the DSP block registers only possess synchronous reset capability.  It is suggested to recode or change these registers to remove the reset or use a synchronous reset to get the best optimization for performance, power and area.
Related violations: <none>

DPIR-1#361 Warning
Asynchronous driver check  
DSP u_pqm_pl_top/u_measurement_core/u_freq_metrics_raw_calc/u_u_mag_square_multiplier/product input pin u_pqm_pl_top/u_measurement_core/u_freq_metrics_raw_calc/u_u_mag_square_multiplier/product/B[4] is connected to registers with an asynchronous reset. This is preventing the possibility of merging these registers in to the DSP Block since the DSP block registers only possess synchronous reset capability.  It is suggested to recode or change these registers to remove the reset or use a synchronous reset to get the best optimization for performance, power and area.
Related violations: <none>

DPIR-1#362 Warning
Asynchronous driver check  
DSP u_pqm_pl_top/u_measurement_core/u_freq_metrics_raw_calc/u_u_mag_square_multiplier/product input pin u_pqm_pl_top/u_measurement_core/u_freq_metrics_raw_calc/u_u_mag_square_multiplier/product/B[5] is connected to registers with an asynchronous reset. This is preventing the possibility of merging these registers in to the DSP Block since the DSP block registers only possess synchronous reset capability.  It is suggested to recode or change these registers to remove the reset or use a synchronous reset to get the best optimization for performance, power and area.
Related violations: <none>

DPIR-1#363 Warning
Asynchronous driver check  
DSP u_pqm_pl_top/u_measurement_core/u_freq_metrics_raw_calc/u_u_mag_square_multiplier/product input pin u_pqm_pl_top/u_measurement_core/u_freq_metrics_raw_calc/u_u_mag_square_multiplier/product/B[6] is connected to registers with an asynchronous reset. This is preventing the possibility of merging these registers in to the DSP Block since the DSP block registers only possess synchronous reset capability.  It is suggested to recode or change these registers to remove the reset or use a synchronous reset to get the best optimization for performance, power and area.
Related violations: <none>

DPIR-1#364 Warning
Asynchronous driver check  
DSP u_pqm_pl_top/u_measurement_core/u_freq_metrics_raw_calc/u_u_mag_square_multiplier/product input pin u_pqm_pl_top/u_measurement_core/u_freq_metrics_raw_calc/u_u_mag_square_multiplier/product/B[7] is connected to registers with an asynchronous reset. This is preventing the possibility of merging these registers in to the DSP Block since the DSP block registers only possess synchronous reset capability.  It is suggested to recode or change these registers to remove the reset or use a synchronous reset to get the best optimization for performance, power and area.
Related violations: <none>

DPIR-1#365 Warning
Asynchronous driver check  
DSP u_pqm_pl_top/u_measurement_core/u_freq_metrics_raw_calc/u_u_mag_square_multiplier/product input pin u_pqm_pl_top/u_measurement_core/u_freq_metrics_raw_calc/u_u_mag_square_multiplier/product/B[8] is connected to registers with an asynchronous reset. This is preventing the possibility of merging these registers in to the DSP Block since the DSP block registers only possess synchronous reset capability.  It is suggested to recode or change these registers to remove the reset or use a synchronous reset to get the best optimization for performance, power and area.
Related violations: <none>

DPIR-1#366 Warning
Asynchronous driver check  
DSP u_pqm_pl_top/u_measurement_core/u_freq_metrics_raw_calc/u_u_mag_square_multiplier/product input pin u_pqm_pl_top/u_measurement_core/u_freq_metrics_raw_calc/u_u_mag_square_multiplier/product/B[9] is connected to registers with an asynchronous reset. This is preventing the possibility of merging these registers in to the DSP Block since the DSP block registers only possess synchronous reset capability.  It is suggested to recode or change these registers to remove the reset or use a synchronous reset to get the best optimization for performance, power and area.
Related violations: <none>

DPIR-1#367 Warning
Asynchronous driver check  
DSP u_pqm_pl_top/u_measurement_core/u_time_parameters_initiator/u_power_metrics_calc/u_active_square_multiplier/product input pin u_pqm_pl_top/u_measurement_core/u_time_parameters_initiator/u_power_metrics_calc/u_active_square_multiplier/product/A[0] is connected to registers with an asynchronous reset. This is preventing the possibility of merging these registers in to the DSP Block since the DSP block registers only possess synchronous reset capability.  It is suggested to recode or change these registers to remove the reset or use a synchronous reset to get the best optimization for performance, power and area.
Related violations: <none>

DPIR-1#368 Warning
Asynchronous driver check  
DSP u_pqm_pl_top/u_measurement_core/u_time_parameters_initiator/u_power_metrics_calc/u_active_square_multiplier/product__1 input pin u_pqm_pl_top/u_measurement_core/u_time_parameters_initiator/u_power_metrics_calc/u_active_square_multiplier/product__1/A[0] is connected to registers with an asynchronous reset. This is preventing the possibility of merging these registers in to the DSP Block since the DSP block registers only possess synchronous reset capability.  It is suggested to recode or change these registers to remove the reset or use a synchronous reset to get the best optimization for performance, power and area.
Related violations: <none>

DPIR-1#369 Warning
Asynchronous driver check  
DSP u_pqm_pl_top/u_measurement_core/u_time_parameters_initiator/u_power_metrics_calc/u_active_square_multiplier/product__1 input pin u_pqm_pl_top/u_measurement_core/u_time_parameters_initiator/u_power_metrics_calc/u_active_square_multiplier/product__1/B[0] is connected to registers with an asynchronous reset. This is preventing the possibility of merging these registers in to the DSP Block since the DSP block registers only possess synchronous reset capability.  It is suggested to recode or change these registers to remove the reset or use a synchronous reset to get the best optimization for performance, power and area.
Related violations: <none>

DPIR-1#370 Warning
Asynchronous driver check  
DSP u_pqm_pl_top/u_measurement_core/u_time_parameters_initiator/u_power_metrics_calc/u_active_square_multiplier/product__2 input pin u_pqm_pl_top/u_measurement_core/u_time_parameters_initiator/u_power_metrics_calc/u_active_square_multiplier/product__2/A[0] is connected to registers with an asynchronous reset. This is preventing the possibility of merging these registers in to the DSP Block since the DSP block registers only possess synchronous reset capability.  It is suggested to recode or change these registers to remove the reset or use a synchronous reset to get the best optimization for performance, power and area.
Related violations: <none>

DPIR-1#371 Warning
Asynchronous driver check  
DSP u_pqm_pl_top/u_measurement_core/u_time_parameters_initiator/u_power_metrics_calc/u_apparent_square_multiplier/product input pin u_pqm_pl_top/u_measurement_core/u_time_parameters_initiator/u_power_metrics_calc/u_apparent_square_multiplier/product/A[0] is connected to registers with an asynchronous reset. This is preventing the possibility of merging these registers in to the DSP Block since the DSP block registers only possess synchronous reset capability.  It is suggested to recode or change these registers to remove the reset or use a synchronous reset to get the best optimization for performance, power and area.
Related violations: <none>

DPIR-1#372 Warning
Asynchronous driver check  
DSP u_pqm_pl_top/u_measurement_core/u_time_parameters_initiator/u_power_metrics_calc/u_apparent_square_multiplier/product input pin u_pqm_pl_top/u_measurement_core/u_time_parameters_initiator/u_power_metrics_calc/u_apparent_square_multiplier/product/A[10] is connected to registers with an asynchronous reset. This is preventing the possibility of merging these registers in to the DSP Block since the DSP block registers only possess synchronous reset capability.  It is suggested to recode or change these registers to remove the reset or use a synchronous reset to get the best optimization for performance, power and area.
Related violations: <none>

DPIR-1#373 Warning
Asynchronous driver check  
DSP u_pqm_pl_top/u_measurement_core/u_time_parameters_initiator/u_power_metrics_calc/u_apparent_square_multiplier/product input pin u_pqm_pl_top/u_measurement_core/u_time_parameters_initiator/u_power_metrics_calc/u_apparent_square_multiplier/product/A[11] is connected to registers with an asynchronous reset. This is preventing the possibility of merging these registers in to the DSP Block since the DSP block registers only possess synchronous reset capability.  It is suggested to recode or change these registers to remove the reset or use a synchronous reset to get the best optimization for performance, power and area.
Related violations: <none>

DPIR-1#374 Warning
Asynchronous driver check  
DSP u_pqm_pl_top/u_measurement_core/u_time_parameters_initiator/u_power_metrics_calc/u_apparent_square_multiplier/product input pin u_pqm_pl_top/u_measurement_core/u_time_parameters_initiator/u_power_metrics_calc/u_apparent_square_multiplier/product/A[12] is connected to registers with an asynchronous reset. This is preventing the possibility of merging these registers in to the DSP Block since the DSP block registers only possess synchronous reset capability.  It is suggested to recode or change these registers to remove the reset or use a synchronous reset to get the best optimization for performance, power and area.
Related violations: <none>

DPIR-1#375 Warning
Asynchronous driver check  
DSP u_pqm_pl_top/u_measurement_core/u_time_parameters_initiator/u_power_metrics_calc/u_apparent_square_multiplier/product input pin u_pqm_pl_top/u_measurement_core/u_time_parameters_initiator/u_power_metrics_calc/u_apparent_square_multiplier/product/A[13] is connected to registers with an asynchronous reset. This is preventing the possibility of merging these registers in to the DSP Block since the DSP block registers only possess synchronous reset capability.  It is suggested to recode or change these registers to remove the reset or use a synchronous reset to get the best optimization for performance, power and area.
Related violations: <none>

DPIR-1#376 Warning
Asynchronous driver check  
DSP u_pqm_pl_top/u_measurement_core/u_time_parameters_initiator/u_power_metrics_calc/u_apparent_square_multiplier/product input pin u_pqm_pl_top/u_measurement_core/u_time_parameters_initiator/u_power_metrics_calc/u_apparent_square_multiplier/product/A[14] is connected to registers with an asynchronous reset. This is preventing the possibility of merging these registers in to the DSP Block since the DSP block registers only possess synchronous reset capability.  It is suggested to recode or change these registers to remove the reset or use a synchronous reset to get the best optimization for performance, power and area.
Related violations: <none>

DPIR-1#377 Warning
Asynchronous driver check  
DSP u_pqm_pl_top/u_measurement_core/u_time_parameters_initiator/u_power_metrics_calc/u_apparent_square_multiplier/product input pin u_pqm_pl_top/u_measurement_core/u_time_parameters_initiator/u_power_metrics_calc/u_apparent_square_multiplier/product/A[15] is connected to registers with an asynchronous reset. This is preventing the possibility of merging these registers in to the DSP Block since the DSP block registers only possess synchronous reset capability.  It is suggested to recode or change these registers to remove the reset or use a synchronous reset to get the best optimization for performance, power and area.
Related violations: <none>

DPIR-1#378 Warning
Asynchronous driver check  
DSP u_pqm_pl_top/u_measurement_core/u_time_parameters_initiator/u_power_metrics_calc/u_apparent_square_multiplier/product input pin u_pqm_pl_top/u_measurement_core/u_time_parameters_initiator/u_power_metrics_calc/u_apparent_square_multiplier/product/A[16] is connected to registers with an asynchronous reset. This is preventing the possibility of merging these registers in to the DSP Block since the DSP block registers only possess synchronous reset capability.  It is suggested to recode or change these registers to remove the reset or use a synchronous reset to get the best optimization for performance, power and area.
Related violations: <none>

DPIR-1#379 Warning
Asynchronous driver check  
DSP u_pqm_pl_top/u_measurement_core/u_time_parameters_initiator/u_power_metrics_calc/u_apparent_square_multiplier/product input pin u_pqm_pl_top/u_measurement_core/u_time_parameters_initiator/u_power_metrics_calc/u_apparent_square_multiplier/product/A[1] is connected to registers with an asynchronous reset. This is preventing the possibility of merging these registers in to the DSP Block since the DSP block registers only possess synchronous reset capability.  It is suggested to recode or change these registers to remove the reset or use a synchronous reset to get the best optimization for performance, power and area.
Related violations: <none>

DPIR-1#380 Warning
Asynchronous driver check  
DSP u_pqm_pl_top/u_measurement_core/u_time_parameters_initiator/u_power_metrics_calc/u_apparent_square_multiplier/product input pin u_pqm_pl_top/u_measurement_core/u_time_parameters_initiator/u_power_metrics_calc/u_apparent_square_multiplier/product/A[2] is connected to registers with an asynchronous reset. This is preventing the possibility of merging these registers in to the DSP Block since the DSP block registers only possess synchronous reset capability.  It is suggested to recode or change these registers to remove the reset or use a synchronous reset to get the best optimization for performance, power and area.
Related violations: <none>

DPIR-1#381 Warning
Asynchronous driver check  
DSP u_pqm_pl_top/u_measurement_core/u_time_parameters_initiator/u_power_metrics_calc/u_apparent_square_multiplier/product input pin u_pqm_pl_top/u_measurement_core/u_time_parameters_initiator/u_power_metrics_calc/u_apparent_square_multiplier/product/A[3] is connected to registers with an asynchronous reset. This is preventing the possibility of merging these registers in to the DSP Block since the DSP block registers only possess synchronous reset capability.  It is suggested to recode or change these registers to remove the reset or use a synchronous reset to get the best optimization for performance, power and area.
Related violations: <none>

DPIR-1#382 Warning
Asynchronous driver check  
DSP u_pqm_pl_top/u_measurement_core/u_time_parameters_initiator/u_power_metrics_calc/u_apparent_square_multiplier/product input pin u_pqm_pl_top/u_measurement_core/u_time_parameters_initiator/u_power_metrics_calc/u_apparent_square_multiplier/product/A[4] is connected to registers with an asynchronous reset. This is preventing the possibility of merging these registers in to the DSP Block since the DSP block registers only possess synchronous reset capability.  It is suggested to recode or change these registers to remove the reset or use a synchronous reset to get the best optimization for performance, power and area.
Related violations: <none>

DPIR-1#383 Warning
Asynchronous driver check  
DSP u_pqm_pl_top/u_measurement_core/u_time_parameters_initiator/u_power_metrics_calc/u_apparent_square_multiplier/product input pin u_pqm_pl_top/u_measurement_core/u_time_parameters_initiator/u_power_metrics_calc/u_apparent_square_multiplier/product/A[5] is connected to registers with an asynchronous reset. This is preventing the possibility of merging these registers in to the DSP Block since the DSP block registers only possess synchronous reset capability.  It is suggested to recode or change these registers to remove the reset or use a synchronous reset to get the best optimization for performance, power and area.
Related violations: <none>

DPIR-1#384 Warning
Asynchronous driver check  
DSP u_pqm_pl_top/u_measurement_core/u_time_parameters_initiator/u_power_metrics_calc/u_apparent_square_multiplier/product input pin u_pqm_pl_top/u_measurement_core/u_time_parameters_initiator/u_power_metrics_calc/u_apparent_square_multiplier/product/A[6] is connected to registers with an asynchronous reset. This is preventing the possibility of merging these registers in to the DSP Block since the DSP block registers only possess synchronous reset capability.  It is suggested to recode or change these registers to remove the reset or use a synchronous reset to get the best optimization for performance, power and area.
Related violations: <none>

DPIR-1#385 Warning
Asynchronous driver check  
DSP u_pqm_pl_top/u_measurement_core/u_time_parameters_initiator/u_power_metrics_calc/u_apparent_square_multiplier/product input pin u_pqm_pl_top/u_measurement_core/u_time_parameters_initiator/u_power_metrics_calc/u_apparent_square_multiplier/product/A[7] is connected to registers with an asynchronous reset. This is preventing the possibility of merging these registers in to the DSP Block since the DSP block registers only possess synchronous reset capability.  It is suggested to recode or change these registers to remove the reset or use a synchronous reset to get the best optimization for performance, power and area.
Related violations: <none>

DPIR-1#386 Warning
Asynchronous driver check  
DSP u_pqm_pl_top/u_measurement_core/u_time_parameters_initiator/u_power_metrics_calc/u_apparent_square_multiplier/product input pin u_pqm_pl_top/u_measurement_core/u_time_parameters_initiator/u_power_metrics_calc/u_apparent_square_multiplier/product/A[8] is connected to registers with an asynchronous reset. This is preventing the possibility of merging these registers in to the DSP Block since the DSP block registers only possess synchronous reset capability.  It is suggested to recode or change these registers to remove the reset or use a synchronous reset to get the best optimization for performance, power and area.
Related violations: <none>

DPIR-1#387 Warning
Asynchronous driver check  
DSP u_pqm_pl_top/u_measurement_core/u_time_parameters_initiator/u_power_metrics_calc/u_apparent_square_multiplier/product input pin u_pqm_pl_top/u_measurement_core/u_time_parameters_initiator/u_power_metrics_calc/u_apparent_square_multiplier/product/A[9] is connected to registers with an asynchronous reset. This is preventing the possibility of merging these registers in to the DSP Block since the DSP block registers only possess synchronous reset capability.  It is suggested to recode or change these registers to remove the reset or use a synchronous reset to get the best optimization for performance, power and area.
Related violations: <none>

DPIR-1#388 Warning
Asynchronous driver check  
DSP u_pqm_pl_top/u_measurement_core/u_time_parameters_initiator/u_power_metrics_calc/u_apparent_square_multiplier/product input pin u_pqm_pl_top/u_measurement_core/u_time_parameters_initiator/u_power_metrics_calc/u_apparent_square_multiplier/product/B[0] is connected to registers with an asynchronous reset. This is preventing the possibility of merging these registers in to the DSP Block since the DSP block registers only possess synchronous reset capability.  It is suggested to recode or change these registers to remove the reset or use a synchronous reset to get the best optimization for performance, power and area.
Related violations: <none>

DPIR-1#389 Warning
Asynchronous driver check  
DSP u_pqm_pl_top/u_measurement_core/u_time_parameters_initiator/u_power_metrics_calc/u_apparent_square_multiplier/product input pin u_pqm_pl_top/u_measurement_core/u_time_parameters_initiator/u_power_metrics_calc/u_apparent_square_multiplier/product/B[10] is connected to registers with an asynchronous reset. This is preventing the possibility of merging these registers in to the DSP Block since the DSP block registers only possess synchronous reset capability.  It is suggested to recode or change these registers to remove the reset or use a synchronous reset to get the best optimization for performance, power and area.
Related violations: <none>

DPIR-1#390 Warning
Asynchronous driver check  
DSP u_pqm_pl_top/u_measurement_core/u_time_parameters_initiator/u_power_metrics_calc/u_apparent_square_multiplier/product input pin u_pqm_pl_top/u_measurement_core/u_time_parameters_initiator/u_power_metrics_calc/u_apparent_square_multiplier/product/B[11] is connected to registers with an asynchronous reset. This is preventing the possibility of merging these registers in to the DSP Block since the DSP block registers only possess synchronous reset capability.  It is suggested to recode or change these registers to remove the reset or use a synchronous reset to get the best optimization for performance, power and area.
Related violations: <none>

DPIR-1#391 Warning
Asynchronous driver check  
DSP u_pqm_pl_top/u_measurement_core/u_time_parameters_initiator/u_power_metrics_calc/u_apparent_square_multiplier/product input pin u_pqm_pl_top/u_measurement_core/u_time_parameters_initiator/u_power_metrics_calc/u_apparent_square_multiplier/product/B[12] is connected to registers with an asynchronous reset. This is preventing the possibility of merging these registers in to the DSP Block since the DSP block registers only possess synchronous reset capability.  It is suggested to recode or change these registers to remove the reset or use a synchronous reset to get the best optimization for performance, power and area.
Related violations: <none>

DPIR-1#392 Warning
Asynchronous driver check  
DSP u_pqm_pl_top/u_measurement_core/u_time_parameters_initiator/u_power_metrics_calc/u_apparent_square_multiplier/product input pin u_pqm_pl_top/u_measurement_core/u_time_parameters_initiator/u_power_metrics_calc/u_apparent_square_multiplier/product/B[13] is connected to registers with an asynchronous reset. This is preventing the possibility of merging these registers in to the DSP Block since the DSP block registers only possess synchronous reset capability.  It is suggested to recode or change these registers to remove the reset or use a synchronous reset to get the best optimization for performance, power and area.
Related violations: <none>

DPIR-1#393 Warning
Asynchronous driver check  
DSP u_pqm_pl_top/u_measurement_core/u_time_parameters_initiator/u_power_metrics_calc/u_apparent_square_multiplier/product input pin u_pqm_pl_top/u_measurement_core/u_time_parameters_initiator/u_power_metrics_calc/u_apparent_square_multiplier/product/B[1] is connected to registers with an asynchronous reset. This is preventing the possibility of merging these registers in to the DSP Block since the DSP block registers only possess synchronous reset capability.  It is suggested to recode or change these registers to remove the reset or use a synchronous reset to get the best optimization for performance, power and area.
Related violations: <none>

DPIR-1#394 Warning
Asynchronous driver check  
DSP u_pqm_pl_top/u_measurement_core/u_time_parameters_initiator/u_power_metrics_calc/u_apparent_square_multiplier/product input pin u_pqm_pl_top/u_measurement_core/u_time_parameters_initiator/u_power_metrics_calc/u_apparent_square_multiplier/product/B[2] is connected to registers with an asynchronous reset. This is preventing the possibility of merging these registers in to the DSP Block since the DSP block registers only possess synchronous reset capability.  It is suggested to recode or change these registers to remove the reset or use a synchronous reset to get the best optimization for performance, power and area.
Related violations: <none>

DPIR-1#395 Warning
Asynchronous driver check  
DSP u_pqm_pl_top/u_measurement_core/u_time_parameters_initiator/u_power_metrics_calc/u_apparent_square_multiplier/product input pin u_pqm_pl_top/u_measurement_core/u_time_parameters_initiator/u_power_metrics_calc/u_apparent_square_multiplier/product/B[3] is connected to registers with an asynchronous reset. This is preventing the possibility of merging these registers in to the DSP Block since the DSP block registers only possess synchronous reset capability.  It is suggested to recode or change these registers to remove the reset or use a synchronous reset to get the best optimization for performance, power and area.
Related violations: <none>

DPIR-1#396 Warning
Asynchronous driver check  
DSP u_pqm_pl_top/u_measurement_core/u_time_parameters_initiator/u_power_metrics_calc/u_apparent_square_multiplier/product input pin u_pqm_pl_top/u_measurement_core/u_time_parameters_initiator/u_power_metrics_calc/u_apparent_square_multiplier/product/B[4] is connected to registers with an asynchronous reset. This is preventing the possibility of merging these registers in to the DSP Block since the DSP block registers only possess synchronous reset capability.  It is suggested to recode or change these registers to remove the reset or use a synchronous reset to get the best optimization for performance, power and area.
Related violations: <none>

DPIR-1#397 Warning
Asynchronous driver check  
DSP u_pqm_pl_top/u_measurement_core/u_time_parameters_initiator/u_power_metrics_calc/u_apparent_square_multiplier/product input pin u_pqm_pl_top/u_measurement_core/u_time_parameters_initiator/u_power_metrics_calc/u_apparent_square_multiplier/product/B[5] is connected to registers with an asynchronous reset. This is preventing the possibility of merging these registers in to the DSP Block since the DSP block registers only possess synchronous reset capability.  It is suggested to recode or change these registers to remove the reset or use a synchronous reset to get the best optimization for performance, power and area.
Related violations: <none>

DPIR-1#398 Warning
Asynchronous driver check  
DSP u_pqm_pl_top/u_measurement_core/u_time_parameters_initiator/u_power_metrics_calc/u_apparent_square_multiplier/product input pin u_pqm_pl_top/u_measurement_core/u_time_parameters_initiator/u_power_metrics_calc/u_apparent_square_multiplier/product/B[6] is connected to registers with an asynchronous reset. This is preventing the possibility of merging these registers in to the DSP Block since the DSP block registers only possess synchronous reset capability.  It is suggested to recode or change these registers to remove the reset or use a synchronous reset to get the best optimization for performance, power and area.
Related violations: <none>

DPIR-1#399 Warning
Asynchronous driver check  
DSP u_pqm_pl_top/u_measurement_core/u_time_parameters_initiator/u_power_metrics_calc/u_apparent_square_multiplier/product input pin u_pqm_pl_top/u_measurement_core/u_time_parameters_initiator/u_power_metrics_calc/u_apparent_square_multiplier/product/B[7] is connected to registers with an asynchronous reset. This is preventing the possibility of merging these registers in to the DSP Block since the DSP block registers only possess synchronous reset capability.  It is suggested to recode or change these registers to remove the reset or use a synchronous reset to get the best optimization for performance, power and area.
Related violations: <none>

DPIR-1#400 Warning
Asynchronous driver check  
DSP u_pqm_pl_top/u_measurement_core/u_time_parameters_initiator/u_power_metrics_calc/u_apparent_square_multiplier/product input pin u_pqm_pl_top/u_measurement_core/u_time_parameters_initiator/u_power_metrics_calc/u_apparent_square_multiplier/product/B[8] is connected to registers with an asynchronous reset. This is preventing the possibility of merging these registers in to the DSP Block since the DSP block registers only possess synchronous reset capability.  It is suggested to recode or change these registers to remove the reset or use a synchronous reset to get the best optimization for performance, power and area.
Related violations: <none>

DPIR-1#401 Warning
Asynchronous driver check  
DSP u_pqm_pl_top/u_measurement_core/u_time_parameters_initiator/u_power_metrics_calc/u_apparent_square_multiplier/product input pin u_pqm_pl_top/u_measurement_core/u_time_parameters_initiator/u_power_metrics_calc/u_apparent_square_multiplier/product/B[9] is connected to registers with an asynchronous reset. This is preventing the possibility of merging these registers in to the DSP Block since the DSP block registers only possess synchronous reset capability.  It is suggested to recode or change these registers to remove the reset or use a synchronous reset to get the best optimization for performance, power and area.
Related violations: <none>

DPIR-1#402 Warning
Asynchronous driver check  
DSP u_pqm_pl_top/u_measurement_core/u_time_parameters_initiator/u_power_metrics_calc/u_apparent_square_multiplier/product__0 input pin u_pqm_pl_top/u_measurement_core/u_time_parameters_initiator/u_power_metrics_calc/u_apparent_square_multiplier/product__0/A[0] is connected to registers with an asynchronous reset. This is preventing the possibility of merging these registers in to the DSP Block since the DSP block registers only possess synchronous reset capability.  It is suggested to recode or change these registers to remove the reset or use a synchronous reset to get the best optimization for performance, power and area.
Related violations: <none>

DPIR-1#403 Warning
Asynchronous driver check  
DSP u_pqm_pl_top/u_measurement_core/u_time_parameters_initiator/u_power_metrics_calc/u_apparent_square_multiplier/product__0 input pin u_pqm_pl_top/u_measurement_core/u_time_parameters_initiator/u_power_metrics_calc/u_apparent_square_multiplier/product__0/A[10] is connected to registers with an asynchronous reset. This is preventing the possibility of merging these registers in to the DSP Block since the DSP block registers only possess synchronous reset capability.  It is suggested to recode or change these registers to remove the reset or use a synchronous reset to get the best optimization for performance, power and area.
Related violations: <none>

DPIR-1#404 Warning
Asynchronous driver check  
DSP u_pqm_pl_top/u_measurement_core/u_time_parameters_initiator/u_power_metrics_calc/u_apparent_square_multiplier/product__0 input pin u_pqm_pl_top/u_measurement_core/u_time_parameters_initiator/u_power_metrics_calc/u_apparent_square_multiplier/product__0/A[11] is connected to registers with an asynchronous reset. This is preventing the possibility of merging these registers in to the DSP Block since the DSP block registers only possess synchronous reset capability.  It is suggested to recode or change these registers to remove the reset or use a synchronous reset to get the best optimization for performance, power and area.
Related violations: <none>

DPIR-1#405 Warning
Asynchronous driver check  
DSP u_pqm_pl_top/u_measurement_core/u_time_parameters_initiator/u_power_metrics_calc/u_apparent_square_multiplier/product__0 input pin u_pqm_pl_top/u_measurement_core/u_time_parameters_initiator/u_power_metrics_calc/u_apparent_square_multiplier/product__0/A[12] is connected to registers with an asynchronous reset. This is preventing the possibility of merging these registers in to the DSP Block since the DSP block registers only possess synchronous reset capability.  It is suggested to recode or change these registers to remove the reset or use a synchronous reset to get the best optimization for performance, power and area.
Related violations: <none>

DPIR-1#406 Warning
Asynchronous driver check  
DSP u_pqm_pl_top/u_measurement_core/u_time_parameters_initiator/u_power_metrics_calc/u_apparent_square_multiplier/product__0 input pin u_pqm_pl_top/u_measurement_core/u_time_parameters_initiator/u_power_metrics_calc/u_apparent_square_multiplier/product__0/A[13] is connected to registers with an asynchronous reset. This is preventing the possibility of merging these registers in to the DSP Block since the DSP block registers only possess synchronous reset capability.  It is suggested to recode or change these registers to remove the reset or use a synchronous reset to get the best optimization for performance, power and area.
Related violations: <none>

DPIR-1#407 Warning
Asynchronous driver check  
DSP u_pqm_pl_top/u_measurement_core/u_time_parameters_initiator/u_power_metrics_calc/u_apparent_square_multiplier/product__0 input pin u_pqm_pl_top/u_measurement_core/u_time_parameters_initiator/u_power_metrics_calc/u_apparent_square_multiplier/product__0/A[1] is connected to registers with an asynchronous reset. This is preventing the possibility of merging these registers in to the DSP Block since the DSP block registers only possess synchronous reset capability.  It is suggested to recode or change these registers to remove the reset or use a synchronous reset to get the best optimization for performance, power and area.
Related violations: <none>

DPIR-1#408 Warning
Asynchronous driver check  
DSP u_pqm_pl_top/u_measurement_core/u_time_parameters_initiator/u_power_metrics_calc/u_apparent_square_multiplier/product__0 input pin u_pqm_pl_top/u_measurement_core/u_time_parameters_initiator/u_power_metrics_calc/u_apparent_square_multiplier/product__0/A[2] is connected to registers with an asynchronous reset. This is preventing the possibility of merging these registers in to the DSP Block since the DSP block registers only possess synchronous reset capability.  It is suggested to recode or change these registers to remove the reset or use a synchronous reset to get the best optimization for performance, power and area.
Related violations: <none>

DPIR-1#409 Warning
Asynchronous driver check  
DSP u_pqm_pl_top/u_measurement_core/u_time_parameters_initiator/u_power_metrics_calc/u_apparent_square_multiplier/product__0 input pin u_pqm_pl_top/u_measurement_core/u_time_parameters_initiator/u_power_metrics_calc/u_apparent_square_multiplier/product__0/A[3] is connected to registers with an asynchronous reset. This is preventing the possibility of merging these registers in to the DSP Block since the DSP block registers only possess synchronous reset capability.  It is suggested to recode or change these registers to remove the reset or use a synchronous reset to get the best optimization for performance, power and area.
Related violations: <none>

DPIR-1#410 Warning
Asynchronous driver check  
DSP u_pqm_pl_top/u_measurement_core/u_time_parameters_initiator/u_power_metrics_calc/u_apparent_square_multiplier/product__0 input pin u_pqm_pl_top/u_measurement_core/u_time_parameters_initiator/u_power_metrics_calc/u_apparent_square_multiplier/product__0/A[4] is connected to registers with an asynchronous reset. This is preventing the possibility of merging these registers in to the DSP Block since the DSP block registers only possess synchronous reset capability.  It is suggested to recode or change these registers to remove the reset or use a synchronous reset to get the best optimization for performance, power and area.
Related violations: <none>

DPIR-1#411 Warning
Asynchronous driver check  
DSP u_pqm_pl_top/u_measurement_core/u_time_parameters_initiator/u_power_metrics_calc/u_apparent_square_multiplier/product__0 input pin u_pqm_pl_top/u_measurement_core/u_time_parameters_initiator/u_power_metrics_calc/u_apparent_square_multiplier/product__0/A[5] is connected to registers with an asynchronous reset. This is preventing the possibility of merging these registers in to the DSP Block since the DSP block registers only possess synchronous reset capability.  It is suggested to recode or change these registers to remove the reset or use a synchronous reset to get the best optimization for performance, power and area.
Related violations: <none>

DPIR-1#412 Warning
Asynchronous driver check  
DSP u_pqm_pl_top/u_measurement_core/u_time_parameters_initiator/u_power_metrics_calc/u_apparent_square_multiplier/product__0 input pin u_pqm_pl_top/u_measurement_core/u_time_parameters_initiator/u_power_metrics_calc/u_apparent_square_multiplier/product__0/A[6] is connected to registers with an asynchronous reset. This is preventing the possibility of merging these registers in to the DSP Block since the DSP block registers only possess synchronous reset capability.  It is suggested to recode or change these registers to remove the reset or use a synchronous reset to get the best optimization for performance, power and area.
Related violations: <none>

DPIR-1#413 Warning
Asynchronous driver check  
DSP u_pqm_pl_top/u_measurement_core/u_time_parameters_initiator/u_power_metrics_calc/u_apparent_square_multiplier/product__0 input pin u_pqm_pl_top/u_measurement_core/u_time_parameters_initiator/u_power_metrics_calc/u_apparent_square_multiplier/product__0/A[7] is connected to registers with an asynchronous reset. This is preventing the possibility of merging these registers in to the DSP Block since the DSP block registers only possess synchronous reset capability.  It is suggested to recode or change these registers to remove the reset or use a synchronous reset to get the best optimization for performance, power and area.
Related violations: <none>

DPIR-1#414 Warning
Asynchronous driver check  
DSP u_pqm_pl_top/u_measurement_core/u_time_parameters_initiator/u_power_metrics_calc/u_apparent_square_multiplier/product__0 input pin u_pqm_pl_top/u_measurement_core/u_time_parameters_initiator/u_power_metrics_calc/u_apparent_square_multiplier/product__0/A[8] is connected to registers with an asynchronous reset. This is preventing the possibility of merging these registers in to the DSP Block since the DSP block registers only possess synchronous reset capability.  It is suggested to recode or change these registers to remove the reset or use a synchronous reset to get the best optimization for performance, power and area.
Related violations: <none>

DPIR-1#415 Warning
Asynchronous driver check  
DSP u_pqm_pl_top/u_measurement_core/u_time_parameters_initiator/u_power_metrics_calc/u_apparent_square_multiplier/product__0 input pin u_pqm_pl_top/u_measurement_core/u_time_parameters_initiator/u_power_metrics_calc/u_apparent_square_multiplier/product__0/A[9] is connected to registers with an asynchronous reset. This is preventing the possibility of merging these registers in to the DSP Block since the DSP block registers only possess synchronous reset capability.  It is suggested to recode or change these registers to remove the reset or use a synchronous reset to get the best optimization for performance, power and area.
Related violations: <none>

DPIR-1#416 Warning
Asynchronous driver check  
DSP u_pqm_pl_top/u_measurement_core/u_time_parameters_initiator/u_power_metrics_calc/u_apparent_square_multiplier/product__0 input pin u_pqm_pl_top/u_measurement_core/u_time_parameters_initiator/u_power_metrics_calc/u_apparent_square_multiplier/product__0/B[0] is connected to registers with an asynchronous reset. This is preventing the possibility of merging these registers in to the DSP Block since the DSP block registers only possess synchronous reset capability.  It is suggested to recode or change these registers to remove the reset or use a synchronous reset to get the best optimization for performance, power and area.
Related violations: <none>

DPIR-1#417 Warning
Asynchronous driver check  
DSP u_pqm_pl_top/u_measurement_core/u_time_parameters_initiator/u_power_metrics_calc/u_apparent_square_multiplier/product__0 input pin u_pqm_pl_top/u_measurement_core/u_time_parameters_initiator/u_power_metrics_calc/u_apparent_square_multiplier/product__0/B[10] is connected to registers with an asynchronous reset. This is preventing the possibility of merging these registers in to the DSP Block since the DSP block registers only possess synchronous reset capability.  It is suggested to recode or change these registers to remove the reset or use a synchronous reset to get the best optimization for performance, power and area.
Related violations: <none>

DPIR-1#418 Warning
Asynchronous driver check  
DSP u_pqm_pl_top/u_measurement_core/u_time_parameters_initiator/u_power_metrics_calc/u_apparent_square_multiplier/product__0 input pin u_pqm_pl_top/u_measurement_core/u_time_parameters_initiator/u_power_metrics_calc/u_apparent_square_multiplier/product__0/B[11] is connected to registers with an asynchronous reset. This is preventing the possibility of merging these registers in to the DSP Block since the DSP block registers only possess synchronous reset capability.  It is suggested to recode or change these registers to remove the reset or use a synchronous reset to get the best optimization for performance, power and area.
Related violations: <none>

DPIR-1#419 Warning
Asynchronous driver check  
DSP u_pqm_pl_top/u_measurement_core/u_time_parameters_initiator/u_power_metrics_calc/u_apparent_square_multiplier/product__0 input pin u_pqm_pl_top/u_measurement_core/u_time_parameters_initiator/u_power_metrics_calc/u_apparent_square_multiplier/product__0/B[12] is connected to registers with an asynchronous reset. This is preventing the possibility of merging these registers in to the DSP Block since the DSP block registers only possess synchronous reset capability.  It is suggested to recode or change these registers to remove the reset or use a synchronous reset to get the best optimization for performance, power and area.
Related violations: <none>

DPIR-1#420 Warning
Asynchronous driver check  
DSP u_pqm_pl_top/u_measurement_core/u_time_parameters_initiator/u_power_metrics_calc/u_apparent_square_multiplier/product__0 input pin u_pqm_pl_top/u_measurement_core/u_time_parameters_initiator/u_power_metrics_calc/u_apparent_square_multiplier/product__0/B[13] is connected to registers with an asynchronous reset. This is preventing the possibility of merging these registers in to the DSP Block since the DSP block registers only possess synchronous reset capability.  It is suggested to recode or change these registers to remove the reset or use a synchronous reset to get the best optimization for performance, power and area.
Related violations: <none>

DPIR-1#421 Warning
Asynchronous driver check  
DSP u_pqm_pl_top/u_measurement_core/u_time_parameters_initiator/u_power_metrics_calc/u_apparent_square_multiplier/product__0 input pin u_pqm_pl_top/u_measurement_core/u_time_parameters_initiator/u_power_metrics_calc/u_apparent_square_multiplier/product__0/B[1] is connected to registers with an asynchronous reset. This is preventing the possibility of merging these registers in to the DSP Block since the DSP block registers only possess synchronous reset capability.  It is suggested to recode or change these registers to remove the reset or use a synchronous reset to get the best optimization for performance, power and area.
Related violations: <none>

DPIR-1#422 Warning
Asynchronous driver check  
DSP u_pqm_pl_top/u_measurement_core/u_time_parameters_initiator/u_power_metrics_calc/u_apparent_square_multiplier/product__0 input pin u_pqm_pl_top/u_measurement_core/u_time_parameters_initiator/u_power_metrics_calc/u_apparent_square_multiplier/product__0/B[2] is connected to registers with an asynchronous reset. This is preventing the possibility of merging these registers in to the DSP Block since the DSP block registers only possess synchronous reset capability.  It is suggested to recode or change these registers to remove the reset or use a synchronous reset to get the best optimization for performance, power and area.
Related violations: <none>

DPIR-1#423 Warning
Asynchronous driver check  
DSP u_pqm_pl_top/u_measurement_core/u_time_parameters_initiator/u_power_metrics_calc/u_apparent_square_multiplier/product__0 input pin u_pqm_pl_top/u_measurement_core/u_time_parameters_initiator/u_power_metrics_calc/u_apparent_square_multiplier/product__0/B[3] is connected to registers with an asynchronous reset. This is preventing the possibility of merging these registers in to the DSP Block since the DSP block registers only possess synchronous reset capability.  It is suggested to recode or change these registers to remove the reset or use a synchronous reset to get the best optimization for performance, power and area.
Related violations: <none>

DPIR-1#424 Warning
Asynchronous driver check  
DSP u_pqm_pl_top/u_measurement_core/u_time_parameters_initiator/u_power_metrics_calc/u_apparent_square_multiplier/product__0 input pin u_pqm_pl_top/u_measurement_core/u_time_parameters_initiator/u_power_metrics_calc/u_apparent_square_multiplier/product__0/B[4] is connected to registers with an asynchronous reset. This is preventing the possibility of merging these registers in to the DSP Block since the DSP block registers only possess synchronous reset capability.  It is suggested to recode or change these registers to remove the reset or use a synchronous reset to get the best optimization for performance, power and area.
Related violations: <none>

DPIR-1#425 Warning
Asynchronous driver check  
DSP u_pqm_pl_top/u_measurement_core/u_time_parameters_initiator/u_power_metrics_calc/u_apparent_square_multiplier/product__0 input pin u_pqm_pl_top/u_measurement_core/u_time_parameters_initiator/u_power_metrics_calc/u_apparent_square_multiplier/product__0/B[5] is connected to registers with an asynchronous reset. This is preventing the possibility of merging these registers in to the DSP Block since the DSP block registers only possess synchronous reset capability.  It is suggested to recode or change these registers to remove the reset or use a synchronous reset to get the best optimization for performance, power and area.
Related violations: <none>

DPIR-1#426 Warning
Asynchronous driver check  
DSP u_pqm_pl_top/u_measurement_core/u_time_parameters_initiator/u_power_metrics_calc/u_apparent_square_multiplier/product__0 input pin u_pqm_pl_top/u_measurement_core/u_time_parameters_initiator/u_power_metrics_calc/u_apparent_square_multiplier/product__0/B[6] is connected to registers with an asynchronous reset. This is preventing the possibility of merging these registers in to the DSP Block since the DSP block registers only possess synchronous reset capability.  It is suggested to recode or change these registers to remove the reset or use a synchronous reset to get the best optimization for performance, power and area.
Related violations: <none>

DPIR-1#427 Warning
Asynchronous driver check  
DSP u_pqm_pl_top/u_measurement_core/u_time_parameters_initiator/u_power_metrics_calc/u_apparent_square_multiplier/product__0 input pin u_pqm_pl_top/u_measurement_core/u_time_parameters_initiator/u_power_metrics_calc/u_apparent_square_multiplier/product__0/B[7] is connected to registers with an asynchronous reset. This is preventing the possibility of merging these registers in to the DSP Block since the DSP block registers only possess synchronous reset capability.  It is suggested to recode or change these registers to remove the reset or use a synchronous reset to get the best optimization for performance, power and area.
Related violations: <none>

DPIR-1#428 Warning
Asynchronous driver check  
DSP u_pqm_pl_top/u_measurement_core/u_time_parameters_initiator/u_power_metrics_calc/u_apparent_square_multiplier/product__0 input pin u_pqm_pl_top/u_measurement_core/u_time_parameters_initiator/u_power_metrics_calc/u_apparent_square_multiplier/product__0/B[8] is connected to registers with an asynchronous reset. This is preventing the possibility of merging these registers in to the DSP Block since the DSP block registers only possess synchronous reset capability.  It is suggested to recode or change these registers to remove the reset or use a synchronous reset to get the best optimization for performance, power and area.
Related violations: <none>

DPIR-1#429 Warning
Asynchronous driver check  
DSP u_pqm_pl_top/u_measurement_core/u_time_parameters_initiator/u_power_metrics_calc/u_apparent_square_multiplier/product__0 input pin u_pqm_pl_top/u_measurement_core/u_time_parameters_initiator/u_power_metrics_calc/u_apparent_square_multiplier/product__0/B[9] is connected to registers with an asynchronous reset. This is preventing the possibility of merging these registers in to the DSP Block since the DSP block registers only possess synchronous reset capability.  It is suggested to recode or change these registers to remove the reset or use a synchronous reset to get the best optimization for performance, power and area.
Related violations: <none>

DPIR-1#430 Warning
Asynchronous driver check  
DSP u_pqm_pl_top/u_measurement_core/u_time_parameters_initiator/u_power_metrics_calc/u_apparent_square_multiplier/product__1 input pin u_pqm_pl_top/u_measurement_core/u_time_parameters_initiator/u_power_metrics_calc/u_apparent_square_multiplier/product__1/A[0] is connected to registers with an asynchronous reset. This is preventing the possibility of merging these registers in to the DSP Block since the DSP block registers only possess synchronous reset capability.  It is suggested to recode or change these registers to remove the reset or use a synchronous reset to get the best optimization for performance, power and area.
Related violations: <none>

DPIR-1#431 Warning
Asynchronous driver check  
DSP u_pqm_pl_top/u_measurement_core/u_time_parameters_initiator/u_power_metrics_calc/u_apparent_square_multiplier/product__1 input pin u_pqm_pl_top/u_measurement_core/u_time_parameters_initiator/u_power_metrics_calc/u_apparent_square_multiplier/product__1/A[10] is connected to registers with an asynchronous reset. This is preventing the possibility of merging these registers in to the DSP Block since the DSP block registers only possess synchronous reset capability.  It is suggested to recode or change these registers to remove the reset or use a synchronous reset to get the best optimization for performance, power and area.
Related violations: <none>

DPIR-1#432 Warning
Asynchronous driver check  
DSP u_pqm_pl_top/u_measurement_core/u_time_parameters_initiator/u_power_metrics_calc/u_apparent_square_multiplier/product__1 input pin u_pqm_pl_top/u_measurement_core/u_time_parameters_initiator/u_power_metrics_calc/u_apparent_square_multiplier/product__1/A[11] is connected to registers with an asynchronous reset. This is preventing the possibility of merging these registers in to the DSP Block since the DSP block registers only possess synchronous reset capability.  It is suggested to recode or change these registers to remove the reset or use a synchronous reset to get the best optimization for performance, power and area.
Related violations: <none>

DPIR-1#433 Warning
Asynchronous driver check  
DSP u_pqm_pl_top/u_measurement_core/u_time_parameters_initiator/u_power_metrics_calc/u_apparent_square_multiplier/product__1 input pin u_pqm_pl_top/u_measurement_core/u_time_parameters_initiator/u_power_metrics_calc/u_apparent_square_multiplier/product__1/A[12] is connected to registers with an asynchronous reset. This is preventing the possibility of merging these registers in to the DSP Block since the DSP block registers only possess synchronous reset capability.  It is suggested to recode or change these registers to remove the reset or use a synchronous reset to get the best optimization for performance, power and area.
Related violations: <none>

DPIR-1#434 Warning
Asynchronous driver check  
DSP u_pqm_pl_top/u_measurement_core/u_time_parameters_initiator/u_power_metrics_calc/u_apparent_square_multiplier/product__1 input pin u_pqm_pl_top/u_measurement_core/u_time_parameters_initiator/u_power_metrics_calc/u_apparent_square_multiplier/product__1/A[13] is connected to registers with an asynchronous reset. This is preventing the possibility of merging these registers in to the DSP Block since the DSP block registers only possess synchronous reset capability.  It is suggested to recode or change these registers to remove the reset or use a synchronous reset to get the best optimization for performance, power and area.
Related violations: <none>

DPIR-1#435 Warning
Asynchronous driver check  
DSP u_pqm_pl_top/u_measurement_core/u_time_parameters_initiator/u_power_metrics_calc/u_apparent_square_multiplier/product__1 input pin u_pqm_pl_top/u_measurement_core/u_time_parameters_initiator/u_power_metrics_calc/u_apparent_square_multiplier/product__1/A[14] is connected to registers with an asynchronous reset. This is preventing the possibility of merging these registers in to the DSP Block since the DSP block registers only possess synchronous reset capability.  It is suggested to recode or change these registers to remove the reset or use a synchronous reset to get the best optimization for performance, power and area.
Related violations: <none>

DPIR-1#436 Warning
Asynchronous driver check  
DSP u_pqm_pl_top/u_measurement_core/u_time_parameters_initiator/u_power_metrics_calc/u_apparent_square_multiplier/product__1 input pin u_pqm_pl_top/u_measurement_core/u_time_parameters_initiator/u_power_metrics_calc/u_apparent_square_multiplier/product__1/A[15] is connected to registers with an asynchronous reset. This is preventing the possibility of merging these registers in to the DSP Block since the DSP block registers only possess synchronous reset capability.  It is suggested to recode or change these registers to remove the reset or use a synchronous reset to get the best optimization for performance, power and area.
Related violations: <none>

DPIR-1#437 Warning
Asynchronous driver check  
DSP u_pqm_pl_top/u_measurement_core/u_time_parameters_initiator/u_power_metrics_calc/u_apparent_square_multiplier/product__1 input pin u_pqm_pl_top/u_measurement_core/u_time_parameters_initiator/u_power_metrics_calc/u_apparent_square_multiplier/product__1/A[16] is connected to registers with an asynchronous reset. This is preventing the possibility of merging these registers in to the DSP Block since the DSP block registers only possess synchronous reset capability.  It is suggested to recode or change these registers to remove the reset or use a synchronous reset to get the best optimization for performance, power and area.
Related violations: <none>

DPIR-1#438 Warning
Asynchronous driver check  
DSP u_pqm_pl_top/u_measurement_core/u_time_parameters_initiator/u_power_metrics_calc/u_apparent_square_multiplier/product__1 input pin u_pqm_pl_top/u_measurement_core/u_time_parameters_initiator/u_power_metrics_calc/u_apparent_square_multiplier/product__1/A[1] is connected to registers with an asynchronous reset. This is preventing the possibility of merging these registers in to the DSP Block since the DSP block registers only possess synchronous reset capability.  It is suggested to recode or change these registers to remove the reset or use a synchronous reset to get the best optimization for performance, power and area.
Related violations: <none>

DPIR-1#439 Warning
Asynchronous driver check  
DSP u_pqm_pl_top/u_measurement_core/u_time_parameters_initiator/u_power_metrics_calc/u_apparent_square_multiplier/product__1 input pin u_pqm_pl_top/u_measurement_core/u_time_parameters_initiator/u_power_metrics_calc/u_apparent_square_multiplier/product__1/A[2] is connected to registers with an asynchronous reset. This is preventing the possibility of merging these registers in to the DSP Block since the DSP block registers only possess synchronous reset capability.  It is suggested to recode or change these registers to remove the reset or use a synchronous reset to get the best optimization for performance, power and area.
Related violations: <none>

DPIR-1#440 Warning
Asynchronous driver check  
DSP u_pqm_pl_top/u_measurement_core/u_time_parameters_initiator/u_power_metrics_calc/u_apparent_square_multiplier/product__1 input pin u_pqm_pl_top/u_measurement_core/u_time_parameters_initiator/u_power_metrics_calc/u_apparent_square_multiplier/product__1/A[3] is connected to registers with an asynchronous reset. This is preventing the possibility of merging these registers in to the DSP Block since the DSP block registers only possess synchronous reset capability.  It is suggested to recode or change these registers to remove the reset or use a synchronous reset to get the best optimization for performance, power and area.
Related violations: <none>

DPIR-1#441 Warning
Asynchronous driver check  
DSP u_pqm_pl_top/u_measurement_core/u_time_parameters_initiator/u_power_metrics_calc/u_apparent_square_multiplier/product__1 input pin u_pqm_pl_top/u_measurement_core/u_time_parameters_initiator/u_power_metrics_calc/u_apparent_square_multiplier/product__1/A[4] is connected to registers with an asynchronous reset. This is preventing the possibility of merging these registers in to the DSP Block since the DSP block registers only possess synchronous reset capability.  It is suggested to recode or change these registers to remove the reset or use a synchronous reset to get the best optimization for performance, power and area.
Related violations: <none>

DPIR-1#442 Warning
Asynchronous driver check  
DSP u_pqm_pl_top/u_measurement_core/u_time_parameters_initiator/u_power_metrics_calc/u_apparent_square_multiplier/product__1 input pin u_pqm_pl_top/u_measurement_core/u_time_parameters_initiator/u_power_metrics_calc/u_apparent_square_multiplier/product__1/A[5] is connected to registers with an asynchronous reset. This is preventing the possibility of merging these registers in to the DSP Block since the DSP block registers only possess synchronous reset capability.  It is suggested to recode or change these registers to remove the reset or use a synchronous reset to get the best optimization for performance, power and area.
Related violations: <none>

DPIR-1#443 Warning
Asynchronous driver check  
DSP u_pqm_pl_top/u_measurement_core/u_time_parameters_initiator/u_power_metrics_calc/u_apparent_square_multiplier/product__1 input pin u_pqm_pl_top/u_measurement_core/u_time_parameters_initiator/u_power_metrics_calc/u_apparent_square_multiplier/product__1/A[6] is connected to registers with an asynchronous reset. This is preventing the possibility of merging these registers in to the DSP Block since the DSP block registers only possess synchronous reset capability.  It is suggested to recode or change these registers to remove the reset or use a synchronous reset to get the best optimization for performance, power and area.
Related violations: <none>

DPIR-1#444 Warning
Asynchronous driver check  
DSP u_pqm_pl_top/u_measurement_core/u_time_parameters_initiator/u_power_metrics_calc/u_apparent_square_multiplier/product__1 input pin u_pqm_pl_top/u_measurement_core/u_time_parameters_initiator/u_power_metrics_calc/u_apparent_square_multiplier/product__1/A[7] is connected to registers with an asynchronous reset. This is preventing the possibility of merging these registers in to the DSP Block since the DSP block registers only possess synchronous reset capability.  It is suggested to recode or change these registers to remove the reset or use a synchronous reset to get the best optimization for performance, power and area.
Related violations: <none>

DPIR-1#445 Warning
Asynchronous driver check  
DSP u_pqm_pl_top/u_measurement_core/u_time_parameters_initiator/u_power_metrics_calc/u_apparent_square_multiplier/product__1 input pin u_pqm_pl_top/u_measurement_core/u_time_parameters_initiator/u_power_metrics_calc/u_apparent_square_multiplier/product__1/A[8] is connected to registers with an asynchronous reset. This is preventing the possibility of merging these registers in to the DSP Block since the DSP block registers only possess synchronous reset capability.  It is suggested to recode or change these registers to remove the reset or use a synchronous reset to get the best optimization for performance, power and area.
Related violations: <none>

DPIR-1#446 Warning
Asynchronous driver check  
DSP u_pqm_pl_top/u_measurement_core/u_time_parameters_initiator/u_power_metrics_calc/u_apparent_square_multiplier/product__1 input pin u_pqm_pl_top/u_measurement_core/u_time_parameters_initiator/u_power_metrics_calc/u_apparent_square_multiplier/product__1/A[9] is connected to registers with an asynchronous reset. This is preventing the possibility of merging these registers in to the DSP Block since the DSP block registers only possess synchronous reset capability.  It is suggested to recode or change these registers to remove the reset or use a synchronous reset to get the best optimization for performance, power and area.
Related violations: <none>

DPIR-1#447 Warning
Asynchronous driver check  
DSP u_pqm_pl_top/u_measurement_core/u_time_parameters_initiator/u_power_metrics_calc/u_apparent_square_multiplier/product__1 input pin u_pqm_pl_top/u_measurement_core/u_time_parameters_initiator/u_power_metrics_calc/u_apparent_square_multiplier/product__1/B[0] is connected to registers with an asynchronous reset. This is preventing the possibility of merging these registers in to the DSP Block since the DSP block registers only possess synchronous reset capability.  It is suggested to recode or change these registers to remove the reset or use a synchronous reset to get the best optimization for performance, power and area.
Related violations: <none>

DPIR-1#448 Warning
Asynchronous driver check  
DSP u_pqm_pl_top/u_measurement_core/u_time_parameters_initiator/u_power_metrics_calc/u_apparent_square_multiplier/product__1 input pin u_pqm_pl_top/u_measurement_core/u_time_parameters_initiator/u_power_metrics_calc/u_apparent_square_multiplier/product__1/B[10] is connected to registers with an asynchronous reset. This is preventing the possibility of merging these registers in to the DSP Block since the DSP block registers only possess synchronous reset capability.  It is suggested to recode or change these registers to remove the reset or use a synchronous reset to get the best optimization for performance, power and area.
Related violations: <none>

DPIR-1#449 Warning
Asynchronous driver check  
DSP u_pqm_pl_top/u_measurement_core/u_time_parameters_initiator/u_power_metrics_calc/u_apparent_square_multiplier/product__1 input pin u_pqm_pl_top/u_measurement_core/u_time_parameters_initiator/u_power_metrics_calc/u_apparent_square_multiplier/product__1/B[11] is connected to registers with an asynchronous reset. This is preventing the possibility of merging these registers in to the DSP Block since the DSP block registers only possess synchronous reset capability.  It is suggested to recode or change these registers to remove the reset or use a synchronous reset to get the best optimization for performance, power and area.
Related violations: <none>

DPIR-1#450 Warning
Asynchronous driver check  
DSP u_pqm_pl_top/u_measurement_core/u_time_parameters_initiator/u_power_metrics_calc/u_apparent_square_multiplier/product__1 input pin u_pqm_pl_top/u_measurement_core/u_time_parameters_initiator/u_power_metrics_calc/u_apparent_square_multiplier/product__1/B[12] is connected to registers with an asynchronous reset. This is preventing the possibility of merging these registers in to the DSP Block since the DSP block registers only possess synchronous reset capability.  It is suggested to recode or change these registers to remove the reset or use a synchronous reset to get the best optimization for performance, power and area.
Related violations: <none>

DPIR-1#451 Warning
Asynchronous driver check  
DSP u_pqm_pl_top/u_measurement_core/u_time_parameters_initiator/u_power_metrics_calc/u_apparent_square_multiplier/product__1 input pin u_pqm_pl_top/u_measurement_core/u_time_parameters_initiator/u_power_metrics_calc/u_apparent_square_multiplier/product__1/B[13] is connected to registers with an asynchronous reset. This is preventing the possibility of merging these registers in to the DSP Block since the DSP block registers only possess synchronous reset capability.  It is suggested to recode or change these registers to remove the reset or use a synchronous reset to get the best optimization for performance, power and area.
Related violations: <none>

DPIR-1#452 Warning
Asynchronous driver check  
DSP u_pqm_pl_top/u_measurement_core/u_time_parameters_initiator/u_power_metrics_calc/u_apparent_square_multiplier/product__1 input pin u_pqm_pl_top/u_measurement_core/u_time_parameters_initiator/u_power_metrics_calc/u_apparent_square_multiplier/product__1/B[14] is connected to registers with an asynchronous reset. This is preventing the possibility of merging these registers in to the DSP Block since the DSP block registers only possess synchronous reset capability.  It is suggested to recode or change these registers to remove the reset or use a synchronous reset to get the best optimization for performance, power and area.
Related violations: <none>

DPIR-1#453 Warning
Asynchronous driver check  
DSP u_pqm_pl_top/u_measurement_core/u_time_parameters_initiator/u_power_metrics_calc/u_apparent_square_multiplier/product__1 input pin u_pqm_pl_top/u_measurement_core/u_time_parameters_initiator/u_power_metrics_calc/u_apparent_square_multiplier/product__1/B[15] is connected to registers with an asynchronous reset. This is preventing the possibility of merging these registers in to the DSP Block since the DSP block registers only possess synchronous reset capability.  It is suggested to recode or change these registers to remove the reset or use a synchronous reset to get the best optimization for performance, power and area.
Related violations: <none>

DPIR-1#454 Warning
Asynchronous driver check  
DSP u_pqm_pl_top/u_measurement_core/u_time_parameters_initiator/u_power_metrics_calc/u_apparent_square_multiplier/product__1 input pin u_pqm_pl_top/u_measurement_core/u_time_parameters_initiator/u_power_metrics_calc/u_apparent_square_multiplier/product__1/B[16] is connected to registers with an asynchronous reset. This is preventing the possibility of merging these registers in to the DSP Block since the DSP block registers only possess synchronous reset capability.  It is suggested to recode or change these registers to remove the reset or use a synchronous reset to get the best optimization for performance, power and area.
Related violations: <none>

DPIR-1#455 Warning
Asynchronous driver check  
DSP u_pqm_pl_top/u_measurement_core/u_time_parameters_initiator/u_power_metrics_calc/u_apparent_square_multiplier/product__1 input pin u_pqm_pl_top/u_measurement_core/u_time_parameters_initiator/u_power_metrics_calc/u_apparent_square_multiplier/product__1/B[1] is connected to registers with an asynchronous reset. This is preventing the possibility of merging these registers in to the DSP Block since the DSP block registers only possess synchronous reset capability.  It is suggested to recode or change these registers to remove the reset or use a synchronous reset to get the best optimization for performance, power and area.
Related violations: <none>

DPIR-1#456 Warning
Asynchronous driver check  
DSP u_pqm_pl_top/u_measurement_core/u_time_parameters_initiator/u_power_metrics_calc/u_apparent_square_multiplier/product__1 input pin u_pqm_pl_top/u_measurement_core/u_time_parameters_initiator/u_power_metrics_calc/u_apparent_square_multiplier/product__1/B[2] is connected to registers with an asynchronous reset. This is preventing the possibility of merging these registers in to the DSP Block since the DSP block registers only possess synchronous reset capability.  It is suggested to recode or change these registers to remove the reset or use a synchronous reset to get the best optimization for performance, power and area.
Related violations: <none>

DPIR-1#457 Warning
Asynchronous driver check  
DSP u_pqm_pl_top/u_measurement_core/u_time_parameters_initiator/u_power_metrics_calc/u_apparent_square_multiplier/product__1 input pin u_pqm_pl_top/u_measurement_core/u_time_parameters_initiator/u_power_metrics_calc/u_apparent_square_multiplier/product__1/B[3] is connected to registers with an asynchronous reset. This is preventing the possibility of merging these registers in to the DSP Block since the DSP block registers only possess synchronous reset capability.  It is suggested to recode or change these registers to remove the reset or use a synchronous reset to get the best optimization for performance, power and area.
Related violations: <none>

DPIR-1#458 Warning
Asynchronous driver check  
DSP u_pqm_pl_top/u_measurement_core/u_time_parameters_initiator/u_power_metrics_calc/u_apparent_square_multiplier/product__1 input pin u_pqm_pl_top/u_measurement_core/u_time_parameters_initiator/u_power_metrics_calc/u_apparent_square_multiplier/product__1/B[4] is connected to registers with an asynchronous reset. This is preventing the possibility of merging these registers in to the DSP Block since the DSP block registers only possess synchronous reset capability.  It is suggested to recode or change these registers to remove the reset or use a synchronous reset to get the best optimization for performance, power and area.
Related violations: <none>

DPIR-1#459 Warning
Asynchronous driver check  
DSP u_pqm_pl_top/u_measurement_core/u_time_parameters_initiator/u_power_metrics_calc/u_apparent_square_multiplier/product__1 input pin u_pqm_pl_top/u_measurement_core/u_time_parameters_initiator/u_power_metrics_calc/u_apparent_square_multiplier/product__1/B[5] is connected to registers with an asynchronous reset. This is preventing the possibility of merging these registers in to the DSP Block since the DSP block registers only possess synchronous reset capability.  It is suggested to recode or change these registers to remove the reset or use a synchronous reset to get the best optimization for performance, power and area.
Related violations: <none>

DPIR-1#460 Warning
Asynchronous driver check  
DSP u_pqm_pl_top/u_measurement_core/u_time_parameters_initiator/u_power_metrics_calc/u_apparent_square_multiplier/product__1 input pin u_pqm_pl_top/u_measurement_core/u_time_parameters_initiator/u_power_metrics_calc/u_apparent_square_multiplier/product__1/B[6] is connected to registers with an asynchronous reset. This is preventing the possibility of merging these registers in to the DSP Block since the DSP block registers only possess synchronous reset capability.  It is suggested to recode or change these registers to remove the reset or use a synchronous reset to get the best optimization for performance, power and area.
Related violations: <none>

DPIR-1#461 Warning
Asynchronous driver check  
DSP u_pqm_pl_top/u_measurement_core/u_time_parameters_initiator/u_power_metrics_calc/u_apparent_square_multiplier/product__1 input pin u_pqm_pl_top/u_measurement_core/u_time_parameters_initiator/u_power_metrics_calc/u_apparent_square_multiplier/product__1/B[7] is connected to registers with an asynchronous reset. This is preventing the possibility of merging these registers in to the DSP Block since the DSP block registers only possess synchronous reset capability.  It is suggested to recode or change these registers to remove the reset or use a synchronous reset to get the best optimization for performance, power and area.
Related violations: <none>

DPIR-1#462 Warning
Asynchronous driver check  
DSP u_pqm_pl_top/u_measurement_core/u_time_parameters_initiator/u_power_metrics_calc/u_apparent_square_multiplier/product__1 input pin u_pqm_pl_top/u_measurement_core/u_time_parameters_initiator/u_power_metrics_calc/u_apparent_square_multiplier/product__1/B[8] is connected to registers with an asynchronous reset. This is preventing the possibility of merging these registers in to the DSP Block since the DSP block registers only possess synchronous reset capability.  It is suggested to recode or change these registers to remove the reset or use a synchronous reset to get the best optimization for performance, power and area.
Related violations: <none>

DPIR-1#463 Warning
Asynchronous driver check  
DSP u_pqm_pl_top/u_measurement_core/u_time_parameters_initiator/u_power_metrics_calc/u_apparent_square_multiplier/product__1 input pin u_pqm_pl_top/u_measurement_core/u_time_parameters_initiator/u_power_metrics_calc/u_apparent_square_multiplier/product__1/B[9] is connected to registers with an asynchronous reset. This is preventing the possibility of merging these registers in to the DSP Block since the DSP block registers only possess synchronous reset capability.  It is suggested to recode or change these registers to remove the reset or use a synchronous reset to get the best optimization for performance, power and area.
Related violations: <none>

DPIR-1#464 Warning
Asynchronous driver check  
DSP u_pqm_pl_top/u_measurement_core/u_time_parameters_initiator/u_power_metrics_calc/u_apparent_square_multiplier/product__2 input pin u_pqm_pl_top/u_measurement_core/u_time_parameters_initiator/u_power_metrics_calc/u_apparent_square_multiplier/product__2/A[0] is connected to registers with an asynchronous reset. This is preventing the possibility of merging these registers in to the DSP Block since the DSP block registers only possess synchronous reset capability.  It is suggested to recode or change these registers to remove the reset or use a synchronous reset to get the best optimization for performance, power and area.
Related violations: <none>

DPIR-1#465 Warning
Asynchronous driver check  
DSP u_pqm_pl_top/u_measurement_core/u_time_parameters_initiator/u_power_metrics_calc/u_apparent_square_multiplier/product__2 input pin u_pqm_pl_top/u_measurement_core/u_time_parameters_initiator/u_power_metrics_calc/u_apparent_square_multiplier/product__2/A[10] is connected to registers with an asynchronous reset. This is preventing the possibility of merging these registers in to the DSP Block since the DSP block registers only possess synchronous reset capability.  It is suggested to recode or change these registers to remove the reset or use a synchronous reset to get the best optimization for performance, power and area.
Related violations: <none>

DPIR-1#466 Warning
Asynchronous driver check  
DSP u_pqm_pl_top/u_measurement_core/u_time_parameters_initiator/u_power_metrics_calc/u_apparent_square_multiplier/product__2 input pin u_pqm_pl_top/u_measurement_core/u_time_parameters_initiator/u_power_metrics_calc/u_apparent_square_multiplier/product__2/A[11] is connected to registers with an asynchronous reset. This is preventing the possibility of merging these registers in to the DSP Block since the DSP block registers only possess synchronous reset capability.  It is suggested to recode or change these registers to remove the reset or use a synchronous reset to get the best optimization for performance, power and area.
Related violations: <none>

DPIR-1#467 Warning
Asynchronous driver check  
DSP u_pqm_pl_top/u_measurement_core/u_time_parameters_initiator/u_power_metrics_calc/u_apparent_square_multiplier/product__2 input pin u_pqm_pl_top/u_measurement_core/u_time_parameters_initiator/u_power_metrics_calc/u_apparent_square_multiplier/product__2/A[12] is connected to registers with an asynchronous reset. This is preventing the possibility of merging these registers in to the DSP Block since the DSP block registers only possess synchronous reset capability.  It is suggested to recode or change these registers to remove the reset or use a synchronous reset to get the best optimization for performance, power and area.
Related violations: <none>

DPIR-1#468 Warning
Asynchronous driver check  
DSP u_pqm_pl_top/u_measurement_core/u_time_parameters_initiator/u_power_metrics_calc/u_apparent_square_multiplier/product__2 input pin u_pqm_pl_top/u_measurement_core/u_time_parameters_initiator/u_power_metrics_calc/u_apparent_square_multiplier/product__2/A[13] is connected to registers with an asynchronous reset. This is preventing the possibility of merging these registers in to the DSP Block since the DSP block registers only possess synchronous reset capability.  It is suggested to recode or change these registers to remove the reset or use a synchronous reset to get the best optimization for performance, power and area.
Related violations: <none>

DPIR-1#469 Warning
Asynchronous driver check  
DSP u_pqm_pl_top/u_measurement_core/u_time_parameters_initiator/u_power_metrics_calc/u_apparent_square_multiplier/product__2 input pin u_pqm_pl_top/u_measurement_core/u_time_parameters_initiator/u_power_metrics_calc/u_apparent_square_multiplier/product__2/A[14] is connected to registers with an asynchronous reset. This is preventing the possibility of merging these registers in to the DSP Block since the DSP block registers only possess synchronous reset capability.  It is suggested to recode or change these registers to remove the reset or use a synchronous reset to get the best optimization for performance, power and area.
Related violations: <none>

DPIR-1#470 Warning
Asynchronous driver check  
DSP u_pqm_pl_top/u_measurement_core/u_time_parameters_initiator/u_power_metrics_calc/u_apparent_square_multiplier/product__2 input pin u_pqm_pl_top/u_measurement_core/u_time_parameters_initiator/u_power_metrics_calc/u_apparent_square_multiplier/product__2/A[15] is connected to registers with an asynchronous reset. This is preventing the possibility of merging these registers in to the DSP Block since the DSP block registers only possess synchronous reset capability.  It is suggested to recode or change these registers to remove the reset or use a synchronous reset to get the best optimization for performance, power and area.
Related violations: <none>

DPIR-1#471 Warning
Asynchronous driver check  
DSP u_pqm_pl_top/u_measurement_core/u_time_parameters_initiator/u_power_metrics_calc/u_apparent_square_multiplier/product__2 input pin u_pqm_pl_top/u_measurement_core/u_time_parameters_initiator/u_power_metrics_calc/u_apparent_square_multiplier/product__2/A[16] is connected to registers with an asynchronous reset. This is preventing the possibility of merging these registers in to the DSP Block since the DSP block registers only possess synchronous reset capability.  It is suggested to recode or change these registers to remove the reset or use a synchronous reset to get the best optimization for performance, power and area.
Related violations: <none>

DPIR-1#472 Warning
Asynchronous driver check  
DSP u_pqm_pl_top/u_measurement_core/u_time_parameters_initiator/u_power_metrics_calc/u_apparent_square_multiplier/product__2 input pin u_pqm_pl_top/u_measurement_core/u_time_parameters_initiator/u_power_metrics_calc/u_apparent_square_multiplier/product__2/A[1] is connected to registers with an asynchronous reset. This is preventing the possibility of merging these registers in to the DSP Block since the DSP block registers only possess synchronous reset capability.  It is suggested to recode or change these registers to remove the reset or use a synchronous reset to get the best optimization for performance, power and area.
Related violations: <none>

DPIR-1#473 Warning
Asynchronous driver check  
DSP u_pqm_pl_top/u_measurement_core/u_time_parameters_initiator/u_power_metrics_calc/u_apparent_square_multiplier/product__2 input pin u_pqm_pl_top/u_measurement_core/u_time_parameters_initiator/u_power_metrics_calc/u_apparent_square_multiplier/product__2/A[2] is connected to registers with an asynchronous reset. This is preventing the possibility of merging these registers in to the DSP Block since the DSP block registers only possess synchronous reset capability.  It is suggested to recode or change these registers to remove the reset or use a synchronous reset to get the best optimization for performance, power and area.
Related violations: <none>

DPIR-1#474 Warning
Asynchronous driver check  
DSP u_pqm_pl_top/u_measurement_core/u_time_parameters_initiator/u_power_metrics_calc/u_apparent_square_multiplier/product__2 input pin u_pqm_pl_top/u_measurement_core/u_time_parameters_initiator/u_power_metrics_calc/u_apparent_square_multiplier/product__2/A[3] is connected to registers with an asynchronous reset. This is preventing the possibility of merging these registers in to the DSP Block since the DSP block registers only possess synchronous reset capability.  It is suggested to recode or change these registers to remove the reset or use a synchronous reset to get the best optimization for performance, power and area.
Related violations: <none>

DPIR-1#475 Warning
Asynchronous driver check  
DSP u_pqm_pl_top/u_measurement_core/u_time_parameters_initiator/u_power_metrics_calc/u_apparent_square_multiplier/product__2 input pin u_pqm_pl_top/u_measurement_core/u_time_parameters_initiator/u_power_metrics_calc/u_apparent_square_multiplier/product__2/A[4] is connected to registers with an asynchronous reset. This is preventing the possibility of merging these registers in to the DSP Block since the DSP block registers only possess synchronous reset capability.  It is suggested to recode or change these registers to remove the reset or use a synchronous reset to get the best optimization for performance, power and area.
Related violations: <none>

DPIR-1#476 Warning
Asynchronous driver check  
DSP u_pqm_pl_top/u_measurement_core/u_time_parameters_initiator/u_power_metrics_calc/u_apparent_square_multiplier/product__2 input pin u_pqm_pl_top/u_measurement_core/u_time_parameters_initiator/u_power_metrics_calc/u_apparent_square_multiplier/product__2/A[5] is connected to registers with an asynchronous reset. This is preventing the possibility of merging these registers in to the DSP Block since the DSP block registers only possess synchronous reset capability.  It is suggested to recode or change these registers to remove the reset or use a synchronous reset to get the best optimization for performance, power and area.
Related violations: <none>

DPIR-1#477 Warning
Asynchronous driver check  
DSP u_pqm_pl_top/u_measurement_core/u_time_parameters_initiator/u_power_metrics_calc/u_apparent_square_multiplier/product__2 input pin u_pqm_pl_top/u_measurement_core/u_time_parameters_initiator/u_power_metrics_calc/u_apparent_square_multiplier/product__2/A[6] is connected to registers with an asynchronous reset. This is preventing the possibility of merging these registers in to the DSP Block since the DSP block registers only possess synchronous reset capability.  It is suggested to recode or change these registers to remove the reset or use a synchronous reset to get the best optimization for performance, power and area.
Related violations: <none>

DPIR-1#478 Warning
Asynchronous driver check  
DSP u_pqm_pl_top/u_measurement_core/u_time_parameters_initiator/u_power_metrics_calc/u_apparent_square_multiplier/product__2 input pin u_pqm_pl_top/u_measurement_core/u_time_parameters_initiator/u_power_metrics_calc/u_apparent_square_multiplier/product__2/A[7] is connected to registers with an asynchronous reset. This is preventing the possibility of merging these registers in to the DSP Block since the DSP block registers only possess synchronous reset capability.  It is suggested to recode or change these registers to remove the reset or use a synchronous reset to get the best optimization for performance, power and area.
Related violations: <none>

DPIR-1#479 Warning
Asynchronous driver check  
DSP u_pqm_pl_top/u_measurement_core/u_time_parameters_initiator/u_power_metrics_calc/u_apparent_square_multiplier/product__2 input pin u_pqm_pl_top/u_measurement_core/u_time_parameters_initiator/u_power_metrics_calc/u_apparent_square_multiplier/product__2/A[8] is connected to registers with an asynchronous reset. This is preventing the possibility of merging these registers in to the DSP Block since the DSP block registers only possess synchronous reset capability.  It is suggested to recode or change these registers to remove the reset or use a synchronous reset to get the best optimization for performance, power and area.
Related violations: <none>

DPIR-1#480 Warning
Asynchronous driver check  
DSP u_pqm_pl_top/u_measurement_core/u_time_parameters_initiator/u_power_metrics_calc/u_apparent_square_multiplier/product__2 input pin u_pqm_pl_top/u_measurement_core/u_time_parameters_initiator/u_power_metrics_calc/u_apparent_square_multiplier/product__2/A[9] is connected to registers with an asynchronous reset. This is preventing the possibility of merging these registers in to the DSP Block since the DSP block registers only possess synchronous reset capability.  It is suggested to recode or change these registers to remove the reset or use a synchronous reset to get the best optimization for performance, power and area.
Related violations: <none>

DPIR-1#481 Warning
Asynchronous driver check  
DSP u_pqm_pl_top/u_measurement_core/u_time_parameters_initiator/u_power_metrics_calc/u_apparent_square_multiplier/product__2 input pin u_pqm_pl_top/u_measurement_core/u_time_parameters_initiator/u_power_metrics_calc/u_apparent_square_multiplier/product__2/B[0] is connected to registers with an asynchronous reset. This is preventing the possibility of merging these registers in to the DSP Block since the DSP block registers only possess synchronous reset capability.  It is suggested to recode or change these registers to remove the reset or use a synchronous reset to get the best optimization for performance, power and area.
Related violations: <none>

DPIR-1#482 Warning
Asynchronous driver check  
DSP u_pqm_pl_top/u_measurement_core/u_time_parameters_initiator/u_power_metrics_calc/u_apparent_square_multiplier/product__2 input pin u_pqm_pl_top/u_measurement_core/u_time_parameters_initiator/u_power_metrics_calc/u_apparent_square_multiplier/product__2/B[10] is connected to registers with an asynchronous reset. This is preventing the possibility of merging these registers in to the DSP Block since the DSP block registers only possess synchronous reset capability.  It is suggested to recode or change these registers to remove the reset or use a synchronous reset to get the best optimization for performance, power and area.
Related violations: <none>

DPIR-1#483 Warning
Asynchronous driver check  
DSP u_pqm_pl_top/u_measurement_core/u_time_parameters_initiator/u_power_metrics_calc/u_apparent_square_multiplier/product__2 input pin u_pqm_pl_top/u_measurement_core/u_time_parameters_initiator/u_power_metrics_calc/u_apparent_square_multiplier/product__2/B[11] is connected to registers with an asynchronous reset. This is preventing the possibility of merging these registers in to the DSP Block since the DSP block registers only possess synchronous reset capability.  It is suggested to recode or change these registers to remove the reset or use a synchronous reset to get the best optimization for performance, power and area.
Related violations: <none>

DPIR-1#484 Warning
Asynchronous driver check  
DSP u_pqm_pl_top/u_measurement_core/u_time_parameters_initiator/u_power_metrics_calc/u_apparent_square_multiplier/product__2 input pin u_pqm_pl_top/u_measurement_core/u_time_parameters_initiator/u_power_metrics_calc/u_apparent_square_multiplier/product__2/B[12] is connected to registers with an asynchronous reset. This is preventing the possibility of merging these registers in to the DSP Block since the DSP block registers only possess synchronous reset capability.  It is suggested to recode or change these registers to remove the reset or use a synchronous reset to get the best optimization for performance, power and area.
Related violations: <none>

DPIR-1#485 Warning
Asynchronous driver check  
DSP u_pqm_pl_top/u_measurement_core/u_time_parameters_initiator/u_power_metrics_calc/u_apparent_square_multiplier/product__2 input pin u_pqm_pl_top/u_measurement_core/u_time_parameters_initiator/u_power_metrics_calc/u_apparent_square_multiplier/product__2/B[13] is connected to registers with an asynchronous reset. This is preventing the possibility of merging these registers in to the DSP Block since the DSP block registers only possess synchronous reset capability.  It is suggested to recode or change these registers to remove the reset or use a synchronous reset to get the best optimization for performance, power and area.
Related violations: <none>

DPIR-1#486 Warning
Asynchronous driver check  
DSP u_pqm_pl_top/u_measurement_core/u_time_parameters_initiator/u_power_metrics_calc/u_apparent_square_multiplier/product__2 input pin u_pqm_pl_top/u_measurement_core/u_time_parameters_initiator/u_power_metrics_calc/u_apparent_square_multiplier/product__2/B[1] is connected to registers with an asynchronous reset. This is preventing the possibility of merging these registers in to the DSP Block since the DSP block registers only possess synchronous reset capability.  It is suggested to recode or change these registers to remove the reset or use a synchronous reset to get the best optimization for performance, power and area.
Related violations: <none>

DPIR-1#487 Warning
Asynchronous driver check  
DSP u_pqm_pl_top/u_measurement_core/u_time_parameters_initiator/u_power_metrics_calc/u_apparent_square_multiplier/product__2 input pin u_pqm_pl_top/u_measurement_core/u_time_parameters_initiator/u_power_metrics_calc/u_apparent_square_multiplier/product__2/B[2] is connected to registers with an asynchronous reset. This is preventing the possibility of merging these registers in to the DSP Block since the DSP block registers only possess synchronous reset capability.  It is suggested to recode or change these registers to remove the reset or use a synchronous reset to get the best optimization for performance, power and area.
Related violations: <none>

DPIR-1#488 Warning
Asynchronous driver check  
DSP u_pqm_pl_top/u_measurement_core/u_time_parameters_initiator/u_power_metrics_calc/u_apparent_square_multiplier/product__2 input pin u_pqm_pl_top/u_measurement_core/u_time_parameters_initiator/u_power_metrics_calc/u_apparent_square_multiplier/product__2/B[3] is connected to registers with an asynchronous reset. This is preventing the possibility of merging these registers in to the DSP Block since the DSP block registers only possess synchronous reset capability.  It is suggested to recode or change these registers to remove the reset or use a synchronous reset to get the best optimization for performance, power and area.
Related violations: <none>

DPIR-1#489 Warning
Asynchronous driver check  
DSP u_pqm_pl_top/u_measurement_core/u_time_parameters_initiator/u_power_metrics_calc/u_apparent_square_multiplier/product__2 input pin u_pqm_pl_top/u_measurement_core/u_time_parameters_initiator/u_power_metrics_calc/u_apparent_square_multiplier/product__2/B[4] is connected to registers with an asynchronous reset. This is preventing the possibility of merging these registers in to the DSP Block since the DSP block registers only possess synchronous reset capability.  It is suggested to recode or change these registers to remove the reset or use a synchronous reset to get the best optimization for performance, power and area.
Related violations: <none>

DPIR-1#490 Warning
Asynchronous driver check  
DSP u_pqm_pl_top/u_measurement_core/u_time_parameters_initiator/u_power_metrics_calc/u_apparent_square_multiplier/product__2 input pin u_pqm_pl_top/u_measurement_core/u_time_parameters_initiator/u_power_metrics_calc/u_apparent_square_multiplier/product__2/B[5] is connected to registers with an asynchronous reset. This is preventing the possibility of merging these registers in to the DSP Block since the DSP block registers only possess synchronous reset capability.  It is suggested to recode or change these registers to remove the reset or use a synchronous reset to get the best optimization for performance, power and area.
Related violations: <none>

DPIR-1#491 Warning
Asynchronous driver check  
DSP u_pqm_pl_top/u_measurement_core/u_time_parameters_initiator/u_power_metrics_calc/u_apparent_square_multiplier/product__2 input pin u_pqm_pl_top/u_measurement_core/u_time_parameters_initiator/u_power_metrics_calc/u_apparent_square_multiplier/product__2/B[6] is connected to registers with an asynchronous reset. This is preventing the possibility of merging these registers in to the DSP Block since the DSP block registers only possess synchronous reset capability.  It is suggested to recode or change these registers to remove the reset or use a synchronous reset to get the best optimization for performance, power and area.
Related violations: <none>

DPIR-1#492 Warning
Asynchronous driver check  
DSP u_pqm_pl_top/u_measurement_core/u_time_parameters_initiator/u_power_metrics_calc/u_apparent_square_multiplier/product__2 input pin u_pqm_pl_top/u_measurement_core/u_time_parameters_initiator/u_power_metrics_calc/u_apparent_square_multiplier/product__2/B[7] is connected to registers with an asynchronous reset. This is preventing the possibility of merging these registers in to the DSP Block since the DSP block registers only possess synchronous reset capability.  It is suggested to recode or change these registers to remove the reset or use a synchronous reset to get the best optimization for performance, power and area.
Related violations: <none>

DPIR-1#493 Warning
Asynchronous driver check  
DSP u_pqm_pl_top/u_measurement_core/u_time_parameters_initiator/u_power_metrics_calc/u_apparent_square_multiplier/product__2 input pin u_pqm_pl_top/u_measurement_core/u_time_parameters_initiator/u_power_metrics_calc/u_apparent_square_multiplier/product__2/B[8] is connected to registers with an asynchronous reset. This is preventing the possibility of merging these registers in to the DSP Block since the DSP block registers only possess synchronous reset capability.  It is suggested to recode or change these registers to remove the reset or use a synchronous reset to get the best optimization for performance, power and area.
Related violations: <none>

DPIR-1#494 Warning
Asynchronous driver check  
DSP u_pqm_pl_top/u_measurement_core/u_time_parameters_initiator/u_power_metrics_calc/u_apparent_square_multiplier/product__2 input pin u_pqm_pl_top/u_measurement_core/u_time_parameters_initiator/u_power_metrics_calc/u_apparent_square_multiplier/product__2/B[9] is connected to registers with an asynchronous reset. This is preventing the possibility of merging these registers in to the DSP Block since the DSP block registers only possess synchronous reset capability.  It is suggested to recode or change these registers to remove the reset or use a synchronous reset to get the best optimization for performance, power and area.
Related violations: <none>

DPIR-1#495 Warning
Asynchronous driver check  
DSP u_pqm_pl_top/u_measurement_core/u_time_parameters_initiator/u_power_metrics_calc/u_rms_code_multiplier/product input pin u_pqm_pl_top/u_measurement_core/u_time_parameters_initiator/u_power_metrics_calc/u_rms_code_multiplier/product/A[0] is connected to registers with an asynchronous reset. This is preventing the possibility of merging these registers in to the DSP Block since the DSP block registers only possess synchronous reset capability.  It is suggested to recode or change these registers to remove the reset or use a synchronous reset to get the best optimization for performance, power and area.
Related violations: <none>

DPIR-1#496 Warning
Asynchronous driver check  
DSP u_pqm_pl_top/u_measurement_core/u_time_parameters_initiator/u_power_metrics_calc/u_rms_code_multiplier/product input pin u_pqm_pl_top/u_measurement_core/u_time_parameters_initiator/u_power_metrics_calc/u_rms_code_multiplier/product/A[10] is connected to registers with an asynchronous reset. This is preventing the possibility of merging these registers in to the DSP Block since the DSP block registers only possess synchronous reset capability.  It is suggested to recode or change these registers to remove the reset or use a synchronous reset to get the best optimization for performance, power and area.
Related violations: <none>

DPIR-1#497 Warning
Asynchronous driver check  
DSP u_pqm_pl_top/u_measurement_core/u_time_parameters_initiator/u_power_metrics_calc/u_rms_code_multiplier/product input pin u_pqm_pl_top/u_measurement_core/u_time_parameters_initiator/u_power_metrics_calc/u_rms_code_multiplier/product/A[11] is connected to registers with an asynchronous reset. This is preventing the possibility of merging these registers in to the DSP Block since the DSP block registers only possess synchronous reset capability.  It is suggested to recode or change these registers to remove the reset or use a synchronous reset to get the best optimization for performance, power and area.
Related violations: <none>

DPIR-1#498 Warning
Asynchronous driver check  
DSP u_pqm_pl_top/u_measurement_core/u_time_parameters_initiator/u_power_metrics_calc/u_rms_code_multiplier/product input pin u_pqm_pl_top/u_measurement_core/u_time_parameters_initiator/u_power_metrics_calc/u_rms_code_multiplier/product/A[12] is connected to registers with an asynchronous reset. This is preventing the possibility of merging these registers in to the DSP Block since the DSP block registers only possess synchronous reset capability.  It is suggested to recode or change these registers to remove the reset or use a synchronous reset to get the best optimization for performance, power and area.
Related violations: <none>

DPIR-1#499 Warning
Asynchronous driver check  
DSP u_pqm_pl_top/u_measurement_core/u_time_parameters_initiator/u_power_metrics_calc/u_rms_code_multiplier/product input pin u_pqm_pl_top/u_measurement_core/u_time_parameters_initiator/u_power_metrics_calc/u_rms_code_multiplier/product/A[13] is connected to registers with an asynchronous reset. This is preventing the possibility of merging these registers in to the DSP Block since the DSP block registers only possess synchronous reset capability.  It is suggested to recode or change these registers to remove the reset or use a synchronous reset to get the best optimization for performance, power and area.
Related violations: <none>

DPIR-1#500 Warning
Asynchronous driver check  
DSP u_pqm_pl_top/u_measurement_core/u_time_parameters_initiator/u_power_metrics_calc/u_rms_code_multiplier/product input pin u_pqm_pl_top/u_measurement_core/u_time_parameters_initiator/u_power_metrics_calc/u_rms_code_multiplier/product/A[14] is connected to registers with an asynchronous reset. This is preventing the possibility of merging these registers in to the DSP Block since the DSP block registers only possess synchronous reset capability.  It is suggested to recode or change these registers to remove the reset or use a synchronous reset to get the best optimization for performance, power and area.
Related violations: <none>

DPIR-1#501 Warning
Asynchronous driver check  
DSP u_pqm_pl_top/u_measurement_core/u_time_parameters_initiator/u_power_metrics_calc/u_rms_code_multiplier/product input pin u_pqm_pl_top/u_measurement_core/u_time_parameters_initiator/u_power_metrics_calc/u_rms_code_multiplier/product/A[1] is connected to registers with an asynchronous reset. This is preventing the possibility of merging these registers in to the DSP Block since the DSP block registers only possess synchronous reset capability.  It is suggested to recode or change these registers to remove the reset or use a synchronous reset to get the best optimization for performance, power and area.
Related violations: <none>

DPIR-1#502 Warning
Asynchronous driver check  
DSP u_pqm_pl_top/u_measurement_core/u_time_parameters_initiator/u_power_metrics_calc/u_rms_code_multiplier/product input pin u_pqm_pl_top/u_measurement_core/u_time_parameters_initiator/u_power_metrics_calc/u_rms_code_multiplier/product/A[2] is connected to registers with an asynchronous reset. This is preventing the possibility of merging these registers in to the DSP Block since the DSP block registers only possess synchronous reset capability.  It is suggested to recode or change these registers to remove the reset or use a synchronous reset to get the best optimization for performance, power and area.
Related violations: <none>

DPIR-1#503 Warning
Asynchronous driver check  
DSP u_pqm_pl_top/u_measurement_core/u_time_parameters_initiator/u_power_metrics_calc/u_rms_code_multiplier/product input pin u_pqm_pl_top/u_measurement_core/u_time_parameters_initiator/u_power_metrics_calc/u_rms_code_multiplier/product/A[3] is connected to registers with an asynchronous reset. This is preventing the possibility of merging these registers in to the DSP Block since the DSP block registers only possess synchronous reset capability.  It is suggested to recode or change these registers to remove the reset or use a synchronous reset to get the best optimization for performance, power and area.
Related violations: <none>

DPIR-1#504 Warning
Asynchronous driver check  
DSP u_pqm_pl_top/u_measurement_core/u_time_parameters_initiator/u_power_metrics_calc/u_rms_code_multiplier/product input pin u_pqm_pl_top/u_measurement_core/u_time_parameters_initiator/u_power_metrics_calc/u_rms_code_multiplier/product/A[4] is connected to registers with an asynchronous reset. This is preventing the possibility of merging these registers in to the DSP Block since the DSP block registers only possess synchronous reset capability.  It is suggested to recode or change these registers to remove the reset or use a synchronous reset to get the best optimization for performance, power and area.
Related violations: <none>

DPIR-1#505 Warning
Asynchronous driver check  
DSP u_pqm_pl_top/u_measurement_core/u_time_parameters_initiator/u_power_metrics_calc/u_rms_code_multiplier/product input pin u_pqm_pl_top/u_measurement_core/u_time_parameters_initiator/u_power_metrics_calc/u_rms_code_multiplier/product/A[5] is connected to registers with an asynchronous reset. This is preventing the possibility of merging these registers in to the DSP Block since the DSP block registers only possess synchronous reset capability.  It is suggested to recode or change these registers to remove the reset or use a synchronous reset to get the best optimization for performance, power and area.
Related violations: <none>

DPIR-1#506 Warning
Asynchronous driver check  
DSP u_pqm_pl_top/u_measurement_core/u_time_parameters_initiator/u_power_metrics_calc/u_rms_code_multiplier/product input pin u_pqm_pl_top/u_measurement_core/u_time_parameters_initiator/u_power_metrics_calc/u_rms_code_multiplier/product/A[6] is connected to registers with an asynchronous reset. This is preventing the possibility of merging these registers in to the DSP Block since the DSP block registers only possess synchronous reset capability.  It is suggested to recode or change these registers to remove the reset or use a synchronous reset to get the best optimization for performance, power and area.
Related violations: <none>

DPIR-1#507 Warning
Asynchronous driver check  
DSP u_pqm_pl_top/u_measurement_core/u_time_parameters_initiator/u_power_metrics_calc/u_rms_code_multiplier/product input pin u_pqm_pl_top/u_measurement_core/u_time_parameters_initiator/u_power_metrics_calc/u_rms_code_multiplier/product/A[7] is connected to registers with an asynchronous reset. This is preventing the possibility of merging these registers in to the DSP Block since the DSP block registers only possess synchronous reset capability.  It is suggested to recode or change these registers to remove the reset or use a synchronous reset to get the best optimization for performance, power and area.
Related violations: <none>

DPIR-1#508 Warning
Asynchronous driver check  
DSP u_pqm_pl_top/u_measurement_core/u_time_parameters_initiator/u_power_metrics_calc/u_rms_code_multiplier/product input pin u_pqm_pl_top/u_measurement_core/u_time_parameters_initiator/u_power_metrics_calc/u_rms_code_multiplier/product/A[8] is connected to registers with an asynchronous reset. This is preventing the possibility of merging these registers in to the DSP Block since the DSP block registers only possess synchronous reset capability.  It is suggested to recode or change these registers to remove the reset or use a synchronous reset to get the best optimization for performance, power and area.
Related violations: <none>

DPIR-1#509 Warning
Asynchronous driver check  
DSP u_pqm_pl_top/u_measurement_core/u_time_parameters_initiator/u_power_metrics_calc/u_rms_code_multiplier/product input pin u_pqm_pl_top/u_measurement_core/u_time_parameters_initiator/u_power_metrics_calc/u_rms_code_multiplier/product/A[9] is connected to registers with an asynchronous reset. This is preventing the possibility of merging these registers in to the DSP Block since the DSP block registers only possess synchronous reset capability.  It is suggested to recode or change these registers to remove the reset or use a synchronous reset to get the best optimization for performance, power and area.
Related violations: <none>

DPIR-1#510 Warning
Asynchronous driver check  
DSP u_pqm_pl_top/u_measurement_core/u_time_parameters_initiator/u_power_metrics_calc/u_rms_code_multiplier/product input pin u_pqm_pl_top/u_measurement_core/u_time_parameters_initiator/u_power_metrics_calc/u_rms_code_multiplier/product/B[0] is connected to registers with an asynchronous reset. This is preventing the possibility of merging these registers in to the DSP Block since the DSP block registers only possess synchronous reset capability.  It is suggested to recode or change these registers to remove the reset or use a synchronous reset to get the best optimization for performance, power and area.
Related violations: <none>

DPIR-1#511 Warning
Asynchronous driver check  
DSP u_pqm_pl_top/u_measurement_core/u_time_parameters_initiator/u_power_metrics_calc/u_rms_code_multiplier/product input pin u_pqm_pl_top/u_measurement_core/u_time_parameters_initiator/u_power_metrics_calc/u_rms_code_multiplier/product/B[10] is connected to registers with an asynchronous reset. This is preventing the possibility of merging these registers in to the DSP Block since the DSP block registers only possess synchronous reset capability.  It is suggested to recode or change these registers to remove the reset or use a synchronous reset to get the best optimization for performance, power and area.
Related violations: <none>

DPIR-1#512 Warning
Asynchronous driver check  
DSP u_pqm_pl_top/u_measurement_core/u_time_parameters_initiator/u_power_metrics_calc/u_rms_code_multiplier/product input pin u_pqm_pl_top/u_measurement_core/u_time_parameters_initiator/u_power_metrics_calc/u_rms_code_multiplier/product/B[11] is connected to registers with an asynchronous reset. This is preventing the possibility of merging these registers in to the DSP Block since the DSP block registers only possess synchronous reset capability.  It is suggested to recode or change these registers to remove the reset or use a synchronous reset to get the best optimization for performance, power and area.
Related violations: <none>

DPIR-1#513 Warning
Asynchronous driver check  
DSP u_pqm_pl_top/u_measurement_core/u_time_parameters_initiator/u_power_metrics_calc/u_rms_code_multiplier/product input pin u_pqm_pl_top/u_measurement_core/u_time_parameters_initiator/u_power_metrics_calc/u_rms_code_multiplier/product/B[12] is connected to registers with an asynchronous reset. This is preventing the possibility of merging these registers in to the DSP Block since the DSP block registers only possess synchronous reset capability.  It is suggested to recode or change these registers to remove the reset or use a synchronous reset to get the best optimization for performance, power and area.
Related violations: <none>

DPIR-1#514 Warning
Asynchronous driver check  
DSP u_pqm_pl_top/u_measurement_core/u_time_parameters_initiator/u_power_metrics_calc/u_rms_code_multiplier/product input pin u_pqm_pl_top/u_measurement_core/u_time_parameters_initiator/u_power_metrics_calc/u_rms_code_multiplier/product/B[13] is connected to registers with an asynchronous reset. This is preventing the possibility of merging these registers in to the DSP Block since the DSP block registers only possess synchronous reset capability.  It is suggested to recode or change these registers to remove the reset or use a synchronous reset to get the best optimization for performance, power and area.
Related violations: <none>

DPIR-1#515 Warning
Asynchronous driver check  
DSP u_pqm_pl_top/u_measurement_core/u_time_parameters_initiator/u_power_metrics_calc/u_rms_code_multiplier/product input pin u_pqm_pl_top/u_measurement_core/u_time_parameters_initiator/u_power_metrics_calc/u_rms_code_multiplier/product/B[14] is connected to registers with an asynchronous reset. This is preventing the possibility of merging these registers in to the DSP Block since the DSP block registers only possess synchronous reset capability.  It is suggested to recode or change these registers to remove the reset or use a synchronous reset to get the best optimization for performance, power and area.
Related violations: <none>

DPIR-1#516 Warning
Asynchronous driver check  
DSP u_pqm_pl_top/u_measurement_core/u_time_parameters_initiator/u_power_metrics_calc/u_rms_code_multiplier/product input pin u_pqm_pl_top/u_measurement_core/u_time_parameters_initiator/u_power_metrics_calc/u_rms_code_multiplier/product/B[1] is connected to registers with an asynchronous reset. This is preventing the possibility of merging these registers in to the DSP Block since the DSP block registers only possess synchronous reset capability.  It is suggested to recode or change these registers to remove the reset or use a synchronous reset to get the best optimization for performance, power and area.
Related violations: <none>

DPIR-1#517 Warning
Asynchronous driver check  
DSP u_pqm_pl_top/u_measurement_core/u_time_parameters_initiator/u_power_metrics_calc/u_rms_code_multiplier/product input pin u_pqm_pl_top/u_measurement_core/u_time_parameters_initiator/u_power_metrics_calc/u_rms_code_multiplier/product/B[2] is connected to registers with an asynchronous reset. This is preventing the possibility of merging these registers in to the DSP Block since the DSP block registers only possess synchronous reset capability.  It is suggested to recode or change these registers to remove the reset or use a synchronous reset to get the best optimization for performance, power and area.
Related violations: <none>

DPIR-1#518 Warning
Asynchronous driver check  
DSP u_pqm_pl_top/u_measurement_core/u_time_parameters_initiator/u_power_metrics_calc/u_rms_code_multiplier/product input pin u_pqm_pl_top/u_measurement_core/u_time_parameters_initiator/u_power_metrics_calc/u_rms_code_multiplier/product/B[3] is connected to registers with an asynchronous reset. This is preventing the possibility of merging these registers in to the DSP Block since the DSP block registers only possess synchronous reset capability.  It is suggested to recode or change these registers to remove the reset or use a synchronous reset to get the best optimization for performance, power and area.
Related violations: <none>

DPIR-1#519 Warning
Asynchronous driver check  
DSP u_pqm_pl_top/u_measurement_core/u_time_parameters_initiator/u_power_metrics_calc/u_rms_code_multiplier/product input pin u_pqm_pl_top/u_measurement_core/u_time_parameters_initiator/u_power_metrics_calc/u_rms_code_multiplier/product/B[4] is connected to registers with an asynchronous reset. This is preventing the possibility of merging these registers in to the DSP Block since the DSP block registers only possess synchronous reset capability.  It is suggested to recode or change these registers to remove the reset or use a synchronous reset to get the best optimization for performance, power and area.
Related violations: <none>

DPIR-1#520 Warning
Asynchronous driver check  
DSP u_pqm_pl_top/u_measurement_core/u_time_parameters_initiator/u_power_metrics_calc/u_rms_code_multiplier/product input pin u_pqm_pl_top/u_measurement_core/u_time_parameters_initiator/u_power_metrics_calc/u_rms_code_multiplier/product/B[5] is connected to registers with an asynchronous reset. This is preventing the possibility of merging these registers in to the DSP Block since the DSP block registers only possess synchronous reset capability.  It is suggested to recode or change these registers to remove the reset or use a synchronous reset to get the best optimization for performance, power and area.
Related violations: <none>

DPIR-1#521 Warning
Asynchronous driver check  
DSP u_pqm_pl_top/u_measurement_core/u_time_parameters_initiator/u_power_metrics_calc/u_rms_code_multiplier/product input pin u_pqm_pl_top/u_measurement_core/u_time_parameters_initiator/u_power_metrics_calc/u_rms_code_multiplier/product/B[6] is connected to registers with an asynchronous reset. This is preventing the possibility of merging these registers in to the DSP Block since the DSP block registers only possess synchronous reset capability.  It is suggested to recode or change these registers to remove the reset or use a synchronous reset to get the best optimization for performance, power and area.
Related violations: <none>

DPIR-1#522 Warning
Asynchronous driver check  
DSP u_pqm_pl_top/u_measurement_core/u_time_parameters_initiator/u_power_metrics_calc/u_rms_code_multiplier/product input pin u_pqm_pl_top/u_measurement_core/u_time_parameters_initiator/u_power_metrics_calc/u_rms_code_multiplier/product/B[7] is connected to registers with an asynchronous reset. This is preventing the possibility of merging these registers in to the DSP Block since the DSP block registers only possess synchronous reset capability.  It is suggested to recode or change these registers to remove the reset or use a synchronous reset to get the best optimization for performance, power and area.
Related violations: <none>

DPIR-1#523 Warning
Asynchronous driver check  
DSP u_pqm_pl_top/u_measurement_core/u_time_parameters_initiator/u_power_metrics_calc/u_rms_code_multiplier/product input pin u_pqm_pl_top/u_measurement_core/u_time_parameters_initiator/u_power_metrics_calc/u_rms_code_multiplier/product/B[8] is connected to registers with an asynchronous reset. This is preventing the possibility of merging these registers in to the DSP Block since the DSP block registers only possess synchronous reset capability.  It is suggested to recode or change these registers to remove the reset or use a synchronous reset to get the best optimization for performance, power and area.
Related violations: <none>

DPIR-1#524 Warning
Asynchronous driver check  
DSP u_pqm_pl_top/u_measurement_core/u_time_parameters_initiator/u_power_metrics_calc/u_rms_code_multiplier/product input pin u_pqm_pl_top/u_measurement_core/u_time_parameters_initiator/u_power_metrics_calc/u_rms_code_multiplier/product/B[9] is connected to registers with an asynchronous reset. This is preventing the possibility of merging these registers in to the DSP Block since the DSP block registers only possess synchronous reset capability.  It is suggested to recode or change these registers to remove the reset or use a synchronous reset to get the best optimization for performance, power and area.
Related violations: <none>

DPIR-1#525 Warning
Asynchronous driver check  
DSP u_pqm_pl_top/u_measurement_core/u_time_x100_normalizer/u_active_p_scale_multiplier/product input pin u_pqm_pl_top/u_measurement_core/u_time_x100_normalizer/u_active_p_scale_multiplier/product/A[0] is connected to registers with an asynchronous reset. This is preventing the possibility of merging these registers in to the DSP Block since the DSP block registers only possess synchronous reset capability.  It is suggested to recode or change these registers to remove the reset or use a synchronous reset to get the best optimization for performance, power and area.
Related violations: <none>

DPIR-1#526 Warning
Asynchronous driver check  
DSP u_pqm_pl_top/u_measurement_core/u_time_x100_normalizer/u_active_p_scale_multiplier/product__1 input pin u_pqm_pl_top/u_measurement_core/u_time_x100_normalizer/u_active_p_scale_multiplier/product__1/B[0] is connected to registers with an asynchronous reset. This is preventing the possibility of merging these registers in to the DSP Block since the DSP block registers only possess synchronous reset capability.  It is suggested to recode or change these registers to remove the reset or use a synchronous reset to get the best optimization for performance, power and area.
Related violations: <none>

DPIR-1#527 Warning
Asynchronous driver check  
DSP u_pqm_pl_top/u_measurement_core/u_time_x100_normalizer/u_active_p_scale_multiplier/product__3 input pin u_pqm_pl_top/u_measurement_core/u_time_x100_normalizer/u_active_p_scale_multiplier/product__3/B[0] is connected to registers with an asynchronous reset. This is preventing the possibility of merging these registers in to the DSP Block since the DSP block registers only possess synchronous reset capability.  It is suggested to recode or change these registers to remove the reset or use a synchronous reset to get the best optimization for performance, power and area.
Related violations: <none>

DPIR-1#528 Warning
Asynchronous driver check  
DSP u_pqm_pl_top/u_measurement_core/u_time_x100_normalizer/u_active_p_scale_multiplier/product__5 input pin u_pqm_pl_top/u_measurement_core/u_time_x100_normalizer/u_active_p_scale_multiplier/product__5/A[0] is connected to registers with an asynchronous reset. This is preventing the possibility of merging these registers in to the DSP Block since the DSP block registers only possess synchronous reset capability.  It is suggested to recode or change these registers to remove the reset or use a synchronous reset to get the best optimization for performance, power and area.
Related violations: <none>

DPIR-1#529 Warning
Asynchronous driver check  
DSP u_pqm_pl_top/u_measurement_core/u_time_x100_normalizer/u_active_p_scale_multiplier/product__5 input pin u_pqm_pl_top/u_measurement_core/u_time_x100_normalizer/u_active_p_scale_multiplier/product__5/A[10] is connected to registers with an asynchronous reset. This is preventing the possibility of merging these registers in to the DSP Block since the DSP block registers only possess synchronous reset capability.  It is suggested to recode or change these registers to remove the reset or use a synchronous reset to get the best optimization for performance, power and area.
Related violations: <none>

DPIR-1#530 Warning
Asynchronous driver check  
DSP u_pqm_pl_top/u_measurement_core/u_time_x100_normalizer/u_active_p_scale_multiplier/product__5 input pin u_pqm_pl_top/u_measurement_core/u_time_x100_normalizer/u_active_p_scale_multiplier/product__5/A[11] is connected to registers with an asynchronous reset. This is preventing the possibility of merging these registers in to the DSP Block since the DSP block registers only possess synchronous reset capability.  It is suggested to recode or change these registers to remove the reset or use a synchronous reset to get the best optimization for performance, power and area.
Related violations: <none>

DPIR-1#531 Warning
Asynchronous driver check  
DSP u_pqm_pl_top/u_measurement_core/u_time_x100_normalizer/u_active_p_scale_multiplier/product__5 input pin u_pqm_pl_top/u_measurement_core/u_time_x100_normalizer/u_active_p_scale_multiplier/product__5/A[12] is connected to registers with an asynchronous reset. This is preventing the possibility of merging these registers in to the DSP Block since the DSP block registers only possess synchronous reset capability.  It is suggested to recode or change these registers to remove the reset or use a synchronous reset to get the best optimization for performance, power and area.
Related violations: <none>

DPIR-1#532 Warning
Asynchronous driver check  
DSP u_pqm_pl_top/u_measurement_core/u_time_x100_normalizer/u_active_p_scale_multiplier/product__5 input pin u_pqm_pl_top/u_measurement_core/u_time_x100_normalizer/u_active_p_scale_multiplier/product__5/A[13] is connected to registers with an asynchronous reset. This is preventing the possibility of merging these registers in to the DSP Block since the DSP block registers only possess synchronous reset capability.  It is suggested to recode or change these registers to remove the reset or use a synchronous reset to get the best optimization for performance, power and area.
Related violations: <none>

DPIR-1#533 Warning
Asynchronous driver check  
DSP u_pqm_pl_top/u_measurement_core/u_time_x100_normalizer/u_active_p_scale_multiplier/product__5 input pin u_pqm_pl_top/u_measurement_core/u_time_x100_normalizer/u_active_p_scale_multiplier/product__5/A[14] is connected to registers with an asynchronous reset. This is preventing the possibility of merging these registers in to the DSP Block since the DSP block registers only possess synchronous reset capability.  It is suggested to recode or change these registers to remove the reset or use a synchronous reset to get the best optimization for performance, power and area.
Related violations: <none>

DPIR-1#534 Warning
Asynchronous driver check  
DSP u_pqm_pl_top/u_measurement_core/u_time_x100_normalizer/u_active_p_scale_multiplier/product__5 input pin u_pqm_pl_top/u_measurement_core/u_time_x100_normalizer/u_active_p_scale_multiplier/product__5/A[15] is connected to registers with an asynchronous reset. This is preventing the possibility of merging these registers in to the DSP Block since the DSP block registers only possess synchronous reset capability.  It is suggested to recode or change these registers to remove the reset or use a synchronous reset to get the best optimization for performance, power and area.
Related violations: <none>

DPIR-1#535 Warning
Asynchronous driver check  
DSP u_pqm_pl_top/u_measurement_core/u_time_x100_normalizer/u_active_p_scale_multiplier/product__5 input pin u_pqm_pl_top/u_measurement_core/u_time_x100_normalizer/u_active_p_scale_multiplier/product__5/A[1] is connected to registers with an asynchronous reset. This is preventing the possibility of merging these registers in to the DSP Block since the DSP block registers only possess synchronous reset capability.  It is suggested to recode or change these registers to remove the reset or use a synchronous reset to get the best optimization for performance, power and area.
Related violations: <none>

DPIR-1#536 Warning
Asynchronous driver check  
DSP u_pqm_pl_top/u_measurement_core/u_time_x100_normalizer/u_active_p_scale_multiplier/product__5 input pin u_pqm_pl_top/u_measurement_core/u_time_x100_normalizer/u_active_p_scale_multiplier/product__5/A[2] is connected to registers with an asynchronous reset. This is preventing the possibility of merging these registers in to the DSP Block since the DSP block registers only possess synchronous reset capability.  It is suggested to recode or change these registers to remove the reset or use a synchronous reset to get the best optimization for performance, power and area.
Related violations: <none>

DPIR-1#537 Warning
Asynchronous driver check  
DSP u_pqm_pl_top/u_measurement_core/u_time_x100_normalizer/u_active_p_scale_multiplier/product__5 input pin u_pqm_pl_top/u_measurement_core/u_time_x100_normalizer/u_active_p_scale_multiplier/product__5/A[3] is connected to registers with an asynchronous reset. This is preventing the possibility of merging these registers in to the DSP Block since the DSP block registers only possess synchronous reset capability.  It is suggested to recode or change these registers to remove the reset or use a synchronous reset to get the best optimization for performance, power and area.
Related violations: <none>

DPIR-1#538 Warning
Asynchronous driver check  
DSP u_pqm_pl_top/u_measurement_core/u_time_x100_normalizer/u_active_p_scale_multiplier/product__5 input pin u_pqm_pl_top/u_measurement_core/u_time_x100_normalizer/u_active_p_scale_multiplier/product__5/A[4] is connected to registers with an asynchronous reset. This is preventing the possibility of merging these registers in to the DSP Block since the DSP block registers only possess synchronous reset capability.  It is suggested to recode or change these registers to remove the reset or use a synchronous reset to get the best optimization for performance, power and area.
Related violations: <none>

DPIR-1#539 Warning
Asynchronous driver check  
DSP u_pqm_pl_top/u_measurement_core/u_time_x100_normalizer/u_active_p_scale_multiplier/product__5 input pin u_pqm_pl_top/u_measurement_core/u_time_x100_normalizer/u_active_p_scale_multiplier/product__5/A[5] is connected to registers with an asynchronous reset. This is preventing the possibility of merging these registers in to the DSP Block since the DSP block registers only possess synchronous reset capability.  It is suggested to recode or change these registers to remove the reset or use a synchronous reset to get the best optimization for performance, power and area.
Related violations: <none>

DPIR-1#540 Warning
Asynchronous driver check  
DSP u_pqm_pl_top/u_measurement_core/u_time_x100_normalizer/u_active_p_scale_multiplier/product__5 input pin u_pqm_pl_top/u_measurement_core/u_time_x100_normalizer/u_active_p_scale_multiplier/product__5/A[6] is connected to registers with an asynchronous reset. This is preventing the possibility of merging these registers in to the DSP Block since the DSP block registers only possess synchronous reset capability.  It is suggested to recode or change these registers to remove the reset or use a synchronous reset to get the best optimization for performance, power and area.
Related violations: <none>

DPIR-1#541 Warning
Asynchronous driver check  
DSP u_pqm_pl_top/u_measurement_core/u_time_x100_normalizer/u_active_p_scale_multiplier/product__5 input pin u_pqm_pl_top/u_measurement_core/u_time_x100_normalizer/u_active_p_scale_multiplier/product__5/A[7] is connected to registers with an asynchronous reset. This is preventing the possibility of merging these registers in to the DSP Block since the DSP block registers only possess synchronous reset capability.  It is suggested to recode or change these registers to remove the reset or use a synchronous reset to get the best optimization for performance, power and area.
Related violations: <none>

DPIR-1#542 Warning
Asynchronous driver check  
DSP u_pqm_pl_top/u_measurement_core/u_time_x100_normalizer/u_active_p_scale_multiplier/product__5 input pin u_pqm_pl_top/u_measurement_core/u_time_x100_normalizer/u_active_p_scale_multiplier/product__5/A[8] is connected to registers with an asynchronous reset. This is preventing the possibility of merging these registers in to the DSP Block since the DSP block registers only possess synchronous reset capability.  It is suggested to recode or change these registers to remove the reset or use a synchronous reset to get the best optimization for performance, power and area.
Related violations: <none>

DPIR-1#543 Warning
Asynchronous driver check  
DSP u_pqm_pl_top/u_measurement_core/u_time_x100_normalizer/u_active_p_scale_multiplier/product__5 input pin u_pqm_pl_top/u_measurement_core/u_time_x100_normalizer/u_active_p_scale_multiplier/product__5/A[9] is connected to registers with an asynchronous reset. This is preventing the possibility of merging these registers in to the DSP Block since the DSP block registers only possess synchronous reset capability.  It is suggested to recode or change these registers to remove the reset or use a synchronous reset to get the best optimization for performance, power and area.
Related violations: <none>

DPIR-1#544 Warning
Asynchronous driver check  
DSP u_pqm_pl_top/u_measurement_core/u_time_x100_normalizer/u_active_p_scale_multiplier/product__5 input pin u_pqm_pl_top/u_measurement_core/u_time_x100_normalizer/u_active_p_scale_multiplier/product__5/B[0] is connected to registers with an asynchronous reset. This is preventing the possibility of merging these registers in to the DSP Block since the DSP block registers only possess synchronous reset capability.  It is suggested to recode or change these registers to remove the reset or use a synchronous reset to get the best optimization for performance, power and area.
Related violations: <none>

DPIR-1#545 Warning
Asynchronous driver check  
DSP u_pqm_pl_top/u_measurement_core/u_time_x100_normalizer/u_active_p_scale_multiplier/product__6 input pin u_pqm_pl_top/u_measurement_core/u_time_x100_normalizer/u_active_p_scale_multiplier/product__6/A[0] is connected to registers with an asynchronous reset. This is preventing the possibility of merging these registers in to the DSP Block since the DSP block registers only possess synchronous reset capability.  It is suggested to recode or change these registers to remove the reset or use a synchronous reset to get the best optimization for performance, power and area.
Related violations: <none>

DPIR-1#546 Warning
Asynchronous driver check  
DSP u_pqm_pl_top/u_measurement_core/u_time_x100_normalizer/u_active_p_scale_multiplier/product__6 input pin u_pqm_pl_top/u_measurement_core/u_time_x100_normalizer/u_active_p_scale_multiplier/product__6/A[10] is connected to registers with an asynchronous reset. This is preventing the possibility of merging these registers in to the DSP Block since the DSP block registers only possess synchronous reset capability.  It is suggested to recode or change these registers to remove the reset or use a synchronous reset to get the best optimization for performance, power and area.
Related violations: <none>

DPIR-1#547 Warning
Asynchronous driver check  
DSP u_pqm_pl_top/u_measurement_core/u_time_x100_normalizer/u_active_p_scale_multiplier/product__6 input pin u_pqm_pl_top/u_measurement_core/u_time_x100_normalizer/u_active_p_scale_multiplier/product__6/A[11] is connected to registers with an asynchronous reset. This is preventing the possibility of merging these registers in to the DSP Block since the DSP block registers only possess synchronous reset capability.  It is suggested to recode or change these registers to remove the reset or use a synchronous reset to get the best optimization for performance, power and area.
Related violations: <none>

DPIR-1#548 Warning
Asynchronous driver check  
DSP u_pqm_pl_top/u_measurement_core/u_time_x100_normalizer/u_active_p_scale_multiplier/product__6 input pin u_pqm_pl_top/u_measurement_core/u_time_x100_normalizer/u_active_p_scale_multiplier/product__6/A[12] is connected to registers with an asynchronous reset. This is preventing the possibility of merging these registers in to the DSP Block since the DSP block registers only possess synchronous reset capability.  It is suggested to recode or change these registers to remove the reset or use a synchronous reset to get the best optimization for performance, power and area.
Related violations: <none>

DPIR-1#549 Warning
Asynchronous driver check  
DSP u_pqm_pl_top/u_measurement_core/u_time_x100_normalizer/u_active_p_scale_multiplier/product__6 input pin u_pqm_pl_top/u_measurement_core/u_time_x100_normalizer/u_active_p_scale_multiplier/product__6/A[13] is connected to registers with an asynchronous reset. This is preventing the possibility of merging these registers in to the DSP Block since the DSP block registers only possess synchronous reset capability.  It is suggested to recode or change these registers to remove the reset or use a synchronous reset to get the best optimization for performance, power and area.
Related violations: <none>

DPIR-1#550 Warning
Asynchronous driver check  
DSP u_pqm_pl_top/u_measurement_core/u_time_x100_normalizer/u_active_p_scale_multiplier/product__6 input pin u_pqm_pl_top/u_measurement_core/u_time_x100_normalizer/u_active_p_scale_multiplier/product__6/A[14] is connected to registers with an asynchronous reset. This is preventing the possibility of merging these registers in to the DSP Block since the DSP block registers only possess synchronous reset capability.  It is suggested to recode or change these registers to remove the reset or use a synchronous reset to get the best optimization for performance, power and area.
Related violations: <none>

DPIR-1#551 Warning
Asynchronous driver check  
DSP u_pqm_pl_top/u_measurement_core/u_time_x100_normalizer/u_active_p_scale_multiplier/product__6 input pin u_pqm_pl_top/u_measurement_core/u_time_x100_normalizer/u_active_p_scale_multiplier/product__6/A[15] is connected to registers with an asynchronous reset. This is preventing the possibility of merging these registers in to the DSP Block since the DSP block registers only possess synchronous reset capability.  It is suggested to recode or change these registers to remove the reset or use a synchronous reset to get the best optimization for performance, power and area.
Related violations: <none>

DPIR-1#552 Warning
Asynchronous driver check  
DSP u_pqm_pl_top/u_measurement_core/u_time_x100_normalizer/u_active_p_scale_multiplier/product__6 input pin u_pqm_pl_top/u_measurement_core/u_time_x100_normalizer/u_active_p_scale_multiplier/product__6/A[1] is connected to registers with an asynchronous reset. This is preventing the possibility of merging these registers in to the DSP Block since the DSP block registers only possess synchronous reset capability.  It is suggested to recode or change these registers to remove the reset or use a synchronous reset to get the best optimization for performance, power and area.
Related violations: <none>

DPIR-1#553 Warning
Asynchronous driver check  
DSP u_pqm_pl_top/u_measurement_core/u_time_x100_normalizer/u_active_p_scale_multiplier/product__6 input pin u_pqm_pl_top/u_measurement_core/u_time_x100_normalizer/u_active_p_scale_multiplier/product__6/A[2] is connected to registers with an asynchronous reset. This is preventing the possibility of merging these registers in to the DSP Block since the DSP block registers only possess synchronous reset capability.  It is suggested to recode or change these registers to remove the reset or use a synchronous reset to get the best optimization for performance, power and area.
Related violations: <none>

DPIR-1#554 Warning
Asynchronous driver check  
DSP u_pqm_pl_top/u_measurement_core/u_time_x100_normalizer/u_active_p_scale_multiplier/product__6 input pin u_pqm_pl_top/u_measurement_core/u_time_x100_normalizer/u_active_p_scale_multiplier/product__6/A[3] is connected to registers with an asynchronous reset. This is preventing the possibility of merging these registers in to the DSP Block since the DSP block registers only possess synchronous reset capability.  It is suggested to recode or change these registers to remove the reset or use a synchronous reset to get the best optimization for performance, power and area.
Related violations: <none>

DPIR-1#555 Warning
Asynchronous driver check  
DSP u_pqm_pl_top/u_measurement_core/u_time_x100_normalizer/u_active_p_scale_multiplier/product__6 input pin u_pqm_pl_top/u_measurement_core/u_time_x100_normalizer/u_active_p_scale_multiplier/product__6/A[4] is connected to registers with an asynchronous reset. This is preventing the possibility of merging these registers in to the DSP Block since the DSP block registers only possess synchronous reset capability.  It is suggested to recode or change these registers to remove the reset or use a synchronous reset to get the best optimization for performance, power and area.
Related violations: <none>

DPIR-1#556 Warning
Asynchronous driver check  
DSP u_pqm_pl_top/u_measurement_core/u_time_x100_normalizer/u_active_p_scale_multiplier/product__6 input pin u_pqm_pl_top/u_measurement_core/u_time_x100_normalizer/u_active_p_scale_multiplier/product__6/A[5] is connected to registers with an asynchronous reset. This is preventing the possibility of merging these registers in to the DSP Block since the DSP block registers only possess synchronous reset capability.  It is suggested to recode or change these registers to remove the reset or use a synchronous reset to get the best optimization for performance, power and area.
Related violations: <none>

DPIR-1#557 Warning
Asynchronous driver check  
DSP u_pqm_pl_top/u_measurement_core/u_time_x100_normalizer/u_active_p_scale_multiplier/product__6 input pin u_pqm_pl_top/u_measurement_core/u_time_x100_normalizer/u_active_p_scale_multiplier/product__6/A[6] is connected to registers with an asynchronous reset. This is preventing the possibility of merging these registers in to the DSP Block since the DSP block registers only possess synchronous reset capability.  It is suggested to recode or change these registers to remove the reset or use a synchronous reset to get the best optimization for performance, power and area.
Related violations: <none>

DPIR-1#558 Warning
Asynchronous driver check  
DSP u_pqm_pl_top/u_measurement_core/u_time_x100_normalizer/u_active_p_scale_multiplier/product__6 input pin u_pqm_pl_top/u_measurement_core/u_time_x100_normalizer/u_active_p_scale_multiplier/product__6/A[7] is connected to registers with an asynchronous reset. This is preventing the possibility of merging these registers in to the DSP Block since the DSP block registers only possess synchronous reset capability.  It is suggested to recode or change these registers to remove the reset or use a synchronous reset to get the best optimization for performance, power and area.
Related violations: <none>

DPIR-1#559 Warning
Asynchronous driver check  
DSP u_pqm_pl_top/u_measurement_core/u_time_x100_normalizer/u_active_p_scale_multiplier/product__6 input pin u_pqm_pl_top/u_measurement_core/u_time_x100_normalizer/u_active_p_scale_multiplier/product__6/A[8] is connected to registers with an asynchronous reset. This is preventing the possibility of merging these registers in to the DSP Block since the DSP block registers only possess synchronous reset capability.  It is suggested to recode or change these registers to remove the reset or use a synchronous reset to get the best optimization for performance, power and area.
Related violations: <none>

DPIR-1#560 Warning
Asynchronous driver check  
DSP u_pqm_pl_top/u_measurement_core/u_time_x100_normalizer/u_active_p_scale_multiplier/product__6 input pin u_pqm_pl_top/u_measurement_core/u_time_x100_normalizer/u_active_p_scale_multiplier/product__6/A[9] is connected to registers with an asynchronous reset. This is preventing the possibility of merging these registers in to the DSP Block since the DSP block registers only possess synchronous reset capability.  It is suggested to recode or change these registers to remove the reset or use a synchronous reset to get the best optimization for performance, power and area.
Related violations: <none>

DPIR-1#561 Warning
Asynchronous driver check  
DSP u_pqm_pl_top/u_measurement_core/u_time_x100_normalizer/u_apparent_s_scale_multiplier/product input pin u_pqm_pl_top/u_measurement_core/u_time_x100_normalizer/u_apparent_s_scale_multiplier/product/A[0] is connected to registers with an asynchronous reset. This is preventing the possibility of merging these registers in to the DSP Block since the DSP block registers only possess synchronous reset capability.  It is suggested to recode or change these registers to remove the reset or use a synchronous reset to get the best optimization for performance, power and area.
Related violations: <none>

DPIR-1#562 Warning
Asynchronous driver check  
DSP u_pqm_pl_top/u_measurement_core/u_time_x100_normalizer/u_apparent_s_scale_multiplier/product input pin u_pqm_pl_top/u_measurement_core/u_time_x100_normalizer/u_apparent_s_scale_multiplier/product/A[10] is connected to registers with an asynchronous reset. This is preventing the possibility of merging these registers in to the DSP Block since the DSP block registers only possess synchronous reset capability.  It is suggested to recode or change these registers to remove the reset or use a synchronous reset to get the best optimization for performance, power and area.
Related violations: <none>

DPIR-1#563 Warning
Asynchronous driver check  
DSP u_pqm_pl_top/u_measurement_core/u_time_x100_normalizer/u_apparent_s_scale_multiplier/product input pin u_pqm_pl_top/u_measurement_core/u_time_x100_normalizer/u_apparent_s_scale_multiplier/product/A[11] is connected to registers with an asynchronous reset. This is preventing the possibility of merging these registers in to the DSP Block since the DSP block registers only possess synchronous reset capability.  It is suggested to recode or change these registers to remove the reset or use a synchronous reset to get the best optimization for performance, power and area.
Related violations: <none>

DPIR-1#564 Warning
Asynchronous driver check  
DSP u_pqm_pl_top/u_measurement_core/u_time_x100_normalizer/u_apparent_s_scale_multiplier/product input pin u_pqm_pl_top/u_measurement_core/u_time_x100_normalizer/u_apparent_s_scale_multiplier/product/A[12] is connected to registers with an asynchronous reset. This is preventing the possibility of merging these registers in to the DSP Block since the DSP block registers only possess synchronous reset capability.  It is suggested to recode or change these registers to remove the reset or use a synchronous reset to get the best optimization for performance, power and area.
Related violations: <none>

DPIR-1#565 Warning
Asynchronous driver check  
DSP u_pqm_pl_top/u_measurement_core/u_time_x100_normalizer/u_apparent_s_scale_multiplier/product input pin u_pqm_pl_top/u_measurement_core/u_time_x100_normalizer/u_apparent_s_scale_multiplier/product/A[13] is connected to registers with an asynchronous reset. This is preventing the possibility of merging these registers in to the DSP Block since the DSP block registers only possess synchronous reset capability.  It is suggested to recode or change these registers to remove the reset or use a synchronous reset to get the best optimization for performance, power and area.
Related violations: <none>

DPIR-1#566 Warning
Asynchronous driver check  
DSP u_pqm_pl_top/u_measurement_core/u_time_x100_normalizer/u_apparent_s_scale_multiplier/product input pin u_pqm_pl_top/u_measurement_core/u_time_x100_normalizer/u_apparent_s_scale_multiplier/product/A[14] is connected to registers with an asynchronous reset. This is preventing the possibility of merging these registers in to the DSP Block since the DSP block registers only possess synchronous reset capability.  It is suggested to recode or change these registers to remove the reset or use a synchronous reset to get the best optimization for performance, power and area.
Related violations: <none>

DPIR-1#567 Warning
Asynchronous driver check  
DSP u_pqm_pl_top/u_measurement_core/u_time_x100_normalizer/u_apparent_s_scale_multiplier/product input pin u_pqm_pl_top/u_measurement_core/u_time_x100_normalizer/u_apparent_s_scale_multiplier/product/A[15] is connected to registers with an asynchronous reset. This is preventing the possibility of merging these registers in to the DSP Block since the DSP block registers only possess synchronous reset capability.  It is suggested to recode or change these registers to remove the reset or use a synchronous reset to get the best optimization for performance, power and area.
Related violations: <none>

DPIR-1#568 Warning
Asynchronous driver check  
DSP u_pqm_pl_top/u_measurement_core/u_time_x100_normalizer/u_apparent_s_scale_multiplier/product input pin u_pqm_pl_top/u_measurement_core/u_time_x100_normalizer/u_apparent_s_scale_multiplier/product/A[16] is connected to registers with an asynchronous reset. This is preventing the possibility of merging these registers in to the DSP Block since the DSP block registers only possess synchronous reset capability.  It is suggested to recode or change these registers to remove the reset or use a synchronous reset to get the best optimization for performance, power and area.
Related violations: <none>

DPIR-1#569 Warning
Asynchronous driver check  
DSP u_pqm_pl_top/u_measurement_core/u_time_x100_normalizer/u_apparent_s_scale_multiplier/product input pin u_pqm_pl_top/u_measurement_core/u_time_x100_normalizer/u_apparent_s_scale_multiplier/product/A[1] is connected to registers with an asynchronous reset. This is preventing the possibility of merging these registers in to the DSP Block since the DSP block registers only possess synchronous reset capability.  It is suggested to recode or change these registers to remove the reset or use a synchronous reset to get the best optimization for performance, power and area.
Related violations: <none>

DPIR-1#570 Warning
Asynchronous driver check  
DSP u_pqm_pl_top/u_measurement_core/u_time_x100_normalizer/u_apparent_s_scale_multiplier/product input pin u_pqm_pl_top/u_measurement_core/u_time_x100_normalizer/u_apparent_s_scale_multiplier/product/A[2] is connected to registers with an asynchronous reset. This is preventing the possibility of merging these registers in to the DSP Block since the DSP block registers only possess synchronous reset capability.  It is suggested to recode or change these registers to remove the reset or use a synchronous reset to get the best optimization for performance, power and area.
Related violations: <none>

DPIR-1#571 Warning
Asynchronous driver check  
DSP u_pqm_pl_top/u_measurement_core/u_time_x100_normalizer/u_apparent_s_scale_multiplier/product input pin u_pqm_pl_top/u_measurement_core/u_time_x100_normalizer/u_apparent_s_scale_multiplier/product/A[3] is connected to registers with an asynchronous reset. This is preventing the possibility of merging these registers in to the DSP Block since the DSP block registers only possess synchronous reset capability.  It is suggested to recode or change these registers to remove the reset or use a synchronous reset to get the best optimization for performance, power and area.
Related violations: <none>

DPIR-1#572 Warning
Asynchronous driver check  
DSP u_pqm_pl_top/u_measurement_core/u_time_x100_normalizer/u_apparent_s_scale_multiplier/product input pin u_pqm_pl_top/u_measurement_core/u_time_x100_normalizer/u_apparent_s_scale_multiplier/product/A[4] is connected to registers with an asynchronous reset. This is preventing the possibility of merging these registers in to the DSP Block since the DSP block registers only possess synchronous reset capability.  It is suggested to recode or change these registers to remove the reset or use a synchronous reset to get the best optimization for performance, power and area.
Related violations: <none>

DPIR-1#573 Warning
Asynchronous driver check  
DSP u_pqm_pl_top/u_measurement_core/u_time_x100_normalizer/u_apparent_s_scale_multiplier/product input pin u_pqm_pl_top/u_measurement_core/u_time_x100_normalizer/u_apparent_s_scale_multiplier/product/A[5] is connected to registers with an asynchronous reset. This is preventing the possibility of merging these registers in to the DSP Block since the DSP block registers only possess synchronous reset capability.  It is suggested to recode or change these registers to remove the reset or use a synchronous reset to get the best optimization for performance, power and area.
Related violations: <none>

DPIR-1#574 Warning
Asynchronous driver check  
DSP u_pqm_pl_top/u_measurement_core/u_time_x100_normalizer/u_apparent_s_scale_multiplier/product input pin u_pqm_pl_top/u_measurement_core/u_time_x100_normalizer/u_apparent_s_scale_multiplier/product/A[6] is connected to registers with an asynchronous reset. This is preventing the possibility of merging these registers in to the DSP Block since the DSP block registers only possess synchronous reset capability.  It is suggested to recode or change these registers to remove the reset or use a synchronous reset to get the best optimization for performance, power and area.
Related violations: <none>

DPIR-1#575 Warning
Asynchronous driver check  
DSP u_pqm_pl_top/u_measurement_core/u_time_x100_normalizer/u_apparent_s_scale_multiplier/product input pin u_pqm_pl_top/u_measurement_core/u_time_x100_normalizer/u_apparent_s_scale_multiplier/product/A[7] is connected to registers with an asynchronous reset. This is preventing the possibility of merging these registers in to the DSP Block since the DSP block registers only possess synchronous reset capability.  It is suggested to recode or change these registers to remove the reset or use a synchronous reset to get the best optimization for performance, power and area.
Related violations: <none>

DPIR-1#576 Warning
Asynchronous driver check  
DSP u_pqm_pl_top/u_measurement_core/u_time_x100_normalizer/u_apparent_s_scale_multiplier/product input pin u_pqm_pl_top/u_measurement_core/u_time_x100_normalizer/u_apparent_s_scale_multiplier/product/A[8] is connected to registers with an asynchronous reset. This is preventing the possibility of merging these registers in to the DSP Block since the DSP block registers only possess synchronous reset capability.  It is suggested to recode or change these registers to remove the reset or use a synchronous reset to get the best optimization for performance, power and area.
Related violations: <none>

DPIR-1#577 Warning
Asynchronous driver check  
DSP u_pqm_pl_top/u_measurement_core/u_time_x100_normalizer/u_apparent_s_scale_multiplier/product input pin u_pqm_pl_top/u_measurement_core/u_time_x100_normalizer/u_apparent_s_scale_multiplier/product/A[9] is connected to registers with an asynchronous reset. This is preventing the possibility of merging these registers in to the DSP Block since the DSP block registers only possess synchronous reset capability.  It is suggested to recode or change these registers to remove the reset or use a synchronous reset to get the best optimization for performance, power and area.
Related violations: <none>

DPIR-1#578 Warning
Asynchronous driver check  
DSP u_pqm_pl_top/u_measurement_core/u_time_x100_normalizer/u_apparent_s_scale_multiplier/product__0 input pin u_pqm_pl_top/u_measurement_core/u_time_x100_normalizer/u_apparent_s_scale_multiplier/product__0/A[0] is connected to registers with an asynchronous reset. This is preventing the possibility of merging these registers in to the DSP Block since the DSP block registers only possess synchronous reset capability.  It is suggested to recode or change these registers to remove the reset or use a synchronous reset to get the best optimization for performance, power and area.
Related violations: <none>

DPIR-1#579 Warning
Asynchronous driver check  
DSP u_pqm_pl_top/u_measurement_core/u_time_x100_normalizer/u_apparent_s_scale_multiplier/product__0 input pin u_pqm_pl_top/u_measurement_core/u_time_x100_normalizer/u_apparent_s_scale_multiplier/product__0/A[10] is connected to registers with an asynchronous reset. This is preventing the possibility of merging these registers in to the DSP Block since the DSP block registers only possess synchronous reset capability.  It is suggested to recode or change these registers to remove the reset or use a synchronous reset to get the best optimization for performance, power and area.
Related violations: <none>

DPIR-1#580 Warning
Asynchronous driver check  
DSP u_pqm_pl_top/u_measurement_core/u_time_x100_normalizer/u_apparent_s_scale_multiplier/product__0 input pin u_pqm_pl_top/u_measurement_core/u_time_x100_normalizer/u_apparent_s_scale_multiplier/product__0/A[11] is connected to registers with an asynchronous reset. This is preventing the possibility of merging these registers in to the DSP Block since the DSP block registers only possess synchronous reset capability.  It is suggested to recode or change these registers to remove the reset or use a synchronous reset to get the best optimization for performance, power and area.
Related violations: <none>

DPIR-1#581 Warning
Asynchronous driver check  
DSP u_pqm_pl_top/u_measurement_core/u_time_x100_normalizer/u_apparent_s_scale_multiplier/product__0 input pin u_pqm_pl_top/u_measurement_core/u_time_x100_normalizer/u_apparent_s_scale_multiplier/product__0/A[12] is connected to registers with an asynchronous reset. This is preventing the possibility of merging these registers in to the DSP Block since the DSP block registers only possess synchronous reset capability.  It is suggested to recode or change these registers to remove the reset or use a synchronous reset to get the best optimization for performance, power and area.
Related violations: <none>

DPIR-1#582 Warning
Asynchronous driver check  
DSP u_pqm_pl_top/u_measurement_core/u_time_x100_normalizer/u_apparent_s_scale_multiplier/product__0 input pin u_pqm_pl_top/u_measurement_core/u_time_x100_normalizer/u_apparent_s_scale_multiplier/product__0/A[13] is connected to registers with an asynchronous reset. This is preventing the possibility of merging these registers in to the DSP Block since the DSP block registers only possess synchronous reset capability.  It is suggested to recode or change these registers to remove the reset or use a synchronous reset to get the best optimization for performance, power and area.
Related violations: <none>

DPIR-1#583 Warning
Asynchronous driver check  
DSP u_pqm_pl_top/u_measurement_core/u_time_x100_normalizer/u_apparent_s_scale_multiplier/product__0 input pin u_pqm_pl_top/u_measurement_core/u_time_x100_normalizer/u_apparent_s_scale_multiplier/product__0/A[1] is connected to registers with an asynchronous reset. This is preventing the possibility of merging these registers in to the DSP Block since the DSP block registers only possess synchronous reset capability.  It is suggested to recode or change these registers to remove the reset or use a synchronous reset to get the best optimization for performance, power and area.
Related violations: <none>

DPIR-1#584 Warning
Asynchronous driver check  
DSP u_pqm_pl_top/u_measurement_core/u_time_x100_normalizer/u_apparent_s_scale_multiplier/product__0 input pin u_pqm_pl_top/u_measurement_core/u_time_x100_normalizer/u_apparent_s_scale_multiplier/product__0/A[2] is connected to registers with an asynchronous reset. This is preventing the possibility of merging these registers in to the DSP Block since the DSP block registers only possess synchronous reset capability.  It is suggested to recode or change these registers to remove the reset or use a synchronous reset to get the best optimization for performance, power and area.
Related violations: <none>

DPIR-1#585 Warning
Asynchronous driver check  
DSP u_pqm_pl_top/u_measurement_core/u_time_x100_normalizer/u_apparent_s_scale_multiplier/product__0 input pin u_pqm_pl_top/u_measurement_core/u_time_x100_normalizer/u_apparent_s_scale_multiplier/product__0/A[3] is connected to registers with an asynchronous reset. This is preventing the possibility of merging these registers in to the DSP Block since the DSP block registers only possess synchronous reset capability.  It is suggested to recode or change these registers to remove the reset or use a synchronous reset to get the best optimization for performance, power and area.
Related violations: <none>

DPIR-1#586 Warning
Asynchronous driver check  
DSP u_pqm_pl_top/u_measurement_core/u_time_x100_normalizer/u_apparent_s_scale_multiplier/product__0 input pin u_pqm_pl_top/u_measurement_core/u_time_x100_normalizer/u_apparent_s_scale_multiplier/product__0/A[4] is connected to registers with an asynchronous reset. This is preventing the possibility of merging these registers in to the DSP Block since the DSP block registers only possess synchronous reset capability.  It is suggested to recode or change these registers to remove the reset or use a synchronous reset to get the best optimization for performance, power and area.
Related violations: <none>

DPIR-1#587 Warning
Asynchronous driver check  
DSP u_pqm_pl_top/u_measurement_core/u_time_x100_normalizer/u_apparent_s_scale_multiplier/product__0 input pin u_pqm_pl_top/u_measurement_core/u_time_x100_normalizer/u_apparent_s_scale_multiplier/product__0/A[5] is connected to registers with an asynchronous reset. This is preventing the possibility of merging these registers in to the DSP Block since the DSP block registers only possess synchronous reset capability.  It is suggested to recode or change these registers to remove the reset or use a synchronous reset to get the best optimization for performance, power and area.
Related violations: <none>

DPIR-1#588 Warning
Asynchronous driver check  
DSP u_pqm_pl_top/u_measurement_core/u_time_x100_normalizer/u_apparent_s_scale_multiplier/product__0 input pin u_pqm_pl_top/u_measurement_core/u_time_x100_normalizer/u_apparent_s_scale_multiplier/product__0/A[6] is connected to registers with an asynchronous reset. This is preventing the possibility of merging these registers in to the DSP Block since the DSP block registers only possess synchronous reset capability.  It is suggested to recode or change these registers to remove the reset or use a synchronous reset to get the best optimization for performance, power and area.
Related violations: <none>

DPIR-1#589 Warning
Asynchronous driver check  
DSP u_pqm_pl_top/u_measurement_core/u_time_x100_normalizer/u_apparent_s_scale_multiplier/product__0 input pin u_pqm_pl_top/u_measurement_core/u_time_x100_normalizer/u_apparent_s_scale_multiplier/product__0/A[7] is connected to registers with an asynchronous reset. This is preventing the possibility of merging these registers in to the DSP Block since the DSP block registers only possess synchronous reset capability.  It is suggested to recode or change these registers to remove the reset or use a synchronous reset to get the best optimization for performance, power and area.
Related violations: <none>

DPIR-1#590 Warning
Asynchronous driver check  
DSP u_pqm_pl_top/u_measurement_core/u_time_x100_normalizer/u_apparent_s_scale_multiplier/product__0 input pin u_pqm_pl_top/u_measurement_core/u_time_x100_normalizer/u_apparent_s_scale_multiplier/product__0/A[8] is connected to registers with an asynchronous reset. This is preventing the possibility of merging these registers in to the DSP Block since the DSP block registers only possess synchronous reset capability.  It is suggested to recode or change these registers to remove the reset or use a synchronous reset to get the best optimization for performance, power and area.
Related violations: <none>

DPIR-1#591 Warning
Asynchronous driver check  
DSP u_pqm_pl_top/u_measurement_core/u_time_x100_normalizer/u_apparent_s_scale_multiplier/product__0 input pin u_pqm_pl_top/u_measurement_core/u_time_x100_normalizer/u_apparent_s_scale_multiplier/product__0/A[9] is connected to registers with an asynchronous reset. This is preventing the possibility of merging these registers in to the DSP Block since the DSP block registers only possess synchronous reset capability.  It is suggested to recode or change these registers to remove the reset or use a synchronous reset to get the best optimization for performance, power and area.
Related violations: <none>

DPIR-1#592 Warning
Asynchronous driver check  
DSP u_pqm_pl_top/u_measurement_core/u_time_x100_normalizer/u_apparent_s_scale_multiplier/product__1 input pin u_pqm_pl_top/u_measurement_core/u_time_x100_normalizer/u_apparent_s_scale_multiplier/product__1/B[0] is connected to registers with an asynchronous reset. This is preventing the possibility of merging these registers in to the DSP Block since the DSP block registers only possess synchronous reset capability.  It is suggested to recode or change these registers to remove the reset or use a synchronous reset to get the best optimization for performance, power and area.
Related violations: <none>

DPIR-1#593 Warning
Asynchronous driver check  
DSP u_pqm_pl_top/u_measurement_core/u_time_x100_normalizer/u_apparent_s_scale_multiplier/product__1 input pin u_pqm_pl_top/u_measurement_core/u_time_x100_normalizer/u_apparent_s_scale_multiplier/product__1/B[10] is connected to registers with an asynchronous reset. This is preventing the possibility of merging these registers in to the DSP Block since the DSP block registers only possess synchronous reset capability.  It is suggested to recode or change these registers to remove the reset or use a synchronous reset to get the best optimization for performance, power and area.
Related violations: <none>

DPIR-1#594 Warning
Asynchronous driver check  
DSP u_pqm_pl_top/u_measurement_core/u_time_x100_normalizer/u_apparent_s_scale_multiplier/product__1 input pin u_pqm_pl_top/u_measurement_core/u_time_x100_normalizer/u_apparent_s_scale_multiplier/product__1/B[11] is connected to registers with an asynchronous reset. This is preventing the possibility of merging these registers in to the DSP Block since the DSP block registers only possess synchronous reset capability.  It is suggested to recode or change these registers to remove the reset or use a synchronous reset to get the best optimization for performance, power and area.
Related violations: <none>

DPIR-1#595 Warning
Asynchronous driver check  
DSP u_pqm_pl_top/u_measurement_core/u_time_x100_normalizer/u_apparent_s_scale_multiplier/product__1 input pin u_pqm_pl_top/u_measurement_core/u_time_x100_normalizer/u_apparent_s_scale_multiplier/product__1/B[12] is connected to registers with an asynchronous reset. This is preventing the possibility of merging these registers in to the DSP Block since the DSP block registers only possess synchronous reset capability.  It is suggested to recode or change these registers to remove the reset or use a synchronous reset to get the best optimization for performance, power and area.
Related violations: <none>

DPIR-1#596 Warning
Asynchronous driver check  
DSP u_pqm_pl_top/u_measurement_core/u_time_x100_normalizer/u_apparent_s_scale_multiplier/product__1 input pin u_pqm_pl_top/u_measurement_core/u_time_x100_normalizer/u_apparent_s_scale_multiplier/product__1/B[13] is connected to registers with an asynchronous reset. This is preventing the possibility of merging these registers in to the DSP Block since the DSP block registers only possess synchronous reset capability.  It is suggested to recode or change these registers to remove the reset or use a synchronous reset to get the best optimization for performance, power and area.
Related violations: <none>

DPIR-1#597 Warning
Asynchronous driver check  
DSP u_pqm_pl_top/u_measurement_core/u_time_x100_normalizer/u_apparent_s_scale_multiplier/product__1 input pin u_pqm_pl_top/u_measurement_core/u_time_x100_normalizer/u_apparent_s_scale_multiplier/product__1/B[14] is connected to registers with an asynchronous reset. This is preventing the possibility of merging these registers in to the DSP Block since the DSP block registers only possess synchronous reset capability.  It is suggested to recode or change these registers to remove the reset or use a synchronous reset to get the best optimization for performance, power and area.
Related violations: <none>

DPIR-1#598 Warning
Asynchronous driver check  
DSP u_pqm_pl_top/u_measurement_core/u_time_x100_normalizer/u_apparent_s_scale_multiplier/product__1 input pin u_pqm_pl_top/u_measurement_core/u_time_x100_normalizer/u_apparent_s_scale_multiplier/product__1/B[15] is connected to registers with an asynchronous reset. This is preventing the possibility of merging these registers in to the DSP Block since the DSP block registers only possess synchronous reset capability.  It is suggested to recode or change these registers to remove the reset or use a synchronous reset to get the best optimization for performance, power and area.
Related violations: <none>

DPIR-1#599 Warning
Asynchronous driver check  
DSP u_pqm_pl_top/u_measurement_core/u_time_x100_normalizer/u_apparent_s_scale_multiplier/product__1 input pin u_pqm_pl_top/u_measurement_core/u_time_x100_normalizer/u_apparent_s_scale_multiplier/product__1/B[16] is connected to registers with an asynchronous reset. This is preventing the possibility of merging these registers in to the DSP Block since the DSP block registers only possess synchronous reset capability.  It is suggested to recode or change these registers to remove the reset or use a synchronous reset to get the best optimization for performance, power and area.
Related violations: <none>

DPIR-1#600 Warning
Asynchronous driver check  
DSP u_pqm_pl_top/u_measurement_core/u_time_x100_normalizer/u_apparent_s_scale_multiplier/product__1 input pin u_pqm_pl_top/u_measurement_core/u_time_x100_normalizer/u_apparent_s_scale_multiplier/product__1/B[1] is connected to registers with an asynchronous reset. This is preventing the possibility of merging these registers in to the DSP Block since the DSP block registers only possess synchronous reset capability.  It is suggested to recode or change these registers to remove the reset or use a synchronous reset to get the best optimization for performance, power and area.
Related violations: <none>

DPIR-1#601 Warning
Asynchronous driver check  
DSP u_pqm_pl_top/u_measurement_core/u_time_x100_normalizer/u_apparent_s_scale_multiplier/product__1 input pin u_pqm_pl_top/u_measurement_core/u_time_x100_normalizer/u_apparent_s_scale_multiplier/product__1/B[2] is connected to registers with an asynchronous reset. This is preventing the possibility of merging these registers in to the DSP Block since the DSP block registers only possess synchronous reset capability.  It is suggested to recode or change these registers to remove the reset or use a synchronous reset to get the best optimization for performance, power and area.
Related violations: <none>

DPIR-1#602 Warning
Asynchronous driver check  
DSP u_pqm_pl_top/u_measurement_core/u_time_x100_normalizer/u_apparent_s_scale_multiplier/product__1 input pin u_pqm_pl_top/u_measurement_core/u_time_x100_normalizer/u_apparent_s_scale_multiplier/product__1/B[3] is connected to registers with an asynchronous reset. This is preventing the possibility of merging these registers in to the DSP Block since the DSP block registers only possess synchronous reset capability.  It is suggested to recode or change these registers to remove the reset or use a synchronous reset to get the best optimization for performance, power and area.
Related violations: <none>

DPIR-1#603 Warning
Asynchronous driver check  
DSP u_pqm_pl_top/u_measurement_core/u_time_x100_normalizer/u_apparent_s_scale_multiplier/product__1 input pin u_pqm_pl_top/u_measurement_core/u_time_x100_normalizer/u_apparent_s_scale_multiplier/product__1/B[4] is connected to registers with an asynchronous reset. This is preventing the possibility of merging these registers in to the DSP Block since the DSP block registers only possess synchronous reset capability.  It is suggested to recode or change these registers to remove the reset or use a synchronous reset to get the best optimization for performance, power and area.
Related violations: <none>

DPIR-1#604 Warning
Asynchronous driver check  
DSP u_pqm_pl_top/u_measurement_core/u_time_x100_normalizer/u_apparent_s_scale_multiplier/product__1 input pin u_pqm_pl_top/u_measurement_core/u_time_x100_normalizer/u_apparent_s_scale_multiplier/product__1/B[5] is connected to registers with an asynchronous reset. This is preventing the possibility of merging these registers in to the DSP Block since the DSP block registers only possess synchronous reset capability.  It is suggested to recode or change these registers to remove the reset or use a synchronous reset to get the best optimization for performance, power and area.
Related violations: <none>

DPIR-1#605 Warning
Asynchronous driver check  
DSP u_pqm_pl_top/u_measurement_core/u_time_x100_normalizer/u_apparent_s_scale_multiplier/product__1 input pin u_pqm_pl_top/u_measurement_core/u_time_x100_normalizer/u_apparent_s_scale_multiplier/product__1/B[6] is connected to registers with an asynchronous reset. This is preventing the possibility of merging these registers in to the DSP Block since the DSP block registers only possess synchronous reset capability.  It is suggested to recode or change these registers to remove the reset or use a synchronous reset to get the best optimization for performance, power and area.
Related violations: <none>

DPIR-1#606 Warning
Asynchronous driver check  
DSP u_pqm_pl_top/u_measurement_core/u_time_x100_normalizer/u_apparent_s_scale_multiplier/product__1 input pin u_pqm_pl_top/u_measurement_core/u_time_x100_normalizer/u_apparent_s_scale_multiplier/product__1/B[7] is connected to registers with an asynchronous reset. This is preventing the possibility of merging these registers in to the DSP Block since the DSP block registers only possess synchronous reset capability.  It is suggested to recode or change these registers to remove the reset or use a synchronous reset to get the best optimization for performance, power and area.
Related violations: <none>

DPIR-1#607 Warning
Asynchronous driver check  
DSP u_pqm_pl_top/u_measurement_core/u_time_x100_normalizer/u_apparent_s_scale_multiplier/product__1 input pin u_pqm_pl_top/u_measurement_core/u_time_x100_normalizer/u_apparent_s_scale_multiplier/product__1/B[8] is connected to registers with an asynchronous reset. This is preventing the possibility of merging these registers in to the DSP Block since the DSP block registers only possess synchronous reset capability.  It is suggested to recode or change these registers to remove the reset or use a synchronous reset to get the best optimization for performance, power and area.
Related violations: <none>

DPIR-1#608 Warning
Asynchronous driver check  
DSP u_pqm_pl_top/u_measurement_core/u_time_x100_normalizer/u_apparent_s_scale_multiplier/product__1 input pin u_pqm_pl_top/u_measurement_core/u_time_x100_normalizer/u_apparent_s_scale_multiplier/product__1/B[9] is connected to registers with an asynchronous reset. This is preventing the possibility of merging these registers in to the DSP Block since the DSP block registers only possess synchronous reset capability.  It is suggested to recode or change these registers to remove the reset or use a synchronous reset to get the best optimization for performance, power and area.
Related violations: <none>

DPIR-1#609 Warning
Asynchronous driver check  
DSP u_pqm_pl_top/u_measurement_core/u_time_x100_normalizer/u_apparent_s_scale_multiplier/product__2 input pin u_pqm_pl_top/u_measurement_core/u_time_x100_normalizer/u_apparent_s_scale_multiplier/product__2/B[0] is connected to registers with an asynchronous reset. This is preventing the possibility of merging these registers in to the DSP Block since the DSP block registers only possess synchronous reset capability.  It is suggested to recode or change these registers to remove the reset or use a synchronous reset to get the best optimization for performance, power and area.
Related violations: <none>

DPIR-1#610 Warning
Asynchronous driver check  
DSP u_pqm_pl_top/u_measurement_core/u_time_x100_normalizer/u_apparent_s_scale_multiplier/product__2 input pin u_pqm_pl_top/u_measurement_core/u_time_x100_normalizer/u_apparent_s_scale_multiplier/product__2/B[10] is connected to registers with an asynchronous reset. This is preventing the possibility of merging these registers in to the DSP Block since the DSP block registers only possess synchronous reset capability.  It is suggested to recode or change these registers to remove the reset or use a synchronous reset to get the best optimization for performance, power and area.
Related violations: <none>

DPIR-1#611 Warning
Asynchronous driver check  
DSP u_pqm_pl_top/u_measurement_core/u_time_x100_normalizer/u_apparent_s_scale_multiplier/product__2 input pin u_pqm_pl_top/u_measurement_core/u_time_x100_normalizer/u_apparent_s_scale_multiplier/product__2/B[11] is connected to registers with an asynchronous reset. This is preventing the possibility of merging these registers in to the DSP Block since the DSP block registers only possess synchronous reset capability.  It is suggested to recode or change these registers to remove the reset or use a synchronous reset to get the best optimization for performance, power and area.
Related violations: <none>

DPIR-1#612 Warning
Asynchronous driver check  
DSP u_pqm_pl_top/u_measurement_core/u_time_x100_normalizer/u_apparent_s_scale_multiplier/product__2 input pin u_pqm_pl_top/u_measurement_core/u_time_x100_normalizer/u_apparent_s_scale_multiplier/product__2/B[12] is connected to registers with an asynchronous reset. This is preventing the possibility of merging these registers in to the DSP Block since the DSP block registers only possess synchronous reset capability.  It is suggested to recode or change these registers to remove the reset or use a synchronous reset to get the best optimization for performance, power and area.
Related violations: <none>

DPIR-1#613 Warning
Asynchronous driver check  
DSP u_pqm_pl_top/u_measurement_core/u_time_x100_normalizer/u_apparent_s_scale_multiplier/product__2 input pin u_pqm_pl_top/u_measurement_core/u_time_x100_normalizer/u_apparent_s_scale_multiplier/product__2/B[13] is connected to registers with an asynchronous reset. This is preventing the possibility of merging these registers in to the DSP Block since the DSP block registers only possess synchronous reset capability.  It is suggested to recode or change these registers to remove the reset or use a synchronous reset to get the best optimization for performance, power and area.
Related violations: <none>

DPIR-1#614 Warning
Asynchronous driver check  
DSP u_pqm_pl_top/u_measurement_core/u_time_x100_normalizer/u_apparent_s_scale_multiplier/product__2 input pin u_pqm_pl_top/u_measurement_core/u_time_x100_normalizer/u_apparent_s_scale_multiplier/product__2/B[1] is connected to registers with an asynchronous reset. This is preventing the possibility of merging these registers in to the DSP Block since the DSP block registers only possess synchronous reset capability.  It is suggested to recode or change these registers to remove the reset or use a synchronous reset to get the best optimization for performance, power and area.
Related violations: <none>

DPIR-1#615 Warning
Asynchronous driver check  
DSP u_pqm_pl_top/u_measurement_core/u_time_x100_normalizer/u_apparent_s_scale_multiplier/product__2 input pin u_pqm_pl_top/u_measurement_core/u_time_x100_normalizer/u_apparent_s_scale_multiplier/product__2/B[2] is connected to registers with an asynchronous reset. This is preventing the possibility of merging these registers in to the DSP Block since the DSP block registers only possess synchronous reset capability.  It is suggested to recode or change these registers to remove the reset or use a synchronous reset to get the best optimization for performance, power and area.
Related violations: <none>

DPIR-1#616 Warning
Asynchronous driver check  
DSP u_pqm_pl_top/u_measurement_core/u_time_x100_normalizer/u_apparent_s_scale_multiplier/product__2 input pin u_pqm_pl_top/u_measurement_core/u_time_x100_normalizer/u_apparent_s_scale_multiplier/product__2/B[3] is connected to registers with an asynchronous reset. This is preventing the possibility of merging these registers in to the DSP Block since the DSP block registers only possess synchronous reset capability.  It is suggested to recode or change these registers to remove the reset or use a synchronous reset to get the best optimization for performance, power and area.
Related violations: <none>

DPIR-1#617 Warning
Asynchronous driver check  
DSP u_pqm_pl_top/u_measurement_core/u_time_x100_normalizer/u_apparent_s_scale_multiplier/product__2 input pin u_pqm_pl_top/u_measurement_core/u_time_x100_normalizer/u_apparent_s_scale_multiplier/product__2/B[4] is connected to registers with an asynchronous reset. This is preventing the possibility of merging these registers in to the DSP Block since the DSP block registers only possess synchronous reset capability.  It is suggested to recode or change these registers to remove the reset or use a synchronous reset to get the best optimization for performance, power and area.
Related violations: <none>

DPIR-1#618 Warning
Asynchronous driver check  
DSP u_pqm_pl_top/u_measurement_core/u_time_x100_normalizer/u_apparent_s_scale_multiplier/product__2 input pin u_pqm_pl_top/u_measurement_core/u_time_x100_normalizer/u_apparent_s_scale_multiplier/product__2/B[5] is connected to registers with an asynchronous reset. This is preventing the possibility of merging these registers in to the DSP Block since the DSP block registers only possess synchronous reset capability.  It is suggested to recode or change these registers to remove the reset or use a synchronous reset to get the best optimization for performance, power and area.
Related violations: <none>

DPIR-1#619 Warning
Asynchronous driver check  
DSP u_pqm_pl_top/u_measurement_core/u_time_x100_normalizer/u_apparent_s_scale_multiplier/product__2 input pin u_pqm_pl_top/u_measurement_core/u_time_x100_normalizer/u_apparent_s_scale_multiplier/product__2/B[6] is connected to registers with an asynchronous reset. This is preventing the possibility of merging these registers in to the DSP Block since the DSP block registers only possess synchronous reset capability.  It is suggested to recode or change these registers to remove the reset or use a synchronous reset to get the best optimization for performance, power and area.
Related violations: <none>

DPIR-1#620 Warning
Asynchronous driver check  
DSP u_pqm_pl_top/u_measurement_core/u_time_x100_normalizer/u_apparent_s_scale_multiplier/product__2 input pin u_pqm_pl_top/u_measurement_core/u_time_x100_normalizer/u_apparent_s_scale_multiplier/product__2/B[7] is connected to registers with an asynchronous reset. This is preventing the possibility of merging these registers in to the DSP Block since the DSP block registers only possess synchronous reset capability.  It is suggested to recode or change these registers to remove the reset or use a synchronous reset to get the best optimization for performance, power and area.
Related violations: <none>

DPIR-1#621 Warning
Asynchronous driver check  
DSP u_pqm_pl_top/u_measurement_core/u_time_x100_normalizer/u_apparent_s_scale_multiplier/product__2 input pin u_pqm_pl_top/u_measurement_core/u_time_x100_normalizer/u_apparent_s_scale_multiplier/product__2/B[8] is connected to registers with an asynchronous reset. This is preventing the possibility of merging these registers in to the DSP Block since the DSP block registers only possess synchronous reset capability.  It is suggested to recode or change these registers to remove the reset or use a synchronous reset to get the best optimization for performance, power and area.
Related violations: <none>

DPIR-1#622 Warning
Asynchronous driver check  
DSP u_pqm_pl_top/u_measurement_core/u_time_x100_normalizer/u_apparent_s_scale_multiplier/product__2 input pin u_pqm_pl_top/u_measurement_core/u_time_x100_normalizer/u_apparent_s_scale_multiplier/product__2/B[9] is connected to registers with an asynchronous reset. This is preventing the possibility of merging these registers in to the DSP Block since the DSP block registers only possess synchronous reset capability.  It is suggested to recode or change these registers to remove the reset or use a synchronous reset to get the best optimization for performance, power and area.
Related violations: <none>

DPIR-1#623 Warning
Asynchronous driver check  
DSP u_pqm_pl_top/u_measurement_core/u_time_x100_normalizer/u_apparent_s_scale_multiplier/product__3 input pin u_pqm_pl_top/u_measurement_core/u_time_x100_normalizer/u_apparent_s_scale_multiplier/product__3/B[0] is connected to registers with an asynchronous reset. This is preventing the possibility of merging these registers in to the DSP Block since the DSP block registers only possess synchronous reset capability.  It is suggested to recode or change these registers to remove the reset or use a synchronous reset to get the best optimization for performance, power and area.
Related violations: <none>

DPIR-1#624 Warning
Asynchronous driver check  
DSP u_pqm_pl_top/u_measurement_core/u_time_x100_normalizer/u_apparent_s_scale_multiplier/product__3 input pin u_pqm_pl_top/u_measurement_core/u_time_x100_normalizer/u_apparent_s_scale_multiplier/product__3/B[10] is connected to registers with an asynchronous reset. This is preventing the possibility of merging these registers in to the DSP Block since the DSP block registers only possess synchronous reset capability.  It is suggested to recode or change these registers to remove the reset or use a synchronous reset to get the best optimization for performance, power and area.
Related violations: <none>

DPIR-1#625 Warning
Asynchronous driver check  
DSP u_pqm_pl_top/u_measurement_core/u_time_x100_normalizer/u_apparent_s_scale_multiplier/product__3 input pin u_pqm_pl_top/u_measurement_core/u_time_x100_normalizer/u_apparent_s_scale_multiplier/product__3/B[11] is connected to registers with an asynchronous reset. This is preventing the possibility of merging these registers in to the DSP Block since the DSP block registers only possess synchronous reset capability.  It is suggested to recode or change these registers to remove the reset or use a synchronous reset to get the best optimization for performance, power and area.
Related violations: <none>

DPIR-1#626 Warning
Asynchronous driver check  
DSP u_pqm_pl_top/u_measurement_core/u_time_x100_normalizer/u_apparent_s_scale_multiplier/product__3 input pin u_pqm_pl_top/u_measurement_core/u_time_x100_normalizer/u_apparent_s_scale_multiplier/product__3/B[12] is connected to registers with an asynchronous reset. This is preventing the possibility of merging these registers in to the DSP Block since the DSP block registers only possess synchronous reset capability.  It is suggested to recode or change these registers to remove the reset or use a synchronous reset to get the best optimization for performance, power and area.
Related violations: <none>

DPIR-1#627 Warning
Asynchronous driver check  
DSP u_pqm_pl_top/u_measurement_core/u_time_x100_normalizer/u_apparent_s_scale_multiplier/product__3 input pin u_pqm_pl_top/u_measurement_core/u_time_x100_normalizer/u_apparent_s_scale_multiplier/product__3/B[13] is connected to registers with an asynchronous reset. This is preventing the possibility of merging these registers in to the DSP Block since the DSP block registers only possess synchronous reset capability.  It is suggested to recode or change these registers to remove the reset or use a synchronous reset to get the best optimization for performance, power and area.
Related violations: <none>

DPIR-1#628 Warning
Asynchronous driver check  
DSP u_pqm_pl_top/u_measurement_core/u_time_x100_normalizer/u_apparent_s_scale_multiplier/product__3 input pin u_pqm_pl_top/u_measurement_core/u_time_x100_normalizer/u_apparent_s_scale_multiplier/product__3/B[14] is connected to registers with an asynchronous reset. This is preventing the possibility of merging these registers in to the DSP Block since the DSP block registers only possess synchronous reset capability.  It is suggested to recode or change these registers to remove the reset or use a synchronous reset to get the best optimization for performance, power and area.
Related violations: <none>

DPIR-1#629 Warning
Asynchronous driver check  
DSP u_pqm_pl_top/u_measurement_core/u_time_x100_normalizer/u_apparent_s_scale_multiplier/product__3 input pin u_pqm_pl_top/u_measurement_core/u_time_x100_normalizer/u_apparent_s_scale_multiplier/product__3/B[15] is connected to registers with an asynchronous reset. This is preventing the possibility of merging these registers in to the DSP Block since the DSP block registers only possess synchronous reset capability.  It is suggested to recode or change these registers to remove the reset or use a synchronous reset to get the best optimization for performance, power and area.
Related violations: <none>

DPIR-1#630 Warning
Asynchronous driver check  
DSP u_pqm_pl_top/u_measurement_core/u_time_x100_normalizer/u_apparent_s_scale_multiplier/product__3 input pin u_pqm_pl_top/u_measurement_core/u_time_x100_normalizer/u_apparent_s_scale_multiplier/product__3/B[16] is connected to registers with an asynchronous reset. This is preventing the possibility of merging these registers in to the DSP Block since the DSP block registers only possess synchronous reset capability.  It is suggested to recode or change these registers to remove the reset or use a synchronous reset to get the best optimization for performance, power and area.
Related violations: <none>

DPIR-1#631 Warning
Asynchronous driver check  
DSP u_pqm_pl_top/u_measurement_core/u_time_x100_normalizer/u_apparent_s_scale_multiplier/product__3 input pin u_pqm_pl_top/u_measurement_core/u_time_x100_normalizer/u_apparent_s_scale_multiplier/product__3/B[1] is connected to registers with an asynchronous reset. This is preventing the possibility of merging these registers in to the DSP Block since the DSP block registers only possess synchronous reset capability.  It is suggested to recode or change these registers to remove the reset or use a synchronous reset to get the best optimization for performance, power and area.
Related violations: <none>

DPIR-1#632 Warning
Asynchronous driver check  
DSP u_pqm_pl_top/u_measurement_core/u_time_x100_normalizer/u_apparent_s_scale_multiplier/product__3 input pin u_pqm_pl_top/u_measurement_core/u_time_x100_normalizer/u_apparent_s_scale_multiplier/product__3/B[2] is connected to registers with an asynchronous reset. This is preventing the possibility of merging these registers in to the DSP Block since the DSP block registers only possess synchronous reset capability.  It is suggested to recode or change these registers to remove the reset or use a synchronous reset to get the best optimization for performance, power and area.
Related violations: <none>

DPIR-1#633 Warning
Asynchronous driver check  
DSP u_pqm_pl_top/u_measurement_core/u_time_x100_normalizer/u_apparent_s_scale_multiplier/product__3 input pin u_pqm_pl_top/u_measurement_core/u_time_x100_normalizer/u_apparent_s_scale_multiplier/product__3/B[3] is connected to registers with an asynchronous reset. This is preventing the possibility of merging these registers in to the DSP Block since the DSP block registers only possess synchronous reset capability.  It is suggested to recode or change these registers to remove the reset or use a synchronous reset to get the best optimization for performance, power and area.
Related violations: <none>

DPIR-1#634 Warning
Asynchronous driver check  
DSP u_pqm_pl_top/u_measurement_core/u_time_x100_normalizer/u_apparent_s_scale_multiplier/product__3 input pin u_pqm_pl_top/u_measurement_core/u_time_x100_normalizer/u_apparent_s_scale_multiplier/product__3/B[4] is connected to registers with an asynchronous reset. This is preventing the possibility of merging these registers in to the DSP Block since the DSP block registers only possess synchronous reset capability.  It is suggested to recode or change these registers to remove the reset or use a synchronous reset to get the best optimization for performance, power and area.
Related violations: <none>

DPIR-1#635 Warning
Asynchronous driver check  
DSP u_pqm_pl_top/u_measurement_core/u_time_x100_normalizer/u_apparent_s_scale_multiplier/product__3 input pin u_pqm_pl_top/u_measurement_core/u_time_x100_normalizer/u_apparent_s_scale_multiplier/product__3/B[5] is connected to registers with an asynchronous reset. This is preventing the possibility of merging these registers in to the DSP Block since the DSP block registers only possess synchronous reset capability.  It is suggested to recode or change these registers to remove the reset or use a synchronous reset to get the best optimization for performance, power and area.
Related violations: <none>

DPIR-1#636 Warning
Asynchronous driver check  
DSP u_pqm_pl_top/u_measurement_core/u_time_x100_normalizer/u_apparent_s_scale_multiplier/product__3 input pin u_pqm_pl_top/u_measurement_core/u_time_x100_normalizer/u_apparent_s_scale_multiplier/product__3/B[6] is connected to registers with an asynchronous reset. This is preventing the possibility of merging these registers in to the DSP Block since the DSP block registers only possess synchronous reset capability.  It is suggested to recode or change these registers to remove the reset or use a synchronous reset to get the best optimization for performance, power and area.
Related violations: <none>

DPIR-1#637 Warning
Asynchronous driver check  
DSP u_pqm_pl_top/u_measurement_core/u_time_x100_normalizer/u_apparent_s_scale_multiplier/product__3 input pin u_pqm_pl_top/u_measurement_core/u_time_x100_normalizer/u_apparent_s_scale_multiplier/product__3/B[7] is connected to registers with an asynchronous reset. This is preventing the possibility of merging these registers in to the DSP Block since the DSP block registers only possess synchronous reset capability.  It is suggested to recode or change these registers to remove the reset or use a synchronous reset to get the best optimization for performance, power and area.
Related violations: <none>

DPIR-1#638 Warning
Asynchronous driver check  
DSP u_pqm_pl_top/u_measurement_core/u_time_x100_normalizer/u_apparent_s_scale_multiplier/product__3 input pin u_pqm_pl_top/u_measurement_core/u_time_x100_normalizer/u_apparent_s_scale_multiplier/product__3/B[8] is connected to registers with an asynchronous reset. This is preventing the possibility of merging these registers in to the DSP Block since the DSP block registers only possess synchronous reset capability.  It is suggested to recode or change these registers to remove the reset or use a synchronous reset to get the best optimization for performance, power and area.
Related violations: <none>

DPIR-1#639 Warning
Asynchronous driver check  
DSP u_pqm_pl_top/u_measurement_core/u_time_x100_normalizer/u_apparent_s_scale_multiplier/product__3 input pin u_pqm_pl_top/u_measurement_core/u_time_x100_normalizer/u_apparent_s_scale_multiplier/product__3/B[9] is connected to registers with an asynchronous reset. This is preventing the possibility of merging these registers in to the DSP Block since the DSP block registers only possess synchronous reset capability.  It is suggested to recode or change these registers to remove the reset or use a synchronous reset to get the best optimization for performance, power and area.
Related violations: <none>

DPIR-1#640 Warning
Asynchronous driver check  
DSP u_pqm_pl_top/u_measurement_core/u_time_x100_normalizer/u_apparent_s_scale_multiplier/product__4 input pin u_pqm_pl_top/u_measurement_core/u_time_x100_normalizer/u_apparent_s_scale_multiplier/product__4/B[0] is connected to registers with an asynchronous reset. This is preventing the possibility of merging these registers in to the DSP Block since the DSP block registers only possess synchronous reset capability.  It is suggested to recode or change these registers to remove the reset or use a synchronous reset to get the best optimization for performance, power and area.
Related violations: <none>

DPIR-1#641 Warning
Asynchronous driver check  
DSP u_pqm_pl_top/u_measurement_core/u_time_x100_normalizer/u_apparent_s_scale_multiplier/product__4 input pin u_pqm_pl_top/u_measurement_core/u_time_x100_normalizer/u_apparent_s_scale_multiplier/product__4/B[10] is connected to registers with an asynchronous reset. This is preventing the possibility of merging these registers in to the DSP Block since the DSP block registers only possess synchronous reset capability.  It is suggested to recode or change these registers to remove the reset or use a synchronous reset to get the best optimization for performance, power and area.
Related violations: <none>

DPIR-1#642 Warning
Asynchronous driver check  
DSP u_pqm_pl_top/u_measurement_core/u_time_x100_normalizer/u_apparent_s_scale_multiplier/product__4 input pin u_pqm_pl_top/u_measurement_core/u_time_x100_normalizer/u_apparent_s_scale_multiplier/product__4/B[11] is connected to registers with an asynchronous reset. This is preventing the possibility of merging these registers in to the DSP Block since the DSP block registers only possess synchronous reset capability.  It is suggested to recode or change these registers to remove the reset or use a synchronous reset to get the best optimization for performance, power and area.
Related violations: <none>

DPIR-1#643 Warning
Asynchronous driver check  
DSP u_pqm_pl_top/u_measurement_core/u_time_x100_normalizer/u_apparent_s_scale_multiplier/product__4 input pin u_pqm_pl_top/u_measurement_core/u_time_x100_normalizer/u_apparent_s_scale_multiplier/product__4/B[12] is connected to registers with an asynchronous reset. This is preventing the possibility of merging these registers in to the DSP Block since the DSP block registers only possess synchronous reset capability.  It is suggested to recode or change these registers to remove the reset or use a synchronous reset to get the best optimization for performance, power and area.
Related violations: <none>

DPIR-1#644 Warning
Asynchronous driver check  
DSP u_pqm_pl_top/u_measurement_core/u_time_x100_normalizer/u_apparent_s_scale_multiplier/product__4 input pin u_pqm_pl_top/u_measurement_core/u_time_x100_normalizer/u_apparent_s_scale_multiplier/product__4/B[13] is connected to registers with an asynchronous reset. This is preventing the possibility of merging these registers in to the DSP Block since the DSP block registers only possess synchronous reset capability.  It is suggested to recode or change these registers to remove the reset or use a synchronous reset to get the best optimization for performance, power and area.
Related violations: <none>

DPIR-1#645 Warning
Asynchronous driver check  
DSP u_pqm_pl_top/u_measurement_core/u_time_x100_normalizer/u_apparent_s_scale_multiplier/product__4 input pin u_pqm_pl_top/u_measurement_core/u_time_x100_normalizer/u_apparent_s_scale_multiplier/product__4/B[1] is connected to registers with an asynchronous reset. This is preventing the possibility of merging these registers in to the DSP Block since the DSP block registers only possess synchronous reset capability.  It is suggested to recode or change these registers to remove the reset or use a synchronous reset to get the best optimization for performance, power and area.
Related violations: <none>

DPIR-1#646 Warning
Asynchronous driver check  
DSP u_pqm_pl_top/u_measurement_core/u_time_x100_normalizer/u_apparent_s_scale_multiplier/product__4 input pin u_pqm_pl_top/u_measurement_core/u_time_x100_normalizer/u_apparent_s_scale_multiplier/product__4/B[2] is connected to registers with an asynchronous reset. This is preventing the possibility of merging these registers in to the DSP Block since the DSP block registers only possess synchronous reset capability.  It is suggested to recode or change these registers to remove the reset or use a synchronous reset to get the best optimization for performance, power and area.
Related violations: <none>

DPIR-1#647 Warning
Asynchronous driver check  
DSP u_pqm_pl_top/u_measurement_core/u_time_x100_normalizer/u_apparent_s_scale_multiplier/product__4 input pin u_pqm_pl_top/u_measurement_core/u_time_x100_normalizer/u_apparent_s_scale_multiplier/product__4/B[3] is connected to registers with an asynchronous reset. This is preventing the possibility of merging these registers in to the DSP Block since the DSP block registers only possess synchronous reset capability.  It is suggested to recode or change these registers to remove the reset or use a synchronous reset to get the best optimization for performance, power and area.
Related violations: <none>

DPIR-1#648 Warning
Asynchronous driver check  
DSP u_pqm_pl_top/u_measurement_core/u_time_x100_normalizer/u_apparent_s_scale_multiplier/product__4 input pin u_pqm_pl_top/u_measurement_core/u_time_x100_normalizer/u_apparent_s_scale_multiplier/product__4/B[4] is connected to registers with an asynchronous reset. This is preventing the possibility of merging these registers in to the DSP Block since the DSP block registers only possess synchronous reset capability.  It is suggested to recode or change these registers to remove the reset or use a synchronous reset to get the best optimization for performance, power and area.
Related violations: <none>

DPIR-1#649 Warning
Asynchronous driver check  
DSP u_pqm_pl_top/u_measurement_core/u_time_x100_normalizer/u_apparent_s_scale_multiplier/product__4 input pin u_pqm_pl_top/u_measurement_core/u_time_x100_normalizer/u_apparent_s_scale_multiplier/product__4/B[5] is connected to registers with an asynchronous reset. This is preventing the possibility of merging these registers in to the DSP Block since the DSP block registers only possess synchronous reset capability.  It is suggested to recode or change these registers to remove the reset or use a synchronous reset to get the best optimization for performance, power and area.
Related violations: <none>

DPIR-1#650 Warning
Asynchronous driver check  
DSP u_pqm_pl_top/u_measurement_core/u_time_x100_normalizer/u_apparent_s_scale_multiplier/product__4 input pin u_pqm_pl_top/u_measurement_core/u_time_x100_normalizer/u_apparent_s_scale_multiplier/product__4/B[6] is connected to registers with an asynchronous reset. This is preventing the possibility of merging these registers in to the DSP Block since the DSP block registers only possess synchronous reset capability.  It is suggested to recode or change these registers to remove the reset or use a synchronous reset to get the best optimization for performance, power and area.
Related violations: <none>

DPIR-1#651 Warning
Asynchronous driver check  
DSP u_pqm_pl_top/u_measurement_core/u_time_x100_normalizer/u_apparent_s_scale_multiplier/product__4 input pin u_pqm_pl_top/u_measurement_core/u_time_x100_normalizer/u_apparent_s_scale_multiplier/product__4/B[7] is connected to registers with an asynchronous reset. This is preventing the possibility of merging these registers in to the DSP Block since the DSP block registers only possess synchronous reset capability.  It is suggested to recode or change these registers to remove the reset or use a synchronous reset to get the best optimization for performance, power and area.
Related violations: <none>

DPIR-1#652 Warning
Asynchronous driver check  
DSP u_pqm_pl_top/u_measurement_core/u_time_x100_normalizer/u_apparent_s_scale_multiplier/product__4 input pin u_pqm_pl_top/u_measurement_core/u_time_x100_normalizer/u_apparent_s_scale_multiplier/product__4/B[8] is connected to registers with an asynchronous reset. This is preventing the possibility of merging these registers in to the DSP Block since the DSP block registers only possess synchronous reset capability.  It is suggested to recode or change these registers to remove the reset or use a synchronous reset to get the best optimization for performance, power and area.
Related violations: <none>

DPIR-1#653 Warning
Asynchronous driver check  
DSP u_pqm_pl_top/u_measurement_core/u_time_x100_normalizer/u_apparent_s_scale_multiplier/product__4 input pin u_pqm_pl_top/u_measurement_core/u_time_x100_normalizer/u_apparent_s_scale_multiplier/product__4/B[9] is connected to registers with an asynchronous reset. This is preventing the possibility of merging these registers in to the DSP Block since the DSP block registers only possess synchronous reset capability.  It is suggested to recode or change these registers to remove the reset or use a synchronous reset to get the best optimization for performance, power and area.
Related violations: <none>

DPIR-1#654 Warning
Asynchronous driver check  
DSP u_pqm_pl_top/u_measurement_core/u_time_x100_normalizer/u_apparent_s_scale_multiplier/product__5 input pin u_pqm_pl_top/u_measurement_core/u_time_x100_normalizer/u_apparent_s_scale_multiplier/product__5/A[0] is connected to registers with an asynchronous reset. This is preventing the possibility of merging these registers in to the DSP Block since the DSP block registers only possess synchronous reset capability.  It is suggested to recode or change these registers to remove the reset or use a synchronous reset to get the best optimization for performance, power and area.
Related violations: <none>

DPIR-1#655 Warning
Asynchronous driver check  
DSP u_pqm_pl_top/u_measurement_core/u_time_x100_normalizer/u_apparent_s_scale_multiplier/product__5 input pin u_pqm_pl_top/u_measurement_core/u_time_x100_normalizer/u_apparent_s_scale_multiplier/product__5/A[10] is connected to registers with an asynchronous reset. This is preventing the possibility of merging these registers in to the DSP Block since the DSP block registers only possess synchronous reset capability.  It is suggested to recode or change these registers to remove the reset or use a synchronous reset to get the best optimization for performance, power and area.
Related violations: <none>

DPIR-1#656 Warning
Asynchronous driver check  
DSP u_pqm_pl_top/u_measurement_core/u_time_x100_normalizer/u_apparent_s_scale_multiplier/product__5 input pin u_pqm_pl_top/u_measurement_core/u_time_x100_normalizer/u_apparent_s_scale_multiplier/product__5/A[11] is connected to registers with an asynchronous reset. This is preventing the possibility of merging these registers in to the DSP Block since the DSP block registers only possess synchronous reset capability.  It is suggested to recode or change these registers to remove the reset or use a synchronous reset to get the best optimization for performance, power and area.
Related violations: <none>

DPIR-1#657 Warning
Asynchronous driver check  
DSP u_pqm_pl_top/u_measurement_core/u_time_x100_normalizer/u_apparent_s_scale_multiplier/product__5 input pin u_pqm_pl_top/u_measurement_core/u_time_x100_normalizer/u_apparent_s_scale_multiplier/product__5/A[12] is connected to registers with an asynchronous reset. This is preventing the possibility of merging these registers in to the DSP Block since the DSP block registers only possess synchronous reset capability.  It is suggested to recode or change these registers to remove the reset or use a synchronous reset to get the best optimization for performance, power and area.
Related violations: <none>

DPIR-1#658 Warning
Asynchronous driver check  
DSP u_pqm_pl_top/u_measurement_core/u_time_x100_normalizer/u_apparent_s_scale_multiplier/product__5 input pin u_pqm_pl_top/u_measurement_core/u_time_x100_normalizer/u_apparent_s_scale_multiplier/product__5/A[13] is connected to registers with an asynchronous reset. This is preventing the possibility of merging these registers in to the DSP Block since the DSP block registers only possess synchronous reset capability.  It is suggested to recode or change these registers to remove the reset or use a synchronous reset to get the best optimization for performance, power and area.
Related violations: <none>

DPIR-1#659 Warning
Asynchronous driver check  
DSP u_pqm_pl_top/u_measurement_core/u_time_x100_normalizer/u_apparent_s_scale_multiplier/product__5 input pin u_pqm_pl_top/u_measurement_core/u_time_x100_normalizer/u_apparent_s_scale_multiplier/product__5/A[14] is connected to registers with an asynchronous reset. This is preventing the possibility of merging these registers in to the DSP Block since the DSP block registers only possess synchronous reset capability.  It is suggested to recode or change these registers to remove the reset or use a synchronous reset to get the best optimization for performance, power and area.
Related violations: <none>

DPIR-1#660 Warning
Asynchronous driver check  
DSP u_pqm_pl_top/u_measurement_core/u_time_x100_normalizer/u_apparent_s_scale_multiplier/product__5 input pin u_pqm_pl_top/u_measurement_core/u_time_x100_normalizer/u_apparent_s_scale_multiplier/product__5/A[15] is connected to registers with an asynchronous reset. This is preventing the possibility of merging these registers in to the DSP Block since the DSP block registers only possess synchronous reset capability.  It is suggested to recode or change these registers to remove the reset or use a synchronous reset to get the best optimization for performance, power and area.
Related violations: <none>

DPIR-1#661 Warning
Asynchronous driver check  
DSP u_pqm_pl_top/u_measurement_core/u_time_x100_normalizer/u_apparent_s_scale_multiplier/product__5 input pin u_pqm_pl_top/u_measurement_core/u_time_x100_normalizer/u_apparent_s_scale_multiplier/product__5/A[1] is connected to registers with an asynchronous reset. This is preventing the possibility of merging these registers in to the DSP Block since the DSP block registers only possess synchronous reset capability.  It is suggested to recode or change these registers to remove the reset or use a synchronous reset to get the best optimization for performance, power and area.
Related violations: <none>

DPIR-1#662 Warning
Asynchronous driver check  
DSP u_pqm_pl_top/u_measurement_core/u_time_x100_normalizer/u_apparent_s_scale_multiplier/product__5 input pin u_pqm_pl_top/u_measurement_core/u_time_x100_normalizer/u_apparent_s_scale_multiplier/product__5/A[2] is connected to registers with an asynchronous reset. This is preventing the possibility of merging these registers in to the DSP Block since the DSP block registers only possess synchronous reset capability.  It is suggested to recode or change these registers to remove the reset or use a synchronous reset to get the best optimization for performance, power and area.
Related violations: <none>

DPIR-1#663 Warning
Asynchronous driver check  
DSP u_pqm_pl_top/u_measurement_core/u_time_x100_normalizer/u_apparent_s_scale_multiplier/product__5 input pin u_pqm_pl_top/u_measurement_core/u_time_x100_normalizer/u_apparent_s_scale_multiplier/product__5/A[3] is connected to registers with an asynchronous reset. This is preventing the possibility of merging these registers in to the DSP Block since the DSP block registers only possess synchronous reset capability.  It is suggested to recode or change these registers to remove the reset or use a synchronous reset to get the best optimization for performance, power and area.
Related violations: <none>

DPIR-1#664 Warning
Asynchronous driver check  
DSP u_pqm_pl_top/u_measurement_core/u_time_x100_normalizer/u_apparent_s_scale_multiplier/product__5 input pin u_pqm_pl_top/u_measurement_core/u_time_x100_normalizer/u_apparent_s_scale_multiplier/product__5/A[4] is connected to registers with an asynchronous reset. This is preventing the possibility of merging these registers in to the DSP Block since the DSP block registers only possess synchronous reset capability.  It is suggested to recode or change these registers to remove the reset or use a synchronous reset to get the best optimization for performance, power and area.
Related violations: <none>

DPIR-1#665 Warning
Asynchronous driver check  
DSP u_pqm_pl_top/u_measurement_core/u_time_x100_normalizer/u_apparent_s_scale_multiplier/product__5 input pin u_pqm_pl_top/u_measurement_core/u_time_x100_normalizer/u_apparent_s_scale_multiplier/product__5/A[5] is connected to registers with an asynchronous reset. This is preventing the possibility of merging these registers in to the DSP Block since the DSP block registers only possess synchronous reset capability.  It is suggested to recode or change these registers to remove the reset or use a synchronous reset to get the best optimization for performance, power and area.
Related violations: <none>

DPIR-1#666 Warning
Asynchronous driver check  
DSP u_pqm_pl_top/u_measurement_core/u_time_x100_normalizer/u_apparent_s_scale_multiplier/product__5 input pin u_pqm_pl_top/u_measurement_core/u_time_x100_normalizer/u_apparent_s_scale_multiplier/product__5/A[6] is connected to registers with an asynchronous reset. This is preventing the possibility of merging these registers in to the DSP Block since the DSP block registers only possess synchronous reset capability.  It is suggested to recode or change these registers to remove the reset or use a synchronous reset to get the best optimization for performance, power and area.
Related violations: <none>

DPIR-1#667 Warning
Asynchronous driver check  
DSP u_pqm_pl_top/u_measurement_core/u_time_x100_normalizer/u_apparent_s_scale_multiplier/product__5 input pin u_pqm_pl_top/u_measurement_core/u_time_x100_normalizer/u_apparent_s_scale_multiplier/product__5/A[7] is connected to registers with an asynchronous reset. This is preventing the possibility of merging these registers in to the DSP Block since the DSP block registers only possess synchronous reset capability.  It is suggested to recode or change these registers to remove the reset or use a synchronous reset to get the best optimization for performance, power and area.
Related violations: <none>

DPIR-1#668 Warning
Asynchronous driver check  
DSP u_pqm_pl_top/u_measurement_core/u_time_x100_normalizer/u_apparent_s_scale_multiplier/product__5 input pin u_pqm_pl_top/u_measurement_core/u_time_x100_normalizer/u_apparent_s_scale_multiplier/product__5/A[8] is connected to registers with an asynchronous reset. This is preventing the possibility of merging these registers in to the DSP Block since the DSP block registers only possess synchronous reset capability.  It is suggested to recode or change these registers to remove the reset or use a synchronous reset to get the best optimization for performance, power and area.
Related violations: <none>

DPIR-1#669 Warning
Asynchronous driver check  
DSP u_pqm_pl_top/u_measurement_core/u_time_x100_normalizer/u_apparent_s_scale_multiplier/product__5 input pin u_pqm_pl_top/u_measurement_core/u_time_x100_normalizer/u_apparent_s_scale_multiplier/product__5/A[9] is connected to registers with an asynchronous reset. This is preventing the possibility of merging these registers in to the DSP Block since the DSP block registers only possess synchronous reset capability.  It is suggested to recode or change these registers to remove the reset or use a synchronous reset to get the best optimization for performance, power and area.
Related violations: <none>

DPIR-1#670 Warning
Asynchronous driver check  
DSP u_pqm_pl_top/u_measurement_core/u_time_x100_normalizer/u_apparent_s_scale_multiplier/product__5 input pin u_pqm_pl_top/u_measurement_core/u_time_x100_normalizer/u_apparent_s_scale_multiplier/product__5/B[0] is connected to registers with an asynchronous reset. This is preventing the possibility of merging these registers in to the DSP Block since the DSP block registers only possess synchronous reset capability.  It is suggested to recode or change these registers to remove the reset or use a synchronous reset to get the best optimization for performance, power and area.
Related violations: <none>

DPIR-1#671 Warning
Asynchronous driver check  
DSP u_pqm_pl_top/u_measurement_core/u_time_x100_normalizer/u_apparent_s_scale_multiplier/product__5 input pin u_pqm_pl_top/u_measurement_core/u_time_x100_normalizer/u_apparent_s_scale_multiplier/product__5/B[10] is connected to registers with an asynchronous reset. This is preventing the possibility of merging these registers in to the DSP Block since the DSP block registers only possess synchronous reset capability.  It is suggested to recode or change these registers to remove the reset or use a synchronous reset to get the best optimization for performance, power and area.
Related violations: <none>

DPIR-1#672 Warning
Asynchronous driver check  
DSP u_pqm_pl_top/u_measurement_core/u_time_x100_normalizer/u_apparent_s_scale_multiplier/product__5 input pin u_pqm_pl_top/u_measurement_core/u_time_x100_normalizer/u_apparent_s_scale_multiplier/product__5/B[11] is connected to registers with an asynchronous reset. This is preventing the possibility of merging these registers in to the DSP Block since the DSP block registers only possess synchronous reset capability.  It is suggested to recode or change these registers to remove the reset or use a synchronous reset to get the best optimization for performance, power and area.
Related violations: <none>

DPIR-1#673 Warning
Asynchronous driver check  
DSP u_pqm_pl_top/u_measurement_core/u_time_x100_normalizer/u_apparent_s_scale_multiplier/product__5 input pin u_pqm_pl_top/u_measurement_core/u_time_x100_normalizer/u_apparent_s_scale_multiplier/product__5/B[12] is connected to registers with an asynchronous reset. This is preventing the possibility of merging these registers in to the DSP Block since the DSP block registers only possess synchronous reset capability.  It is suggested to recode or change these registers to remove the reset or use a synchronous reset to get the best optimization for performance, power and area.
Related violations: <none>

DPIR-1#674 Warning
Asynchronous driver check  
DSP u_pqm_pl_top/u_measurement_core/u_time_x100_normalizer/u_apparent_s_scale_multiplier/product__5 input pin u_pqm_pl_top/u_measurement_core/u_time_x100_normalizer/u_apparent_s_scale_multiplier/product__5/B[13] is connected to registers with an asynchronous reset. This is preventing the possibility of merging these registers in to the DSP Block since the DSP block registers only possess synchronous reset capability.  It is suggested to recode or change these registers to remove the reset or use a synchronous reset to get the best optimization for performance, power and area.
Related violations: <none>

DPIR-1#675 Warning
Asynchronous driver check  
DSP u_pqm_pl_top/u_measurement_core/u_time_x100_normalizer/u_apparent_s_scale_multiplier/product__5 input pin u_pqm_pl_top/u_measurement_core/u_time_x100_normalizer/u_apparent_s_scale_multiplier/product__5/B[14] is connected to registers with an asynchronous reset. This is preventing the possibility of merging these registers in to the DSP Block since the DSP block registers only possess synchronous reset capability.  It is suggested to recode or change these registers to remove the reset or use a synchronous reset to get the best optimization for performance, power and area.
Related violations: <none>

DPIR-1#676 Warning
Asynchronous driver check  
DSP u_pqm_pl_top/u_measurement_core/u_time_x100_normalizer/u_apparent_s_scale_multiplier/product__5 input pin u_pqm_pl_top/u_measurement_core/u_time_x100_normalizer/u_apparent_s_scale_multiplier/product__5/B[15] is connected to registers with an asynchronous reset. This is preventing the possibility of merging these registers in to the DSP Block since the DSP block registers only possess synchronous reset capability.  It is suggested to recode or change these registers to remove the reset or use a synchronous reset to get the best optimization for performance, power and area.
Related violations: <none>

DPIR-1#677 Warning
Asynchronous driver check  
DSP u_pqm_pl_top/u_measurement_core/u_time_x100_normalizer/u_apparent_s_scale_multiplier/product__5 input pin u_pqm_pl_top/u_measurement_core/u_time_x100_normalizer/u_apparent_s_scale_multiplier/product__5/B[16] is connected to registers with an asynchronous reset. This is preventing the possibility of merging these registers in to the DSP Block since the DSP block registers only possess synchronous reset capability.  It is suggested to recode or change these registers to remove the reset or use a synchronous reset to get the best optimization for performance, power and area.
Related violations: <none>

DPIR-1#678 Warning
Asynchronous driver check  
DSP u_pqm_pl_top/u_measurement_core/u_time_x100_normalizer/u_apparent_s_scale_multiplier/product__5 input pin u_pqm_pl_top/u_measurement_core/u_time_x100_normalizer/u_apparent_s_scale_multiplier/product__5/B[1] is connected to registers with an asynchronous reset. This is preventing the possibility of merging these registers in to the DSP Block since the DSP block registers only possess synchronous reset capability.  It is suggested to recode or change these registers to remove the reset or use a synchronous reset to get the best optimization for performance, power and area.
Related violations: <none>

DPIR-1#679 Warning
Asynchronous driver check  
DSP u_pqm_pl_top/u_measurement_core/u_time_x100_normalizer/u_apparent_s_scale_multiplier/product__5 input pin u_pqm_pl_top/u_measurement_core/u_time_x100_normalizer/u_apparent_s_scale_multiplier/product__5/B[2] is connected to registers with an asynchronous reset. This is preventing the possibility of merging these registers in to the DSP Block since the DSP block registers only possess synchronous reset capability.  It is suggested to recode or change these registers to remove the reset or use a synchronous reset to get the best optimization for performance, power and area.
Related violations: <none>

DPIR-1#680 Warning
Asynchronous driver check  
DSP u_pqm_pl_top/u_measurement_core/u_time_x100_normalizer/u_apparent_s_scale_multiplier/product__5 input pin u_pqm_pl_top/u_measurement_core/u_time_x100_normalizer/u_apparent_s_scale_multiplier/product__5/B[3] is connected to registers with an asynchronous reset. This is preventing the possibility of merging these registers in to the DSP Block since the DSP block registers only possess synchronous reset capability.  It is suggested to recode or change these registers to remove the reset or use a synchronous reset to get the best optimization for performance, power and area.
Related violations: <none>

DPIR-1#681 Warning
Asynchronous driver check  
DSP u_pqm_pl_top/u_measurement_core/u_time_x100_normalizer/u_apparent_s_scale_multiplier/product__5 input pin u_pqm_pl_top/u_measurement_core/u_time_x100_normalizer/u_apparent_s_scale_multiplier/product__5/B[4] is connected to registers with an asynchronous reset. This is preventing the possibility of merging these registers in to the DSP Block since the DSP block registers only possess synchronous reset capability.  It is suggested to recode or change these registers to remove the reset or use a synchronous reset to get the best optimization for performance, power and area.
Related violations: <none>

DPIR-1#682 Warning
Asynchronous driver check  
DSP u_pqm_pl_top/u_measurement_core/u_time_x100_normalizer/u_apparent_s_scale_multiplier/product__5 input pin u_pqm_pl_top/u_measurement_core/u_time_x100_normalizer/u_apparent_s_scale_multiplier/product__5/B[5] is connected to registers with an asynchronous reset. This is preventing the possibility of merging these registers in to the DSP Block since the DSP block registers only possess synchronous reset capability.  It is suggested to recode or change these registers to remove the reset or use a synchronous reset to get the best optimization for performance, power and area.
Related violations: <none>

DPIR-1#683 Warning
Asynchronous driver check  
DSP u_pqm_pl_top/u_measurement_core/u_time_x100_normalizer/u_apparent_s_scale_multiplier/product__5 input pin u_pqm_pl_top/u_measurement_core/u_time_x100_normalizer/u_apparent_s_scale_multiplier/product__5/B[6] is connected to registers with an asynchronous reset. This is preventing the possibility of merging these registers in to the DSP Block since the DSP block registers only possess synchronous reset capability.  It is suggested to recode or change these registers to remove the reset or use a synchronous reset to get the best optimization for performance, power and area.
Related violations: <none>

DPIR-1#684 Warning
Asynchronous driver check  
DSP u_pqm_pl_top/u_measurement_core/u_time_x100_normalizer/u_apparent_s_scale_multiplier/product__5 input pin u_pqm_pl_top/u_measurement_core/u_time_x100_normalizer/u_apparent_s_scale_multiplier/product__5/B[7] is connected to registers with an asynchronous reset. This is preventing the possibility of merging these registers in to the DSP Block since the DSP block registers only possess synchronous reset capability.  It is suggested to recode or change these registers to remove the reset or use a synchronous reset to get the best optimization for performance, power and area.
Related violations: <none>

DPIR-1#685 Warning
Asynchronous driver check  
DSP u_pqm_pl_top/u_measurement_core/u_time_x100_normalizer/u_apparent_s_scale_multiplier/product__5 input pin u_pqm_pl_top/u_measurement_core/u_time_x100_normalizer/u_apparent_s_scale_multiplier/product__5/B[8] is connected to registers with an asynchronous reset. This is preventing the possibility of merging these registers in to the DSP Block since the DSP block registers only possess synchronous reset capability.  It is suggested to recode or change these registers to remove the reset or use a synchronous reset to get the best optimization for performance, power and area.
Related violations: <none>

DPIR-1#686 Warning
Asynchronous driver check  
DSP u_pqm_pl_top/u_measurement_core/u_time_x100_normalizer/u_apparent_s_scale_multiplier/product__5 input pin u_pqm_pl_top/u_measurement_core/u_time_x100_normalizer/u_apparent_s_scale_multiplier/product__5/B[9] is connected to registers with an asynchronous reset. This is preventing the possibility of merging these registers in to the DSP Block since the DSP block registers only possess synchronous reset capability.  It is suggested to recode or change these registers to remove the reset or use a synchronous reset to get the best optimization for performance, power and area.
Related violations: <none>

DPIR-1#687 Warning
Asynchronous driver check  
DSP u_pqm_pl_top/u_measurement_core/u_time_x100_normalizer/u_apparent_s_scale_multiplier/product__6 input pin u_pqm_pl_top/u_measurement_core/u_time_x100_normalizer/u_apparent_s_scale_multiplier/product__6/A[0] is connected to registers with an asynchronous reset. This is preventing the possibility of merging these registers in to the DSP Block since the DSP block registers only possess synchronous reset capability.  It is suggested to recode or change these registers to remove the reset or use a synchronous reset to get the best optimization for performance, power and area.
Related violations: <none>

DPIR-1#688 Warning
Asynchronous driver check  
DSP u_pqm_pl_top/u_measurement_core/u_time_x100_normalizer/u_apparent_s_scale_multiplier/product__6 input pin u_pqm_pl_top/u_measurement_core/u_time_x100_normalizer/u_apparent_s_scale_multiplier/product__6/A[10] is connected to registers with an asynchronous reset. This is preventing the possibility of merging these registers in to the DSP Block since the DSP block registers only possess synchronous reset capability.  It is suggested to recode or change these registers to remove the reset or use a synchronous reset to get the best optimization for performance, power and area.
Related violations: <none>

DPIR-1#689 Warning
Asynchronous driver check  
DSP u_pqm_pl_top/u_measurement_core/u_time_x100_normalizer/u_apparent_s_scale_multiplier/product__6 input pin u_pqm_pl_top/u_measurement_core/u_time_x100_normalizer/u_apparent_s_scale_multiplier/product__6/A[11] is connected to registers with an asynchronous reset. This is preventing the possibility of merging these registers in to the DSP Block since the DSP block registers only possess synchronous reset capability.  It is suggested to recode or change these registers to remove the reset or use a synchronous reset to get the best optimization for performance, power and area.
Related violations: <none>

DPIR-1#690 Warning
Asynchronous driver check  
DSP u_pqm_pl_top/u_measurement_core/u_time_x100_normalizer/u_apparent_s_scale_multiplier/product__6 input pin u_pqm_pl_top/u_measurement_core/u_time_x100_normalizer/u_apparent_s_scale_multiplier/product__6/A[12] is connected to registers with an asynchronous reset. This is preventing the possibility of merging these registers in to the DSP Block since the DSP block registers only possess synchronous reset capability.  It is suggested to recode or change these registers to remove the reset or use a synchronous reset to get the best optimization for performance, power and area.
Related violations: <none>

DPIR-1#691 Warning
Asynchronous driver check  
DSP u_pqm_pl_top/u_measurement_core/u_time_x100_normalizer/u_apparent_s_scale_multiplier/product__6 input pin u_pqm_pl_top/u_measurement_core/u_time_x100_normalizer/u_apparent_s_scale_multiplier/product__6/A[13] is connected to registers with an asynchronous reset. This is preventing the possibility of merging these registers in to the DSP Block since the DSP block registers only possess synchronous reset capability.  It is suggested to recode or change these registers to remove the reset or use a synchronous reset to get the best optimization for performance, power and area.
Related violations: <none>

DPIR-1#692 Warning
Asynchronous driver check  
DSP u_pqm_pl_top/u_measurement_core/u_time_x100_normalizer/u_apparent_s_scale_multiplier/product__6 input pin u_pqm_pl_top/u_measurement_core/u_time_x100_normalizer/u_apparent_s_scale_multiplier/product__6/A[14] is connected to registers with an asynchronous reset. This is preventing the possibility of merging these registers in to the DSP Block since the DSP block registers only possess synchronous reset capability.  It is suggested to recode or change these registers to remove the reset or use a synchronous reset to get the best optimization for performance, power and area.
Related violations: <none>

DPIR-1#693 Warning
Asynchronous driver check  
DSP u_pqm_pl_top/u_measurement_core/u_time_x100_normalizer/u_apparent_s_scale_multiplier/product__6 input pin u_pqm_pl_top/u_measurement_core/u_time_x100_normalizer/u_apparent_s_scale_multiplier/product__6/A[15] is connected to registers with an asynchronous reset. This is preventing the possibility of merging these registers in to the DSP Block since the DSP block registers only possess synchronous reset capability.  It is suggested to recode or change these registers to remove the reset or use a synchronous reset to get the best optimization for performance, power and area.
Related violations: <none>

DPIR-1#694 Warning
Asynchronous driver check  
DSP u_pqm_pl_top/u_measurement_core/u_time_x100_normalizer/u_apparent_s_scale_multiplier/product__6 input pin u_pqm_pl_top/u_measurement_core/u_time_x100_normalizer/u_apparent_s_scale_multiplier/product__6/A[1] is connected to registers with an asynchronous reset. This is preventing the possibility of merging these registers in to the DSP Block since the DSP block registers only possess synchronous reset capability.  It is suggested to recode or change these registers to remove the reset or use a synchronous reset to get the best optimization for performance, power and area.
Related violations: <none>

DPIR-1#695 Warning
Asynchronous driver check  
DSP u_pqm_pl_top/u_measurement_core/u_time_x100_normalizer/u_apparent_s_scale_multiplier/product__6 input pin u_pqm_pl_top/u_measurement_core/u_time_x100_normalizer/u_apparent_s_scale_multiplier/product__6/A[2] is connected to registers with an asynchronous reset. This is preventing the possibility of merging these registers in to the DSP Block since the DSP block registers only possess synchronous reset capability.  It is suggested to recode or change these registers to remove the reset or use a synchronous reset to get the best optimization for performance, power and area.
Related violations: <none>

DPIR-1#696 Warning
Asynchronous driver check  
DSP u_pqm_pl_top/u_measurement_core/u_time_x100_normalizer/u_apparent_s_scale_multiplier/product__6 input pin u_pqm_pl_top/u_measurement_core/u_time_x100_normalizer/u_apparent_s_scale_multiplier/product__6/A[3] is connected to registers with an asynchronous reset. This is preventing the possibility of merging these registers in to the DSP Block since the DSP block registers only possess synchronous reset capability.  It is suggested to recode or change these registers to remove the reset or use a synchronous reset to get the best optimization for performance, power and area.
Related violations: <none>

DPIR-1#697 Warning
Asynchronous driver check  
DSP u_pqm_pl_top/u_measurement_core/u_time_x100_normalizer/u_apparent_s_scale_multiplier/product__6 input pin u_pqm_pl_top/u_measurement_core/u_time_x100_normalizer/u_apparent_s_scale_multiplier/product__6/A[4] is connected to registers with an asynchronous reset. This is preventing the possibility of merging these registers in to the DSP Block since the DSP block registers only possess synchronous reset capability.  It is suggested to recode or change these registers to remove the reset or use a synchronous reset to get the best optimization for performance, power and area.
Related violations: <none>

DPIR-1#698 Warning
Asynchronous driver check  
DSP u_pqm_pl_top/u_measurement_core/u_time_x100_normalizer/u_apparent_s_scale_multiplier/product__6 input pin u_pqm_pl_top/u_measurement_core/u_time_x100_normalizer/u_apparent_s_scale_multiplier/product__6/A[5] is connected to registers with an asynchronous reset. This is preventing the possibility of merging these registers in to the DSP Block since the DSP block registers only possess synchronous reset capability.  It is suggested to recode or change these registers to remove the reset or use a synchronous reset to get the best optimization for performance, power and area.
Related violations: <none>

DPIR-1#699 Warning
Asynchronous driver check  
DSP u_pqm_pl_top/u_measurement_core/u_time_x100_normalizer/u_apparent_s_scale_multiplier/product__6 input pin u_pqm_pl_top/u_measurement_core/u_time_x100_normalizer/u_apparent_s_scale_multiplier/product__6/A[6] is connected to registers with an asynchronous reset. This is preventing the possibility of merging these registers in to the DSP Block since the DSP block registers only possess synchronous reset capability.  It is suggested to recode or change these registers to remove the reset or use a synchronous reset to get the best optimization for performance, power and area.
Related violations: <none>

DPIR-1#700 Warning
Asynchronous driver check  
DSP u_pqm_pl_top/u_measurement_core/u_time_x100_normalizer/u_apparent_s_scale_multiplier/product__6 input pin u_pqm_pl_top/u_measurement_core/u_time_x100_normalizer/u_apparent_s_scale_multiplier/product__6/A[7] is connected to registers with an asynchronous reset. This is preventing the possibility of merging these registers in to the DSP Block since the DSP block registers only possess synchronous reset capability.  It is suggested to recode or change these registers to remove the reset or use a synchronous reset to get the best optimization for performance, power and area.
Related violations: <none>

DPIR-1#701 Warning
Asynchronous driver check  
DSP u_pqm_pl_top/u_measurement_core/u_time_x100_normalizer/u_apparent_s_scale_multiplier/product__6 input pin u_pqm_pl_top/u_measurement_core/u_time_x100_normalizer/u_apparent_s_scale_multiplier/product__6/A[8] is connected to registers with an asynchronous reset. This is preventing the possibility of merging these registers in to the DSP Block since the DSP block registers only possess synchronous reset capability.  It is suggested to recode or change these registers to remove the reset or use a synchronous reset to get the best optimization for performance, power and area.
Related violations: <none>

DPIR-1#702 Warning
Asynchronous driver check  
DSP u_pqm_pl_top/u_measurement_core/u_time_x100_normalizer/u_apparent_s_scale_multiplier/product__6 input pin u_pqm_pl_top/u_measurement_core/u_time_x100_normalizer/u_apparent_s_scale_multiplier/product__6/A[9] is connected to registers with an asynchronous reset. This is preventing the possibility of merging these registers in to the DSP Block since the DSP block registers only possess synchronous reset capability.  It is suggested to recode or change these registers to remove the reset or use a synchronous reset to get the best optimization for performance, power and area.
Related violations: <none>

DPIR-1#703 Warning
Asynchronous driver check  
DSP u_pqm_pl_top/u_measurement_core/u_time_x100_normalizer/u_apparent_s_scale_multiplier/product__6 input pin u_pqm_pl_top/u_measurement_core/u_time_x100_normalizer/u_apparent_s_scale_multiplier/product__6/B[0] is connected to registers with an asynchronous reset. This is preventing the possibility of merging these registers in to the DSP Block since the DSP block registers only possess synchronous reset capability.  It is suggested to recode or change these registers to remove the reset or use a synchronous reset to get the best optimization for performance, power and area.
Related violations: <none>

DPIR-1#704 Warning
Asynchronous driver check  
DSP u_pqm_pl_top/u_measurement_core/u_time_x100_normalizer/u_apparent_s_scale_multiplier/product__6 input pin u_pqm_pl_top/u_measurement_core/u_time_x100_normalizer/u_apparent_s_scale_multiplier/product__6/B[10] is connected to registers with an asynchronous reset. This is preventing the possibility of merging these registers in to the DSP Block since the DSP block registers only possess synchronous reset capability.  It is suggested to recode or change these registers to remove the reset or use a synchronous reset to get the best optimization for performance, power and area.
Related violations: <none>

DPIR-1#705 Warning
Asynchronous driver check  
DSP u_pqm_pl_top/u_measurement_core/u_time_x100_normalizer/u_apparent_s_scale_multiplier/product__6 input pin u_pqm_pl_top/u_measurement_core/u_time_x100_normalizer/u_apparent_s_scale_multiplier/product__6/B[11] is connected to registers with an asynchronous reset. This is preventing the possibility of merging these registers in to the DSP Block since the DSP block registers only possess synchronous reset capability.  It is suggested to recode or change these registers to remove the reset or use a synchronous reset to get the best optimization for performance, power and area.
Related violations: <none>

DPIR-1#706 Warning
Asynchronous driver check  
DSP u_pqm_pl_top/u_measurement_core/u_time_x100_normalizer/u_apparent_s_scale_multiplier/product__6 input pin u_pqm_pl_top/u_measurement_core/u_time_x100_normalizer/u_apparent_s_scale_multiplier/product__6/B[12] is connected to registers with an asynchronous reset. This is preventing the possibility of merging these registers in to the DSP Block since the DSP block registers only possess synchronous reset capability.  It is suggested to recode or change these registers to remove the reset or use a synchronous reset to get the best optimization for performance, power and area.
Related violations: <none>

DPIR-1#707 Warning
Asynchronous driver check  
DSP u_pqm_pl_top/u_measurement_core/u_time_x100_normalizer/u_apparent_s_scale_multiplier/product__6 input pin u_pqm_pl_top/u_measurement_core/u_time_x100_normalizer/u_apparent_s_scale_multiplier/product__6/B[13] is connected to registers with an asynchronous reset. This is preventing the possibility of merging these registers in to the DSP Block since the DSP block registers only possess synchronous reset capability.  It is suggested to recode or change these registers to remove the reset or use a synchronous reset to get the best optimization for performance, power and area.
Related violations: <none>

DPIR-1#708 Warning
Asynchronous driver check  
DSP u_pqm_pl_top/u_measurement_core/u_time_x100_normalizer/u_apparent_s_scale_multiplier/product__6 input pin u_pqm_pl_top/u_measurement_core/u_time_x100_normalizer/u_apparent_s_scale_multiplier/product__6/B[1] is connected to registers with an asynchronous reset. This is preventing the possibility of merging these registers in to the DSP Block since the DSP block registers only possess synchronous reset capability.  It is suggested to recode or change these registers to remove the reset or use a synchronous reset to get the best optimization for performance, power and area.
Related violations: <none>

DPIR-1#709 Warning
Asynchronous driver check  
DSP u_pqm_pl_top/u_measurement_core/u_time_x100_normalizer/u_apparent_s_scale_multiplier/product__6 input pin u_pqm_pl_top/u_measurement_core/u_time_x100_normalizer/u_apparent_s_scale_multiplier/product__6/B[2] is connected to registers with an asynchronous reset. This is preventing the possibility of merging these registers in to the DSP Block since the DSP block registers only possess synchronous reset capability.  It is suggested to recode or change these registers to remove the reset or use a synchronous reset to get the best optimization for performance, power and area.
Related violations: <none>

DPIR-1#710 Warning
Asynchronous driver check  
DSP u_pqm_pl_top/u_measurement_core/u_time_x100_normalizer/u_apparent_s_scale_multiplier/product__6 input pin u_pqm_pl_top/u_measurement_core/u_time_x100_normalizer/u_apparent_s_scale_multiplier/product__6/B[3] is connected to registers with an asynchronous reset. This is preventing the possibility of merging these registers in to the DSP Block since the DSP block registers only possess synchronous reset capability.  It is suggested to recode or change these registers to remove the reset or use a synchronous reset to get the best optimization for performance, power and area.
Related violations: <none>

DPIR-1#711 Warning
Asynchronous driver check  
DSP u_pqm_pl_top/u_measurement_core/u_time_x100_normalizer/u_apparent_s_scale_multiplier/product__6 input pin u_pqm_pl_top/u_measurement_core/u_time_x100_normalizer/u_apparent_s_scale_multiplier/product__6/B[4] is connected to registers with an asynchronous reset. This is preventing the possibility of merging these registers in to the DSP Block since the DSP block registers only possess synchronous reset capability.  It is suggested to recode or change these registers to remove the reset or use a synchronous reset to get the best optimization for performance, power and area.
Related violations: <none>

DPIR-1#712 Warning
Asynchronous driver check  
DSP u_pqm_pl_top/u_measurement_core/u_time_x100_normalizer/u_apparent_s_scale_multiplier/product__6 input pin u_pqm_pl_top/u_measurement_core/u_time_x100_normalizer/u_apparent_s_scale_multiplier/product__6/B[5] is connected to registers with an asynchronous reset. This is preventing the possibility of merging these registers in to the DSP Block since the DSP block registers only possess synchronous reset capability.  It is suggested to recode or change these registers to remove the reset or use a synchronous reset to get the best optimization for performance, power and area.
Related violations: <none>

DPIR-1#713 Warning
Asynchronous driver check  
DSP u_pqm_pl_top/u_measurement_core/u_time_x100_normalizer/u_apparent_s_scale_multiplier/product__6 input pin u_pqm_pl_top/u_measurement_core/u_time_x100_normalizer/u_apparent_s_scale_multiplier/product__6/B[6] is connected to registers with an asynchronous reset. This is preventing the possibility of merging these registers in to the DSP Block since the DSP block registers only possess synchronous reset capability.  It is suggested to recode or change these registers to remove the reset or use a synchronous reset to get the best optimization for performance, power and area.
Related violations: <none>

DPIR-1#714 Warning
Asynchronous driver check  
DSP u_pqm_pl_top/u_measurement_core/u_time_x100_normalizer/u_apparent_s_scale_multiplier/product__6 input pin u_pqm_pl_top/u_measurement_core/u_time_x100_normalizer/u_apparent_s_scale_multiplier/product__6/B[7] is connected to registers with an asynchronous reset. This is preventing the possibility of merging these registers in to the DSP Block since the DSP block registers only possess synchronous reset capability.  It is suggested to recode or change these registers to remove the reset or use a synchronous reset to get the best optimization for performance, power and area.
Related violations: <none>

DPIR-1#715 Warning
Asynchronous driver check  
DSP u_pqm_pl_top/u_measurement_core/u_time_x100_normalizer/u_apparent_s_scale_multiplier/product__6 input pin u_pqm_pl_top/u_measurement_core/u_time_x100_normalizer/u_apparent_s_scale_multiplier/product__6/B[8] is connected to registers with an asynchronous reset. This is preventing the possibility of merging these registers in to the DSP Block since the DSP block registers only possess synchronous reset capability.  It is suggested to recode or change these registers to remove the reset or use a synchronous reset to get the best optimization for performance, power and area.
Related violations: <none>

DPIR-1#716 Warning
Asynchronous driver check  
DSP u_pqm_pl_top/u_measurement_core/u_time_x100_normalizer/u_apparent_s_scale_multiplier/product__6 input pin u_pqm_pl_top/u_measurement_core/u_time_x100_normalizer/u_apparent_s_scale_multiplier/product__6/B[9] is connected to registers with an asynchronous reset. This is preventing the possibility of merging these registers in to the DSP Block since the DSP block registers only possess synchronous reset capability.  It is suggested to recode or change these registers to remove the reset or use a synchronous reset to get the best optimization for performance, power and area.
Related violations: <none>

DPIR-1#717 Warning
Asynchronous driver check  
DSP u_pqm_pl_top/u_measurement_core/u_time_x100_normalizer/u_full_scale_multiplier/product input pin u_pqm_pl_top/u_measurement_core/u_time_x100_normalizer/u_full_scale_multiplier/product/A[11] is connected to registers with an asynchronous reset. This is preventing the possibility of merging these registers in to the DSP Block since the DSP block registers only possess synchronous reset capability.  It is suggested to recode or change these registers to remove the reset or use a synchronous reset to get the best optimization for performance, power and area.
Related violations: <none>

DPIR-1#718 Warning
Asynchronous driver check  
DSP u_pqm_pl_top/u_measurement_core/u_time_x100_normalizer/u_full_scale_multiplier/product input pin u_pqm_pl_top/u_measurement_core/u_time_x100_normalizer/u_full_scale_multiplier/product/A[2] is connected to registers with an asynchronous reset. This is preventing the possibility of merging these registers in to the DSP Block since the DSP block registers only possess synchronous reset capability.  It is suggested to recode or change these registers to remove the reset or use a synchronous reset to get the best optimization for performance, power and area.
Related violations: <none>

DPIR-1#719 Warning
Asynchronous driver check  
DSP u_pqm_pl_top/u_measurement_core/u_time_x100_normalizer/u_full_scale_multiplier/product input pin u_pqm_pl_top/u_measurement_core/u_time_x100_normalizer/u_full_scale_multiplier/product/A[3] is connected to registers with an asynchronous reset. This is preventing the possibility of merging these registers in to the DSP Block since the DSP block registers only possess synchronous reset capability.  It is suggested to recode or change these registers to remove the reset or use a synchronous reset to get the best optimization for performance, power and area.
Related violations: <none>

DPIR-1#720 Warning
Asynchronous driver check  
DSP u_pqm_pl_top/u_measurement_core/u_time_x100_normalizer/u_full_scale_multiplier/product input pin u_pqm_pl_top/u_measurement_core/u_time_x100_normalizer/u_full_scale_multiplier/product/A[4] is connected to registers with an asynchronous reset. This is preventing the possibility of merging these registers in to the DSP Block since the DSP block registers only possess synchronous reset capability.  It is suggested to recode or change these registers to remove the reset or use a synchronous reset to get the best optimization for performance, power and area.
Related violations: <none>

DPIR-1#721 Warning
Asynchronous driver check  
DSP u_pqm_pl_top/u_measurement_core/u_time_x100_normalizer/u_full_scale_multiplier/product input pin u_pqm_pl_top/u_measurement_core/u_time_x100_normalizer/u_full_scale_multiplier/product/A[5] is connected to registers with an asynchronous reset. This is preventing the possibility of merging these registers in to the DSP Block since the DSP block registers only possess synchronous reset capability.  It is suggested to recode or change these registers to remove the reset or use a synchronous reset to get the best optimization for performance, power and area.
Related violations: <none>

DPIR-1#722 Warning
Asynchronous driver check  
DSP u_pqm_pl_top/u_measurement_core/u_time_x100_normalizer/u_full_scale_multiplier/product input pin u_pqm_pl_top/u_measurement_core/u_time_x100_normalizer/u_full_scale_multiplier/product/A[7] is connected to registers with an asynchronous reset. This is preventing the possibility of merging these registers in to the DSP Block since the DSP block registers only possess synchronous reset capability.  It is suggested to recode or change these registers to remove the reset or use a synchronous reset to get the best optimization for performance, power and area.
Related violations: <none>

DPIR-1#723 Warning
Asynchronous driver check  
DSP u_pqm_pl_top/u_measurement_core/u_time_x100_normalizer/u_full_scale_multiplier/product input pin u_pqm_pl_top/u_measurement_core/u_time_x100_normalizer/u_full_scale_multiplier/product/A[8] is connected to registers with an asynchronous reset. This is preventing the possibility of merging these registers in to the DSP Block since the DSP block registers only possess synchronous reset capability.  It is suggested to recode or change these registers to remove the reset or use a synchronous reset to get the best optimization for performance, power and area.
Related violations: <none>

DPIR-1#724 Warning
Asynchronous driver check  
DSP u_pqm_pl_top/u_measurement_core/u_time_x100_normalizer/u_full_scale_multiplier/product input pin u_pqm_pl_top/u_measurement_core/u_time_x100_normalizer/u_full_scale_multiplier/product/A[9] is connected to registers with an asynchronous reset. This is preventing the possibility of merging these registers in to the DSP Block since the DSP block registers only possess synchronous reset capability.  It is suggested to recode or change these registers to remove the reset or use a synchronous reset to get the best optimization for performance, power and area.
Related violations: <none>

DPIR-1#725 Warning
Asynchronous driver check  
DSP u_pqm_pl_top/u_measurement_core/u_time_x100_normalizer/u_full_scale_multiplier/product__1 input pin u_pqm_pl_top/u_measurement_core/u_time_x100_normalizer/u_full_scale_multiplier/product__1/A[11] is connected to registers with an asynchronous reset. This is preventing the possibility of merging these registers in to the DSP Block since the DSP block registers only possess synchronous reset capability.  It is suggested to recode or change these registers to remove the reset or use a synchronous reset to get the best optimization for performance, power and area.
Related violations: <none>

DPIR-1#726 Warning
Asynchronous driver check  
DSP u_pqm_pl_top/u_measurement_core/u_time_x100_normalizer/u_full_scale_multiplier/product__1 input pin u_pqm_pl_top/u_measurement_core/u_time_x100_normalizer/u_full_scale_multiplier/product__1/A[15] is connected to registers with an asynchronous reset. This is preventing the possibility of merging these registers in to the DSP Block since the DSP block registers only possess synchronous reset capability.  It is suggested to recode or change these registers to remove the reset or use a synchronous reset to get the best optimization for performance, power and area.
Related violations: <none>

DPIR-1#727 Warning
Asynchronous driver check  
DSP u_pqm_pl_top/u_measurement_core/u_time_x100_normalizer/u_full_scale_multiplier/product__1 input pin u_pqm_pl_top/u_measurement_core/u_time_x100_normalizer/u_full_scale_multiplier/product__1/A[3] is connected to registers with an asynchronous reset. This is preventing the possibility of merging these registers in to the DSP Block since the DSP block registers only possess synchronous reset capability.  It is suggested to recode or change these registers to remove the reset or use a synchronous reset to get the best optimization for performance, power and area.
Related violations: <none>

DPIR-1#728 Warning
Asynchronous driver check  
DSP u_pqm_pl_top/u_measurement_core/u_time_x100_normalizer/u_full_scale_multiplier/product__1 input pin u_pqm_pl_top/u_measurement_core/u_time_x100_normalizer/u_full_scale_multiplier/product__1/A[4] is connected to registers with an asynchronous reset. This is preventing the possibility of merging these registers in to the DSP Block since the DSP block registers only possess synchronous reset capability.  It is suggested to recode or change these registers to remove the reset or use a synchronous reset to get the best optimization for performance, power and area.
Related violations: <none>

DPIR-1#729 Warning
Asynchronous driver check  
DSP u_pqm_pl_top/u_measurement_core/u_time_x100_normalizer/u_full_scale_multiplier/product__1 input pin u_pqm_pl_top/u_measurement_core/u_time_x100_normalizer/u_full_scale_multiplier/product__1/A[5] is connected to registers with an asynchronous reset. This is preventing the possibility of merging these registers in to the DSP Block since the DSP block registers only possess synchronous reset capability.  It is suggested to recode or change these registers to remove the reset or use a synchronous reset to get the best optimization for performance, power and area.
Related violations: <none>

DPIR-1#730 Warning
Asynchronous driver check  
DSP u_pqm_pl_top/u_measurement_core/u_time_x100_normalizer/u_full_scale_multiplier/product__1 input pin u_pqm_pl_top/u_measurement_core/u_time_x100_normalizer/u_full_scale_multiplier/product__1/A[6] is connected to registers with an asynchronous reset. This is preventing the possibility of merging these registers in to the DSP Block since the DSP block registers only possess synchronous reset capability.  It is suggested to recode or change these registers to remove the reset or use a synchronous reset to get the best optimization for performance, power and area.
Related violations: <none>

DPIR-1#731 Warning
Asynchronous driver check  
DSP u_pqm_pl_top/u_measurement_core/u_time_x100_normalizer/u_full_scale_multiplier/product__1 input pin u_pqm_pl_top/u_measurement_core/u_time_x100_normalizer/u_full_scale_multiplier/product__1/A[7] is connected to registers with an asynchronous reset. This is preventing the possibility of merging these registers in to the DSP Block since the DSP block registers only possess synchronous reset capability.  It is suggested to recode or change these registers to remove the reset or use a synchronous reset to get the best optimization for performance, power and area.
Related violations: <none>

DPIR-1#732 Warning
Asynchronous driver check  
DSP u_pqm_pl_top/u_measurement_core/u_time_x100_normalizer/u_full_scale_multiplier/product__1 input pin u_pqm_pl_top/u_measurement_core/u_time_x100_normalizer/u_full_scale_multiplier/product__1/A[8] is connected to registers with an asynchronous reset. This is preventing the possibility of merging these registers in to the DSP Block since the DSP block registers only possess synchronous reset capability.  It is suggested to recode or change these registers to remove the reset or use a synchronous reset to get the best optimization for performance, power and area.
Related violations: <none>

DPIR-1#733 Warning
Asynchronous driver check  
DSP u_pqm_pl_top/u_measurement_core/u_time_x100_normalizer/u_full_scale_multiplier/product__1 input pin u_pqm_pl_top/u_measurement_core/u_time_x100_normalizer/u_full_scale_multiplier/product__1/A[9] is connected to registers with an asynchronous reset. This is preventing the possibility of merging these registers in to the DSP Block since the DSP block registers only possess synchronous reset capability.  It is suggested to recode or change these registers to remove the reset or use a synchronous reset to get the best optimization for performance, power and area.
Related violations: <none>

DPIR-1#734 Warning
Asynchronous driver check  
DSP u_pqm_pl_top/u_measurement_core/u_time_x100_normalizer/u_full_scale_multiplier/product__1 input pin u_pqm_pl_top/u_measurement_core/u_time_x100_normalizer/u_full_scale_multiplier/product__1/B[11] is connected to registers with an asynchronous reset. This is preventing the possibility of merging these registers in to the DSP Block since the DSP block registers only possess synchronous reset capability.  It is suggested to recode or change these registers to remove the reset or use a synchronous reset to get the best optimization for performance, power and area.
Related violations: <none>

DPIR-1#735 Warning
Asynchronous driver check  
DSP u_pqm_pl_top/u_measurement_core/u_time_x100_normalizer/u_full_scale_multiplier/product__1 input pin u_pqm_pl_top/u_measurement_core/u_time_x100_normalizer/u_full_scale_multiplier/product__1/B[2] is connected to registers with an asynchronous reset. This is preventing the possibility of merging these registers in to the DSP Block since the DSP block registers only possess synchronous reset capability.  It is suggested to recode or change these registers to remove the reset or use a synchronous reset to get the best optimization for performance, power and area.
Related violations: <none>

DPIR-1#736 Warning
Asynchronous driver check  
DSP u_pqm_pl_top/u_measurement_core/u_time_x100_normalizer/u_full_scale_multiplier/product__1 input pin u_pqm_pl_top/u_measurement_core/u_time_x100_normalizer/u_full_scale_multiplier/product__1/B[3] is connected to registers with an asynchronous reset. This is preventing the possibility of merging these registers in to the DSP Block since the DSP block registers only possess synchronous reset capability.  It is suggested to recode or change these registers to remove the reset or use a synchronous reset to get the best optimization for performance, power and area.
Related violations: <none>

DPIR-1#737 Warning
Asynchronous driver check  
DSP u_pqm_pl_top/u_measurement_core/u_time_x100_normalizer/u_full_scale_multiplier/product__1 input pin u_pqm_pl_top/u_measurement_core/u_time_x100_normalizer/u_full_scale_multiplier/product__1/B[4] is connected to registers with an asynchronous reset. This is preventing the possibility of merging these registers in to the DSP Block since the DSP block registers only possess synchronous reset capability.  It is suggested to recode or change these registers to remove the reset or use a synchronous reset to get the best optimization for performance, power and area.
Related violations: <none>

DPIR-1#738 Warning
Asynchronous driver check  
DSP u_pqm_pl_top/u_measurement_core/u_time_x100_normalizer/u_full_scale_multiplier/product__1 input pin u_pqm_pl_top/u_measurement_core/u_time_x100_normalizer/u_full_scale_multiplier/product__1/B[5] is connected to registers with an asynchronous reset. This is preventing the possibility of merging these registers in to the DSP Block since the DSP block registers only possess synchronous reset capability.  It is suggested to recode or change these registers to remove the reset or use a synchronous reset to get the best optimization for performance, power and area.
Related violations: <none>

DPIR-1#739 Warning
Asynchronous driver check  
DSP u_pqm_pl_top/u_measurement_core/u_time_x100_normalizer/u_full_scale_multiplier/product__1 input pin u_pqm_pl_top/u_measurement_core/u_time_x100_normalizer/u_full_scale_multiplier/product__1/B[7] is connected to registers with an asynchronous reset. This is preventing the possibility of merging these registers in to the DSP Block since the DSP block registers only possess synchronous reset capability.  It is suggested to recode or change these registers to remove the reset or use a synchronous reset to get the best optimization for performance, power and area.
Related violations: <none>

DPIR-1#740 Warning
Asynchronous driver check  
DSP u_pqm_pl_top/u_measurement_core/u_time_x100_normalizer/u_full_scale_multiplier/product__1 input pin u_pqm_pl_top/u_measurement_core/u_time_x100_normalizer/u_full_scale_multiplier/product__1/B[8] is connected to registers with an asynchronous reset. This is preventing the possibility of merging these registers in to the DSP Block since the DSP block registers only possess synchronous reset capability.  It is suggested to recode or change these registers to remove the reset or use a synchronous reset to get the best optimization for performance, power and area.
Related violations: <none>

DPIR-1#741 Warning
Asynchronous driver check  
DSP u_pqm_pl_top/u_measurement_core/u_time_x100_normalizer/u_full_scale_multiplier/product__1 input pin u_pqm_pl_top/u_measurement_core/u_time_x100_normalizer/u_full_scale_multiplier/product__1/B[9] is connected to registers with an asynchronous reset. This is preventing the possibility of merging these registers in to the DSP Block since the DSP block registers only possess synchronous reset capability.  It is suggested to recode or change these registers to remove the reset or use a synchronous reset to get the best optimization for performance, power and area.
Related violations: <none>

DPIR-1#742 Warning
Asynchronous driver check  
DSP u_pqm_pl_top/u_measurement_core/u_time_x100_normalizer/u_full_scale_multiplier/product__2 input pin u_pqm_pl_top/u_measurement_core/u_time_x100_normalizer/u_full_scale_multiplier/product__2/A[11] is connected to registers with an asynchronous reset. This is preventing the possibility of merging these registers in to the DSP Block since the DSP block registers only possess synchronous reset capability.  It is suggested to recode or change these registers to remove the reset or use a synchronous reset to get the best optimization for performance, power and area.
Related violations: <none>

DPIR-1#743 Warning
Asynchronous driver check  
DSP u_pqm_pl_top/u_measurement_core/u_time_x100_normalizer/u_full_scale_multiplier/product__2 input pin u_pqm_pl_top/u_measurement_core/u_time_x100_normalizer/u_full_scale_multiplier/product__2/A[15] is connected to registers with an asynchronous reset. This is preventing the possibility of merging these registers in to the DSP Block since the DSP block registers only possess synchronous reset capability.  It is suggested to recode or change these registers to remove the reset or use a synchronous reset to get the best optimization for performance, power and area.
Related violations: <none>

DPIR-1#744 Warning
Asynchronous driver check  
DSP u_pqm_pl_top/u_measurement_core/u_time_x100_normalizer/u_full_scale_multiplier/product__2 input pin u_pqm_pl_top/u_measurement_core/u_time_x100_normalizer/u_full_scale_multiplier/product__2/A[3] is connected to registers with an asynchronous reset. This is preventing the possibility of merging these registers in to the DSP Block since the DSP block registers only possess synchronous reset capability.  It is suggested to recode or change these registers to remove the reset or use a synchronous reset to get the best optimization for performance, power and area.
Related violations: <none>

DPIR-1#745 Warning
Asynchronous driver check  
DSP u_pqm_pl_top/u_measurement_core/u_time_x100_normalizer/u_full_scale_multiplier/product__2 input pin u_pqm_pl_top/u_measurement_core/u_time_x100_normalizer/u_full_scale_multiplier/product__2/A[4] is connected to registers with an asynchronous reset. This is preventing the possibility of merging these registers in to the DSP Block since the DSP block registers only possess synchronous reset capability.  It is suggested to recode or change these registers to remove the reset or use a synchronous reset to get the best optimization for performance, power and area.
Related violations: <none>

DPIR-1#746 Warning
Asynchronous driver check  
DSP u_pqm_pl_top/u_measurement_core/u_time_x100_normalizer/u_full_scale_multiplier/product__2 input pin u_pqm_pl_top/u_measurement_core/u_time_x100_normalizer/u_full_scale_multiplier/product__2/A[5] is connected to registers with an asynchronous reset. This is preventing the possibility of merging these registers in to the DSP Block since the DSP block registers only possess synchronous reset capability.  It is suggested to recode or change these registers to remove the reset or use a synchronous reset to get the best optimization for performance, power and area.
Related violations: <none>

DPIR-1#747 Warning
Asynchronous driver check  
DSP u_pqm_pl_top/u_measurement_core/u_time_x100_normalizer/u_full_scale_multiplier/product__2 input pin u_pqm_pl_top/u_measurement_core/u_time_x100_normalizer/u_full_scale_multiplier/product__2/A[6] is connected to registers with an asynchronous reset. This is preventing the possibility of merging these registers in to the DSP Block since the DSP block registers only possess synchronous reset capability.  It is suggested to recode or change these registers to remove the reset or use a synchronous reset to get the best optimization for performance, power and area.
Related violations: <none>

DPIR-1#748 Warning
Asynchronous driver check  
DSP u_pqm_pl_top/u_measurement_core/u_time_x100_normalizer/u_full_scale_multiplier/product__2 input pin u_pqm_pl_top/u_measurement_core/u_time_x100_normalizer/u_full_scale_multiplier/product__2/A[7] is connected to registers with an asynchronous reset. This is preventing the possibility of merging these registers in to the DSP Block since the DSP block registers only possess synchronous reset capability.  It is suggested to recode or change these registers to remove the reset or use a synchronous reset to get the best optimization for performance, power and area.
Related violations: <none>

DPIR-1#749 Warning
Asynchronous driver check  
DSP u_pqm_pl_top/u_measurement_core/u_time_x100_normalizer/u_full_scale_multiplier/product__2 input pin u_pqm_pl_top/u_measurement_core/u_time_x100_normalizer/u_full_scale_multiplier/product__2/A[8] is connected to registers with an asynchronous reset. This is preventing the possibility of merging these registers in to the DSP Block since the DSP block registers only possess synchronous reset capability.  It is suggested to recode or change these registers to remove the reset or use a synchronous reset to get the best optimization for performance, power and area.
Related violations: <none>

DPIR-1#750 Warning
Asynchronous driver check  
DSP u_pqm_pl_top/u_measurement_core/u_time_x100_normalizer/u_full_scale_multiplier/product__2 input pin u_pqm_pl_top/u_measurement_core/u_time_x100_normalizer/u_full_scale_multiplier/product__2/A[9] is connected to registers with an asynchronous reset. This is preventing the possibility of merging these registers in to the DSP Block since the DSP block registers only possess synchronous reset capability.  It is suggested to recode or change these registers to remove the reset or use a synchronous reset to get the best optimization for performance, power and area.
Related violations: <none>

DPIR-1#751 Warning
Asynchronous driver check  
DSP u_pqm_pl_top/u_measurement_core/u_time_x100_normalizer/u_i_pp_scale_multiplier/product input pin u_pqm_pl_top/u_measurement_core/u_time_x100_normalizer/u_i_pp_scale_multiplier/product/A[11] is connected to registers with an asynchronous reset. This is preventing the possibility of merging these registers in to the DSP Block since the DSP block registers only possess synchronous reset capability.  It is suggested to recode or change these registers to remove the reset or use a synchronous reset to get the best optimization for performance, power and area.
Related violations: <none>

DPIR-1#752 Warning
Asynchronous driver check  
DSP u_pqm_pl_top/u_measurement_core/u_time_x100_normalizer/u_i_pp_scale_multiplier/product input pin u_pqm_pl_top/u_measurement_core/u_time_x100_normalizer/u_i_pp_scale_multiplier/product/A[2] is connected to registers with an asynchronous reset. This is preventing the possibility of merging these registers in to the DSP Block since the DSP block registers only possess synchronous reset capability.  It is suggested to recode or change these registers to remove the reset or use a synchronous reset to get the best optimization for performance, power and area.
Related violations: <none>

DPIR-1#753 Warning
Asynchronous driver check  
DSP u_pqm_pl_top/u_measurement_core/u_time_x100_normalizer/u_i_pp_scale_multiplier/product input pin u_pqm_pl_top/u_measurement_core/u_time_x100_normalizer/u_i_pp_scale_multiplier/product/A[3] is connected to registers with an asynchronous reset. This is preventing the possibility of merging these registers in to the DSP Block since the DSP block registers only possess synchronous reset capability.  It is suggested to recode or change these registers to remove the reset or use a synchronous reset to get the best optimization for performance, power and area.
Related violations: <none>

DPIR-1#754 Warning
Asynchronous driver check  
DSP u_pqm_pl_top/u_measurement_core/u_time_x100_normalizer/u_i_pp_scale_multiplier/product input pin u_pqm_pl_top/u_measurement_core/u_time_x100_normalizer/u_i_pp_scale_multiplier/product/A[4] is connected to registers with an asynchronous reset. This is preventing the possibility of merging these registers in to the DSP Block since the DSP block registers only possess synchronous reset capability.  It is suggested to recode or change these registers to remove the reset or use a synchronous reset to get the best optimization for performance, power and area.
Related violations: <none>

DPIR-1#755 Warning
Asynchronous driver check  
DSP u_pqm_pl_top/u_measurement_core/u_time_x100_normalizer/u_i_pp_scale_multiplier/product input pin u_pqm_pl_top/u_measurement_core/u_time_x100_normalizer/u_i_pp_scale_multiplier/product/A[5] is connected to registers with an asynchronous reset. This is preventing the possibility of merging these registers in to the DSP Block since the DSP block registers only possess synchronous reset capability.  It is suggested to recode or change these registers to remove the reset or use a synchronous reset to get the best optimization for performance, power and area.
Related violations: <none>

DPIR-1#756 Warning
Asynchronous driver check  
DSP u_pqm_pl_top/u_measurement_core/u_time_x100_normalizer/u_i_pp_scale_multiplier/product input pin u_pqm_pl_top/u_measurement_core/u_time_x100_normalizer/u_i_pp_scale_multiplier/product/A[7] is connected to registers with an asynchronous reset. This is preventing the possibility of merging these registers in to the DSP Block since the DSP block registers only possess synchronous reset capability.  It is suggested to recode or change these registers to remove the reset or use a synchronous reset to get the best optimization for performance, power and area.
Related violations: <none>

DPIR-1#757 Warning
Asynchronous driver check  
DSP u_pqm_pl_top/u_measurement_core/u_time_x100_normalizer/u_i_pp_scale_multiplier/product input pin u_pqm_pl_top/u_measurement_core/u_time_x100_normalizer/u_i_pp_scale_multiplier/product/A[8] is connected to registers with an asynchronous reset. This is preventing the possibility of merging these registers in to the DSP Block since the DSP block registers only possess synchronous reset capability.  It is suggested to recode or change these registers to remove the reset or use a synchronous reset to get the best optimization for performance, power and area.
Related violations: <none>

DPIR-1#758 Warning
Asynchronous driver check  
DSP u_pqm_pl_top/u_measurement_core/u_time_x100_normalizer/u_i_pp_scale_multiplier/product input pin u_pqm_pl_top/u_measurement_core/u_time_x100_normalizer/u_i_pp_scale_multiplier/product/A[9] is connected to registers with an asynchronous reset. This is preventing the possibility of merging these registers in to the DSP Block since the DSP block registers only possess synchronous reset capability.  It is suggested to recode or change these registers to remove the reset or use a synchronous reset to get the best optimization for performance, power and area.
Related violations: <none>

DPIR-1#759 Warning
Asynchronous driver check  
DSP u_pqm_pl_top/u_measurement_core/u_time_x100_normalizer/u_i_pp_scale_multiplier/product__1 input pin u_pqm_pl_top/u_measurement_core/u_time_x100_normalizer/u_i_pp_scale_multiplier/product__1/A[0] is connected to registers with an asynchronous reset. This is preventing the possibility of merging these registers in to the DSP Block since the DSP block registers only possess synchronous reset capability.  It is suggested to recode or change these registers to remove the reset or use a synchronous reset to get the best optimization for performance, power and area.
Related violations: <none>

DPIR-1#760 Warning
Asynchronous driver check  
DSP u_pqm_pl_top/u_measurement_core/u_time_x100_normalizer/u_i_pp_scale_multiplier/product__1 input pin u_pqm_pl_top/u_measurement_core/u_time_x100_normalizer/u_i_pp_scale_multiplier/product__1/A[10] is connected to registers with an asynchronous reset. This is preventing the possibility of merging these registers in to the DSP Block since the DSP block registers only possess synchronous reset capability.  It is suggested to recode or change these registers to remove the reset or use a synchronous reset to get the best optimization for performance, power and area.
Related violations: <none>

DPIR-1#761 Warning
Asynchronous driver check  
DSP u_pqm_pl_top/u_measurement_core/u_time_x100_normalizer/u_i_pp_scale_multiplier/product__1 input pin u_pqm_pl_top/u_measurement_core/u_time_x100_normalizer/u_i_pp_scale_multiplier/product__1/A[11] is connected to registers with an asynchronous reset. This is preventing the possibility of merging these registers in to the DSP Block since the DSP block registers only possess synchronous reset capability.  It is suggested to recode or change these registers to remove the reset or use a synchronous reset to get the best optimization for performance, power and area.
Related violations: <none>

DPIR-1#762 Warning
Asynchronous driver check  
DSP u_pqm_pl_top/u_measurement_core/u_time_x100_normalizer/u_i_pp_scale_multiplier/product__1 input pin u_pqm_pl_top/u_measurement_core/u_time_x100_normalizer/u_i_pp_scale_multiplier/product__1/A[12] is connected to registers with an asynchronous reset. This is preventing the possibility of merging these registers in to the DSP Block since the DSP block registers only possess synchronous reset capability.  It is suggested to recode or change these registers to remove the reset or use a synchronous reset to get the best optimization for performance, power and area.
Related violations: <none>

DPIR-1#763 Warning
Asynchronous driver check  
DSP u_pqm_pl_top/u_measurement_core/u_time_x100_normalizer/u_i_pp_scale_multiplier/product__1 input pin u_pqm_pl_top/u_measurement_core/u_time_x100_normalizer/u_i_pp_scale_multiplier/product__1/A[13] is connected to registers with an asynchronous reset. This is preventing the possibility of merging these registers in to the DSP Block since the DSP block registers only possess synchronous reset capability.  It is suggested to recode or change these registers to remove the reset or use a synchronous reset to get the best optimization for performance, power and area.
Related violations: <none>

DPIR-1#764 Warning
Asynchronous driver check  
DSP u_pqm_pl_top/u_measurement_core/u_time_x100_normalizer/u_i_pp_scale_multiplier/product__1 input pin u_pqm_pl_top/u_measurement_core/u_time_x100_normalizer/u_i_pp_scale_multiplier/product__1/A[14] is connected to registers with an asynchronous reset. This is preventing the possibility of merging these registers in to the DSP Block since the DSP block registers only possess synchronous reset capability.  It is suggested to recode or change these registers to remove the reset or use a synchronous reset to get the best optimization for performance, power and area.
Related violations: <none>

DPIR-1#765 Warning
Asynchronous driver check  
DSP u_pqm_pl_top/u_measurement_core/u_time_x100_normalizer/u_i_pp_scale_multiplier/product__1 input pin u_pqm_pl_top/u_measurement_core/u_time_x100_normalizer/u_i_pp_scale_multiplier/product__1/A[15] is connected to registers with an asynchronous reset. This is preventing the possibility of merging these registers in to the DSP Block since the DSP block registers only possess synchronous reset capability.  It is suggested to recode or change these registers to remove the reset or use a synchronous reset to get the best optimization for performance, power and area.
Related violations: <none>

DPIR-1#766 Warning
Asynchronous driver check  
DSP u_pqm_pl_top/u_measurement_core/u_time_x100_normalizer/u_i_pp_scale_multiplier/product__1 input pin u_pqm_pl_top/u_measurement_core/u_time_x100_normalizer/u_i_pp_scale_multiplier/product__1/A[16] is connected to registers with an asynchronous reset. This is preventing the possibility of merging these registers in to the DSP Block since the DSP block registers only possess synchronous reset capability.  It is suggested to recode or change these registers to remove the reset or use a synchronous reset to get the best optimization for performance, power and area.
Related violations: <none>

DPIR-1#767 Warning
Asynchronous driver check  
DSP u_pqm_pl_top/u_measurement_core/u_time_x100_normalizer/u_i_pp_scale_multiplier/product__1 input pin u_pqm_pl_top/u_measurement_core/u_time_x100_normalizer/u_i_pp_scale_multiplier/product__1/A[1] is connected to registers with an asynchronous reset. This is preventing the possibility of merging these registers in to the DSP Block since the DSP block registers only possess synchronous reset capability.  It is suggested to recode or change these registers to remove the reset or use a synchronous reset to get the best optimization for performance, power and area.
Related violations: <none>

DPIR-1#768 Warning
Asynchronous driver check  
DSP u_pqm_pl_top/u_measurement_core/u_time_x100_normalizer/u_i_pp_scale_multiplier/product__1 input pin u_pqm_pl_top/u_measurement_core/u_time_x100_normalizer/u_i_pp_scale_multiplier/product__1/A[2] is connected to registers with an asynchronous reset. This is preventing the possibility of merging these registers in to the DSP Block since the DSP block registers only possess synchronous reset capability.  It is suggested to recode or change these registers to remove the reset or use a synchronous reset to get the best optimization for performance, power and area.
Related violations: <none>

DPIR-1#769 Warning
Asynchronous driver check  
DSP u_pqm_pl_top/u_measurement_core/u_time_x100_normalizer/u_i_pp_scale_multiplier/product__1 input pin u_pqm_pl_top/u_measurement_core/u_time_x100_normalizer/u_i_pp_scale_multiplier/product__1/A[3] is connected to registers with an asynchronous reset. This is preventing the possibility of merging these registers in to the DSP Block since the DSP block registers only possess synchronous reset capability.  It is suggested to recode or change these registers to remove the reset or use a synchronous reset to get the best optimization for performance, power and area.
Related violations: <none>

DPIR-1#770 Warning
Asynchronous driver check  
DSP u_pqm_pl_top/u_measurement_core/u_time_x100_normalizer/u_i_pp_scale_multiplier/product__1 input pin u_pqm_pl_top/u_measurement_core/u_time_x100_normalizer/u_i_pp_scale_multiplier/product__1/A[4] is connected to registers with an asynchronous reset. This is preventing the possibility of merging these registers in to the DSP Block since the DSP block registers only possess synchronous reset capability.  It is suggested to recode or change these registers to remove the reset or use a synchronous reset to get the best optimization for performance, power and area.
Related violations: <none>

DPIR-1#771 Warning
Asynchronous driver check  
DSP u_pqm_pl_top/u_measurement_core/u_time_x100_normalizer/u_i_pp_scale_multiplier/product__1 input pin u_pqm_pl_top/u_measurement_core/u_time_x100_normalizer/u_i_pp_scale_multiplier/product__1/A[5] is connected to registers with an asynchronous reset. This is preventing the possibility of merging these registers in to the DSP Block since the DSP block registers only possess synchronous reset capability.  It is suggested to recode or change these registers to remove the reset or use a synchronous reset to get the best optimization for performance, power and area.
Related violations: <none>

DPIR-1#772 Warning
Asynchronous driver check  
DSP u_pqm_pl_top/u_measurement_core/u_time_x100_normalizer/u_i_pp_scale_multiplier/product__1 input pin u_pqm_pl_top/u_measurement_core/u_time_x100_normalizer/u_i_pp_scale_multiplier/product__1/A[6] is connected to registers with an asynchronous reset. This is preventing the possibility of merging these registers in to the DSP Block since the DSP block registers only possess synchronous reset capability.  It is suggested to recode or change these registers to remove the reset or use a synchronous reset to get the best optimization for performance, power and area.
Related violations: <none>

DPIR-1#773 Warning
Asynchronous driver check  
DSP u_pqm_pl_top/u_measurement_core/u_time_x100_normalizer/u_i_pp_scale_multiplier/product__1 input pin u_pqm_pl_top/u_measurement_core/u_time_x100_normalizer/u_i_pp_scale_multiplier/product__1/A[7] is connected to registers with an asynchronous reset. This is preventing the possibility of merging these registers in to the DSP Block since the DSP block registers only possess synchronous reset capability.  It is suggested to recode or change these registers to remove the reset or use a synchronous reset to get the best optimization for performance, power and area.
Related violations: <none>

DPIR-1#774 Warning
Asynchronous driver check  
DSP u_pqm_pl_top/u_measurement_core/u_time_x100_normalizer/u_i_pp_scale_multiplier/product__1 input pin u_pqm_pl_top/u_measurement_core/u_time_x100_normalizer/u_i_pp_scale_multiplier/product__1/A[8] is connected to registers with an asynchronous reset. This is preventing the possibility of merging these registers in to the DSP Block since the DSP block registers only possess synchronous reset capability.  It is suggested to recode or change these registers to remove the reset or use a synchronous reset to get the best optimization for performance, power and area.
Related violations: <none>

DPIR-1#775 Warning
Asynchronous driver check  
DSP u_pqm_pl_top/u_measurement_core/u_time_x100_normalizer/u_i_pp_scale_multiplier/product__1 input pin u_pqm_pl_top/u_measurement_core/u_time_x100_normalizer/u_i_pp_scale_multiplier/product__1/A[9] is connected to registers with an asynchronous reset. This is preventing the possibility of merging these registers in to the DSP Block since the DSP block registers only possess synchronous reset capability.  It is suggested to recode or change these registers to remove the reset or use a synchronous reset to get the best optimization for performance, power and area.
Related violations: <none>

DPIR-1#776 Warning
Asynchronous driver check  
DSP u_pqm_pl_top/u_measurement_core/u_time_x100_normalizer/u_i_pp_scale_multiplier/product__1 input pin u_pqm_pl_top/u_measurement_core/u_time_x100_normalizer/u_i_pp_scale_multiplier/product__1/B[11] is connected to registers with an asynchronous reset. This is preventing the possibility of merging these registers in to the DSP Block since the DSP block registers only possess synchronous reset capability.  It is suggested to recode or change these registers to remove the reset or use a synchronous reset to get the best optimization for performance, power and area.
Related violations: <none>

DPIR-1#777 Warning
Asynchronous driver check  
DSP u_pqm_pl_top/u_measurement_core/u_time_x100_normalizer/u_i_pp_scale_multiplier/product__1 input pin u_pqm_pl_top/u_measurement_core/u_time_x100_normalizer/u_i_pp_scale_multiplier/product__1/B[2] is connected to registers with an asynchronous reset. This is preventing the possibility of merging these registers in to the DSP Block since the DSP block registers only possess synchronous reset capability.  It is suggested to recode or change these registers to remove the reset or use a synchronous reset to get the best optimization for performance, power and area.
Related violations: <none>

DPIR-1#778 Warning
Asynchronous driver check  
DSP u_pqm_pl_top/u_measurement_core/u_time_x100_normalizer/u_i_pp_scale_multiplier/product__1 input pin u_pqm_pl_top/u_measurement_core/u_time_x100_normalizer/u_i_pp_scale_multiplier/product__1/B[3] is connected to registers with an asynchronous reset. This is preventing the possibility of merging these registers in to the DSP Block since the DSP block registers only possess synchronous reset capability.  It is suggested to recode or change these registers to remove the reset or use a synchronous reset to get the best optimization for performance, power and area.
Related violations: <none>

DPIR-1#779 Warning
Asynchronous driver check  
DSP u_pqm_pl_top/u_measurement_core/u_time_x100_normalizer/u_i_pp_scale_multiplier/product__1 input pin u_pqm_pl_top/u_measurement_core/u_time_x100_normalizer/u_i_pp_scale_multiplier/product__1/B[4] is connected to registers with an asynchronous reset. This is preventing the possibility of merging these registers in to the DSP Block since the DSP block registers only possess synchronous reset capability.  It is suggested to recode or change these registers to remove the reset or use a synchronous reset to get the best optimization for performance, power and area.
Related violations: <none>

DPIR-1#780 Warning
Asynchronous driver check  
DSP u_pqm_pl_top/u_measurement_core/u_time_x100_normalizer/u_i_pp_scale_multiplier/product__1 input pin u_pqm_pl_top/u_measurement_core/u_time_x100_normalizer/u_i_pp_scale_multiplier/product__1/B[5] is connected to registers with an asynchronous reset. This is preventing the possibility of merging these registers in to the DSP Block since the DSP block registers only possess synchronous reset capability.  It is suggested to recode or change these registers to remove the reset or use a synchronous reset to get the best optimization for performance, power and area.
Related violations: <none>

DPIR-1#781 Warning
Asynchronous driver check  
DSP u_pqm_pl_top/u_measurement_core/u_time_x100_normalizer/u_i_pp_scale_multiplier/product__1 input pin u_pqm_pl_top/u_measurement_core/u_time_x100_normalizer/u_i_pp_scale_multiplier/product__1/B[7] is connected to registers with an asynchronous reset. This is preventing the possibility of merging these registers in to the DSP Block since the DSP block registers only possess synchronous reset capability.  It is suggested to recode or change these registers to remove the reset or use a synchronous reset to get the best optimization for performance, power and area.
Related violations: <none>

DPIR-1#782 Warning
Asynchronous driver check  
DSP u_pqm_pl_top/u_measurement_core/u_time_x100_normalizer/u_i_pp_scale_multiplier/product__1 input pin u_pqm_pl_top/u_measurement_core/u_time_x100_normalizer/u_i_pp_scale_multiplier/product__1/B[8] is connected to registers with an asynchronous reset. This is preventing the possibility of merging these registers in to the DSP Block since the DSP block registers only possess synchronous reset capability.  It is suggested to recode or change these registers to remove the reset or use a synchronous reset to get the best optimization for performance, power and area.
Related violations: <none>

DPIR-1#783 Warning
Asynchronous driver check  
DSP u_pqm_pl_top/u_measurement_core/u_time_x100_normalizer/u_i_pp_scale_multiplier/product__1 input pin u_pqm_pl_top/u_measurement_core/u_time_x100_normalizer/u_i_pp_scale_multiplier/product__1/B[9] is connected to registers with an asynchronous reset. This is preventing the possibility of merging these registers in to the DSP Block since the DSP block registers only possess synchronous reset capability.  It is suggested to recode or change these registers to remove the reset or use a synchronous reset to get the best optimization for performance, power and area.
Related violations: <none>

DPIR-1#784 Warning
Asynchronous driver check  
DSP u_pqm_pl_top/u_measurement_core/u_time_x100_normalizer/u_i_rms_raw_to_x100/u_scale_multiplier/product input pin u_pqm_pl_top/u_measurement_core/u_time_x100_normalizer/u_i_rms_raw_to_x100/u_scale_multiplier/product/A[11] is connected to registers with an asynchronous reset. This is preventing the possibility of merging these registers in to the DSP Block since the DSP block registers only possess synchronous reset capability.  It is suggested to recode or change these registers to remove the reset or use a synchronous reset to get the best optimization for performance, power and area.
Related violations: <none>

DPIR-1#785 Warning
Asynchronous driver check  
DSP u_pqm_pl_top/u_measurement_core/u_time_x100_normalizer/u_i_rms_raw_to_x100/u_scale_multiplier/product input pin u_pqm_pl_top/u_measurement_core/u_time_x100_normalizer/u_i_rms_raw_to_x100/u_scale_multiplier/product/A[2] is connected to registers with an asynchronous reset. This is preventing the possibility of merging these registers in to the DSP Block since the DSP block registers only possess synchronous reset capability.  It is suggested to recode or change these registers to remove the reset or use a synchronous reset to get the best optimization for performance, power and area.
Related violations: <none>

DPIR-1#786 Warning
Asynchronous driver check  
DSP u_pqm_pl_top/u_measurement_core/u_time_x100_normalizer/u_i_rms_raw_to_x100/u_scale_multiplier/product input pin u_pqm_pl_top/u_measurement_core/u_time_x100_normalizer/u_i_rms_raw_to_x100/u_scale_multiplier/product/A[3] is connected to registers with an asynchronous reset. This is preventing the possibility of merging these registers in to the DSP Block since the DSP block registers only possess synchronous reset capability.  It is suggested to recode or change these registers to remove the reset or use a synchronous reset to get the best optimization for performance, power and area.
Related violations: <none>

DPIR-1#787 Warning
Asynchronous driver check  
DSP u_pqm_pl_top/u_measurement_core/u_time_x100_normalizer/u_i_rms_raw_to_x100/u_scale_multiplier/product input pin u_pqm_pl_top/u_measurement_core/u_time_x100_normalizer/u_i_rms_raw_to_x100/u_scale_multiplier/product/A[4] is connected to registers with an asynchronous reset. This is preventing the possibility of merging these registers in to the DSP Block since the DSP block registers only possess synchronous reset capability.  It is suggested to recode or change these registers to remove the reset or use a synchronous reset to get the best optimization for performance, power and area.
Related violations: <none>

DPIR-1#788 Warning
Asynchronous driver check  
DSP u_pqm_pl_top/u_measurement_core/u_time_x100_normalizer/u_i_rms_raw_to_x100/u_scale_multiplier/product input pin u_pqm_pl_top/u_measurement_core/u_time_x100_normalizer/u_i_rms_raw_to_x100/u_scale_multiplier/product/A[5] is connected to registers with an asynchronous reset. This is preventing the possibility of merging these registers in to the DSP Block since the DSP block registers only possess synchronous reset capability.  It is suggested to recode or change these registers to remove the reset or use a synchronous reset to get the best optimization for performance, power and area.
Related violations: <none>

DPIR-1#789 Warning
Asynchronous driver check  
DSP u_pqm_pl_top/u_measurement_core/u_time_x100_normalizer/u_i_rms_raw_to_x100/u_scale_multiplier/product input pin u_pqm_pl_top/u_measurement_core/u_time_x100_normalizer/u_i_rms_raw_to_x100/u_scale_multiplier/product/A[7] is connected to registers with an asynchronous reset. This is preventing the possibility of merging these registers in to the DSP Block since the DSP block registers only possess synchronous reset capability.  It is suggested to recode or change these registers to remove the reset or use a synchronous reset to get the best optimization for performance, power and area.
Related violations: <none>

DPIR-1#790 Warning
Asynchronous driver check  
DSP u_pqm_pl_top/u_measurement_core/u_time_x100_normalizer/u_i_rms_raw_to_x100/u_scale_multiplier/product input pin u_pqm_pl_top/u_measurement_core/u_time_x100_normalizer/u_i_rms_raw_to_x100/u_scale_multiplier/product/A[8] is connected to registers with an asynchronous reset. This is preventing the possibility of merging these registers in to the DSP Block since the DSP block registers only possess synchronous reset capability.  It is suggested to recode or change these registers to remove the reset or use a synchronous reset to get the best optimization for performance, power and area.
Related violations: <none>

DPIR-1#791 Warning
Asynchronous driver check  
DSP u_pqm_pl_top/u_measurement_core/u_time_x100_normalizer/u_i_rms_raw_to_x100/u_scale_multiplier/product input pin u_pqm_pl_top/u_measurement_core/u_time_x100_normalizer/u_i_rms_raw_to_x100/u_scale_multiplier/product/A[9] is connected to registers with an asynchronous reset. This is preventing the possibility of merging these registers in to the DSP Block since the DSP block registers only possess synchronous reset capability.  It is suggested to recode or change these registers to remove the reset or use a synchronous reset to get the best optimization for performance, power and area.
Related violations: <none>

DPIR-1#792 Warning
Asynchronous driver check  
DSP u_pqm_pl_top/u_measurement_core/u_time_x100_normalizer/u_i_rms_raw_to_x100/u_scale_multiplier/product input pin u_pqm_pl_top/u_measurement_core/u_time_x100_normalizer/u_i_rms_raw_to_x100/u_scale_multiplier/product/B[0] is connected to registers with an asynchronous reset. This is preventing the possibility of merging these registers in to the DSP Block since the DSP block registers only possess synchronous reset capability.  It is suggested to recode or change these registers to remove the reset or use a synchronous reset to get the best optimization for performance, power and area.
Related violations: <none>

DPIR-1#793 Warning
Asynchronous driver check  
DSP u_pqm_pl_top/u_measurement_core/u_time_x100_normalizer/u_i_rms_raw_to_x100/u_scale_multiplier/product input pin u_pqm_pl_top/u_measurement_core/u_time_x100_normalizer/u_i_rms_raw_to_x100/u_scale_multiplier/product/B[10] is connected to registers with an asynchronous reset. This is preventing the possibility of merging these registers in to the DSP Block since the DSP block registers only possess synchronous reset capability.  It is suggested to recode or change these registers to remove the reset or use a synchronous reset to get the best optimization for performance, power and area.
Related violations: <none>

DPIR-1#794 Warning
Asynchronous driver check  
DSP u_pqm_pl_top/u_measurement_core/u_time_x100_normalizer/u_i_rms_raw_to_x100/u_scale_multiplier/product input pin u_pqm_pl_top/u_measurement_core/u_time_x100_normalizer/u_i_rms_raw_to_x100/u_scale_multiplier/product/B[11] is connected to registers with an asynchronous reset. This is preventing the possibility of merging these registers in to the DSP Block since the DSP block registers only possess synchronous reset capability.  It is suggested to recode or change these registers to remove the reset or use a synchronous reset to get the best optimization for performance, power and area.
Related violations: <none>

DPIR-1#795 Warning
Asynchronous driver check  
DSP u_pqm_pl_top/u_measurement_core/u_time_x100_normalizer/u_i_rms_raw_to_x100/u_scale_multiplier/product input pin u_pqm_pl_top/u_measurement_core/u_time_x100_normalizer/u_i_rms_raw_to_x100/u_scale_multiplier/product/B[12] is connected to registers with an asynchronous reset. This is preventing the possibility of merging these registers in to the DSP Block since the DSP block registers only possess synchronous reset capability.  It is suggested to recode or change these registers to remove the reset or use a synchronous reset to get the best optimization for performance, power and area.
Related violations: <none>

DPIR-1#796 Warning
Asynchronous driver check  
DSP u_pqm_pl_top/u_measurement_core/u_time_x100_normalizer/u_i_rms_raw_to_x100/u_scale_multiplier/product input pin u_pqm_pl_top/u_measurement_core/u_time_x100_normalizer/u_i_rms_raw_to_x100/u_scale_multiplier/product/B[13] is connected to registers with an asynchronous reset. This is preventing the possibility of merging these registers in to the DSP Block since the DSP block registers only possess synchronous reset capability.  It is suggested to recode or change these registers to remove the reset or use a synchronous reset to get the best optimization for performance, power and area.
Related violations: <none>

DPIR-1#797 Warning
Asynchronous driver check  
DSP u_pqm_pl_top/u_measurement_core/u_time_x100_normalizer/u_i_rms_raw_to_x100/u_scale_multiplier/product input pin u_pqm_pl_top/u_measurement_core/u_time_x100_normalizer/u_i_rms_raw_to_x100/u_scale_multiplier/product/B[14] is connected to registers with an asynchronous reset. This is preventing the possibility of merging these registers in to the DSP Block since the DSP block registers only possess synchronous reset capability.  It is suggested to recode or change these registers to remove the reset or use a synchronous reset to get the best optimization for performance, power and area.
Related violations: <none>

DPIR-1#798 Warning
Asynchronous driver check  
DSP u_pqm_pl_top/u_measurement_core/u_time_x100_normalizer/u_i_rms_raw_to_x100/u_scale_multiplier/product input pin u_pqm_pl_top/u_measurement_core/u_time_x100_normalizer/u_i_rms_raw_to_x100/u_scale_multiplier/product/B[1] is connected to registers with an asynchronous reset. This is preventing the possibility of merging these registers in to the DSP Block since the DSP block registers only possess synchronous reset capability.  It is suggested to recode or change these registers to remove the reset or use a synchronous reset to get the best optimization for performance, power and area.
Related violations: <none>

DPIR-1#799 Warning
Asynchronous driver check  
DSP u_pqm_pl_top/u_measurement_core/u_time_x100_normalizer/u_i_rms_raw_to_x100/u_scale_multiplier/product input pin u_pqm_pl_top/u_measurement_core/u_time_x100_normalizer/u_i_rms_raw_to_x100/u_scale_multiplier/product/B[2] is connected to registers with an asynchronous reset. This is preventing the possibility of merging these registers in to the DSP Block since the DSP block registers only possess synchronous reset capability.  It is suggested to recode or change these registers to remove the reset or use a synchronous reset to get the best optimization for performance, power and area.
Related violations: <none>

DPIR-1#800 Warning
Asynchronous driver check  
DSP u_pqm_pl_top/u_measurement_core/u_time_x100_normalizer/u_i_rms_raw_to_x100/u_scale_multiplier/product input pin u_pqm_pl_top/u_measurement_core/u_time_x100_normalizer/u_i_rms_raw_to_x100/u_scale_multiplier/product/B[3] is connected to registers with an asynchronous reset. This is preventing the possibility of merging these registers in to the DSP Block since the DSP block registers only possess synchronous reset capability.  It is suggested to recode or change these registers to remove the reset or use a synchronous reset to get the best optimization for performance, power and area.
Related violations: <none>

DPIR-1#801 Warning
Asynchronous driver check  
DSP u_pqm_pl_top/u_measurement_core/u_time_x100_normalizer/u_i_rms_raw_to_x100/u_scale_multiplier/product input pin u_pqm_pl_top/u_measurement_core/u_time_x100_normalizer/u_i_rms_raw_to_x100/u_scale_multiplier/product/B[4] is connected to registers with an asynchronous reset. This is preventing the possibility of merging these registers in to the DSP Block since the DSP block registers only possess synchronous reset capability.  It is suggested to recode or change these registers to remove the reset or use a synchronous reset to get the best optimization for performance, power and area.
Related violations: <none>

DPIR-1#802 Warning
Asynchronous driver check  
DSP u_pqm_pl_top/u_measurement_core/u_time_x100_normalizer/u_i_rms_raw_to_x100/u_scale_multiplier/product input pin u_pqm_pl_top/u_measurement_core/u_time_x100_normalizer/u_i_rms_raw_to_x100/u_scale_multiplier/product/B[5] is connected to registers with an asynchronous reset. This is preventing the possibility of merging these registers in to the DSP Block since the DSP block registers only possess synchronous reset capability.  It is suggested to recode or change these registers to remove the reset or use a synchronous reset to get the best optimization for performance, power and area.
Related violations: <none>

DPIR-1#803 Warning
Asynchronous driver check  
DSP u_pqm_pl_top/u_measurement_core/u_time_x100_normalizer/u_i_rms_raw_to_x100/u_scale_multiplier/product input pin u_pqm_pl_top/u_measurement_core/u_time_x100_normalizer/u_i_rms_raw_to_x100/u_scale_multiplier/product/B[6] is connected to registers with an asynchronous reset. This is preventing the possibility of merging these registers in to the DSP Block since the DSP block registers only possess synchronous reset capability.  It is suggested to recode or change these registers to remove the reset or use a synchronous reset to get the best optimization for performance, power and area.
Related violations: <none>

DPIR-1#804 Warning
Asynchronous driver check  
DSP u_pqm_pl_top/u_measurement_core/u_time_x100_normalizer/u_i_rms_raw_to_x100/u_scale_multiplier/product input pin u_pqm_pl_top/u_measurement_core/u_time_x100_normalizer/u_i_rms_raw_to_x100/u_scale_multiplier/product/B[7] is connected to registers with an asynchronous reset. This is preventing the possibility of merging these registers in to the DSP Block since the DSP block registers only possess synchronous reset capability.  It is suggested to recode or change these registers to remove the reset or use a synchronous reset to get the best optimization for performance, power and area.
Related violations: <none>

DPIR-1#805 Warning
Asynchronous driver check  
DSP u_pqm_pl_top/u_measurement_core/u_time_x100_normalizer/u_i_rms_raw_to_x100/u_scale_multiplier/product input pin u_pqm_pl_top/u_measurement_core/u_time_x100_normalizer/u_i_rms_raw_to_x100/u_scale_multiplier/product/B[8] is connected to registers with an asynchronous reset. This is preventing the possibility of merging these registers in to the DSP Block since the DSP block registers only possess synchronous reset capability.  It is suggested to recode or change these registers to remove the reset or use a synchronous reset to get the best optimization for performance, power and area.
Related violations: <none>

DPIR-1#806 Warning
Asynchronous driver check  
DSP u_pqm_pl_top/u_measurement_core/u_time_x100_normalizer/u_i_rms_raw_to_x100/u_scale_multiplier/product input pin u_pqm_pl_top/u_measurement_core/u_time_x100_normalizer/u_i_rms_raw_to_x100/u_scale_multiplier/product/B[9] is connected to registers with an asynchronous reset. This is preventing the possibility of merging these registers in to the DSP Block since the DSP block registers only possess synchronous reset capability.  It is suggested to recode or change these registers to remove the reset or use a synchronous reset to get the best optimization for performance, power and area.
Related violations: <none>

DPIR-1#807 Warning
Asynchronous driver check  
DSP u_pqm_pl_top/u_measurement_core/u_time_x100_normalizer/u_i_rms_raw_to_x100/u_scale_multiplier/product__0 input pin u_pqm_pl_top/u_measurement_core/u_time_x100_normalizer/u_i_rms_raw_to_x100/u_scale_multiplier/product__0/A[0] is connected to registers with an asynchronous reset. This is preventing the possibility of merging these registers in to the DSP Block since the DSP block registers only possess synchronous reset capability.  It is suggested to recode or change these registers to remove the reset or use a synchronous reset to get the best optimization for performance, power and area.
Related violations: <none>

DPIR-1#808 Warning
Asynchronous driver check  
DSP u_pqm_pl_top/u_measurement_core/u_time_x100_normalizer/u_i_rms_raw_to_x100/u_scale_multiplier/product__0 input pin u_pqm_pl_top/u_measurement_core/u_time_x100_normalizer/u_i_rms_raw_to_x100/u_scale_multiplier/product__0/A[10] is connected to registers with an asynchronous reset. This is preventing the possibility of merging these registers in to the DSP Block since the DSP block registers only possess synchronous reset capability.  It is suggested to recode or change these registers to remove the reset or use a synchronous reset to get the best optimization for performance, power and area.
Related violations: <none>

DPIR-1#809 Warning
Asynchronous driver check  
DSP u_pqm_pl_top/u_measurement_core/u_time_x100_normalizer/u_i_rms_raw_to_x100/u_scale_multiplier/product__0 input pin u_pqm_pl_top/u_measurement_core/u_time_x100_normalizer/u_i_rms_raw_to_x100/u_scale_multiplier/product__0/A[11] is connected to registers with an asynchronous reset. This is preventing the possibility of merging these registers in to the DSP Block since the DSP block registers only possess synchronous reset capability.  It is suggested to recode or change these registers to remove the reset or use a synchronous reset to get the best optimization for performance, power and area.
Related violations: <none>

DPIR-1#810 Warning
Asynchronous driver check  
DSP u_pqm_pl_top/u_measurement_core/u_time_x100_normalizer/u_i_rms_raw_to_x100/u_scale_multiplier/product__0 input pin u_pqm_pl_top/u_measurement_core/u_time_x100_normalizer/u_i_rms_raw_to_x100/u_scale_multiplier/product__0/A[12] is connected to registers with an asynchronous reset. This is preventing the possibility of merging these registers in to the DSP Block since the DSP block registers only possess synchronous reset capability.  It is suggested to recode or change these registers to remove the reset or use a synchronous reset to get the best optimization for performance, power and area.
Related violations: <none>

DPIR-1#811 Warning
Asynchronous driver check  
DSP u_pqm_pl_top/u_measurement_core/u_time_x100_normalizer/u_i_rms_raw_to_x100/u_scale_multiplier/product__0 input pin u_pqm_pl_top/u_measurement_core/u_time_x100_normalizer/u_i_rms_raw_to_x100/u_scale_multiplier/product__0/A[13] is connected to registers with an asynchronous reset. This is preventing the possibility of merging these registers in to the DSP Block since the DSP block registers only possess synchronous reset capability.  It is suggested to recode or change these registers to remove the reset or use a synchronous reset to get the best optimization for performance, power and area.
Related violations: <none>

DPIR-1#812 Warning
Asynchronous driver check  
DSP u_pqm_pl_top/u_measurement_core/u_time_x100_normalizer/u_i_rms_raw_to_x100/u_scale_multiplier/product__0 input pin u_pqm_pl_top/u_measurement_core/u_time_x100_normalizer/u_i_rms_raw_to_x100/u_scale_multiplier/product__0/A[14] is connected to registers with an asynchronous reset. This is preventing the possibility of merging these registers in to the DSP Block since the DSP block registers only possess synchronous reset capability.  It is suggested to recode or change these registers to remove the reset or use a synchronous reset to get the best optimization for performance, power and area.
Related violations: <none>

DPIR-1#813 Warning
Asynchronous driver check  
DSP u_pqm_pl_top/u_measurement_core/u_time_x100_normalizer/u_i_rms_raw_to_x100/u_scale_multiplier/product__0 input pin u_pqm_pl_top/u_measurement_core/u_time_x100_normalizer/u_i_rms_raw_to_x100/u_scale_multiplier/product__0/A[1] is connected to registers with an asynchronous reset. This is preventing the possibility of merging these registers in to the DSP Block since the DSP block registers only possess synchronous reset capability.  It is suggested to recode or change these registers to remove the reset or use a synchronous reset to get the best optimization for performance, power and area.
Related violations: <none>

DPIR-1#814 Warning
Asynchronous driver check  
DSP u_pqm_pl_top/u_measurement_core/u_time_x100_normalizer/u_i_rms_raw_to_x100/u_scale_multiplier/product__0 input pin u_pqm_pl_top/u_measurement_core/u_time_x100_normalizer/u_i_rms_raw_to_x100/u_scale_multiplier/product__0/A[2] is connected to registers with an asynchronous reset. This is preventing the possibility of merging these registers in to the DSP Block since the DSP block registers only possess synchronous reset capability.  It is suggested to recode or change these registers to remove the reset or use a synchronous reset to get the best optimization for performance, power and area.
Related violations: <none>

DPIR-1#815 Warning
Asynchronous driver check  
DSP u_pqm_pl_top/u_measurement_core/u_time_x100_normalizer/u_i_rms_raw_to_x100/u_scale_multiplier/product__0 input pin u_pqm_pl_top/u_measurement_core/u_time_x100_normalizer/u_i_rms_raw_to_x100/u_scale_multiplier/product__0/A[3] is connected to registers with an asynchronous reset. This is preventing the possibility of merging these registers in to the DSP Block since the DSP block registers only possess synchronous reset capability.  It is suggested to recode or change these registers to remove the reset or use a synchronous reset to get the best optimization for performance, power and area.
Related violations: <none>

DPIR-1#816 Warning
Asynchronous driver check  
DSP u_pqm_pl_top/u_measurement_core/u_time_x100_normalizer/u_i_rms_raw_to_x100/u_scale_multiplier/product__0 input pin u_pqm_pl_top/u_measurement_core/u_time_x100_normalizer/u_i_rms_raw_to_x100/u_scale_multiplier/product__0/A[4] is connected to registers with an asynchronous reset. This is preventing the possibility of merging these registers in to the DSP Block since the DSP block registers only possess synchronous reset capability.  It is suggested to recode or change these registers to remove the reset or use a synchronous reset to get the best optimization for performance, power and area.
Related violations: <none>

DPIR-1#817 Warning
Asynchronous driver check  
DSP u_pqm_pl_top/u_measurement_core/u_time_x100_normalizer/u_i_rms_raw_to_x100/u_scale_multiplier/product__0 input pin u_pqm_pl_top/u_measurement_core/u_time_x100_normalizer/u_i_rms_raw_to_x100/u_scale_multiplier/product__0/A[5] is connected to registers with an asynchronous reset. This is preventing the possibility of merging these registers in to the DSP Block since the DSP block registers only possess synchronous reset capability.  It is suggested to recode or change these registers to remove the reset or use a synchronous reset to get the best optimization for performance, power and area.
Related violations: <none>

DPIR-1#818 Warning
Asynchronous driver check  
DSP u_pqm_pl_top/u_measurement_core/u_time_x100_normalizer/u_i_rms_raw_to_x100/u_scale_multiplier/product__0 input pin u_pqm_pl_top/u_measurement_core/u_time_x100_normalizer/u_i_rms_raw_to_x100/u_scale_multiplier/product__0/A[6] is connected to registers with an asynchronous reset. This is preventing the possibility of merging these registers in to the DSP Block since the DSP block registers only possess synchronous reset capability.  It is suggested to recode or change these registers to remove the reset or use a synchronous reset to get the best optimization for performance, power and area.
Related violations: <none>

DPIR-1#819 Warning
Asynchronous driver check  
DSP u_pqm_pl_top/u_measurement_core/u_time_x100_normalizer/u_i_rms_raw_to_x100/u_scale_multiplier/product__0 input pin u_pqm_pl_top/u_measurement_core/u_time_x100_normalizer/u_i_rms_raw_to_x100/u_scale_multiplier/product__0/A[7] is connected to registers with an asynchronous reset. This is preventing the possibility of merging these registers in to the DSP Block since the DSP block registers only possess synchronous reset capability.  It is suggested to recode or change these registers to remove the reset or use a synchronous reset to get the best optimization for performance, power and area.
Related violations: <none>

DPIR-1#820 Warning
Asynchronous driver check  
DSP u_pqm_pl_top/u_measurement_core/u_time_x100_normalizer/u_i_rms_raw_to_x100/u_scale_multiplier/product__0 input pin u_pqm_pl_top/u_measurement_core/u_time_x100_normalizer/u_i_rms_raw_to_x100/u_scale_multiplier/product__0/A[8] is connected to registers with an asynchronous reset. This is preventing the possibility of merging these registers in to the DSP Block since the DSP block registers only possess synchronous reset capability.  It is suggested to recode or change these registers to remove the reset or use a synchronous reset to get the best optimization for performance, power and area.
Related violations: <none>

DPIR-1#821 Warning
Asynchronous driver check  
DSP u_pqm_pl_top/u_measurement_core/u_time_x100_normalizer/u_i_rms_raw_to_x100/u_scale_multiplier/product__0 input pin u_pqm_pl_top/u_measurement_core/u_time_x100_normalizer/u_i_rms_raw_to_x100/u_scale_multiplier/product__0/A[9] is connected to registers with an asynchronous reset. This is preventing the possibility of merging these registers in to the DSP Block since the DSP block registers only possess synchronous reset capability.  It is suggested to recode or change these registers to remove the reset or use a synchronous reset to get the best optimization for performance, power and area.
Related violations: <none>

DPIR-1#822 Warning
Asynchronous driver check  
DSP u_pqm_pl_top/u_measurement_core/u_time_x100_normalizer/u_reactive_q_scale_multiplier/product input pin u_pqm_pl_top/u_measurement_core/u_time_x100_normalizer/u_reactive_q_scale_multiplier/product/A[0] is connected to registers with an asynchronous reset. This is preventing the possibility of merging these registers in to the DSP Block since the DSP block registers only possess synchronous reset capability.  It is suggested to recode or change these registers to remove the reset or use a synchronous reset to get the best optimization for performance, power and area.
Related violations: <none>

DPIR-1#823 Warning
Asynchronous driver check  
DSP u_pqm_pl_top/u_measurement_core/u_time_x100_normalizer/u_reactive_q_scale_multiplier/product__1 input pin u_pqm_pl_top/u_measurement_core/u_time_x100_normalizer/u_reactive_q_scale_multiplier/product__1/B[0] is connected to registers with an asynchronous reset. This is preventing the possibility of merging these registers in to the DSP Block since the DSP block registers only possess synchronous reset capability.  It is suggested to recode or change these registers to remove the reset or use a synchronous reset to get the best optimization for performance, power and area.
Related violations: <none>

DPIR-1#824 Warning
Asynchronous driver check  
DSP u_pqm_pl_top/u_measurement_core/u_time_x100_normalizer/u_reactive_q_scale_multiplier/product__3 input pin u_pqm_pl_top/u_measurement_core/u_time_x100_normalizer/u_reactive_q_scale_multiplier/product__3/B[0] is connected to registers with an asynchronous reset. This is preventing the possibility of merging these registers in to the DSP Block since the DSP block registers only possess synchronous reset capability.  It is suggested to recode or change these registers to remove the reset or use a synchronous reset to get the best optimization for performance, power and area.
Related violations: <none>

DPIR-1#825 Warning
Asynchronous driver check  
DSP u_pqm_pl_top/u_measurement_core/u_time_x100_normalizer/u_reactive_q_scale_multiplier/product__5 input pin u_pqm_pl_top/u_measurement_core/u_time_x100_normalizer/u_reactive_q_scale_multiplier/product__5/A[0] is connected to registers with an asynchronous reset. This is preventing the possibility of merging these registers in to the DSP Block since the DSP block registers only possess synchronous reset capability.  It is suggested to recode or change these registers to remove the reset or use a synchronous reset to get the best optimization for performance, power and area.
Related violations: <none>

DPIR-1#826 Warning
Asynchronous driver check  
DSP u_pqm_pl_top/u_measurement_core/u_time_x100_normalizer/u_reactive_q_scale_multiplier/product__5 input pin u_pqm_pl_top/u_measurement_core/u_time_x100_normalizer/u_reactive_q_scale_multiplier/product__5/A[10] is connected to registers with an asynchronous reset. This is preventing the possibility of merging these registers in to the DSP Block since the DSP block registers only possess synchronous reset capability.  It is suggested to recode or change these registers to remove the reset or use a synchronous reset to get the best optimization for performance, power and area.
Related violations: <none>

DPIR-1#827 Warning
Asynchronous driver check  
DSP u_pqm_pl_top/u_measurement_core/u_time_x100_normalizer/u_reactive_q_scale_multiplier/product__5 input pin u_pqm_pl_top/u_measurement_core/u_time_x100_normalizer/u_reactive_q_scale_multiplier/product__5/A[11] is connected to registers with an asynchronous reset. This is preventing the possibility of merging these registers in to the DSP Block since the DSP block registers only possess synchronous reset capability.  It is suggested to recode or change these registers to remove the reset or use a synchronous reset to get the best optimization for performance, power and area.
Related violations: <none>

DPIR-1#828 Warning
Asynchronous driver check  
DSP u_pqm_pl_top/u_measurement_core/u_time_x100_normalizer/u_reactive_q_scale_multiplier/product__5 input pin u_pqm_pl_top/u_measurement_core/u_time_x100_normalizer/u_reactive_q_scale_multiplier/product__5/A[12] is connected to registers with an asynchronous reset. This is preventing the possibility of merging these registers in to the DSP Block since the DSP block registers only possess synchronous reset capability.  It is suggested to recode or change these registers to remove the reset or use a synchronous reset to get the best optimization for performance, power and area.
Related violations: <none>

DPIR-1#829 Warning
Asynchronous driver check  
DSP u_pqm_pl_top/u_measurement_core/u_time_x100_normalizer/u_reactive_q_scale_multiplier/product__5 input pin u_pqm_pl_top/u_measurement_core/u_time_x100_normalizer/u_reactive_q_scale_multiplier/product__5/A[13] is connected to registers with an asynchronous reset. This is preventing the possibility of merging these registers in to the DSP Block since the DSP block registers only possess synchronous reset capability.  It is suggested to recode or change these registers to remove the reset or use a synchronous reset to get the best optimization for performance, power and area.
Related violations: <none>

DPIR-1#830 Warning
Asynchronous driver check  
DSP u_pqm_pl_top/u_measurement_core/u_time_x100_normalizer/u_reactive_q_scale_multiplier/product__5 input pin u_pqm_pl_top/u_measurement_core/u_time_x100_normalizer/u_reactive_q_scale_multiplier/product__5/A[14] is connected to registers with an asynchronous reset. This is preventing the possibility of merging these registers in to the DSP Block since the DSP block registers only possess synchronous reset capability.  It is suggested to recode or change these registers to remove the reset or use a synchronous reset to get the best optimization for performance, power and area.
Related violations: <none>

DPIR-1#831 Warning
Asynchronous driver check  
DSP u_pqm_pl_top/u_measurement_core/u_time_x100_normalizer/u_reactive_q_scale_multiplier/product__5 input pin u_pqm_pl_top/u_measurement_core/u_time_x100_normalizer/u_reactive_q_scale_multiplier/product__5/A[15] is connected to registers with an asynchronous reset. This is preventing the possibility of merging these registers in to the DSP Block since the DSP block registers only possess synchronous reset capability.  It is suggested to recode or change these registers to remove the reset or use a synchronous reset to get the best optimization for performance, power and area.
Related violations: <none>

DPIR-1#832 Warning
Asynchronous driver check  
DSP u_pqm_pl_top/u_measurement_core/u_time_x100_normalizer/u_reactive_q_scale_multiplier/product__5 input pin u_pqm_pl_top/u_measurement_core/u_time_x100_normalizer/u_reactive_q_scale_multiplier/product__5/A[1] is connected to registers with an asynchronous reset. This is preventing the possibility of merging these registers in to the DSP Block since the DSP block registers only possess synchronous reset capability.  It is suggested to recode or change these registers to remove the reset or use a synchronous reset to get the best optimization for performance, power and area.
Related violations: <none>

DPIR-1#833 Warning
Asynchronous driver check  
DSP u_pqm_pl_top/u_measurement_core/u_time_x100_normalizer/u_reactive_q_scale_multiplier/product__5 input pin u_pqm_pl_top/u_measurement_core/u_time_x100_normalizer/u_reactive_q_scale_multiplier/product__5/A[2] is connected to registers with an asynchronous reset. This is preventing the possibility of merging these registers in to the DSP Block since the DSP block registers only possess synchronous reset capability.  It is suggested to recode or change these registers to remove the reset or use a synchronous reset to get the best optimization for performance, power and area.
Related violations: <none>

DPIR-1#834 Warning
Asynchronous driver check  
DSP u_pqm_pl_top/u_measurement_core/u_time_x100_normalizer/u_reactive_q_scale_multiplier/product__5 input pin u_pqm_pl_top/u_measurement_core/u_time_x100_normalizer/u_reactive_q_scale_multiplier/product__5/A[3] is connected to registers with an asynchronous reset. This is preventing the possibility of merging these registers in to the DSP Block since the DSP block registers only possess synchronous reset capability.  It is suggested to recode or change these registers to remove the reset or use a synchronous reset to get the best optimization for performance, power and area.
Related violations: <none>

DPIR-1#835 Warning
Asynchronous driver check  
DSP u_pqm_pl_top/u_measurement_core/u_time_x100_normalizer/u_reactive_q_scale_multiplier/product__5 input pin u_pqm_pl_top/u_measurement_core/u_time_x100_normalizer/u_reactive_q_scale_multiplier/product__5/A[4] is connected to registers with an asynchronous reset. This is preventing the possibility of merging these registers in to the DSP Block since the DSP block registers only possess synchronous reset capability.  It is suggested to recode or change these registers to remove the reset or use a synchronous reset to get the best optimization for performance, power and area.
Related violations: <none>

DPIR-1#836 Warning
Asynchronous driver check  
DSP u_pqm_pl_top/u_measurement_core/u_time_x100_normalizer/u_reactive_q_scale_multiplier/product__5 input pin u_pqm_pl_top/u_measurement_core/u_time_x100_normalizer/u_reactive_q_scale_multiplier/product__5/A[5] is connected to registers with an asynchronous reset. This is preventing the possibility of merging these registers in to the DSP Block since the DSP block registers only possess synchronous reset capability.  It is suggested to recode or change these registers to remove the reset or use a synchronous reset to get the best optimization for performance, power and area.
Related violations: <none>

DPIR-1#837 Warning
Asynchronous driver check  
DSP u_pqm_pl_top/u_measurement_core/u_time_x100_normalizer/u_reactive_q_scale_multiplier/product__5 input pin u_pqm_pl_top/u_measurement_core/u_time_x100_normalizer/u_reactive_q_scale_multiplier/product__5/A[6] is connected to registers with an asynchronous reset. This is preventing the possibility of merging these registers in to the DSP Block since the DSP block registers only possess synchronous reset capability.  It is suggested to recode or change these registers to remove the reset or use a synchronous reset to get the best optimization for performance, power and area.
Related violations: <none>

DPIR-1#838 Warning
Asynchronous driver check  
DSP u_pqm_pl_top/u_measurement_core/u_time_x100_normalizer/u_reactive_q_scale_multiplier/product__5 input pin u_pqm_pl_top/u_measurement_core/u_time_x100_normalizer/u_reactive_q_scale_multiplier/product__5/A[7] is connected to registers with an asynchronous reset. This is preventing the possibility of merging these registers in to the DSP Block since the DSP block registers only possess synchronous reset capability.  It is suggested to recode or change these registers to remove the reset or use a synchronous reset to get the best optimization for performance, power and area.
Related violations: <none>

DPIR-1#839 Warning
Asynchronous driver check  
DSP u_pqm_pl_top/u_measurement_core/u_time_x100_normalizer/u_reactive_q_scale_multiplier/product__5 input pin u_pqm_pl_top/u_measurement_core/u_time_x100_normalizer/u_reactive_q_scale_multiplier/product__5/A[8] is connected to registers with an asynchronous reset. This is preventing the possibility of merging these registers in to the DSP Block since the DSP block registers only possess synchronous reset capability.  It is suggested to recode or change these registers to remove the reset or use a synchronous reset to get the best optimization for performance, power and area.
Related violations: <none>

DPIR-1#840 Warning
Asynchronous driver check  
DSP u_pqm_pl_top/u_measurement_core/u_time_x100_normalizer/u_reactive_q_scale_multiplier/product__5 input pin u_pqm_pl_top/u_measurement_core/u_time_x100_normalizer/u_reactive_q_scale_multiplier/product__5/A[9] is connected to registers with an asynchronous reset. This is preventing the possibility of merging these registers in to the DSP Block since the DSP block registers only possess synchronous reset capability.  It is suggested to recode or change these registers to remove the reset or use a synchronous reset to get the best optimization for performance, power and area.
Related violations: <none>

DPIR-1#841 Warning
Asynchronous driver check  
DSP u_pqm_pl_top/u_measurement_core/u_time_x100_normalizer/u_reactive_q_scale_multiplier/product__5 input pin u_pqm_pl_top/u_measurement_core/u_time_x100_normalizer/u_reactive_q_scale_multiplier/product__5/B[0] is connected to registers with an asynchronous reset. This is preventing the possibility of merging these registers in to the DSP Block since the DSP block registers only possess synchronous reset capability.  It is suggested to recode or change these registers to remove the reset or use a synchronous reset to get the best optimization for performance, power and area.
Related violations: <none>

DPIR-1#842 Warning
Asynchronous driver check  
DSP u_pqm_pl_top/u_measurement_core/u_time_x100_normalizer/u_reactive_q_scale_multiplier/product__6 input pin u_pqm_pl_top/u_measurement_core/u_time_x100_normalizer/u_reactive_q_scale_multiplier/product__6/A[0] is connected to registers with an asynchronous reset. This is preventing the possibility of merging these registers in to the DSP Block since the DSP block registers only possess synchronous reset capability.  It is suggested to recode or change these registers to remove the reset or use a synchronous reset to get the best optimization for performance, power and area.
Related violations: <none>

DPIR-1#843 Warning
Asynchronous driver check  
DSP u_pqm_pl_top/u_measurement_core/u_time_x100_normalizer/u_reactive_q_scale_multiplier/product__6 input pin u_pqm_pl_top/u_measurement_core/u_time_x100_normalizer/u_reactive_q_scale_multiplier/product__6/A[10] is connected to registers with an asynchronous reset. This is preventing the possibility of merging these registers in to the DSP Block since the DSP block registers only possess synchronous reset capability.  It is suggested to recode or change these registers to remove the reset or use a synchronous reset to get the best optimization for performance, power and area.
Related violations: <none>

DPIR-1#844 Warning
Asynchronous driver check  
DSP u_pqm_pl_top/u_measurement_core/u_time_x100_normalizer/u_reactive_q_scale_multiplier/product__6 input pin u_pqm_pl_top/u_measurement_core/u_time_x100_normalizer/u_reactive_q_scale_multiplier/product__6/A[11] is connected to registers with an asynchronous reset. This is preventing the possibility of merging these registers in to the DSP Block since the DSP block registers only possess synchronous reset capability.  It is suggested to recode or change these registers to remove the reset or use a synchronous reset to get the best optimization for performance, power and area.
Related violations: <none>

DPIR-1#845 Warning
Asynchronous driver check  
DSP u_pqm_pl_top/u_measurement_core/u_time_x100_normalizer/u_reactive_q_scale_multiplier/product__6 input pin u_pqm_pl_top/u_measurement_core/u_time_x100_normalizer/u_reactive_q_scale_multiplier/product__6/A[12] is connected to registers with an asynchronous reset. This is preventing the possibility of merging these registers in to the DSP Block since the DSP block registers only possess synchronous reset capability.  It is suggested to recode or change these registers to remove the reset or use a synchronous reset to get the best optimization for performance, power and area.
Related violations: <none>

DPIR-1#846 Warning
Asynchronous driver check  
DSP u_pqm_pl_top/u_measurement_core/u_time_x100_normalizer/u_reactive_q_scale_multiplier/product__6 input pin u_pqm_pl_top/u_measurement_core/u_time_x100_normalizer/u_reactive_q_scale_multiplier/product__6/A[13] is connected to registers with an asynchronous reset. This is preventing the possibility of merging these registers in to the DSP Block since the DSP block registers only possess synchronous reset capability.  It is suggested to recode or change these registers to remove the reset or use a synchronous reset to get the best optimization for performance, power and area.
Related violations: <none>

DPIR-1#847 Warning
Asynchronous driver check  
DSP u_pqm_pl_top/u_measurement_core/u_time_x100_normalizer/u_reactive_q_scale_multiplier/product__6 input pin u_pqm_pl_top/u_measurement_core/u_time_x100_normalizer/u_reactive_q_scale_multiplier/product__6/A[14] is connected to registers with an asynchronous reset. This is preventing the possibility of merging these registers in to the DSP Block since the DSP block registers only possess synchronous reset capability.  It is suggested to recode or change these registers to remove the reset or use a synchronous reset to get the best optimization for performance, power and area.
Related violations: <none>

DPIR-1#848 Warning
Asynchronous driver check  
DSP u_pqm_pl_top/u_measurement_core/u_time_x100_normalizer/u_reactive_q_scale_multiplier/product__6 input pin u_pqm_pl_top/u_measurement_core/u_time_x100_normalizer/u_reactive_q_scale_multiplier/product__6/A[15] is connected to registers with an asynchronous reset. This is preventing the possibility of merging these registers in to the DSP Block since the DSP block registers only possess synchronous reset capability.  It is suggested to recode or change these registers to remove the reset or use a synchronous reset to get the best optimization for performance, power and area.
Related violations: <none>

DPIR-1#849 Warning
Asynchronous driver check  
DSP u_pqm_pl_top/u_measurement_core/u_time_x100_normalizer/u_reactive_q_scale_multiplier/product__6 input pin u_pqm_pl_top/u_measurement_core/u_time_x100_normalizer/u_reactive_q_scale_multiplier/product__6/A[1] is connected to registers with an asynchronous reset. This is preventing the possibility of merging these registers in to the DSP Block since the DSP block registers only possess synchronous reset capability.  It is suggested to recode or change these registers to remove the reset or use a synchronous reset to get the best optimization for performance, power and area.
Related violations: <none>

DPIR-1#850 Warning
Asynchronous driver check  
DSP u_pqm_pl_top/u_measurement_core/u_time_x100_normalizer/u_reactive_q_scale_multiplier/product__6 input pin u_pqm_pl_top/u_measurement_core/u_time_x100_normalizer/u_reactive_q_scale_multiplier/product__6/A[2] is connected to registers with an asynchronous reset. This is preventing the possibility of merging these registers in to the DSP Block since the DSP block registers only possess synchronous reset capability.  It is suggested to recode or change these registers to remove the reset or use a synchronous reset to get the best optimization for performance, power and area.
Related violations: <none>

DPIR-1#851 Warning
Asynchronous driver check  
DSP u_pqm_pl_top/u_measurement_core/u_time_x100_normalizer/u_reactive_q_scale_multiplier/product__6 input pin u_pqm_pl_top/u_measurement_core/u_time_x100_normalizer/u_reactive_q_scale_multiplier/product__6/A[3] is connected to registers with an asynchronous reset. This is preventing the possibility of merging these registers in to the DSP Block since the DSP block registers only possess synchronous reset capability.  It is suggested to recode or change these registers to remove the reset or use a synchronous reset to get the best optimization for performance, power and area.
Related violations: <none>

DPIR-1#852 Warning
Asynchronous driver check  
DSP u_pqm_pl_top/u_measurement_core/u_time_x100_normalizer/u_reactive_q_scale_multiplier/product__6 input pin u_pqm_pl_top/u_measurement_core/u_time_x100_normalizer/u_reactive_q_scale_multiplier/product__6/A[4] is connected to registers with an asynchronous reset. This is preventing the possibility of merging these registers in to the DSP Block since the DSP block registers only possess synchronous reset capability.  It is suggested to recode or change these registers to remove the reset or use a synchronous reset to get the best optimization for performance, power and area.
Related violations: <none>

DPIR-1#853 Warning
Asynchronous driver check  
DSP u_pqm_pl_top/u_measurement_core/u_time_x100_normalizer/u_reactive_q_scale_multiplier/product__6 input pin u_pqm_pl_top/u_measurement_core/u_time_x100_normalizer/u_reactive_q_scale_multiplier/product__6/A[5] is connected to registers with an asynchronous reset. This is preventing the possibility of merging these registers in to the DSP Block since the DSP block registers only possess synchronous reset capability.  It is suggested to recode or change these registers to remove the reset or use a synchronous reset to get the best optimization for performance, power and area.
Related violations: <none>

DPIR-1#854 Warning
Asynchronous driver check  
DSP u_pqm_pl_top/u_measurement_core/u_time_x100_normalizer/u_reactive_q_scale_multiplier/product__6 input pin u_pqm_pl_top/u_measurement_core/u_time_x100_normalizer/u_reactive_q_scale_multiplier/product__6/A[6] is connected to registers with an asynchronous reset. This is preventing the possibility of merging these registers in to the DSP Block since the DSP block registers only possess synchronous reset capability.  It is suggested to recode or change these registers to remove the reset or use a synchronous reset to get the best optimization for performance, power and area.
Related violations: <none>

DPIR-1#855 Warning
Asynchronous driver check  
DSP u_pqm_pl_top/u_measurement_core/u_time_x100_normalizer/u_reactive_q_scale_multiplier/product__6 input pin u_pqm_pl_top/u_measurement_core/u_time_x100_normalizer/u_reactive_q_scale_multiplier/product__6/A[7] is connected to registers with an asynchronous reset. This is preventing the possibility of merging these registers in to the DSP Block since the DSP block registers only possess synchronous reset capability.  It is suggested to recode or change these registers to remove the reset or use a synchronous reset to get the best optimization for performance, power and area.
Related violations: <none>

DPIR-1#856 Warning
Asynchronous driver check  
DSP u_pqm_pl_top/u_measurement_core/u_time_x100_normalizer/u_reactive_q_scale_multiplier/product__6 input pin u_pqm_pl_top/u_measurement_core/u_time_x100_normalizer/u_reactive_q_scale_multiplier/product__6/A[8] is connected to registers with an asynchronous reset. This is preventing the possibility of merging these registers in to the DSP Block since the DSP block registers only possess synchronous reset capability.  It is suggested to recode or change these registers to remove the reset or use a synchronous reset to get the best optimization for performance, power and area.
Related violations: <none>

DPIR-1#857 Warning
Asynchronous driver check  
DSP u_pqm_pl_top/u_measurement_core/u_time_x100_normalizer/u_reactive_q_scale_multiplier/product__6 input pin u_pqm_pl_top/u_measurement_core/u_time_x100_normalizer/u_reactive_q_scale_multiplier/product__6/A[9] is connected to registers with an asynchronous reset. This is preventing the possibility of merging these registers in to the DSP Block since the DSP block registers only possess synchronous reset capability.  It is suggested to recode or change these registers to remove the reset or use a synchronous reset to get the best optimization for performance, power and area.
Related violations: <none>

DPIR-1#858 Warning
Asynchronous driver check  
DSP u_pqm_pl_top/u_measurement_core/u_time_x100_normalizer/u_u_pp_scale_multiplier/product input pin u_pqm_pl_top/u_measurement_core/u_time_x100_normalizer/u_u_pp_scale_multiplier/product/A[11] is connected to registers with an asynchronous reset. This is preventing the possibility of merging these registers in to the DSP Block since the DSP block registers only possess synchronous reset capability.  It is suggested to recode or change these registers to remove the reset or use a synchronous reset to get the best optimization for performance, power and area.
Related violations: <none>

DPIR-1#859 Warning
Asynchronous driver check  
DSP u_pqm_pl_top/u_measurement_core/u_time_x100_normalizer/u_u_pp_scale_multiplier/product input pin u_pqm_pl_top/u_measurement_core/u_time_x100_normalizer/u_u_pp_scale_multiplier/product/A[15] is connected to registers with an asynchronous reset. This is preventing the possibility of merging these registers in to the DSP Block since the DSP block registers only possess synchronous reset capability.  It is suggested to recode or change these registers to remove the reset or use a synchronous reset to get the best optimization for performance, power and area.
Related violations: <none>

DPIR-1#860 Warning
Asynchronous driver check  
DSP u_pqm_pl_top/u_measurement_core/u_time_x100_normalizer/u_u_pp_scale_multiplier/product input pin u_pqm_pl_top/u_measurement_core/u_time_x100_normalizer/u_u_pp_scale_multiplier/product/A[3] is connected to registers with an asynchronous reset. This is preventing the possibility of merging these registers in to the DSP Block since the DSP block registers only possess synchronous reset capability.  It is suggested to recode or change these registers to remove the reset or use a synchronous reset to get the best optimization for performance, power and area.
Related violations: <none>

DPIR-1#861 Warning
Asynchronous driver check  
DSP u_pqm_pl_top/u_measurement_core/u_time_x100_normalizer/u_u_pp_scale_multiplier/product input pin u_pqm_pl_top/u_measurement_core/u_time_x100_normalizer/u_u_pp_scale_multiplier/product/A[4] is connected to registers with an asynchronous reset. This is preventing the possibility of merging these registers in to the DSP Block since the DSP block registers only possess synchronous reset capability.  It is suggested to recode or change these registers to remove the reset or use a synchronous reset to get the best optimization for performance, power and area.
Related violations: <none>

DPIR-1#862 Warning
Asynchronous driver check  
DSP u_pqm_pl_top/u_measurement_core/u_time_x100_normalizer/u_u_pp_scale_multiplier/product input pin u_pqm_pl_top/u_measurement_core/u_time_x100_normalizer/u_u_pp_scale_multiplier/product/A[5] is connected to registers with an asynchronous reset. This is preventing the possibility of merging these registers in to the DSP Block since the DSP block registers only possess synchronous reset capability.  It is suggested to recode or change these registers to remove the reset or use a synchronous reset to get the best optimization for performance, power and area.
Related violations: <none>

DPIR-1#863 Warning
Asynchronous driver check  
DSP u_pqm_pl_top/u_measurement_core/u_time_x100_normalizer/u_u_pp_scale_multiplier/product input pin u_pqm_pl_top/u_measurement_core/u_time_x100_normalizer/u_u_pp_scale_multiplier/product/A[6] is connected to registers with an asynchronous reset. This is preventing the possibility of merging these registers in to the DSP Block since the DSP block registers only possess synchronous reset capability.  It is suggested to recode or change these registers to remove the reset or use a synchronous reset to get the best optimization for performance, power and area.
Related violations: <none>

DPIR-1#864 Warning
Asynchronous driver check  
DSP u_pqm_pl_top/u_measurement_core/u_time_x100_normalizer/u_u_pp_scale_multiplier/product input pin u_pqm_pl_top/u_measurement_core/u_time_x100_normalizer/u_u_pp_scale_multiplier/product/A[7] is connected to registers with an asynchronous reset. This is preventing the possibility of merging these registers in to the DSP Block since the DSP block registers only possess synchronous reset capability.  It is suggested to recode or change these registers to remove the reset or use a synchronous reset to get the best optimization for performance, power and area.
Related violations: <none>

DPIR-1#865 Warning
Asynchronous driver check  
DSP u_pqm_pl_top/u_measurement_core/u_time_x100_normalizer/u_u_pp_scale_multiplier/product input pin u_pqm_pl_top/u_measurement_core/u_time_x100_normalizer/u_u_pp_scale_multiplier/product/A[8] is connected to registers with an asynchronous reset. This is preventing the possibility of merging these registers in to the DSP Block since the DSP block registers only possess synchronous reset capability.  It is suggested to recode or change these registers to remove the reset or use a synchronous reset to get the best optimization for performance, power and area.
Related violations: <none>

DPIR-1#866 Warning
Asynchronous driver check  
DSP u_pqm_pl_top/u_measurement_core/u_time_x100_normalizer/u_u_pp_scale_multiplier/product input pin u_pqm_pl_top/u_measurement_core/u_time_x100_normalizer/u_u_pp_scale_multiplier/product/A[9] is connected to registers with an asynchronous reset. This is preventing the possibility of merging these registers in to the DSP Block since the DSP block registers only possess synchronous reset capability.  It is suggested to recode or change these registers to remove the reset or use a synchronous reset to get the best optimization for performance, power and area.
Related violations: <none>

DPIR-1#867 Warning
Asynchronous driver check  
DSP u_pqm_pl_top/u_measurement_core/u_time_x100_normalizer/u_u_pp_scale_multiplier/product__1 input pin u_pqm_pl_top/u_measurement_core/u_time_x100_normalizer/u_u_pp_scale_multiplier/product__1/A[0] is connected to registers with an asynchronous reset. This is preventing the possibility of merging these registers in to the DSP Block since the DSP block registers only possess synchronous reset capability.  It is suggested to recode or change these registers to remove the reset or use a synchronous reset to get the best optimization for performance, power and area.
Related violations: <none>

DPIR-1#868 Warning
Asynchronous driver check  
DSP u_pqm_pl_top/u_measurement_core/u_time_x100_normalizer/u_u_pp_scale_multiplier/product__1 input pin u_pqm_pl_top/u_measurement_core/u_time_x100_normalizer/u_u_pp_scale_multiplier/product__1/A[10] is connected to registers with an asynchronous reset. This is preventing the possibility of merging these registers in to the DSP Block since the DSP block registers only possess synchronous reset capability.  It is suggested to recode or change these registers to remove the reset or use a synchronous reset to get the best optimization for performance, power and area.
Related violations: <none>

DPIR-1#869 Warning
Asynchronous driver check  
DSP u_pqm_pl_top/u_measurement_core/u_time_x100_normalizer/u_u_pp_scale_multiplier/product__1 input pin u_pqm_pl_top/u_measurement_core/u_time_x100_normalizer/u_u_pp_scale_multiplier/product__1/A[11] is connected to registers with an asynchronous reset. This is preventing the possibility of merging these registers in to the DSP Block since the DSP block registers only possess synchronous reset capability.  It is suggested to recode or change these registers to remove the reset or use a synchronous reset to get the best optimization for performance, power and area.
Related violations: <none>

DPIR-1#870 Warning
Asynchronous driver check  
DSP u_pqm_pl_top/u_measurement_core/u_time_x100_normalizer/u_u_pp_scale_multiplier/product__1 input pin u_pqm_pl_top/u_measurement_core/u_time_x100_normalizer/u_u_pp_scale_multiplier/product__1/A[12] is connected to registers with an asynchronous reset. This is preventing the possibility of merging these registers in to the DSP Block since the DSP block registers only possess synchronous reset capability.  It is suggested to recode or change these registers to remove the reset or use a synchronous reset to get the best optimization for performance, power and area.
Related violations: <none>

DPIR-1#871 Warning
Asynchronous driver check  
DSP u_pqm_pl_top/u_measurement_core/u_time_x100_normalizer/u_u_pp_scale_multiplier/product__1 input pin u_pqm_pl_top/u_measurement_core/u_time_x100_normalizer/u_u_pp_scale_multiplier/product__1/A[13] is connected to registers with an asynchronous reset. This is preventing the possibility of merging these registers in to the DSP Block since the DSP block registers only possess synchronous reset capability.  It is suggested to recode or change these registers to remove the reset or use a synchronous reset to get the best optimization for performance, power and area.
Related violations: <none>

DPIR-1#872 Warning
Asynchronous driver check  
DSP u_pqm_pl_top/u_measurement_core/u_time_x100_normalizer/u_u_pp_scale_multiplier/product__1 input pin u_pqm_pl_top/u_measurement_core/u_time_x100_normalizer/u_u_pp_scale_multiplier/product__1/A[14] is connected to registers with an asynchronous reset. This is preventing the possibility of merging these registers in to the DSP Block since the DSP block registers only possess synchronous reset capability.  It is suggested to recode or change these registers to remove the reset or use a synchronous reset to get the best optimization for performance, power and area.
Related violations: <none>

DPIR-1#873 Warning
Asynchronous driver check  
DSP u_pqm_pl_top/u_measurement_core/u_time_x100_normalizer/u_u_pp_scale_multiplier/product__1 input pin u_pqm_pl_top/u_measurement_core/u_time_x100_normalizer/u_u_pp_scale_multiplier/product__1/A[15] is connected to registers with an asynchronous reset. This is preventing the possibility of merging these registers in to the DSP Block since the DSP block registers only possess synchronous reset capability.  It is suggested to recode or change these registers to remove the reset or use a synchronous reset to get the best optimization for performance, power and area.
Related violations: <none>

DPIR-1#874 Warning
Asynchronous driver check  
DSP u_pqm_pl_top/u_measurement_core/u_time_x100_normalizer/u_u_pp_scale_multiplier/product__1 input pin u_pqm_pl_top/u_measurement_core/u_time_x100_normalizer/u_u_pp_scale_multiplier/product__1/A[16] is connected to registers with an asynchronous reset. This is preventing the possibility of merging these registers in to the DSP Block since the DSP block registers only possess synchronous reset capability.  It is suggested to recode or change these registers to remove the reset or use a synchronous reset to get the best optimization for performance, power and area.
Related violations: <none>

DPIR-1#875 Warning
Asynchronous driver check  
DSP u_pqm_pl_top/u_measurement_core/u_time_x100_normalizer/u_u_pp_scale_multiplier/product__1 input pin u_pqm_pl_top/u_measurement_core/u_time_x100_normalizer/u_u_pp_scale_multiplier/product__1/A[1] is connected to registers with an asynchronous reset. This is preventing the possibility of merging these registers in to the DSP Block since the DSP block registers only possess synchronous reset capability.  It is suggested to recode or change these registers to remove the reset or use a synchronous reset to get the best optimization for performance, power and area.
Related violations: <none>

DPIR-1#876 Warning
Asynchronous driver check  
DSP u_pqm_pl_top/u_measurement_core/u_time_x100_normalizer/u_u_pp_scale_multiplier/product__1 input pin u_pqm_pl_top/u_measurement_core/u_time_x100_normalizer/u_u_pp_scale_multiplier/product__1/A[2] is connected to registers with an asynchronous reset. This is preventing the possibility of merging these registers in to the DSP Block since the DSP block registers only possess synchronous reset capability.  It is suggested to recode or change these registers to remove the reset or use a synchronous reset to get the best optimization for performance, power and area.
Related violations: <none>

DPIR-1#877 Warning
Asynchronous driver check  
DSP u_pqm_pl_top/u_measurement_core/u_time_x100_normalizer/u_u_pp_scale_multiplier/product__1 input pin u_pqm_pl_top/u_measurement_core/u_time_x100_normalizer/u_u_pp_scale_multiplier/product__1/A[3] is connected to registers with an asynchronous reset. This is preventing the possibility of merging these registers in to the DSP Block since the DSP block registers only possess synchronous reset capability.  It is suggested to recode or change these registers to remove the reset or use a synchronous reset to get the best optimization for performance, power and area.
Related violations: <none>

DPIR-1#878 Warning
Asynchronous driver check  
DSP u_pqm_pl_top/u_measurement_core/u_time_x100_normalizer/u_u_pp_scale_multiplier/product__1 input pin u_pqm_pl_top/u_measurement_core/u_time_x100_normalizer/u_u_pp_scale_multiplier/product__1/A[4] is connected to registers with an asynchronous reset. This is preventing the possibility of merging these registers in to the DSP Block since the DSP block registers only possess synchronous reset capability.  It is suggested to recode or change these registers to remove the reset or use a synchronous reset to get the best optimization for performance, power and area.
Related violations: <none>

DPIR-1#879 Warning
Asynchronous driver check  
DSP u_pqm_pl_top/u_measurement_core/u_time_x100_normalizer/u_u_pp_scale_multiplier/product__1 input pin u_pqm_pl_top/u_measurement_core/u_time_x100_normalizer/u_u_pp_scale_multiplier/product__1/A[5] is connected to registers with an asynchronous reset. This is preventing the possibility of merging these registers in to the DSP Block since the DSP block registers only possess synchronous reset capability.  It is suggested to recode or change these registers to remove the reset or use a synchronous reset to get the best optimization for performance, power and area.
Related violations: <none>

DPIR-1#880 Warning
Asynchronous driver check  
DSP u_pqm_pl_top/u_measurement_core/u_time_x100_normalizer/u_u_pp_scale_multiplier/product__1 input pin u_pqm_pl_top/u_measurement_core/u_time_x100_normalizer/u_u_pp_scale_multiplier/product__1/A[6] is connected to registers with an asynchronous reset. This is preventing the possibility of merging these registers in to the DSP Block since the DSP block registers only possess synchronous reset capability.  It is suggested to recode or change these registers to remove the reset or use a synchronous reset to get the best optimization for performance, power and area.
Related violations: <none>

DPIR-1#881 Warning
Asynchronous driver check  
DSP u_pqm_pl_top/u_measurement_core/u_time_x100_normalizer/u_u_pp_scale_multiplier/product__1 input pin u_pqm_pl_top/u_measurement_core/u_time_x100_normalizer/u_u_pp_scale_multiplier/product__1/A[7] is connected to registers with an asynchronous reset. This is preventing the possibility of merging these registers in to the DSP Block since the DSP block registers only possess synchronous reset capability.  It is suggested to recode or change these registers to remove the reset or use a synchronous reset to get the best optimization for performance, power and area.
Related violations: <none>

DPIR-1#882 Warning
Asynchronous driver check  
DSP u_pqm_pl_top/u_measurement_core/u_time_x100_normalizer/u_u_pp_scale_multiplier/product__1 input pin u_pqm_pl_top/u_measurement_core/u_time_x100_normalizer/u_u_pp_scale_multiplier/product__1/A[8] is connected to registers with an asynchronous reset. This is preventing the possibility of merging these registers in to the DSP Block since the DSP block registers only possess synchronous reset capability.  It is suggested to recode or change these registers to remove the reset or use a synchronous reset to get the best optimization for performance, power and area.
Related violations: <none>

DPIR-1#883 Warning
Asynchronous driver check  
DSP u_pqm_pl_top/u_measurement_core/u_time_x100_normalizer/u_u_pp_scale_multiplier/product__1 input pin u_pqm_pl_top/u_measurement_core/u_time_x100_normalizer/u_u_pp_scale_multiplier/product__1/A[9] is connected to registers with an asynchronous reset. This is preventing the possibility of merging these registers in to the DSP Block since the DSP block registers only possess synchronous reset capability.  It is suggested to recode or change these registers to remove the reset or use a synchronous reset to get the best optimization for performance, power and area.
Related violations: <none>

DPIR-1#884 Warning
Asynchronous driver check  
DSP u_pqm_pl_top/u_measurement_core/u_time_x100_normalizer/u_u_pp_scale_multiplier/product__1 input pin u_pqm_pl_top/u_measurement_core/u_time_x100_normalizer/u_u_pp_scale_multiplier/product__1/B[11] is connected to registers with an asynchronous reset. This is preventing the possibility of merging these registers in to the DSP Block since the DSP block registers only possess synchronous reset capability.  It is suggested to recode or change these registers to remove the reset or use a synchronous reset to get the best optimization for performance, power and area.
Related violations: <none>

DPIR-1#885 Warning
Asynchronous driver check  
DSP u_pqm_pl_top/u_measurement_core/u_time_x100_normalizer/u_u_pp_scale_multiplier/product__1 input pin u_pqm_pl_top/u_measurement_core/u_time_x100_normalizer/u_u_pp_scale_multiplier/product__1/B[15] is connected to registers with an asynchronous reset. This is preventing the possibility of merging these registers in to the DSP Block since the DSP block registers only possess synchronous reset capability.  It is suggested to recode or change these registers to remove the reset or use a synchronous reset to get the best optimization for performance, power and area.
Related violations: <none>

DPIR-1#886 Warning
Asynchronous driver check  
DSP u_pqm_pl_top/u_measurement_core/u_time_x100_normalizer/u_u_pp_scale_multiplier/product__1 input pin u_pqm_pl_top/u_measurement_core/u_time_x100_normalizer/u_u_pp_scale_multiplier/product__1/B[3] is connected to registers with an asynchronous reset. This is preventing the possibility of merging these registers in to the DSP Block since the DSP block registers only possess synchronous reset capability.  It is suggested to recode or change these registers to remove the reset or use a synchronous reset to get the best optimization for performance, power and area.
Related violations: <none>

DPIR-1#887 Warning
Asynchronous driver check  
DSP u_pqm_pl_top/u_measurement_core/u_time_x100_normalizer/u_u_pp_scale_multiplier/product__1 input pin u_pqm_pl_top/u_measurement_core/u_time_x100_normalizer/u_u_pp_scale_multiplier/product__1/B[4] is connected to registers with an asynchronous reset. This is preventing the possibility of merging these registers in to the DSP Block since the DSP block registers only possess synchronous reset capability.  It is suggested to recode or change these registers to remove the reset or use a synchronous reset to get the best optimization for performance, power and area.
Related violations: <none>

DPIR-1#888 Warning
Asynchronous driver check  
DSP u_pqm_pl_top/u_measurement_core/u_time_x100_normalizer/u_u_pp_scale_multiplier/product__1 input pin u_pqm_pl_top/u_measurement_core/u_time_x100_normalizer/u_u_pp_scale_multiplier/product__1/B[5] is connected to registers with an asynchronous reset. This is preventing the possibility of merging these registers in to the DSP Block since the DSP block registers only possess synchronous reset capability.  It is suggested to recode or change these registers to remove the reset or use a synchronous reset to get the best optimization for performance, power and area.
Related violations: <none>

DPIR-1#889 Warning
Asynchronous driver check  
DSP u_pqm_pl_top/u_measurement_core/u_time_x100_normalizer/u_u_pp_scale_multiplier/product__1 input pin u_pqm_pl_top/u_measurement_core/u_time_x100_normalizer/u_u_pp_scale_multiplier/product__1/B[6] is connected to registers with an asynchronous reset. This is preventing the possibility of merging these registers in to the DSP Block since the DSP block registers only possess synchronous reset capability.  It is suggested to recode or change these registers to remove the reset or use a synchronous reset to get the best optimization for performance, power and area.
Related violations: <none>

DPIR-1#890 Warning
Asynchronous driver check  
DSP u_pqm_pl_top/u_measurement_core/u_time_x100_normalizer/u_u_pp_scale_multiplier/product__1 input pin u_pqm_pl_top/u_measurement_core/u_time_x100_normalizer/u_u_pp_scale_multiplier/product__1/B[7] is connected to registers with an asynchronous reset. This is preventing the possibility of merging these registers in to the DSP Block since the DSP block registers only possess synchronous reset capability.  It is suggested to recode or change these registers to remove the reset or use a synchronous reset to get the best optimization for performance, power and area.
Related violations: <none>

DPIR-1#891 Warning
Asynchronous driver check  
DSP u_pqm_pl_top/u_measurement_core/u_time_x100_normalizer/u_u_pp_scale_multiplier/product__1 input pin u_pqm_pl_top/u_measurement_core/u_time_x100_normalizer/u_u_pp_scale_multiplier/product__1/B[8] is connected to registers with an asynchronous reset. This is preventing the possibility of merging these registers in to the DSP Block since the DSP block registers only possess synchronous reset capability.  It is suggested to recode or change these registers to remove the reset or use a synchronous reset to get the best optimization for performance, power and area.
Related violations: <none>

DPIR-1#892 Warning
Asynchronous driver check  
DSP u_pqm_pl_top/u_measurement_core/u_time_x100_normalizer/u_u_pp_scale_multiplier/product__1 input pin u_pqm_pl_top/u_measurement_core/u_time_x100_normalizer/u_u_pp_scale_multiplier/product__1/B[9] is connected to registers with an asynchronous reset. This is preventing the possibility of merging these registers in to the DSP Block since the DSP block registers only possess synchronous reset capability.  It is suggested to recode or change these registers to remove the reset or use a synchronous reset to get the best optimization for performance, power and area.
Related violations: <none>

DPIR-1#893 Warning
Asynchronous driver check  
DSP u_pqm_pl_top/u_measurement_core/u_time_x100_normalizer/u_u_rms_raw_to_x100/u_scale_multiplier/product input pin u_pqm_pl_top/u_measurement_core/u_time_x100_normalizer/u_u_rms_raw_to_x100/u_scale_multiplier/product/A[11] is connected to registers with an asynchronous reset. This is preventing the possibility of merging these registers in to the DSP Block since the DSP block registers only possess synchronous reset capability.  It is suggested to recode or change these registers to remove the reset or use a synchronous reset to get the best optimization for performance, power and area.
Related violations: <none>

DPIR-1#894 Warning
Asynchronous driver check  
DSP u_pqm_pl_top/u_measurement_core/u_time_x100_normalizer/u_u_rms_raw_to_x100/u_scale_multiplier/product input pin u_pqm_pl_top/u_measurement_core/u_time_x100_normalizer/u_u_rms_raw_to_x100/u_scale_multiplier/product/A[15] is connected to registers with an asynchronous reset. This is preventing the possibility of merging these registers in to the DSP Block since the DSP block registers only possess synchronous reset capability.  It is suggested to recode or change these registers to remove the reset or use a synchronous reset to get the best optimization for performance, power and area.
Related violations: <none>

DPIR-1#895 Warning
Asynchronous driver check  
DSP u_pqm_pl_top/u_measurement_core/u_time_x100_normalizer/u_u_rms_raw_to_x100/u_scale_multiplier/product input pin u_pqm_pl_top/u_measurement_core/u_time_x100_normalizer/u_u_rms_raw_to_x100/u_scale_multiplier/product/A[3] is connected to registers with an asynchronous reset. This is preventing the possibility of merging these registers in to the DSP Block since the DSP block registers only possess synchronous reset capability.  It is suggested to recode or change these registers to remove the reset or use a synchronous reset to get the best optimization for performance, power and area.
Related violations: <none>

DPIR-1#896 Warning
Asynchronous driver check  
DSP u_pqm_pl_top/u_measurement_core/u_time_x100_normalizer/u_u_rms_raw_to_x100/u_scale_multiplier/product input pin u_pqm_pl_top/u_measurement_core/u_time_x100_normalizer/u_u_rms_raw_to_x100/u_scale_multiplier/product/A[4] is connected to registers with an asynchronous reset. This is preventing the possibility of merging these registers in to the DSP Block since the DSP block registers only possess synchronous reset capability.  It is suggested to recode or change these registers to remove the reset or use a synchronous reset to get the best optimization for performance, power and area.
Related violations: <none>

DPIR-1#897 Warning
Asynchronous driver check  
DSP u_pqm_pl_top/u_measurement_core/u_time_x100_normalizer/u_u_rms_raw_to_x100/u_scale_multiplier/product input pin u_pqm_pl_top/u_measurement_core/u_time_x100_normalizer/u_u_rms_raw_to_x100/u_scale_multiplier/product/A[5] is connected to registers with an asynchronous reset. This is preventing the possibility of merging these registers in to the DSP Block since the DSP block registers only possess synchronous reset capability.  It is suggested to recode or change these registers to remove the reset or use a synchronous reset to get the best optimization for performance, power and area.
Related violations: <none>

DPIR-1#898 Warning
Asynchronous driver check  
DSP u_pqm_pl_top/u_measurement_core/u_time_x100_normalizer/u_u_rms_raw_to_x100/u_scale_multiplier/product input pin u_pqm_pl_top/u_measurement_core/u_time_x100_normalizer/u_u_rms_raw_to_x100/u_scale_multiplier/product/A[6] is connected to registers with an asynchronous reset. This is preventing the possibility of merging these registers in to the DSP Block since the DSP block registers only possess synchronous reset capability.  It is suggested to recode or change these registers to remove the reset or use a synchronous reset to get the best optimization for performance, power and area.
Related violations: <none>

DPIR-1#899 Warning
Asynchronous driver check  
DSP u_pqm_pl_top/u_measurement_core/u_time_x100_normalizer/u_u_rms_raw_to_x100/u_scale_multiplier/product input pin u_pqm_pl_top/u_measurement_core/u_time_x100_normalizer/u_u_rms_raw_to_x100/u_scale_multiplier/product/A[7] is connected to registers with an asynchronous reset. This is preventing the possibility of merging these registers in to the DSP Block since the DSP block registers only possess synchronous reset capability.  It is suggested to recode or change these registers to remove the reset or use a synchronous reset to get the best optimization for performance, power and area.
Related violations: <none>

DPIR-1#900 Warning
Asynchronous driver check  
DSP u_pqm_pl_top/u_measurement_core/u_time_x100_normalizer/u_u_rms_raw_to_x100/u_scale_multiplier/product input pin u_pqm_pl_top/u_measurement_core/u_time_x100_normalizer/u_u_rms_raw_to_x100/u_scale_multiplier/product/A[8] is connected to registers with an asynchronous reset. This is preventing the possibility of merging these registers in to the DSP Block since the DSP block registers only possess synchronous reset capability.  It is suggested to recode or change these registers to remove the reset or use a synchronous reset to get the best optimization for performance, power and area.
Related violations: <none>

DPIR-1#901 Warning
Asynchronous driver check  
DSP u_pqm_pl_top/u_measurement_core/u_time_x100_normalizer/u_u_rms_raw_to_x100/u_scale_multiplier/product input pin u_pqm_pl_top/u_measurement_core/u_time_x100_normalizer/u_u_rms_raw_to_x100/u_scale_multiplier/product/A[9] is connected to registers with an asynchronous reset. This is preventing the possibility of merging these registers in to the DSP Block since the DSP block registers only possess synchronous reset capability.  It is suggested to recode or change these registers to remove the reset or use a synchronous reset to get the best optimization for performance, power and area.
Related violations: <none>

DPIR-1#902 Warning
Asynchronous driver check  
DSP u_pqm_pl_top/u_measurement_core/u_time_x100_normalizer/u_u_rms_raw_to_x100/u_scale_multiplier/product input pin u_pqm_pl_top/u_measurement_core/u_time_x100_normalizer/u_u_rms_raw_to_x100/u_scale_multiplier/product/B[0] is connected to registers with an asynchronous reset. This is preventing the possibility of merging these registers in to the DSP Block since the DSP block registers only possess synchronous reset capability.  It is suggested to recode or change these registers to remove the reset or use a synchronous reset to get the best optimization for performance, power and area.
Related violations: <none>

DPIR-1#903 Warning
Asynchronous driver check  
DSP u_pqm_pl_top/u_measurement_core/u_time_x100_normalizer/u_u_rms_raw_to_x100/u_scale_multiplier/product input pin u_pqm_pl_top/u_measurement_core/u_time_x100_normalizer/u_u_rms_raw_to_x100/u_scale_multiplier/product/B[10] is connected to registers with an asynchronous reset. This is preventing the possibility of merging these registers in to the DSP Block since the DSP block registers only possess synchronous reset capability.  It is suggested to recode or change these registers to remove the reset or use a synchronous reset to get the best optimization for performance, power and area.
Related violations: <none>

DPIR-1#904 Warning
Asynchronous driver check  
DSP u_pqm_pl_top/u_measurement_core/u_time_x100_normalizer/u_u_rms_raw_to_x100/u_scale_multiplier/product input pin u_pqm_pl_top/u_measurement_core/u_time_x100_normalizer/u_u_rms_raw_to_x100/u_scale_multiplier/product/B[11] is connected to registers with an asynchronous reset. This is preventing the possibility of merging these registers in to the DSP Block since the DSP block registers only possess synchronous reset capability.  It is suggested to recode or change these registers to remove the reset or use a synchronous reset to get the best optimization for performance, power and area.
Related violations: <none>

DPIR-1#905 Warning
Asynchronous driver check  
DSP u_pqm_pl_top/u_measurement_core/u_time_x100_normalizer/u_u_rms_raw_to_x100/u_scale_multiplier/product input pin u_pqm_pl_top/u_measurement_core/u_time_x100_normalizer/u_u_rms_raw_to_x100/u_scale_multiplier/product/B[12] is connected to registers with an asynchronous reset. This is preventing the possibility of merging these registers in to the DSP Block since the DSP block registers only possess synchronous reset capability.  It is suggested to recode or change these registers to remove the reset or use a synchronous reset to get the best optimization for performance, power and area.
Related violations: <none>

DPIR-1#906 Warning
Asynchronous driver check  
DSP u_pqm_pl_top/u_measurement_core/u_time_x100_normalizer/u_u_rms_raw_to_x100/u_scale_multiplier/product input pin u_pqm_pl_top/u_measurement_core/u_time_x100_normalizer/u_u_rms_raw_to_x100/u_scale_multiplier/product/B[13] is connected to registers with an asynchronous reset. This is preventing the possibility of merging these registers in to the DSP Block since the DSP block registers only possess synchronous reset capability.  It is suggested to recode or change these registers to remove the reset or use a synchronous reset to get the best optimization for performance, power and area.
Related violations: <none>

DPIR-1#907 Warning
Asynchronous driver check  
DSP u_pqm_pl_top/u_measurement_core/u_time_x100_normalizer/u_u_rms_raw_to_x100/u_scale_multiplier/product input pin u_pqm_pl_top/u_measurement_core/u_time_x100_normalizer/u_u_rms_raw_to_x100/u_scale_multiplier/product/B[14] is connected to registers with an asynchronous reset. This is preventing the possibility of merging these registers in to the DSP Block since the DSP block registers only possess synchronous reset capability.  It is suggested to recode or change these registers to remove the reset or use a synchronous reset to get the best optimization for performance, power and area.
Related violations: <none>

DPIR-1#908 Warning
Asynchronous driver check  
DSP u_pqm_pl_top/u_measurement_core/u_time_x100_normalizer/u_u_rms_raw_to_x100/u_scale_multiplier/product input pin u_pqm_pl_top/u_measurement_core/u_time_x100_normalizer/u_u_rms_raw_to_x100/u_scale_multiplier/product/B[1] is connected to registers with an asynchronous reset. This is preventing the possibility of merging these registers in to the DSP Block since the DSP block registers only possess synchronous reset capability.  It is suggested to recode or change these registers to remove the reset or use a synchronous reset to get the best optimization for performance, power and area.
Related violations: <none>

DPIR-1#909 Warning
Asynchronous driver check  
DSP u_pqm_pl_top/u_measurement_core/u_time_x100_normalizer/u_u_rms_raw_to_x100/u_scale_multiplier/product input pin u_pqm_pl_top/u_measurement_core/u_time_x100_normalizer/u_u_rms_raw_to_x100/u_scale_multiplier/product/B[2] is connected to registers with an asynchronous reset. This is preventing the possibility of merging these registers in to the DSP Block since the DSP block registers only possess synchronous reset capability.  It is suggested to recode or change these registers to remove the reset or use a synchronous reset to get the best optimization for performance, power and area.
Related violations: <none>

DPIR-1#910 Warning
Asynchronous driver check  
DSP u_pqm_pl_top/u_measurement_core/u_time_x100_normalizer/u_u_rms_raw_to_x100/u_scale_multiplier/product input pin u_pqm_pl_top/u_measurement_core/u_time_x100_normalizer/u_u_rms_raw_to_x100/u_scale_multiplier/product/B[3] is connected to registers with an asynchronous reset. This is preventing the possibility of merging these registers in to the DSP Block since the DSP block registers only possess synchronous reset capability.  It is suggested to recode or change these registers to remove the reset or use a synchronous reset to get the best optimization for performance, power and area.
Related violations: <none>

DPIR-1#911 Warning
Asynchronous driver check  
DSP u_pqm_pl_top/u_measurement_core/u_time_x100_normalizer/u_u_rms_raw_to_x100/u_scale_multiplier/product input pin u_pqm_pl_top/u_measurement_core/u_time_x100_normalizer/u_u_rms_raw_to_x100/u_scale_multiplier/product/B[4] is connected to registers with an asynchronous reset. This is preventing the possibility of merging these registers in to the DSP Block since the DSP block registers only possess synchronous reset capability.  It is suggested to recode or change these registers to remove the reset or use a synchronous reset to get the best optimization for performance, power and area.
Related violations: <none>

DPIR-1#912 Warning
Asynchronous driver check  
DSP u_pqm_pl_top/u_measurement_core/u_time_x100_normalizer/u_u_rms_raw_to_x100/u_scale_multiplier/product input pin u_pqm_pl_top/u_measurement_core/u_time_x100_normalizer/u_u_rms_raw_to_x100/u_scale_multiplier/product/B[5] is connected to registers with an asynchronous reset. This is preventing the possibility of merging these registers in to the DSP Block since the DSP block registers only possess synchronous reset capability.  It is suggested to recode or change these registers to remove the reset or use a synchronous reset to get the best optimization for performance, power and area.
Related violations: <none>

DPIR-1#913 Warning
Asynchronous driver check  
DSP u_pqm_pl_top/u_measurement_core/u_time_x100_normalizer/u_u_rms_raw_to_x100/u_scale_multiplier/product input pin u_pqm_pl_top/u_measurement_core/u_time_x100_normalizer/u_u_rms_raw_to_x100/u_scale_multiplier/product/B[6] is connected to registers with an asynchronous reset. This is preventing the possibility of merging these registers in to the DSP Block since the DSP block registers only possess synchronous reset capability.  It is suggested to recode or change these registers to remove the reset or use a synchronous reset to get the best optimization for performance, power and area.
Related violations: <none>

DPIR-1#914 Warning
Asynchronous driver check  
DSP u_pqm_pl_top/u_measurement_core/u_time_x100_normalizer/u_u_rms_raw_to_x100/u_scale_multiplier/product input pin u_pqm_pl_top/u_measurement_core/u_time_x100_normalizer/u_u_rms_raw_to_x100/u_scale_multiplier/product/B[7] is connected to registers with an asynchronous reset. This is preventing the possibility of merging these registers in to the DSP Block since the DSP block registers only possess synchronous reset capability.  It is suggested to recode or change these registers to remove the reset or use a synchronous reset to get the best optimization for performance, power and area.
Related violations: <none>

DPIR-1#915 Warning
Asynchronous driver check  
DSP u_pqm_pl_top/u_measurement_core/u_time_x100_normalizer/u_u_rms_raw_to_x100/u_scale_multiplier/product input pin u_pqm_pl_top/u_measurement_core/u_time_x100_normalizer/u_u_rms_raw_to_x100/u_scale_multiplier/product/B[8] is connected to registers with an asynchronous reset. This is preventing the possibility of merging these registers in to the DSP Block since the DSP block registers only possess synchronous reset capability.  It is suggested to recode or change these registers to remove the reset or use a synchronous reset to get the best optimization for performance, power and area.
Related violations: <none>

DPIR-1#916 Warning
Asynchronous driver check  
DSP u_pqm_pl_top/u_measurement_core/u_time_x100_normalizer/u_u_rms_raw_to_x100/u_scale_multiplier/product input pin u_pqm_pl_top/u_measurement_core/u_time_x100_normalizer/u_u_rms_raw_to_x100/u_scale_multiplier/product/B[9] is connected to registers with an asynchronous reset. This is preventing the possibility of merging these registers in to the DSP Block since the DSP block registers only possess synchronous reset capability.  It is suggested to recode or change these registers to remove the reset or use a synchronous reset to get the best optimization for performance, power and area.
Related violations: <none>

DPIR-1#917 Warning
Asynchronous driver check  
DSP u_pqm_pl_top/u_measurement_core/u_time_x100_normalizer/u_u_rms_raw_to_x100/u_scale_multiplier/product__0 input pin u_pqm_pl_top/u_measurement_core/u_time_x100_normalizer/u_u_rms_raw_to_x100/u_scale_multiplier/product__0/A[0] is connected to registers with an asynchronous reset. This is preventing the possibility of merging these registers in to the DSP Block since the DSP block registers only possess synchronous reset capability.  It is suggested to recode or change these registers to remove the reset or use a synchronous reset to get the best optimization for performance, power and area.
Related violations: <none>

DPIR-1#918 Warning
Asynchronous driver check  
DSP u_pqm_pl_top/u_measurement_core/u_time_x100_normalizer/u_u_rms_raw_to_x100/u_scale_multiplier/product__0 input pin u_pqm_pl_top/u_measurement_core/u_time_x100_normalizer/u_u_rms_raw_to_x100/u_scale_multiplier/product__0/A[10] is connected to registers with an asynchronous reset. This is preventing the possibility of merging these registers in to the DSP Block since the DSP block registers only possess synchronous reset capability.  It is suggested to recode or change these registers to remove the reset or use a synchronous reset to get the best optimization for performance, power and area.
Related violations: <none>

DPIR-1#919 Warning
Asynchronous driver check  
DSP u_pqm_pl_top/u_measurement_core/u_time_x100_normalizer/u_u_rms_raw_to_x100/u_scale_multiplier/product__0 input pin u_pqm_pl_top/u_measurement_core/u_time_x100_normalizer/u_u_rms_raw_to_x100/u_scale_multiplier/product__0/A[11] is connected to registers with an asynchronous reset. This is preventing the possibility of merging these registers in to the DSP Block since the DSP block registers only possess synchronous reset capability.  It is suggested to recode or change these registers to remove the reset or use a synchronous reset to get the best optimization for performance, power and area.
Related violations: <none>

DPIR-1#920 Warning
Asynchronous driver check  
DSP u_pqm_pl_top/u_measurement_core/u_time_x100_normalizer/u_u_rms_raw_to_x100/u_scale_multiplier/product__0 input pin u_pqm_pl_top/u_measurement_core/u_time_x100_normalizer/u_u_rms_raw_to_x100/u_scale_multiplier/product__0/A[12] is connected to registers with an asynchronous reset. This is preventing the possibility of merging these registers in to the DSP Block since the DSP block registers only possess synchronous reset capability.  It is suggested to recode or change these registers to remove the reset or use a synchronous reset to get the best optimization for performance, power and area.
Related violations: <none>

DPIR-1#921 Warning
Asynchronous driver check  
DSP u_pqm_pl_top/u_measurement_core/u_time_x100_normalizer/u_u_rms_raw_to_x100/u_scale_multiplier/product__0 input pin u_pqm_pl_top/u_measurement_core/u_time_x100_normalizer/u_u_rms_raw_to_x100/u_scale_multiplier/product__0/A[13] is connected to registers with an asynchronous reset. This is preventing the possibility of merging these registers in to the DSP Block since the DSP block registers only possess synchronous reset capability.  It is suggested to recode or change these registers to remove the reset or use a synchronous reset to get the best optimization for performance, power and area.
Related violations: <none>

DPIR-1#922 Warning
Asynchronous driver check  
DSP u_pqm_pl_top/u_measurement_core/u_time_x100_normalizer/u_u_rms_raw_to_x100/u_scale_multiplier/product__0 input pin u_pqm_pl_top/u_measurement_core/u_time_x100_normalizer/u_u_rms_raw_to_x100/u_scale_multiplier/product__0/A[14] is connected to registers with an asynchronous reset. This is preventing the possibility of merging these registers in to the DSP Block since the DSP block registers only possess synchronous reset capability.  It is suggested to recode or change these registers to remove the reset or use a synchronous reset to get the best optimization for performance, power and area.
Related violations: <none>

DPIR-1#923 Warning
Asynchronous driver check  
DSP u_pqm_pl_top/u_measurement_core/u_time_x100_normalizer/u_u_rms_raw_to_x100/u_scale_multiplier/product__0 input pin u_pqm_pl_top/u_measurement_core/u_time_x100_normalizer/u_u_rms_raw_to_x100/u_scale_multiplier/product__0/A[1] is connected to registers with an asynchronous reset. This is preventing the possibility of merging these registers in to the DSP Block since the DSP block registers only possess synchronous reset capability.  It is suggested to recode or change these registers to remove the reset or use a synchronous reset to get the best optimization for performance, power and area.
Related violations: <none>

DPIR-1#924 Warning
Asynchronous driver check  
DSP u_pqm_pl_top/u_measurement_core/u_time_x100_normalizer/u_u_rms_raw_to_x100/u_scale_multiplier/product__0 input pin u_pqm_pl_top/u_measurement_core/u_time_x100_normalizer/u_u_rms_raw_to_x100/u_scale_multiplier/product__0/A[2] is connected to registers with an asynchronous reset. This is preventing the possibility of merging these registers in to the DSP Block since the DSP block registers only possess synchronous reset capability.  It is suggested to recode or change these registers to remove the reset or use a synchronous reset to get the best optimization for performance, power and area.
Related violations: <none>

DPIR-1#925 Warning
Asynchronous driver check  
DSP u_pqm_pl_top/u_measurement_core/u_time_x100_normalizer/u_u_rms_raw_to_x100/u_scale_multiplier/product__0 input pin u_pqm_pl_top/u_measurement_core/u_time_x100_normalizer/u_u_rms_raw_to_x100/u_scale_multiplier/product__0/A[3] is connected to registers with an asynchronous reset. This is preventing the possibility of merging these registers in to the DSP Block since the DSP block registers only possess synchronous reset capability.  It is suggested to recode or change these registers to remove the reset or use a synchronous reset to get the best optimization for performance, power and area.
Related violations: <none>

DPIR-1#926 Warning
Asynchronous driver check  
DSP u_pqm_pl_top/u_measurement_core/u_time_x100_normalizer/u_u_rms_raw_to_x100/u_scale_multiplier/product__0 input pin u_pqm_pl_top/u_measurement_core/u_time_x100_normalizer/u_u_rms_raw_to_x100/u_scale_multiplier/product__0/A[4] is connected to registers with an asynchronous reset. This is preventing the possibility of merging these registers in to the DSP Block since the DSP block registers only possess synchronous reset capability.  It is suggested to recode or change these registers to remove the reset or use a synchronous reset to get the best optimization for performance, power and area.
Related violations: <none>

DPIR-1#927 Warning
Asynchronous driver check  
DSP u_pqm_pl_top/u_measurement_core/u_time_x100_normalizer/u_u_rms_raw_to_x100/u_scale_multiplier/product__0 input pin u_pqm_pl_top/u_measurement_core/u_time_x100_normalizer/u_u_rms_raw_to_x100/u_scale_multiplier/product__0/A[5] is connected to registers with an asynchronous reset. This is preventing the possibility of merging these registers in to the DSP Block since the DSP block registers only possess synchronous reset capability.  It is suggested to recode or change these registers to remove the reset or use a synchronous reset to get the best optimization for performance, power and area.
Related violations: <none>

DPIR-1#928 Warning
Asynchronous driver check  
DSP u_pqm_pl_top/u_measurement_core/u_time_x100_normalizer/u_u_rms_raw_to_x100/u_scale_multiplier/product__0 input pin u_pqm_pl_top/u_measurement_core/u_time_x100_normalizer/u_u_rms_raw_to_x100/u_scale_multiplier/product__0/A[6] is connected to registers with an asynchronous reset. This is preventing the possibility of merging these registers in to the DSP Block since the DSP block registers only possess synchronous reset capability.  It is suggested to recode or change these registers to remove the reset or use a synchronous reset to get the best optimization for performance, power and area.
Related violations: <none>

DPIR-1#929 Warning
Asynchronous driver check  
DSP u_pqm_pl_top/u_measurement_core/u_time_x100_normalizer/u_u_rms_raw_to_x100/u_scale_multiplier/product__0 input pin u_pqm_pl_top/u_measurement_core/u_time_x100_normalizer/u_u_rms_raw_to_x100/u_scale_multiplier/product__0/A[7] is connected to registers with an asynchronous reset. This is preventing the possibility of merging these registers in to the DSP Block since the DSP block registers only possess synchronous reset capability.  It is suggested to recode or change these registers to remove the reset or use a synchronous reset to get the best optimization for performance, power and area.
Related violations: <none>

DPIR-1#930 Warning
Asynchronous driver check  
DSP u_pqm_pl_top/u_measurement_core/u_time_x100_normalizer/u_u_rms_raw_to_x100/u_scale_multiplier/product__0 input pin u_pqm_pl_top/u_measurement_core/u_time_x100_normalizer/u_u_rms_raw_to_x100/u_scale_multiplier/product__0/A[8] is connected to registers with an asynchronous reset. This is preventing the possibility of merging these registers in to the DSP Block since the DSP block registers only possess synchronous reset capability.  It is suggested to recode or change these registers to remove the reset or use a synchronous reset to get the best optimization for performance, power and area.
Related violations: <none>

DPIR-1#931 Warning
Asynchronous driver check  
DSP u_pqm_pl_top/u_measurement_core/u_time_x100_normalizer/u_u_rms_raw_to_x100/u_scale_multiplier/product__0 input pin u_pqm_pl_top/u_measurement_core/u_time_x100_normalizer/u_u_rms_raw_to_x100/u_scale_multiplier/product__0/A[9] is connected to registers with an asynchronous reset. This is preventing the possibility of merging these registers in to the DSP Block since the DSP block registers only possess synchronous reset capability.  It is suggested to recode or change these registers to remove the reset or use a synchronous reset to get the best optimization for performance, power and area.
Related violations: <none>

LUTAR-1#1 Warning
LUT drives async reset alert  
LUT cell u_pqm_pl_top/u_measurement_core/u_freq_analysis/u_frontend/u_rfg_i/u_bin_engine/u_pqm_ps_i_49, with 2 or more inputs, drives asynchronous preset/clear pin(s) div_dividend_reg_reg[42]_i_2/CLR, m_phase_dot_reg_reg[31]_i_2/CLR,
product_i_36__4/CLR, u_pqm_pl_top/u_zero_code_reg[14]/CLR,
u_pqm_pl_top/u_zero_code_reg[15]/PRE, u_pqm_pl_top/u_zero_code_reg[1]/CLR,
u_pqm_pl_top/u_zero_code_reg[2]/CLR, u_pqm_pl_top/u_zero_code_reg[3]/CLR,
u_pqm_pl_top/u_zero_code_reg[4]/CLR, u_pqm_pl_top/u_zero_code_reg[5]/CLR,
u_pqm_pl_top/u_zero_code_reg[6]/CLR, u_pqm_pl_top/u_zero_code_reg[7]/CLR,
u_pqm_pl_top/u_zero_code_reg[8]/CLR, u_pqm_pl_top/u_zero_code_reg[9]/CLR,
u_pqm_pl_top/wave_sample_valid_reg/CLR (the first 15 of 9832 listed). The LUT may glitch and trigger an unexpected reset, even if it is a properly timed path.
Related violations: <none>

LUTAR-1#2 Warning
LUT drives async reset alert  
LUT cell u_pqm_ps/axi_interconnect_hp0/s00_couplers/auto_pc/inst/gen_axi4_axi3.axi3_conv_inst/USE_READ.USE_SPLIT_R.read_addr_inst/USE_R_CHANNEL.cmd_queue/inst/fifo_gen_inst/inst_fifo_gen/gconvfifo.rf/grf.rf/rstblk/gpregsm1.curr_fwft_state[1]_i_2, with 2 or more inputs, drives asynchronous preset/clear pin(s) u_pqm_ps/axi_interconnect_hp0/s00_couplers/auto_pc/inst/gen_axi4_axi3.axi3_conv_inst/USE_READ.USE_SPLIT_R.read_addr_inst/USE_R_CHANNEL.cmd_queue/inst/fifo_gen_inst/inst_fifo_gen/gconvfifo.rf/grf.rf/gntv_or_sync_fifo.gl0.rd/gr1.gr1_int.rfwft/gpregsm1.user_valid_reg/CLR,
u_pqm_ps/axi_interconnect_hp0/s00_couplers/auto_pc/inst/gen_axi4_axi3.axi3_conv_inst/USE_READ.USE_SPLIT_R.read_addr_inst/USE_R_CHANNEL.cmd_queue/inst/fifo_gen_inst/inst_fifo_gen/gconvfifo.rf/grf.rf/gntv_or_sync_fifo.gl0.rd/grss.rsts/ram_empty_fb_i_reg/PRE,
u_pqm_ps/axi_interconnect_hp0/s00_couplers/auto_pc/inst/gen_axi4_axi3.axi3_conv_inst/USE_READ.USE_SPLIT_R.read_addr_inst/USE_R_CHANNEL.cmd_queue/inst/fifo_gen_inst/inst_fifo_gen/gconvfifo.rf/grf.rf/gntv_or_sync_fifo.gl0.rd/grss.rsts/ram_empty_i_reg/PRE,
u_pqm_ps/axi_interconnect_hp0/s00_couplers/auto_pc/inst/gen_axi4_axi3.axi3_conv_inst/USE_READ.USE_SPLIT_R.read_addr_inst/USE_R_CHANNEL.cmd_queue/inst/fifo_gen_inst/inst_fifo_gen/gconvfifo.rf/grf.rf/gntv_or_sync_fifo.gl0.wr/gwss.wsts/ram_full_fb_i_reg/CLR,
u_pqm_ps/axi_interconnect_hp0/s00_couplers/auto_pc/inst/gen_axi4_axi3.axi3_conv_inst/USE_READ.USE_SPLIT_R.read_addr_inst/USE_R_CHANNEL.cmd_queue/inst/fifo_gen_inst/inst_fifo_gen/gconvfifo.rf/grf.rf/gntv_or_sync_fifo.gl0.wr/gwss.wsts/ram_full_i_reg/CLR,
u_pqm_ps/axi_interconnect_hp0/s00_couplers/auto_pc/inst/gen_axi4_axi3.axi3_conv_inst/USE_READ.USE_SPLIT_R.read_addr_inst/USE_R_CHANNEL.cmd_queue/inst/fifo_gen_inst/inst_fifo_gen/gconvfifo.rf/grf.rf/gntv_or_sync_fifo.gl0.wr/wpntr/gcc0.gc0.count_d1_reg[0]/CLR,
u_pqm_ps/axi_interconnect_hp0/s00_couplers/auto_pc/inst/gen_axi4_axi3.axi3_conv_inst/USE_READ.USE_SPLIT_R.read_addr_inst/USE_R_CHANNEL.cmd_queue/inst/fifo_gen_inst/inst_fifo_gen/gconvfifo.rf/grf.rf/gntv_or_sync_fifo.gl0.wr/wpntr/gcc0.gc0.count_d1_reg[1]/CLR,
u_pqm_ps/axi_interconnect_hp0/s00_couplers/auto_pc/inst/gen_axi4_axi3.axi3_conv_inst/USE_READ.USE_SPLIT_R.read_addr_inst/USE_R_CHANNEL.cmd_queue/inst/fifo_gen_inst/inst_fifo_gen/gconvfifo.rf/grf.rf/gntv_or_sync_fifo.gl0.wr/wpntr/gcc0.gc0.count_d1_reg[2]/CLR,
u_pqm_ps/axi_interconnect_hp0/s00_couplers/auto_pc/inst/gen_axi4_axi3.axi3_conv_inst/USE_READ.USE_SPLIT_R.read_addr_inst/USE_R_CHANNEL.cmd_queue/inst/fifo_gen_inst/inst_fifo_gen/gconvfifo.rf/grf.rf/gntv_or_sync_fifo.gl0.wr/wpntr/gcc0.gc0.count_d1_reg[3]/CLR,
u_pqm_ps/axi_interconnect_hp0/s00_couplers/auto_pc/inst/gen_axi4_axi3.axi3_conv_inst/USE_READ.USE_SPLIT_R.read_addr_inst/USE_R_CHANNEL.cmd_queue/inst/fifo_gen_inst/inst_fifo_gen/gconvfifo.rf/grf.rf/gntv_or_sync_fifo.gl0.wr/wpntr/gcc0.gc0.count_d1_reg[4]/CLR,
u_pqm_ps/axi_interconnect_hp0/s00_couplers/auto_pc/inst/gen_axi4_axi3.axi3_conv_inst/USE_READ.USE_SPLIT_R.read_addr_inst/USE_R_CHANNEL.cmd_queue/inst/fifo_gen_inst/inst_fifo_gen/gconvfifo.rf/grf.rf/gntv_or_sync_fifo.gl0.wr/wpntr/gcc0.gc0.count_reg[0]/PRE,
u_pqm_ps/axi_interconnect_hp0/s00_couplers/auto_pc/inst/gen_axi4_axi3.axi3_conv_inst/USE_READ.USE_SPLIT_R.read_addr_inst/USE_R_CHANNEL.cmd_queue/inst/fifo_gen_inst/inst_fifo_gen/gconvfifo.rf/grf.rf/gntv_or_sync_fifo.gl0.wr/wpntr/gcc0.gc0.count_reg[1]/CLR,
u_pqm_ps/axi_interconnect_hp0/s00_couplers/auto_pc/inst/gen_axi4_axi3.axi3_conv_inst/USE_READ.USE_SPLIT_R.read_addr_inst/USE_R_CHANNEL.cmd_queue/inst/fifo_gen_inst/inst_fifo_gen/gconvfifo.rf/grf.rf/gntv_or_sync_fifo.gl0.wr/wpntr/gcc0.gc0.count_reg[2]/CLR,
u_pqm_ps/axi_interconnect_hp0/s00_couplers/auto_pc/inst/gen_axi4_axi3.axi3_conv_inst/USE_READ.USE_SPLIT_R.read_addr_inst/USE_R_CHANNEL.cmd_queue/inst/fifo_gen_inst/inst_fifo_gen/gconvfifo.rf/grf.rf/gntv_or_sync_fifo.gl0.wr/wpntr/gcc0.gc0.count_reg[3]/CLR,
u_pqm_ps/axi_interconnect_hp0/s00_couplers/auto_pc/inst/gen_axi4_axi3.axi3_conv_inst/USE_READ.USE_SPLIT_R.read_addr_inst/USE_R_CHANNEL.cmd_queue/inst/fifo_gen_inst/inst_fifo_gen/gconvfifo.rf/grf.rf/gntv_or_sync_fifo.gl0.wr/wpntr/gcc0.gc0.count_reg[4]/CLR
 (the first 15 of 32 listed). The LUT may glitch and trigger an unexpected reset, even if it is a properly timed path.
Related violations: <none>

LUTAR-1#3 Warning
LUT drives async reset alert  
LUT cell u_pqm_ps/axi_interconnect_hp1/m00_couplers/auto_pc/inst/gen_axi4_axi3.axi3_conv_inst/USE_READ.USE_SPLIT_R.read_addr_inst/USE_R_CHANNEL.cmd_queue/inst/fifo_gen_inst/inst_fifo_gen/gconvfifo.rf/grf.rf/rstblk/gpregsm1.curr_fwft_state[1]_i_2, with 2 or more inputs, drives asynchronous preset/clear pin(s) u_pqm_ps/axi_interconnect_hp1/m00_couplers/auto_pc/inst/gen_axi4_axi3.axi3_conv_inst/USE_READ.USE_SPLIT_R.read_addr_inst/USE_R_CHANNEL.cmd_queue/inst/fifo_gen_inst/inst_fifo_gen/gconvfifo.rf/grf.rf/gntv_or_sync_fifo.gl0.rd/gr1.gr1_int.rfwft/gpregsm1.user_valid_reg/CLR,
u_pqm_ps/axi_interconnect_hp1/m00_couplers/auto_pc/inst/gen_axi4_axi3.axi3_conv_inst/USE_READ.USE_SPLIT_R.read_addr_inst/USE_R_CHANNEL.cmd_queue/inst/fifo_gen_inst/inst_fifo_gen/gconvfifo.rf/grf.rf/gntv_or_sync_fifo.gl0.rd/grss.rsts/ram_empty_fb_i_reg/PRE,
u_pqm_ps/axi_interconnect_hp1/m00_couplers/auto_pc/inst/gen_axi4_axi3.axi3_conv_inst/USE_READ.USE_SPLIT_R.read_addr_inst/USE_R_CHANNEL.cmd_queue/inst/fifo_gen_inst/inst_fifo_gen/gconvfifo.rf/grf.rf/gntv_or_sync_fifo.gl0.rd/grss.rsts/ram_empty_i_reg/PRE,
u_pqm_ps/axi_interconnect_hp1/m00_couplers/auto_pc/inst/gen_axi4_axi3.axi3_conv_inst/USE_READ.USE_SPLIT_R.read_addr_inst/USE_R_CHANNEL.cmd_queue/inst/fifo_gen_inst/inst_fifo_gen/gconvfifo.rf/grf.rf/gntv_or_sync_fifo.gl0.wr/gwss.wsts/ram_full_fb_i_reg/CLR,
u_pqm_ps/axi_interconnect_hp1/m00_couplers/auto_pc/inst/gen_axi4_axi3.axi3_conv_inst/USE_READ.USE_SPLIT_R.read_addr_inst/USE_R_CHANNEL.cmd_queue/inst/fifo_gen_inst/inst_fifo_gen/gconvfifo.rf/grf.rf/gntv_or_sync_fifo.gl0.wr/gwss.wsts/ram_full_i_reg/CLR,
u_pqm_ps/axi_interconnect_hp1/m00_couplers/auto_pc/inst/gen_axi4_axi3.axi3_conv_inst/USE_READ.USE_SPLIT_R.read_addr_inst/USE_R_CHANNEL.cmd_queue/inst/fifo_gen_inst/inst_fifo_gen/gconvfifo.rf/grf.rf/gntv_or_sync_fifo.gl0.wr/wpntr/gcc0.gc0.count_d1_reg[0]/CLR,
u_pqm_ps/axi_interconnect_hp1/m00_couplers/auto_pc/inst/gen_axi4_axi3.axi3_conv_inst/USE_READ.USE_SPLIT_R.read_addr_inst/USE_R_CHANNEL.cmd_queue/inst/fifo_gen_inst/inst_fifo_gen/gconvfifo.rf/grf.rf/gntv_or_sync_fifo.gl0.wr/wpntr/gcc0.gc0.count_d1_reg[1]/CLR,
u_pqm_ps/axi_interconnect_hp1/m00_couplers/auto_pc/inst/gen_axi4_axi3.axi3_conv_inst/USE_READ.USE_SPLIT_R.read_addr_inst/USE_R_CHANNEL.cmd_queue/inst/fifo_gen_inst/inst_fifo_gen/gconvfifo.rf/grf.rf/gntv_or_sync_fifo.gl0.wr/wpntr/gcc0.gc0.count_d1_reg[2]/CLR,
u_pqm_ps/axi_interconnect_hp1/m00_couplers/auto_pc/inst/gen_axi4_axi3.axi3_conv_inst/USE_READ.USE_SPLIT_R.read_addr_inst/USE_R_CHANNEL.cmd_queue/inst/fifo_gen_inst/inst_fifo_gen/gconvfifo.rf/grf.rf/gntv_or_sync_fifo.gl0.wr/wpntr/gcc0.gc0.count_d1_reg[3]/CLR,
u_pqm_ps/axi_interconnect_hp1/m00_couplers/auto_pc/inst/gen_axi4_axi3.axi3_conv_inst/USE_READ.USE_SPLIT_R.read_addr_inst/USE_R_CHANNEL.cmd_queue/inst/fifo_gen_inst/inst_fifo_gen/gconvfifo.rf/grf.rf/gntv_or_sync_fifo.gl0.wr/wpntr/gcc0.gc0.count_d1_reg[4]/CLR,
u_pqm_ps/axi_interconnect_hp1/m00_couplers/auto_pc/inst/gen_axi4_axi3.axi3_conv_inst/USE_READ.USE_SPLIT_R.read_addr_inst/USE_R_CHANNEL.cmd_queue/inst/fifo_gen_inst/inst_fifo_gen/gconvfifo.rf/grf.rf/gntv_or_sync_fifo.gl0.wr/wpntr/gcc0.gc0.count_reg[0]/PRE,
u_pqm_ps/axi_interconnect_hp1/m00_couplers/auto_pc/inst/gen_axi4_axi3.axi3_conv_inst/USE_READ.USE_SPLIT_R.read_addr_inst/USE_R_CHANNEL.cmd_queue/inst/fifo_gen_inst/inst_fifo_gen/gconvfifo.rf/grf.rf/gntv_or_sync_fifo.gl0.wr/wpntr/gcc0.gc0.count_reg[1]/CLR,
u_pqm_ps/axi_interconnect_hp1/m00_couplers/auto_pc/inst/gen_axi4_axi3.axi3_conv_inst/USE_READ.USE_SPLIT_R.read_addr_inst/USE_R_CHANNEL.cmd_queue/inst/fifo_gen_inst/inst_fifo_gen/gconvfifo.rf/grf.rf/gntv_or_sync_fifo.gl0.wr/wpntr/gcc0.gc0.count_reg[2]/CLR,
u_pqm_ps/axi_interconnect_hp1/m00_couplers/auto_pc/inst/gen_axi4_axi3.axi3_conv_inst/USE_READ.USE_SPLIT_R.read_addr_inst/USE_R_CHANNEL.cmd_queue/inst/fifo_gen_inst/inst_fifo_gen/gconvfifo.rf/grf.rf/gntv_or_sync_fifo.gl0.wr/wpntr/gcc0.gc0.count_reg[3]/CLR,
u_pqm_ps/axi_interconnect_hp1/m00_couplers/auto_pc/inst/gen_axi4_axi3.axi3_conv_inst/USE_READ.USE_SPLIT_R.read_addr_inst/USE_R_CHANNEL.cmd_queue/inst/fifo_gen_inst/inst_fifo_gen/gconvfifo.rf/grf.rf/gntv_or_sync_fifo.gl0.wr/wpntr/gcc0.gc0.count_reg[4]/CLR
 (the first 15 of 32 listed). The LUT may glitch and trigger an unexpected reset, even if it is a properly timed path.
Related violations: <none>

LUTAR-1#4 Warning
LUT drives async reset alert  
LUT cell u_pqm_ps/axi_interconnect_hp1/m00_couplers/auto_pc/inst/gen_axi4_axi3.axi3_conv_inst/USE_WRITE.write_addr_inst/USE_BURSTS.cmd_queue/inst/fifo_gen_inst/inst_fifo_gen/gconvfifo.rf/grf.rf/rstblk/gpregsm1.curr_fwft_state[1]_i_2, with 2 or more inputs, drives asynchronous preset/clear pin(s) u_pqm_ps/axi_interconnect_hp1/m00_couplers/auto_pc/inst/gen_axi4_axi3.axi3_conv_inst/USE_WRITE.write_addr_inst/USE_BURSTS.cmd_queue/inst/fifo_gen_inst/inst_fifo_gen/gconvfifo.rf/grf.rf/gntv_or_sync_fifo.gl0.rd/gr1.gr1_int.rfwft/gpregsm1.user_valid_reg/CLR,
u_pqm_ps/axi_interconnect_hp1/m00_couplers/auto_pc/inst/gen_axi4_axi3.axi3_conv_inst/USE_WRITE.write_addr_inst/USE_BURSTS.cmd_queue/inst/fifo_gen_inst/inst_fifo_gen/gconvfifo.rf/grf.rf/gntv_or_sync_fifo.gl0.rd/grss.rsts/ram_empty_fb_i_reg/PRE,
u_pqm_ps/axi_interconnect_hp1/m00_couplers/auto_pc/inst/gen_axi4_axi3.axi3_conv_inst/USE_WRITE.write_addr_inst/USE_BURSTS.cmd_queue/inst/fifo_gen_inst/inst_fifo_gen/gconvfifo.rf/grf.rf/gntv_or_sync_fifo.gl0.rd/grss.rsts/ram_empty_i_reg/PRE,
u_pqm_ps/axi_interconnect_hp1/m00_couplers/auto_pc/inst/gen_axi4_axi3.axi3_conv_inst/USE_WRITE.write_addr_inst/USE_BURSTS.cmd_queue/inst/fifo_gen_inst/inst_fifo_gen/gconvfifo.rf/grf.rf/gntv_or_sync_fifo.gl0.wr/gwss.wsts/ram_full_fb_i_reg/CLR,
u_pqm_ps/axi_interconnect_hp1/m00_couplers/auto_pc/inst/gen_axi4_axi3.axi3_conv_inst/USE_WRITE.write_addr_inst/USE_BURSTS.cmd_queue/inst/fifo_gen_inst/inst_fifo_gen/gconvfifo.rf/grf.rf/gntv_or_sync_fifo.gl0.wr/gwss.wsts/ram_full_i_reg/CLR,
u_pqm_ps/axi_interconnect_hp1/m00_couplers/auto_pc/inst/gen_axi4_axi3.axi3_conv_inst/USE_WRITE.write_addr_inst/USE_BURSTS.cmd_queue/inst/fifo_gen_inst/inst_fifo_gen/gconvfifo.rf/grf.rf/gntv_or_sync_fifo.gl0.wr/wpntr/gcc0.gc0.count_d1_reg[0]/CLR,
u_pqm_ps/axi_interconnect_hp1/m00_couplers/auto_pc/inst/gen_axi4_axi3.axi3_conv_inst/USE_WRITE.write_addr_inst/USE_BURSTS.cmd_queue/inst/fifo_gen_inst/inst_fifo_gen/gconvfifo.rf/grf.rf/gntv_or_sync_fifo.gl0.wr/wpntr/gcc0.gc0.count_d1_reg[1]/CLR,
u_pqm_ps/axi_interconnect_hp1/m00_couplers/auto_pc/inst/gen_axi4_axi3.axi3_conv_inst/USE_WRITE.write_addr_inst/USE_BURSTS.cmd_queue/inst/fifo_gen_inst/inst_fifo_gen/gconvfifo.rf/grf.rf/gntv_or_sync_fifo.gl0.wr/wpntr/gcc0.gc0.count_d1_reg[2]/CLR,
u_pqm_ps/axi_interconnect_hp1/m00_couplers/auto_pc/inst/gen_axi4_axi3.axi3_conv_inst/USE_WRITE.write_addr_inst/USE_BURSTS.cmd_queue/inst/fifo_gen_inst/inst_fifo_gen/gconvfifo.rf/grf.rf/gntv_or_sync_fifo.gl0.wr/wpntr/gcc0.gc0.count_d1_reg[3]/CLR,
u_pqm_ps/axi_interconnect_hp1/m00_couplers/auto_pc/inst/gen_axi4_axi3.axi3_conv_inst/USE_WRITE.write_addr_inst/USE_BURSTS.cmd_queue/inst/fifo_gen_inst/inst_fifo_gen/gconvfifo.rf/grf.rf/gntv_or_sync_fifo.gl0.wr/wpntr/gcc0.gc0.count_d1_reg[4]/CLR,
u_pqm_ps/axi_interconnect_hp1/m00_couplers/auto_pc/inst/gen_axi4_axi3.axi3_conv_inst/USE_WRITE.write_addr_inst/USE_BURSTS.cmd_queue/inst/fifo_gen_inst/inst_fifo_gen/gconvfifo.rf/grf.rf/gntv_or_sync_fifo.gl0.wr/wpntr/gcc0.gc0.count_reg[0]/PRE,
u_pqm_ps/axi_interconnect_hp1/m00_couplers/auto_pc/inst/gen_axi4_axi3.axi3_conv_inst/USE_WRITE.write_addr_inst/USE_BURSTS.cmd_queue/inst/fifo_gen_inst/inst_fifo_gen/gconvfifo.rf/grf.rf/gntv_or_sync_fifo.gl0.wr/wpntr/gcc0.gc0.count_reg[1]/CLR,
u_pqm_ps/axi_interconnect_hp1/m00_couplers/auto_pc/inst/gen_axi4_axi3.axi3_conv_inst/USE_WRITE.write_addr_inst/USE_BURSTS.cmd_queue/inst/fifo_gen_inst/inst_fifo_gen/gconvfifo.rf/grf.rf/gntv_or_sync_fifo.gl0.wr/wpntr/gcc0.gc0.count_reg[2]/CLR,
u_pqm_ps/axi_interconnect_hp1/m00_couplers/auto_pc/inst/gen_axi4_axi3.axi3_conv_inst/USE_WRITE.write_addr_inst/USE_BURSTS.cmd_queue/inst/fifo_gen_inst/inst_fifo_gen/gconvfifo.rf/grf.rf/gntv_or_sync_fifo.gl0.wr/wpntr/gcc0.gc0.count_reg[3]/CLR,
u_pqm_ps/axi_interconnect_hp1/m00_couplers/auto_pc/inst/gen_axi4_axi3.axi3_conv_inst/USE_WRITE.write_addr_inst/USE_BURSTS.cmd_queue/inst/fifo_gen_inst/inst_fifo_gen/gconvfifo.rf/grf.rf/gntv_or_sync_fifo.gl0.wr/wpntr/gcc0.gc0.count_reg[4]/CLR
 (the first 15 of 32 listed). The LUT may glitch and trigger an unexpected reset, even if it is a properly timed path.
Related violations: <none>

LUTAR-1#5 Warning
LUT drives async reset alert  
LUT cell u_pqm_ps/axi_interconnect_hp1/m00_couplers/auto_pc/inst/gen_axi4_axi3.axi3_conv_inst/USE_WRITE.write_addr_inst/USE_B_CHANNEL.cmd_b_queue/inst/fifo_gen_inst/inst_fifo_gen/gconvfifo.rf/grf.rf/rstblk/gpregsm1.curr_fwft_state[1]_i_2, with 2 or more inputs, drives asynchronous preset/clear pin(s) u_pqm_ps/axi_interconnect_hp1/m00_couplers/auto_pc/inst/gen_axi4_axi3.axi3_conv_inst/USE_WRITE.write_addr_inst/USE_B_CHANNEL.cmd_b_queue/inst/fifo_gen_inst/inst_fifo_gen/gconvfifo.rf/grf.rf/gntv_or_sync_fifo.gl0.rd/gr1.gr1_int.rfwft/gpregsm1.user_valid_reg/CLR,
u_pqm_ps/axi_interconnect_hp1/m00_couplers/auto_pc/inst/gen_axi4_axi3.axi3_conv_inst/USE_WRITE.write_addr_inst/USE_B_CHANNEL.cmd_b_queue/inst/fifo_gen_inst/inst_fifo_gen/gconvfifo.rf/grf.rf/gntv_or_sync_fifo.gl0.rd/grss.rsts/ram_empty_fb_i_reg/PRE,
u_pqm_ps/axi_interconnect_hp1/m00_couplers/auto_pc/inst/gen_axi4_axi3.axi3_conv_inst/USE_WRITE.write_addr_inst/USE_B_CHANNEL.cmd_b_queue/inst/fifo_gen_inst/inst_fifo_gen/gconvfifo.rf/grf.rf/gntv_or_sync_fifo.gl0.rd/grss.rsts/ram_empty_i_reg/PRE,
u_pqm_ps/axi_interconnect_hp1/m00_couplers/auto_pc/inst/gen_axi4_axi3.axi3_conv_inst/USE_WRITE.write_addr_inst/USE_B_CHANNEL.cmd_b_queue/inst/fifo_gen_inst/inst_fifo_gen/gconvfifo.rf/grf.rf/gntv_or_sync_fifo.gl0.wr/gwss.wsts/ram_full_fb_i_reg/CLR,
u_pqm_ps/axi_interconnect_hp1/m00_couplers/auto_pc/inst/gen_axi4_axi3.axi3_conv_inst/USE_WRITE.write_addr_inst/USE_B_CHANNEL.cmd_b_queue/inst/fifo_gen_inst/inst_fifo_gen/gconvfifo.rf/grf.rf/gntv_or_sync_fifo.gl0.wr/gwss.wsts/ram_full_i_reg/CLR,
u_pqm_ps/axi_interconnect_hp1/m00_couplers/auto_pc/inst/gen_axi4_axi3.axi3_conv_inst/USE_WRITE.write_addr_inst/USE_B_CHANNEL.cmd_b_queue/inst/fifo_gen_inst/inst_fifo_gen/gconvfifo.rf/grf.rf/gntv_or_sync_fifo.gl0.wr/wpntr/gcc0.gc0.count_d1_reg[0]/CLR,
u_pqm_ps/axi_interconnect_hp1/m00_couplers/auto_pc/inst/gen_axi4_axi3.axi3_conv_inst/USE_WRITE.write_addr_inst/USE_B_CHANNEL.cmd_b_queue/inst/fifo_gen_inst/inst_fifo_gen/gconvfifo.rf/grf.rf/gntv_or_sync_fifo.gl0.wr/wpntr/gcc0.gc0.count_d1_reg[1]/CLR,
u_pqm_ps/axi_interconnect_hp1/m00_couplers/auto_pc/inst/gen_axi4_axi3.axi3_conv_inst/USE_WRITE.write_addr_inst/USE_B_CHANNEL.cmd_b_queue/inst/fifo_gen_inst/inst_fifo_gen/gconvfifo.rf/grf.rf/gntv_or_sync_fifo.gl0.wr/wpntr/gcc0.gc0.count_d1_reg[2]/CLR,
u_pqm_ps/axi_interconnect_hp1/m00_couplers/auto_pc/inst/gen_axi4_axi3.axi3_conv_inst/USE_WRITE.write_addr_inst/USE_B_CHANNEL.cmd_b_queue/inst/fifo_gen_inst/inst_fifo_gen/gconvfifo.rf/grf.rf/gntv_or_sync_fifo.gl0.wr/wpntr/gcc0.gc0.count_d1_reg[3]/CLR,
u_pqm_ps/axi_interconnect_hp1/m00_couplers/auto_pc/inst/gen_axi4_axi3.axi3_conv_inst/USE_WRITE.write_addr_inst/USE_B_CHANNEL.cmd_b_queue/inst/fifo_gen_inst/inst_fifo_gen/gconvfifo.rf/grf.rf/gntv_or_sync_fifo.gl0.wr/wpntr/gcc0.gc0.count_d1_reg[4]/CLR,
u_pqm_ps/axi_interconnect_hp1/m00_couplers/auto_pc/inst/gen_axi4_axi3.axi3_conv_inst/USE_WRITE.write_addr_inst/USE_B_CHANNEL.cmd_b_queue/inst/fifo_gen_inst/inst_fifo_gen/gconvfifo.rf/grf.rf/gntv_or_sync_fifo.gl0.wr/wpntr/gcc0.gc0.count_reg[0]/PRE,
u_pqm_ps/axi_interconnect_hp1/m00_couplers/auto_pc/inst/gen_axi4_axi3.axi3_conv_inst/USE_WRITE.write_addr_inst/USE_B_CHANNEL.cmd_b_queue/inst/fifo_gen_inst/inst_fifo_gen/gconvfifo.rf/grf.rf/gntv_or_sync_fifo.gl0.wr/wpntr/gcc0.gc0.count_reg[1]/CLR,
u_pqm_ps/axi_interconnect_hp1/m00_couplers/auto_pc/inst/gen_axi4_axi3.axi3_conv_inst/USE_WRITE.write_addr_inst/USE_B_CHANNEL.cmd_b_queue/inst/fifo_gen_inst/inst_fifo_gen/gconvfifo.rf/grf.rf/gntv_or_sync_fifo.gl0.wr/wpntr/gcc0.gc0.count_reg[2]/CLR,
u_pqm_ps/axi_interconnect_hp1/m00_couplers/auto_pc/inst/gen_axi4_axi3.axi3_conv_inst/USE_WRITE.write_addr_inst/USE_B_CHANNEL.cmd_b_queue/inst/fifo_gen_inst/inst_fifo_gen/gconvfifo.rf/grf.rf/gntv_or_sync_fifo.gl0.wr/wpntr/gcc0.gc0.count_reg[3]/CLR,
u_pqm_ps/axi_interconnect_hp1/m00_couplers/auto_pc/inst/gen_axi4_axi3.axi3_conv_inst/USE_WRITE.write_addr_inst/USE_B_CHANNEL.cmd_b_queue/inst/fifo_gen_inst/inst_fifo_gen/gconvfifo.rf/grf.rf/gntv_or_sync_fifo.gl0.wr/wpntr/gcc0.gc0.count_reg[4]/CLR
 (the first 15 of 32 listed). The LUT may glitch and trigger an unexpected reset, even if it is a properly timed path.
Related violations: <none>

LUTAR-1#6 Warning
LUT drives async reset alert  
LUT cell u_pqm_ps/axi_vdma_0/U0/GEN_SPRT_FOR_MM2S.MM2S_LINEBUFFER_I/GEN_LINEBUF_NO_SOF.GEN_LINEBUFFER.GEN_ASYNC_FIFO.LB_BUILT_IN.I_LINEBUFFER_FIFO/fg_builtin_fifo_inst/inst_fifo_gen/gconvfifo.rf/gbi.bi/g7ser_birst.rstbt/gf36e1_inst.sngfifo36e1_i_2, with 2 or more inputs, drives asynchronous preset/clear pin(s) u_pqm_ps/axi_vdma_0/U0/GEN_SPRT_FOR_MM2S.MM2S_LINEBUFFER_I/GEN_LINEBUF_NO_SOF.GEN_LINEBUFFER.GEN_ASYNC_FIFO.LB_BUILT_IN.I_LINEBUFFER_FIFO/fg_builtin_fifo_inst/inst_fifo_gen/gconvfifo.rf/gbi.bi/v7_bi_fifo.fblk/gextw[1].gnll_fifo.inst_extd/gonep.inst_prim/gf36e1_inst.sngfifo36e1/RST
u_pqm_ps/axi_vdma_0/U0/GEN_SPRT_FOR_MM2S.MM2S_LINEBUFFER_I/GEN_LINEBUF_NO_SOF.GEN_LINEBUFFER.GEN_ASYNC_FIFO.LB_BUILT_IN.I_LINEBUFFER_FIFO/fg_builtin_fifo_inst/inst_fifo_gen/gconvfifo.rf/gbi.bi/v7_bi_fifo.fblk/gextw[2].gnll_fifo.inst_extd/gonep.inst_prim/gf36e1_inst.sngfifo36e1/RST. The LUT may glitch and trigger an unexpected reset, even if it is a properly timed path.
Related violations: <none>

LUTAR-1#7 Warning
LUT drives async reset alert  
LUT cell u_pqm_ps_i_47, with 2 or more inputs, drives asynchronous preset/clear pin(s) snap_toggle_d_reg/CLR. The LUT may glitch and trigger an unexpected reset, even if it is a properly timed path.
Related violations: <none>

SYNTH-10#1 Warning
Wide multiplier  
Detected multiplier at u_pqm_pl_top/u_measurement_core/u_time_parameters_initiator/u_power_metrics_calc/u_active_square_multiplier/product of size 15x18, it is decomposed from a wide multipler into 4 DSP blocks.
Related violations: <none>

SYNTH-10#2 Warning
Wide multiplier  
Detected multiplier at u_pqm_pl_top/u_measurement_core/u_time_parameters_initiator/u_power_metrics_calc/u_active_square_multiplier/product__0 of size 15x15, it is decomposed from a wide multipler into 4 DSP blocks.
Related violations: <none>

SYNTH-10#3 Warning
Wide multiplier  
Detected multiplier at u_pqm_pl_top/u_measurement_core/u_time_parameters_initiator/u_power_metrics_calc/u_active_square_multiplier/product__1 of size 18x18, it is decomposed from a wide multipler into 4 DSP blocks.
Related violations: <none>

SYNTH-10#4 Warning
Wide multiplier  
Detected multiplier at u_pqm_pl_top/u_measurement_core/u_time_parameters_initiator/u_power_metrics_calc/u_active_square_multiplier/product__2 of size 18x15, it is decomposed from a wide multipler into 4 DSP blocks.
Related violations: <none>

SYNTH-10#5 Warning
Wide multiplier  
Detected multiplier at u_pqm_pl_top/u_measurement_core/u_time_parameters_initiator/u_power_metrics_calc/u_apparent_square_multiplier/product of size 15x18, it is decomposed from a wide multipler into 4 DSP blocks.
Related violations: <none>

SYNTH-10#6 Warning
Wide multiplier  
Detected multiplier at u_pqm_pl_top/u_measurement_core/u_time_parameters_initiator/u_power_metrics_calc/u_apparent_square_multiplier/product__0 of size 15x15, it is decomposed from a wide multipler into 4 DSP blocks.
Related violations: <none>

SYNTH-10#7 Warning
Wide multiplier  
Detected multiplier at u_pqm_pl_top/u_measurement_core/u_time_parameters_initiator/u_power_metrics_calc/u_apparent_square_multiplier/product__1 of size 18x18, it is decomposed from a wide multipler into 4 DSP blocks.
Related violations: <none>

SYNTH-10#8 Warning
Wide multiplier  
Detected multiplier at u_pqm_pl_top/u_measurement_core/u_time_parameters_initiator/u_power_metrics_calc/u_apparent_square_multiplier/product__2 of size 18x15, it is decomposed from a wide multipler into 4 DSP blocks.
Related violations: <none>

SYNTH-10#9 Warning
Wide multiplier  
Detected multiplier at u_pqm_pl_top/u_measurement_core/u_time_parameters_initiator/u_power_metrics_calc/u_reactive_q_sqrt/candidate_sq of size 16x18, it is decomposed from a wide multipler into 4 DSP blocks.
Related violations: <none>

SYNTH-10#10 Warning
Wide multiplier  
Detected multiplier at u_pqm_pl_top/u_measurement_core/u_time_parameters_initiator/u_power_metrics_calc/u_reactive_q_sqrt/candidate_sq__0 of size 16x16, it is decomposed from a wide multipler into 4 DSP blocks.
Related violations: <none>

SYNTH-10#11 Warning
Wide multiplier  
Detected multiplier at u_pqm_pl_top/u_measurement_core/u_time_parameters_initiator/u_power_metrics_calc/u_reactive_q_sqrt/candidate_sq__1 of size 18x18, it is decomposed from a wide multipler into 4 DSP blocks.
Related violations: <none>

SYNTH-10#12 Warning
Wide multiplier  
Detected multiplier at u_pqm_pl_top/u_measurement_core/u_time_parameters_initiator/u_power_metrics_calc/u_reactive_q_sqrt/candidate_sq__2 of size 18x16, it is decomposed from a wide multipler into 4 DSP blocks.
Related violations: <none>

SYNTH-10#13 Warning
Wide multiplier  
Detected multiplier at u_pqm_pl_top/u_measurement_core/u_time_parameters_initiator/u_ui_rms_measure/u_i_rms_sqrt/candidate_sq of size 16x18, it is decomposed from a wide multipler into 4 DSP blocks.
Related violations: <none>

SYNTH-10#14 Warning
Wide multiplier  
Detected multiplier at u_pqm_pl_top/u_measurement_core/u_time_parameters_initiator/u_ui_rms_measure/u_i_rms_sqrt/candidate_sq__0 of size 16x16, it is decomposed from a wide multipler into 4 DSP blocks.
Related violations: <none>

SYNTH-10#15 Warning
Wide multiplier  
Detected multiplier at u_pqm_pl_top/u_measurement_core/u_time_parameters_initiator/u_ui_rms_measure/u_i_rms_sqrt/candidate_sq__1 of size 18x18, it is decomposed from a wide multipler into 4 DSP blocks.
Related violations: <none>

SYNTH-10#16 Warning
Wide multiplier  
Detected multiplier at u_pqm_pl_top/u_measurement_core/u_time_parameters_initiator/u_ui_rms_measure/u_i_rms_sqrt/candidate_sq__2 of size 18x16, it is decomposed from a wide multipler into 4 DSP blocks.
Related violations: <none>

SYNTH-10#17 Warning
Wide multiplier  
Detected multiplier at u_pqm_pl_top/u_measurement_core/u_time_parameters_initiator/u_ui_rms_measure/u_u_rms_sqrt/candidate_sq of size 16x18, it is decomposed from a wide multipler into 4 DSP blocks.
Related violations: <none>

SYNTH-10#18 Warning
Wide multiplier  
Detected multiplier at u_pqm_pl_top/u_measurement_core/u_time_parameters_initiator/u_ui_rms_measure/u_u_rms_sqrt/candidate_sq__0 of size 16x16, it is decomposed from a wide multipler into 4 DSP blocks.
Related violations: <none>

SYNTH-10#19 Warning
Wide multiplier  
Detected multiplier at u_pqm_pl_top/u_measurement_core/u_time_parameters_initiator/u_ui_rms_measure/u_u_rms_sqrt/candidate_sq__1 of size 18x18, it is decomposed from a wide multipler into 4 DSP blocks.
Related violations: <none>

SYNTH-10#20 Warning
Wide multiplier  
Detected multiplier at u_pqm_pl_top/u_measurement_core/u_time_parameters_initiator/u_ui_rms_measure/u_u_rms_sqrt/candidate_sq__2 of size 18x16, it is decomposed from a wide multipler into 4 DSP blocks.
Related violations: <none>

SYNTH-10#21 Warning
Wide multiplier  
Detected multiplier at u_pqm_pl_top/u_measurement_core/u_time_x100_normalizer/u_active_p_scale_multiplier/product of size 13x18, it is decomposed from a wide multipler into 8 DSP blocks.
Related violations: <none>

SYNTH-10#22 Warning
Wide multiplier  
Detected multiplier at u_pqm_pl_top/u_measurement_core/u_time_x100_normalizer/u_active_p_scale_multiplier/product__0 of size 13x15, it is decomposed from a wide multipler into 8 DSP blocks.
Related violations: <none>

SYNTH-10#23 Warning
Wide multiplier  
Detected multiplier at u_pqm_pl_top/u_measurement_core/u_time_x100_normalizer/u_active_p_scale_multiplier/product__1 of size 18x18, it is decomposed from a wide multipler into 8 DSP blocks.
Related violations: <none>

SYNTH-10#24 Warning
Wide multiplier  
Detected multiplier at u_pqm_pl_top/u_measurement_core/u_time_x100_normalizer/u_active_p_scale_multiplier/product__2 of size 18x15, it is decomposed from a wide multipler into 8 DSP blocks.
Related violations: <none>

SYNTH-10#25 Warning
Wide multiplier  
Detected multiplier at u_pqm_pl_top/u_measurement_core/u_time_x100_normalizer/u_active_p_scale_multiplier/product__3 of size 18x18, it is decomposed from a wide multipler into 8 DSP blocks.
Related violations: <none>

SYNTH-10#26 Warning
Wide multiplier  
Detected multiplier at u_pqm_pl_top/u_measurement_core/u_time_x100_normalizer/u_active_p_scale_multiplier/product__4 of size 18x15, it is decomposed from a wide multipler into 8 DSP blocks.
Related violations: <none>

SYNTH-10#27 Warning
Wide multiplier  
Detected multiplier at u_pqm_pl_top/u_measurement_core/u_time_x100_normalizer/u_active_p_scale_multiplier/product__5 of size 18x18, it is decomposed from a wide multipler into 8 DSP blocks.
Related violations: <none>

SYNTH-10#28 Warning
Wide multiplier  
Detected multiplier at u_pqm_pl_top/u_measurement_core/u_time_x100_normalizer/u_active_p_scale_multiplier/product__6 of size 18x15, it is decomposed from a wide multipler into 8 DSP blocks.
Related violations: <none>

SYNTH-10#29 Warning
Wide multiplier  
Detected multiplier at u_pqm_pl_top/u_measurement_core/u_time_x100_normalizer/u_apparent_s_scale_multiplier/product of size 13x18, it is decomposed from a wide multipler into 8 DSP blocks.
Related violations: <none>

SYNTH-10#30 Warning
Wide multiplier  
Detected multiplier at u_pqm_pl_top/u_measurement_core/u_time_x100_normalizer/u_apparent_s_scale_multiplier/product__0 of size 13x15, it is decomposed from a wide multipler into 8 DSP blocks.
Related violations: <none>

SYNTH-10#31 Warning
Wide multiplier  
Detected multiplier at u_pqm_pl_top/u_measurement_core/u_time_x100_normalizer/u_apparent_s_scale_multiplier/product__1 of size 18x18, it is decomposed from a wide multipler into 8 DSP blocks.
Related violations: <none>

SYNTH-10#32 Warning
Wide multiplier  
Detected multiplier at u_pqm_pl_top/u_measurement_core/u_time_x100_normalizer/u_apparent_s_scale_multiplier/product__2 of size 18x15, it is decomposed from a wide multipler into 8 DSP blocks.
Related violations: <none>

SYNTH-10#33 Warning
Wide multiplier  
Detected multiplier at u_pqm_pl_top/u_measurement_core/u_time_x100_normalizer/u_apparent_s_scale_multiplier/product__3 of size 18x18, it is decomposed from a wide multipler into 8 DSP blocks.
Related violations: <none>

SYNTH-10#34 Warning
Wide multiplier  
Detected multiplier at u_pqm_pl_top/u_measurement_core/u_time_x100_normalizer/u_apparent_s_scale_multiplier/product__4 of size 18x15, it is decomposed from a wide multipler into 8 DSP blocks.
Related violations: <none>

SYNTH-10#35 Warning
Wide multiplier  
Detected multiplier at u_pqm_pl_top/u_measurement_core/u_time_x100_normalizer/u_apparent_s_scale_multiplier/product__5 of size 18x18, it is decomposed from a wide multipler into 8 DSP blocks.
Related violations: <none>

SYNTH-10#36 Warning
Wide multiplier  
Detected multiplier at u_pqm_pl_top/u_measurement_core/u_time_x100_normalizer/u_apparent_s_scale_multiplier/product__6 of size 18x15, it is decomposed from a wide multipler into 8 DSP blocks.
Related violations: <none>

SYNTH-10#37 Warning
Wide multiplier  
Detected multiplier at u_pqm_pl_top/u_measurement_core/u_time_x100_normalizer/u_full_scale_multiplier/product of size 15x18, it is decomposed from a wide multipler into 4 DSP blocks.
Related violations: <none>

SYNTH-10#38 Warning
Wide multiplier  
Detected multiplier at u_pqm_pl_top/u_measurement_core/u_time_x100_normalizer/u_full_scale_multiplier/product__0 of size 15x15, it is decomposed from a wide multipler into 4 DSP blocks.
Related violations: <none>

SYNTH-10#39 Warning
Wide multiplier  
Detected multiplier at u_pqm_pl_top/u_measurement_core/u_time_x100_normalizer/u_full_scale_multiplier/product__1 of size 18x18, it is decomposed from a wide multipler into 4 DSP blocks.
Related violations: <none>

SYNTH-10#40 Warning
Wide multiplier  
Detected multiplier at u_pqm_pl_top/u_measurement_core/u_time_x100_normalizer/u_full_scale_multiplier/product__2 of size 18x15, it is decomposed from a wide multipler into 4 DSP blocks.
Related violations: <none>

SYNTH-10#41 Warning
Wide multiplier  
Detected multiplier at u_pqm_pl_top/u_measurement_core/u_time_x100_normalizer/u_i_pp_scale_multiplier/product of size 15x18, it is decomposed from a wide multipler into 4 DSP blocks.
Related violations: <none>

SYNTH-10#42 Warning
Wide multiplier  
Detected multiplier at u_pqm_pl_top/u_measurement_core/u_time_x100_normalizer/u_i_pp_scale_multiplier/product__0 of size 15x15, it is decomposed from a wide multipler into 4 DSP blocks.
Related violations: <none>

SYNTH-10#43 Warning
Wide multiplier  
Detected multiplier at u_pqm_pl_top/u_measurement_core/u_time_x100_normalizer/u_i_pp_scale_multiplier/product__1 of size 18x18, it is decomposed from a wide multipler into 4 DSP blocks.
Related violations: <none>

SYNTH-10#44 Warning
Wide multiplier  
Detected multiplier at u_pqm_pl_top/u_measurement_core/u_time_x100_normalizer/u_i_pp_scale_multiplier/product__2 of size 18x15, it is decomposed from a wide multipler into 4 DSP blocks.
Related violations: <none>

SYNTH-10#45 Warning
Wide multiplier  
Detected multiplier at u_pqm_pl_top/u_measurement_core/u_time_x100_normalizer/u_reactive_q_scale_multiplier/product of size 13x18, it is decomposed from a wide multipler into 8 DSP blocks.
Related violations: <none>

SYNTH-10#46 Warning
Wide multiplier  
Detected multiplier at u_pqm_pl_top/u_measurement_core/u_time_x100_normalizer/u_reactive_q_scale_multiplier/product__0 of size 13x15, it is decomposed from a wide multipler into 8 DSP blocks.
Related violations: <none>

SYNTH-10#47 Warning
Wide multiplier  
Detected multiplier at u_pqm_pl_top/u_measurement_core/u_time_x100_normalizer/u_reactive_q_scale_multiplier/product__1 of size 18x18, it is decomposed from a wide multipler into 8 DSP blocks.
Related violations: <none>

SYNTH-10#48 Warning
Wide multiplier  
Detected multiplier at u_pqm_pl_top/u_measurement_core/u_time_x100_normalizer/u_reactive_q_scale_multiplier/product__2 of size 18x15, it is decomposed from a wide multipler into 8 DSP blocks.
Related violations: <none>

SYNTH-10#49 Warning
Wide multiplier  
Detected multiplier at u_pqm_pl_top/u_measurement_core/u_time_x100_normalizer/u_reactive_q_scale_multiplier/product__3 of size 18x18, it is decomposed from a wide multipler into 8 DSP blocks.
Related violations: <none>

SYNTH-10#50 Warning
Wide multiplier  
Detected multiplier at u_pqm_pl_top/u_measurement_core/u_time_x100_normalizer/u_reactive_q_scale_multiplier/product__4 of size 18x15, it is decomposed from a wide multipler into 8 DSP blocks.
Related violations: <none>

SYNTH-10#51 Warning
Wide multiplier  
Detected multiplier at u_pqm_pl_top/u_measurement_core/u_time_x100_normalizer/u_reactive_q_scale_multiplier/product__5 of size 18x18, it is decomposed from a wide multipler into 8 DSP blocks.
Related violations: <none>

SYNTH-10#52 Warning
Wide multiplier  
Detected multiplier at u_pqm_pl_top/u_measurement_core/u_time_x100_normalizer/u_reactive_q_scale_multiplier/product__6 of size 18x15, it is decomposed from a wide multipler into 8 DSP blocks.
Related violations: <none>

SYNTH-10#53 Warning
Wide multiplier  
Detected multiplier at u_pqm_pl_top/u_measurement_core/u_time_x100_normalizer/u_u_pp_scale_multiplier/product of size 15x18, it is decomposed from a wide multipler into 4 DSP blocks.
Related violations: <none>

SYNTH-10#54 Warning
Wide multiplier  
Detected multiplier at u_pqm_pl_top/u_measurement_core/u_time_x100_normalizer/u_u_pp_scale_multiplier/product__0 of size 15x15, it is decomposed from a wide multipler into 4 DSP blocks.
Related violations: <none>

SYNTH-10#55 Warning
Wide multiplier  
Detected multiplier at u_pqm_pl_top/u_measurement_core/u_time_x100_normalizer/u_u_pp_scale_multiplier/product__1 of size 18x18, it is decomposed from a wide multipler into 4 DSP blocks.
Related violations: <none>

SYNTH-10#56 Warning
Wide multiplier  
Detected multiplier at u_pqm_pl_top/u_measurement_core/u_time_x100_normalizer/u_u_pp_scale_multiplier/product__2 of size 18x15, it is decomposed from a wide multipler into 4 DSP blocks.
Related violations: <none>

TIMING-18#1 Warning
Missing input or output delay  
An input delay is missing on Busy relative to clock(s) sys_clk
Related violations: <none>

TIMING-18#2 Warning
Missing input or output delay  
An input delay is missing on DB0 relative to clock(s) sys_clk
Related violations: <none>

TIMING-18#3 Warning
Missing input or output delay  
An input delay is missing on DB1 relative to clock(s) sys_clk
Related violations: <none>

TIMING-18#4 Warning
Missing input or output delay  
An input delay is missing on DB10 relative to clock(s) sys_clk
Related violations: <none>

TIMING-18#5 Warning
Missing input or output delay  
An input delay is missing on DB11 relative to clock(s) sys_clk
Related violations: <none>

TIMING-18#6 Warning
Missing input or output delay  
An input delay is missing on DB12 relative to clock(s) sys_clk
Related violations: <none>

TIMING-18#7 Warning
Missing input or output delay  
An input delay is missing on DB13 relative to clock(s) sys_clk
Related violations: <none>

TIMING-18#8 Warning
Missing input or output delay  
An input delay is missing on DB14 relative to clock(s) sys_clk
Related violations: <none>

TIMING-18#9 Warning
Missing input or output delay  
An input delay is missing on DB15 relative to clock(s) sys_clk
Related violations: <none>

TIMING-18#10 Warning
Missing input or output delay  
An input delay is missing on DB2 relative to clock(s) sys_clk
Related violations: <none>

TIMING-18#11 Warning
Missing input or output delay  
An input delay is missing on DB3 relative to clock(s) sys_clk
Related violations: <none>

TIMING-18#12 Warning
Missing input or output delay  
An input delay is missing on DB4 relative to clock(s) sys_clk
Related violations: <none>

TIMING-18#13 Warning
Missing input or output delay  
An input delay is missing on DB5 relative to clock(s) sys_clk
Related violations: <none>

TIMING-18#14 Warning
Missing input or output delay  
An input delay is missing on DB6 relative to clock(s) sys_clk
Related violations: <none>

TIMING-18#15 Warning
Missing input or output delay  
An input delay is missing on DB7 relative to clock(s) sys_clk
Related violations: <none>

TIMING-18#16 Warning
Missing input or output delay  
An input delay is missing on DB8 relative to clock(s) sys_clk
Related violations: <none>

TIMING-18#17 Warning
Missing input or output delay  
An input delay is missing on DB9 relative to clock(s) sys_clk
Related violations: <none>

TIMING-18#18 Warning
Missing input or output delay  
An input delay is missing on Frstdata relative to clock(s) sys_clk
Related violations: <none>

TIMING-18#19 Warning
Missing input or output delay  
An input delay is missing on sys_rst_n relative to clock(s) sys_clk
Related violations: <none>

TIMING-18#20 Warning
Missing input or output delay  
An output delay is missing on Convst relative to clock(s) sys_clk
Related violations: <none>

TIMING-18#21 Warning
Missing input or output delay  
An output delay is missing on RD relative to clock(s) sys_clk
Related violations: <none>

TIMING-18#22 Warning
Missing input or output delay  
An output delay is missing on RESET relative to clock(s) sys_clk
Related violations: <none>

TIMING-18#23 Warning
Missing input or output delay  
An output delay is missing on buzzer relative to clock(s) sys_clk
Related violations: <none>

TIMING-18#24 Warning
Missing input or output delay  
An output delay is missing on cs relative to clock(s) sys_clk
Related violations: <none>

TIMING-18#25 Warning
Missing input or output delay  
An output delay is missing on led relative to clock(s) sys_clk
Related violations: <none>

XDCC-1#1 Warning
Scoped Clock constraint overwritten with the same name  
A new clock constraint create_clock overrides a previous scoped clock constraint with the same name. It is not recommended to override a scoped (typically an IP) clock constraint and could result in unexpected behaviors.
New: create_clock -period 20.000 -name sys_clk [get_ports sys_clk] (Source: C:/Users/zhangtao/Desktop/PQM2/vivado/constrs/pqm2_pins.xdc (Line: 10))
Previous: create_clock -period 20.000 [get_ports sys_clk] (Source: C:/Users/zhangtao/Desktop/PQM2/vivado/ip/clk_wiz_0/clk_wiz_0.xdc (Line: 56))
Related violations: <none>

XDCC-7#1 Warning
Scoped Clock constraint overwritten on the same source  
A new clock constraint create_clock overrides a previous scoped clock constraint defined on the same source. It is not recommended to override a scoped (typically an IP) clock constraint and could result in unexpected behaviors.
New: create_clock -period 20.000 -name sys_clk [get_ports sys_clk] (Source: C:/Users/zhangtao/Desktop/PQM2/vivado/constrs/pqm2_pins.xdc (Line: 10))
Previous: create_clock -period 20.000 [get_ports sys_clk] (Source: C:/Users/zhangtao/Desktop/PQM2/vivado/ip/clk_wiz_0/clk_wiz_0.xdc (Line: 56))
Related violations: <none>


